[2026-05-01T14:59:42.142+0000] {manager.py:470} INFO - Processing files using up to 2 processes at a time 
[2026-05-01T14:59:42.142+0000] {manager.py:471} INFO - Process each file at most once every 30 seconds
[2026-05-01T14:59:42.142+0000] {manager.py:472} INFO - Checking for new files in /opt/airflow/dags every 300 seconds
[2026-05-01T14:59:42.142+0000] {manager.py:737} INFO - Searching for files in /opt/airflow/dags
[2026-05-01T14:59:42.143+0000] {manager.py:740} INFO - There are 1 files in /opt/airflow/dags
[2026-05-01T14:59:42.193+0000] {manager.py:878} INFO - 
================================================================================
DAG File Processing Stats

File Path                            PID  Runtime      # DAGs    # Errors  Last Runtime    Last Run
---------------------------------  -----  ---------  --------  ----------  --------------  ----------
/opt/airflow/dags/pipeline_dag.py    172  0.02s             0           0
================================================================================
[2026-05-01T15:00:12.330+0000] {manager.py:878} INFO - 
================================================================================
DAG File Processing Stats

File Path                            PID  Runtime      # DAGs    # Errors  Last Runtime    Last Run
---------------------------------  -----  ---------  --------  ----------  --------------  -------------------
/opt/airflow/dags/pipeline_dag.py    177  0.00s             0           1  0.04s           2026-05-01T14:59:42
================================================================================
[2026-05-01T15:00:42.498+0000] {manager.py:878} INFO - 
================================================================================
DAG File Processing Stats

File Path                            PID  Runtime      # DAGs    # Errors  Last Runtime    Last Run
---------------------------------  -----  ---------  --------  ----------  --------------  -------------------
/opt/airflow/dags/pipeline_dag.py    182  0.00s             0           1  0.05s           2026-05-01T15:00:12
================================================================================
[2026-05-01T15:01:12.657+0000] {manager.py:878} INFO - 
================================================================================
DAG File Processing Stats

File Path                            PID  Runtime      # DAGs    # Errors  Last Runtime    Last Run
---------------------------------  -----  ---------  --------  ----------  --------------  -------------------
/opt/airflow/dags/pipeline_dag.py    187  0.00s             0           1  0.06s           2026-05-01T15:00:42
================================================================================
[2026-05-01T15:01:42.802+0000] {manager.py:878} INFO - 
================================================================================
DAG File Processing Stats

File Path                            PID  Runtime      # DAGs    # Errors  Last Runtime    Last Run
---------------------------------  -----  ---------  --------  ----------  --------------  -------------------
/opt/airflow/dags/pipeline_dag.py    192  0.01s             0           1  0.05s           2026-05-01T15:01:12
================================================================================
[2026-05-01T15:02:12.950+0000] {manager.py:878} INFO - 
================================================================================
DAG File Processing Stats

File Path                            PID  Runtime      # DAGs    # Errors  Last Runtime    Last Run
---------------------------------  -----  ---------  --------  ----------  --------------  -------------------
/opt/airflow/dags/pipeline_dag.py    197  0.00s             0           1  0.05s           2026-05-01T15:01:42
================================================================================
[2026-05-01T15:02:43.139+0000] {manager.py:878} INFO - 
================================================================================
DAG File Processing Stats

File Path                            PID  Runtime      # DAGs    # Errors  Last Runtime    Last Run
---------------------------------  -----  ---------  --------  ----------  --------------  -------------------
/opt/airflow/dags/pipeline_dag.py    202  0.00s             0           1  0.04s           2026-05-01T15:02:12
================================================================================
[2026-05-01T15:03:13.332+0000] {manager.py:878} INFO - 
================================================================================
DAG File Processing Stats

File Path                            PID  Runtime      # DAGs    # Errors  Last Runtime    Last Run
---------------------------------  -----  ---------  --------  ----------  --------------  -------------------
/opt/airflow/dags/pipeline_dag.py    207  0.00s             0           1  0.05s           2026-05-01T15:02:43
================================================================================
[2026-05-01T15:03:43.529+0000] {manager.py:878} INFO - 
================================================================================
DAG File Processing Stats

File Path                            PID  Runtime      # DAGs    # Errors  Last Runtime    Last Run
---------------------------------  -----  ---------  --------  ----------  --------------  -------------------
/opt/airflow/dags/pipeline_dag.py    212  0.00s             0           1  0.04s           2026-05-01T15:03:13
================================================================================
[2026-05-01T15:04:13.668+0000] {manager.py:878} INFO - 
================================================================================
DAG File Processing Stats

File Path                            PID  Runtime      # DAGs    # Errors  Last Runtime    Last Run
---------------------------------  -----  ---------  --------  ----------  --------------  -------------------
/opt/airflow/dags/pipeline_dag.py    217  0.00s             0           1  0.05s           2026-05-01T15:03:43
================================================================================
[2026-05-01T15:04:42.805+0000] {manager.py:737} INFO - Searching for files in /opt/airflow/dags
[2026-05-01T15:04:42.807+0000] {manager.py:740} INFO - There are 1 files in /opt/airflow/dags
[2026-05-01T15:04:43.833+0000] {manager.py:878} INFO - 
================================================================================
DAG File Processing Stats

File Path                            PID  Runtime      # DAGs    # Errors  Last Runtime    Last Run
---------------------------------  -----  ---------  --------  ----------  --------------  -------------------
/opt/airflow/dags/pipeline_dag.py    222  0.00s             0           1  0.04s           2026-05-01T15:04:13
================================================================================
[2026-05-01T15:05:14.023+0000] {manager.py:878} INFO - 
================================================================================
DAG File Processing Stats

File Path                          PID    Runtime      # DAGs    # Errors  Last Runtime    Last Run
---------------------------------  -----  ---------  --------  ----------  --------------  -------------------
/opt/airflow/dags/pipeline_dag.py                           1           0  0.39s           2026-05-01T15:04:48
================================================================================
[2026-05-01T15:05:44.514+0000] {manager.py:878} INFO - 
================================================================================
DAG File Processing Stats

File Path                          PID    Runtime      # DAGs    # Errors  Last Runtime    Last Run
---------------------------------  -----  ---------  --------  ----------  --------------  -------------------
/opt/airflow/dags/pipeline_dag.py                           1           0  0.10s           2026-05-01T15:05:18
================================================================================
[2026-05-01T15:06:14.778+0000] {manager.py:878} INFO - 
================================================================================
DAG File Processing Stats

File Path                          PID    Runtime      # DAGs    # Errors  Last Runtime    Last Run
---------------------------------  -----  ---------  --------  ----------  --------------  -------------------
/opt/airflow/dags/pipeline_dag.py                           1           0  0.13s           2026-05-01T15:05:48
================================================================================
[2026-05-01T15:06:44.963+0000] {manager.py:878} INFO - 
================================================================================
DAG File Processing Stats

File Path                          PID    Runtime      # DAGs    # Errors  Last Runtime    Last Run
---------------------------------  -----  ---------  --------  ----------  --------------  -------------------
/opt/airflow/dags/pipeline_dag.py                           1           0  0.08s           2026-05-01T15:06:18
================================================================================
[2026-05-01T15:07:15.161+0000] {manager.py:878} INFO - 
================================================================================
DAG File Processing Stats

File Path                          PID    Runtime      # DAGs    # Errors  Last Runtime    Last Run
---------------------------------  -----  ---------  --------  ----------  --------------  -------------------
/opt/airflow/dags/pipeline_dag.py                           1           0  0.08s           2026-05-01T15:06:49
================================================================================
[2026-05-01T15:07:45.320+0000] {manager.py:878} INFO - 
================================================================================
DAG File Processing Stats

File Path                          PID    Runtime      # DAGs    # Errors  Last Runtime    Last Run
---------------------------------  -----  ---------  --------  ----------  --------------  -------------------
/opt/airflow/dags/pipeline_dag.py                           1           0  0.07s           2026-05-01T15:07:19
================================================================================
[2026-05-01T15:08:15.502+0000] {manager.py:878} INFO - 
================================================================================
DAG File Processing Stats

File Path                          PID    Runtime      # DAGs    # Errors  Last Runtime    Last Run
---------------------------------  -----  ---------  --------  ----------  --------------  -------------------
/opt/airflow/dags/pipeline_dag.py                           1           0  0.07s           2026-05-01T15:07:49
================================================================================
[2026-05-01T15:08:45.694+0000] {manager.py:878} INFO - 
================================================================================
DAG File Processing Stats

File Path                          PID    Runtime      # DAGs    # Errors  Last Runtime    Last Run
---------------------------------  -----  ---------  --------  ----------  --------------  -------------------
/opt/airflow/dags/pipeline_dag.py                           1           0  0.09s           2026-05-01T15:08:19
================================================================================
[2026-05-01T15:09:15.868+0000] {manager.py:878} INFO - 
================================================================================
DAG File Processing Stats

File Path                          PID    Runtime      # DAGs    # Errors  Last Runtime    Last Run
---------------------------------  -----  ---------  --------  ----------  --------------  -------------------
/opt/airflow/dags/pipeline_dag.py                           1           0  0.08s           2026-05-01T15:08:49
================================================================================
[2026-05-01T15:09:43.021+0000] {manager.py:737} INFO - Searching for files in /opt/airflow/dags
[2026-05-01T15:09:43.022+0000] {manager.py:740} INFO - There are 1 files in /opt/airflow/dags
[2026-05-01T15:09:46.044+0000] {manager.py:878} INFO - 
================================================================================
DAG File Processing Stats

File Path                          PID    Runtime      # DAGs    # Errors  Last Runtime    Last Run
---------------------------------  -----  ---------  --------  ----------  --------------  -------------------
/opt/airflow/dags/pipeline_dag.py                           1           0  0.08s           2026-05-01T15:09:19
================================================================================
[2026-05-01T15:10:16.197+0000] {manager.py:878} INFO - 
================================================================================
DAG File Processing Stats

File Path                          PID    Runtime      # DAGs    # Errors  Last Runtime    Last Run
---------------------------------  -----  ---------  --------  ----------  --------------  -------------------
/opt/airflow/dags/pipeline_dag.py                           1           0  0.07s           2026-05-01T15:09:50
================================================================================
[2026-05-01T15:10:46.394+0000] {manager.py:878} INFO - 
================================================================================
DAG File Processing Stats

File Path                          PID    Runtime      # DAGs    # Errors  Last Runtime    Last Run
---------------------------------  -----  ---------  --------  ----------  --------------  -------------------
/opt/airflow/dags/pipeline_dag.py                           1           0  0.09s           2026-05-01T15:10:20
================================================================================
[2026-05-01T15:11:16.583+0000] {manager.py:878} INFO - 
================================================================================
DAG File Processing Stats

File Path                          PID    Runtime      # DAGs    # Errors  Last Runtime    Last Run
---------------------------------  -----  ---------  --------  ----------  --------------  -------------------
/opt/airflow/dags/pipeline_dag.py                           1           0  0.08s           2026-05-01T15:10:50
================================================================================
[2026-05-01T15:11:46.759+0000] {manager.py:878} INFO - 
================================================================================
DAG File Processing Stats

File Path                          PID    Runtime      # DAGs    # Errors  Last Runtime    Last Run
---------------------------------  -----  ---------  --------  ----------  --------------  -------------------
/opt/airflow/dags/pipeline_dag.py                           1           0  0.09s           2026-05-01T15:11:20
================================================================================
[2026-05-01T15:12:16.942+0000] {manager.py:878} INFO - 
================================================================================
DAG File Processing Stats

File Path                          PID    Runtime      # DAGs    # Errors  Last Runtime    Last Run
---------------------------------  -----  ---------  --------  ----------  --------------  -------------------
/opt/airflow/dags/pipeline_dag.py                           1           0  0.08s           2026-05-01T15:11:50
================================================================================
[2026-05-01T15:12:47.136+0000] {manager.py:878} INFO - 
================================================================================
DAG File Processing Stats

File Path                          PID    Runtime      # DAGs    # Errors  Last Runtime    Last Run
---------------------------------  -----  ---------  --------  ----------  --------------  -------------------
/opt/airflow/dags/pipeline_dag.py                           1           0  0.08s           2026-05-01T15:12:21
================================================================================
[2026-05-01T15:13:17.328+0000] {manager.py:878} INFO - 
================================================================================
DAG File Processing Stats

File Path                          PID    Runtime      # DAGs    # Errors  Last Runtime    Last Run
---------------------------------  -----  ---------  --------  ----------  --------------  -------------------
/opt/airflow/dags/pipeline_dag.py                           1           0  0.08s           2026-05-01T15:12:51
================================================================================
[2026-05-01T15:13:47.524+0000] {manager.py:878} INFO - 
================================================================================
DAG File Processing Stats

File Path                          PID    Runtime      # DAGs    # Errors  Last Runtime    Last Run
---------------------------------  -----  ---------  --------  ----------  --------------  -------------------
/opt/airflow/dags/pipeline_dag.py                           1           0  0.08s           2026-05-01T15:13:21
================================================================================
[2026-05-01T15:14:17.723+0000] {manager.py:878} INFO - 
================================================================================
DAG File Processing Stats

File Path                          PID    Runtime      # DAGs    # Errors  Last Runtime    Last Run
---------------------------------  -----  ---------  --------  ----------  --------------  -------------------
/opt/airflow/dags/pipeline_dag.py                           1           0  0.07s           2026-05-01T15:13:51
================================================================================
[2026-05-01T15:14:43.869+0000] {manager.py:737} INFO - Searching for files in /opt/airflow/dags
[2026-05-01T15:14:43.871+0000] {manager.py:740} INFO - There are 1 files in /opt/airflow/dags
[2026-05-01T15:14:47.904+0000] {manager.py:878} INFO - 
================================================================================
DAG File Processing Stats

File Path                          PID    Runtime      # DAGs    # Errors  Last Runtime    Last Run
---------------------------------  -----  ---------  --------  ----------  --------------  -------------------
/opt/airflow/dags/pipeline_dag.py                           1           0  0.09s           2026-05-01T15:14:21
================================================================================
[2026-05-01T15:15:18.108+0000] {manager.py:878} INFO - 
================================================================================
DAG File Processing Stats

File Path                          PID    Runtime      # DAGs    # Errors  Last Runtime    Last Run
---------------------------------  -----  ---------  --------  ----------  --------------  -------------------
/opt/airflow/dags/pipeline_dag.py                           1           0  0.08s           2026-05-01T15:14:52
================================================================================
[2026-05-01T15:15:48.284+0000] {manager.py:878} INFO - 
================================================================================
DAG File Processing Stats

File Path                          PID    Runtime      # DAGs    # Errors  Last Runtime    Last Run
---------------------------------  -----  ---------  --------  ----------  --------------  -------------------
/opt/airflow/dags/pipeline_dag.py                           1           0  0.08s           2026-05-01T15:15:22
================================================================================
[2026-05-01T15:16:18.491+0000] {manager.py:878} INFO - 
================================================================================
DAG File Processing Stats

File Path                          PID    Runtime      # DAGs    # Errors  Last Runtime    Last Run
---------------------------------  -----  ---------  --------  ----------  --------------  -------------------
/opt/airflow/dags/pipeline_dag.py                           1           0  0.09s           2026-05-01T15:15:52
================================================================================
[2026-05-01T15:16:48.679+0000] {manager.py:878} INFO - 
================================================================================
DAG File Processing Stats

File Path                          PID    Runtime      # DAGs    # Errors  Last Runtime    Last Run
---------------------------------  -----  ---------  --------  ----------  --------------  -------------------
/opt/airflow/dags/pipeline_dag.py                           1           0  0.09s           2026-05-01T15:16:22
================================================================================
[2026-05-01T15:17:18.885+0000] {manager.py:878} INFO - 
================================================================================
DAG File Processing Stats

File Path                          PID    Runtime      # DAGs    # Errors  Last Runtime    Last Run
---------------------------------  -----  ---------  --------  ----------  --------------  -------------------
/opt/airflow/dags/pipeline_dag.py                           1           0  0.09s           2026-05-01T15:16:52
================================================================================
[2026-05-01T15:17:49.070+0000] {manager.py:878} INFO - 
================================================================================
DAG File Processing Stats

File Path                          PID    Runtime      # DAGs    # Errors  Last Runtime    Last Run
---------------------------------  -----  ---------  --------  ----------  --------------  -------------------
/opt/airflow/dags/pipeline_dag.py                           1           0  0.08s           2026-05-01T15:17:22
================================================================================
[2026-05-01T15:18:19.234+0000] {manager.py:878} INFO - 
================================================================================
DAG File Processing Stats

File Path                          PID    Runtime      # DAGs    # Errors  Last Runtime    Last Run
---------------------------------  -----  ---------  --------  ----------  --------------  -------------------
/opt/airflow/dags/pipeline_dag.py                           1           0  0.07s           2026-05-01T15:17:53
================================================================================
[2026-05-01T15:18:49.435+0000] {manager.py:878} INFO - 
================================================================================
DAG File Processing Stats

File Path                          PID    Runtime      # DAGs    # Errors  Last Runtime    Last Run
---------------------------------  -----  ---------  --------  ----------  --------------  -------------------
/opt/airflow/dags/pipeline_dag.py                           1           0  0.09s           2026-05-01T15:18:23
================================================================================
[2026-05-01T15:19:19.625+0000] {manager.py:878} INFO - 
================================================================================
DAG File Processing Stats

File Path                          PID    Runtime      # DAGs    # Errors  Last Runtime    Last Run
---------------------------------  -----  ---------  --------  ----------  --------------  -------------------
/opt/airflow/dags/pipeline_dag.py                           1           0  0.07s           2026-05-01T15:18:53
================================================================================
[2026-05-01T15:19:44.789+0000] {manager.py:737} INFO - Searching for files in /opt/airflow/dags
[2026-05-01T15:19:44.791+0000] {manager.py:740} INFO - There are 1 files in /opt/airflow/dags
[2026-05-01T15:19:49.830+0000] {manager.py:878} INFO - 
================================================================================
DAG File Processing Stats

File Path                          PID    Runtime      # DAGs    # Errors  Last Runtime    Last Run
---------------------------------  -----  ---------  --------  ----------  --------------  -------------------
/opt/airflow/dags/pipeline_dag.py                           1           0  0.10s           2026-05-01T15:19:23
================================================================================
[2026-05-01T15:20:20.030+0000] {manager.py:878} INFO - 
================================================================================
DAG File Processing Stats

File Path                          PID    Runtime      # DAGs    # Errors  Last Runtime    Last Run
---------------------------------  -----  ---------  --------  ----------  --------------  -------------------
/opt/airflow/dags/pipeline_dag.py                           1           0  0.08s           2026-05-01T15:19:53
================================================================================
[2026-05-01T15:20:50.205+0000] {manager.py:878} INFO - 
================================================================================
DAG File Processing Stats

File Path                          PID    Runtime      # DAGs    # Errors  Last Runtime    Last Run
---------------------------------  -----  ---------  --------  ----------  --------------  -------------------
/opt/airflow/dags/pipeline_dag.py                           1           0  0.09s           2026-05-01T15:20:24
================================================================================
[2026-05-01T15:21:20.416+0000] {manager.py:878} INFO - 
================================================================================
DAG File Processing Stats

File Path                          PID    Runtime      # DAGs    # Errors  Last Runtime    Last Run
---------------------------------  -----  ---------  --------  ----------  --------------  -------------------
/opt/airflow/dags/pipeline_dag.py                           1           0  0.07s           2026-05-01T15:20:54
================================================================================
[2026-05-01T15:21:50.601+0000] {manager.py:878} INFO - 
================================================================================
DAG File Processing Stats

File Path                          PID    Runtime      # DAGs    # Errors  Last Runtime    Last Run
---------------------------------  -----  ---------  --------  ----------  --------------  -------------------
/opt/airflow/dags/pipeline_dag.py                           1           0  0.09s           2026-05-01T15:21:24
================================================================================
[2026-05-01T15:22:20.823+0000] {manager.py:878} INFO - 
================================================================================
DAG File Processing Stats

File Path                          PID    Runtime      # DAGs    # Errors  Last Runtime    Last Run
---------------------------------  -----  ---------  --------  ----------  --------------  -------------------
/opt/airflow/dags/pipeline_dag.py                           1           0  0.08s           2026-05-01T15:21:54
================================================================================
[2026-05-01T15:22:50.987+0000] {manager.py:878} INFO - 
================================================================================
DAG File Processing Stats

File Path                          PID    Runtime      # DAGs    # Errors  Last Runtime    Last Run
---------------------------------  -----  ---------  --------  ----------  --------------  -------------------
/opt/airflow/dags/pipeline_dag.py                           1           0  0.10s           2026-05-01T15:22:24
================================================================================
[2026-05-01T15:23:21.227+0000] {manager.py:878} INFO - 
================================================================================
DAG File Processing Stats

File Path                          PID    Runtime      # DAGs    # Errors  Last Runtime    Last Run
---------------------------------  -----  ---------  --------  ----------  --------------  -------------------
/opt/airflow/dags/pipeline_dag.py                           1           0  0.07s           2026-05-01T15:22:55
================================================================================
[2026-05-01T15:23:51.402+0000] {manager.py:878} INFO - 
================================================================================
DAG File Processing Stats

File Path                          PID    Runtime      # DAGs    # Errors  Last Runtime    Last Run
---------------------------------  -----  ---------  --------  ----------  --------------  -------------------
/opt/airflow/dags/pipeline_dag.py                           1           0  0.08s           2026-05-01T15:23:25
================================================================================
[2026-05-01T15:24:21.616+0000] {manager.py:878} INFO - 
================================================================================
DAG File Processing Stats

File Path                          PID    Runtime      # DAGs    # Errors  Last Runtime    Last Run
---------------------------------  -----  ---------  --------  ----------  --------------  -------------------
/opt/airflow/dags/pipeline_dag.py                           1           0  0.08s           2026-05-01T15:23:55
================================================================================
[2026-05-01T15:24:44.814+0000] {manager.py:737} INFO - Searching for files in /opt/airflow/dags
[2026-05-01T15:24:44.816+0000] {manager.py:740} INFO - There are 1 files in /opt/airflow/dags
[2026-05-01T15:24:51.798+0000] {manager.py:878} INFO - 
================================================================================
DAG File Processing Stats

File Path                          PID    Runtime      # DAGs    # Errors  Last Runtime    Last Run
---------------------------------  -----  ---------  --------  ----------  --------------  -------------------
/opt/airflow/dags/pipeline_dag.py                           1           0  0.09s           2026-05-01T15:24:25
================================================================================
[2026-05-01T15:25:22.023+0000] {manager.py:878} INFO - 
================================================================================
DAG File Processing Stats

File Path                          PID    Runtime      # DAGs    # Errors  Last Runtime    Last Run
---------------------------------  -----  ---------  --------  ----------  --------------  -------------------
/opt/airflow/dags/pipeline_dag.py                           1           0  0.08s           2026-05-01T15:24:55
================================================================================
[2026-05-01T15:25:52.206+0000] {manager.py:878} INFO - 
================================================================================
DAG File Processing Stats

File Path                          PID    Runtime      # DAGs    # Errors  Last Runtime    Last Run
---------------------------------  -----  ---------  --------  ----------  --------------  -------------------
/opt/airflow/dags/pipeline_dag.py                           1           0  0.09s           2026-05-01T15:25:26
================================================================================
[2026-05-01T15:26:22.419+0000] {manager.py:878} INFO - 
================================================================================
DAG File Processing Stats

File Path                          PID    Runtime      # DAGs    # Errors  Last Runtime    Last Run
---------------------------------  -----  ---------  --------  ----------  --------------  -------------------
/opt/airflow/dags/pipeline_dag.py                           1           0  0.09s           2026-05-01T15:25:56
================================================================================
[2026-05-01T15:26:52.595+0000] {manager.py:878} INFO - 
================================================================================
DAG File Processing Stats

File Path                          PID    Runtime      # DAGs    # Errors  Last Runtime    Last Run
---------------------------------  -----  ---------  --------  ----------  --------------  -------------------
/opt/airflow/dags/pipeline_dag.py                           1           0  0.09s           2026-05-01T15:26:26
================================================================================
[2026-05-01T15:27:22.818+0000] {manager.py:878} INFO - 
================================================================================
DAG File Processing Stats

File Path                          PID    Runtime      # DAGs    # Errors  Last Runtime    Last Run
---------------------------------  -----  ---------  --------  ----------  --------------  -------------------
/opt/airflow/dags/pipeline_dag.py                           1           0  0.08s           2026-05-01T15:26:56
================================================================================
[2026-05-01T15:27:52.983+0000] {manager.py:878} INFO - 
================================================================================
DAG File Processing Stats

File Path                          PID    Runtime      # DAGs    # Errors  Last Runtime    Last Run
---------------------------------  -----  ---------  --------  ----------  --------------  -------------------
/opt/airflow/dags/pipeline_dag.py                           1           0  0.08s           2026-05-01T15:27:26
================================================================================
[2026-05-01T15:28:23.205+0000] {manager.py:878} INFO - 
================================================================================
DAG File Processing Stats

File Path                          PID    Runtime      # DAGs    # Errors  Last Runtime    Last Run
---------------------------------  -----  ---------  --------  ----------  --------------  -------------------
/opt/airflow/dags/pipeline_dag.py                           1           0  0.07s           2026-05-01T15:27:57
================================================================================
[2026-05-01T15:28:53.382+0000] {manager.py:878} INFO - 
================================================================================
DAG File Processing Stats

File Path                          PID    Runtime      # DAGs    # Errors  Last Runtime    Last Run
---------------------------------  -----  ---------  --------  ----------  --------------  -------------------
/opt/airflow/dags/pipeline_dag.py                           1           0  0.10s           2026-05-01T15:28:27
================================================================================
[2026-05-01T15:29:23.599+0000] {manager.py:878} INFO - 
================================================================================
DAG File Processing Stats

File Path                          PID    Runtime      # DAGs    # Errors  Last Runtime    Last Run
---------------------------------  -----  ---------  --------  ----------  --------------  -------------------
/opt/airflow/dags/pipeline_dag.py                           1           0  0.08s           2026-05-01T15:28:57
================================================================================
[2026-05-01T15:29:45.748+0000] {manager.py:737} INFO - Searching for files in /opt/airflow/dags
[2026-05-01T15:29:45.750+0000] {manager.py:740} INFO - There are 1 files in /opt/airflow/dags
[2026-05-01T15:29:53.806+0000] {manager.py:878} INFO - 
================================================================================
DAG File Processing Stats

File Path                          PID    Runtime      # DAGs    # Errors  Last Runtime    Last Run
---------------------------------  -----  ---------  --------  ----------  --------------  -------------------
/opt/airflow/dags/pipeline_dag.py                           1           0  0.09s           2026-05-01T15:29:27
================================================================================
[2026-05-01T15:30:23.985+0000] {manager.py:878} INFO - 
================================================================================
DAG File Processing Stats

File Path                          PID    Runtime      # DAGs    # Errors  Last Runtime    Last Run
---------------------------------  -----  ---------  --------  ----------  --------------  -------------------
/opt/airflow/dags/pipeline_dag.py                           1           0  0.08s           2026-05-01T15:29:57
================================================================================
[2026-05-01T15:30:54.206+0000] {manager.py:878} INFO - 
================================================================================
DAG File Processing Stats

File Path                          PID    Runtime      # DAGs    # Errors  Last Runtime    Last Run
---------------------------------  -----  ---------  --------  ----------  --------------  -------------------
/opt/airflow/dags/pipeline_dag.py                           1           0  0.09s           2026-05-01T15:30:28
================================================================================
[2026-05-01T15:31:24.412+0000] {manager.py:878} INFO - 
================================================================================
DAG File Processing Stats

File Path                          PID    Runtime      # DAGs    # Errors  Last Runtime    Last Run
---------------------------------  -----  ---------  --------  ----------  --------------  -------------------
/opt/airflow/dags/pipeline_dag.py                           1           0  0.16s           2026-05-01T15:30:58
================================================================================
[2026-05-01T15:31:54.692+0000] {manager.py:878} INFO - 
================================================================================
DAG File Processing Stats

File Path                          PID    Runtime      # DAGs    # Errors  Last Runtime    Last Run
---------------------------------  -----  ---------  --------  ----------  --------------  -------------------
/opt/airflow/dags/pipeline_dag.py                           1           0  0.18s           2026-05-01T15:31:28
================================================================================
[2026-05-01T15:32:24.913+0000] {manager.py:878} INFO - 
================================================================================
DAG File Processing Stats

File Path                          PID    Runtime      # DAGs    # Errors  Last Runtime    Last Run
---------------------------------  -----  ---------  --------  ----------  --------------  -------------------
/opt/airflow/dags/pipeline_dag.py                           1           0  0.23s           2026-05-01T15:31:58
================================================================================
[2026-05-01T15:32:55.253+0000] {manager.py:878} INFO - 
================================================================================
DAG File Processing Stats

File Path                          PID    Runtime      # DAGs    # Errors  Last Runtime    Last Run
---------------------------------  -----  ---------  --------  ----------  --------------  -------------------
/opt/airflow/dags/pipeline_dag.py                           1           0  0.17s           2026-05-01T15:32:29
================================================================================
[2026-05-01T15:33:25.430+0000] {manager.py:878} INFO - 
================================================================================
DAG File Processing Stats

File Path                          PID    Runtime      # DAGs    # Errors  Last Runtime    Last Run
---------------------------------  -----  ---------  --------  ----------  --------------  -------------------
/opt/airflow/dags/pipeline_dag.py                           1           0  0.15s           2026-05-01T15:32:59
================================================================================
[2026-05-01T15:33:55.729+0000] {manager.py:878} INFO - 
================================================================================
DAG File Processing Stats

File Path                          PID    Runtime      # DAGs    # Errors  Last Runtime    Last Run
---------------------------------  -----  ---------  --------  ----------  --------------  -------------------
/opt/airflow/dags/pipeline_dag.py                           1           0  0.15s           2026-05-01T15:33:29
================================================================================
[2026-05-01T15:34:25.912+0000] {manager.py:878} INFO - 
================================================================================
DAG File Processing Stats

File Path                          PID    Runtime      # DAGs    # Errors  Last Runtime    Last Run
---------------------------------  -----  ---------  --------  ----------  --------------  -------------------
/opt/airflow/dags/pipeline_dag.py                           1           0  0.16s           2026-05-01T15:33:59
================================================================================
[2026-05-01T15:34:46.142+0000] {manager.py:737} INFO - Searching for files in /opt/airflow/dags
[2026-05-01T15:34:46.144+0000] {manager.py:740} INFO - There are 1 files in /opt/airflow/dags
[2026-05-01T15:34:56.218+0000] {manager.py:878} INFO - 
================================================================================
DAG File Processing Stats

File Path                          PID    Runtime      # DAGs    # Errors  Last Runtime    Last Run
---------------------------------  -----  ---------  --------  ----------  --------------  -------------------
/opt/airflow/dags/pipeline_dag.py                           1           0  0.18s           2026-05-01T15:34:30
================================================================================
[2026-05-01T15:35:26.419+0000] {manager.py:878} INFO - 
================================================================================
DAG File Processing Stats

File Path                          PID    Runtime      # DAGs    # Errors  Last Runtime    Last Run
---------------------------------  -----  ---------  --------  ----------  --------------  -------------------
/opt/airflow/dags/pipeline_dag.py                           1           0  0.16s           2026-05-01T15:35:00
================================================================================
[2026-05-01T15:35:56.719+0000] {manager.py:878} INFO - 
================================================================================
DAG File Processing Stats

File Path                          PID    Runtime      # DAGs    # Errors  Last Runtime    Last Run
---------------------------------  -----  ---------  --------  ----------  --------------  -------------------
/opt/airflow/dags/pipeline_dag.py                           1           0  0.19s           2026-05-01T15:35:30
================================================================================
[2026-05-01T15:36:26.954+0000] {manager.py:878} INFO - 
================================================================================
DAG File Processing Stats

File Path                          PID    Runtime      # DAGs    # Errors  Last Runtime    Last Run
---------------------------------  -----  ---------  --------  ----------  --------------  -------------------
/opt/airflow/dags/pipeline_dag.py                           1           0  0.17s           2026-05-01T15:36:00
================================================================================
[2026-05-01T15:36:57.222+0000] {manager.py:878} INFO - 
================================================================================
DAG File Processing Stats

File Path                          PID    Runtime      # DAGs    # Errors  Last Runtime    Last Run
---------------------------------  -----  ---------  --------  ----------  --------------  -------------------
/opt/airflow/dags/pipeline_dag.py                           1           0  0.16s           2026-05-01T15:36:31
================================================================================
[2026-05-01T15:37:27.469+0000] {manager.py:878} INFO - 
================================================================================
DAG File Processing Stats

File Path                          PID    Runtime      # DAGs    # Errors  Last Runtime    Last Run
---------------------------------  -----  ---------  --------  ----------  --------------  -------------------
/opt/airflow/dags/pipeline_dag.py                           1           0  0.23s           2026-05-01T15:37:01
================================================================================
[2026-05-01T15:37:57.803+0000] {manager.py:878} INFO - 
================================================================================
DAG File Processing Stats

File Path                          PID    Runtime      # DAGs    # Errors  Last Runtime    Last Run
---------------------------------  -----  ---------  --------  ----------  --------------  -------------------
/opt/airflow/dags/pipeline_dag.py                           1           0  0.21s           2026-05-01T15:37:31
================================================================================
[2026-05-01T15:38:28.023+0000] {manager.py:878} INFO - 
================================================================================
DAG File Processing Stats

File Path                          PID    Runtime      # DAGs    # Errors  Last Runtime    Last Run
---------------------------------  -----  ---------  --------  ----------  --------------  -------------------
/opt/airflow/dags/pipeline_dag.py                           1           0  0.17s           2026-05-01T15:38:01
================================================================================
[2026-05-01T15:38:58.310+0000] {manager.py:878} INFO - 
================================================================================
DAG File Processing Stats

File Path                          PID    Runtime      # DAGs    # Errors  Last Runtime    Last Run
---------------------------------  -----  ---------  --------  ----------  --------------  -------------------
/opt/airflow/dags/pipeline_dag.py                           1           0  0.23s           2026-05-01T15:38:32
================================================================================
[2026-05-01T15:39:28.607+0000] {manager.py:878} INFO - 
================================================================================
DAG File Processing Stats

File Path                          PID    Runtime      # DAGs    # Errors  Last Runtime    Last Run
---------------------------------  -----  ---------  --------  ----------  --------------  -------------------
/opt/airflow/dags/pipeline_dag.py                           1           0  0.19s           2026-05-01T15:39:02
================================================================================
[2026-05-01T15:39:46.803+0000] {manager.py:737} INFO - Searching for files in /opt/airflow/dags
[2026-05-01T15:39:46.806+0000] {manager.py:740} INFO - There are 1 files in /opt/airflow/dags
[2026-05-01T15:39:58.902+0000] {manager.py:878} INFO - 
================================================================================
DAG File Processing Stats

File Path                          PID    Runtime      # DAGs    # Errors  Last Runtime    Last Run
---------------------------------  -----  ---------  --------  ----------  --------------  -------------------
/opt/airflow/dags/pipeline_dag.py                           1           0  0.22s           2026-05-01T15:39:32
================================================================================
[2026-05-01T15:40:29.208+0000] {manager.py:878} INFO - 
================================================================================
DAG File Processing Stats

File Path                          PID    Runtime      # DAGs    # Errors  Last Runtime    Last Run
---------------------------------  -----  ---------  --------  ----------  --------------  -------------------
/opt/airflow/dags/pipeline_dag.py                           1           0  0.14s           2026-05-01T15:40:03
================================================================================
[2026-05-01T15:40:59.400+0000] {manager.py:878} INFO - 
================================================================================
DAG File Processing Stats

File Path                          PID    Runtime      # DAGs    # Errors  Last Runtime    Last Run
---------------------------------  -----  ---------  --------  ----------  --------------  -------------------
/opt/airflow/dags/pipeline_dag.py                           1           0  0.20s           2026-05-01T15:40:33
================================================================================
[2026-05-01T15:41:29.780+0000] {manager.py:878} INFO - 
================================================================================
DAG File Processing Stats

File Path                          PID    Runtime      # DAGs    # Errors  Last Runtime    Last Run
---------------------------------  -----  ---------  --------  ----------  --------------  -------------------
/opt/airflow/dags/pipeline_dag.py                           1           0  0.15s           2026-05-01T15:41:03
================================================================================
[2026-05-01T15:42:00.094+0000] {manager.py:878} INFO - 
================================================================================
DAG File Processing Stats

File Path                          PID    Runtime      # DAGs    # Errors  Last Runtime    Last Run
---------------------------------  -----  ---------  --------  ----------  --------------  -------------------
/opt/airflow/dags/pipeline_dag.py                           1           0  0.19s           2026-05-01T15:41:33
================================================================================
[2026-05-01T15:42:30.306+0000] {manager.py:878} INFO - 
================================================================================
DAG File Processing Stats

File Path                          PID    Runtime      # DAGs    # Errors  Last Runtime    Last Run
---------------------------------  -----  ---------  --------  ----------  --------------  -------------------
/opt/airflow/dags/pipeline_dag.py                           1           0  0.19s           2026-05-01T15:42:04
================================================================================
[2026-05-01T15:43:00.627+0000] {manager.py:878} INFO - 
================================================================================
DAG File Processing Stats

File Path                          PID    Runtime      # DAGs    # Errors  Last Runtime    Last Run
---------------------------------  -----  ---------  --------  ----------  --------------  -------------------
/opt/airflow/dags/pipeline_dag.py                           1           0  0.20s           2026-05-01T15:42:34
================================================================================
[2026-05-01T15:43:30.855+0000] {manager.py:878} INFO - 
================================================================================
DAG File Processing Stats

File Path                          PID    Runtime      # DAGs    # Errors  Last Runtime    Last Run
---------------------------------  -----  ---------  --------  ----------  --------------  -------------------
/opt/airflow/dags/pipeline_dag.py                           1           0  0.18s           2026-05-01T15:43:04
================================================================================
[2026-05-01T15:44:01.172+0000] {manager.py:878} INFO - 
================================================================================
DAG File Processing Stats

File Path                          PID    Runtime      # DAGs    # Errors  Last Runtime    Last Run
---------------------------------  -----  ---------  --------  ----------  --------------  -------------------
/opt/airflow/dags/pipeline_dag.py                           1           0  0.33s           2026-05-01T15:43:35
================================================================================
[2026-05-01T15:44:31.575+0000] {manager.py:878} INFO - 
================================================================================
DAG File Processing Stats

File Path                          PID    Runtime      # DAGs    # Errors  Last Runtime    Last Run
---------------------------------  -----  ---------  --------  ----------  --------------  -------------------
/opt/airflow/dags/pipeline_dag.py                           1           0  0.22s           2026-05-01T15:44:05
================================================================================
[2026-05-01T15:44:46.871+0000] {manager.py:737} INFO - Searching for files in /opt/airflow/dags
[2026-05-01T15:44:46.874+0000] {manager.py:740} INFO - There are 1 files in /opt/airflow/dags
[2026-05-01T15:45:01.974+0000] {manager.py:878} INFO - 
================================================================================
DAG File Processing Stats

File Path                          PID    Runtime      # DAGs    # Errors  Last Runtime    Last Run
---------------------------------  -----  ---------  --------  ----------  --------------  -------------------
/opt/airflow/dags/pipeline_dag.py                           1           0  0.17s           2026-05-01T15:44:35
================================================================================
[2026-05-01T15:45:32.277+0000] {manager.py:878} INFO - 
================================================================================
DAG File Processing Stats

File Path                          PID    Runtime      # DAGs    # Errors  Last Runtime    Last Run
---------------------------------  -----  ---------  --------  ----------  --------------  -------------------
/opt/airflow/dags/pipeline_dag.py                           1           0  0.20s           2026-05-01T15:45:06
================================================================================
[2026-05-01T15:46:02.506+0000] {manager.py:878} INFO - 
================================================================================
DAG File Processing Stats

File Path                          PID    Runtime      # DAGs    # Errors  Last Runtime    Last Run
---------------------------------  -----  ---------  --------  ----------  --------------  -------------------
/opt/airflow/dags/pipeline_dag.py                           1           0  0.17s           2026-05-01T15:45:36
================================================================================
[2026-05-01T15:46:32.802+0000] {manager.py:878} INFO - 
================================================================================
DAG File Processing Stats

File Path                          PID    Runtime      # DAGs    # Errors  Last Runtime    Last Run
---------------------------------  -----  ---------  --------  ----------  --------------  -------------------
/opt/airflow/dags/pipeline_dag.py                           1           0  0.21s           2026-05-01T15:46:06
================================================================================
[2026-05-01T15:47:03.073+0000] {manager.py:878} INFO - 
================================================================================
DAG File Processing Stats

File Path                          PID    Runtime      # DAGs    # Errors  Last Runtime    Last Run
---------------------------------  -----  ---------  --------  ----------  --------------  -------------------
/opt/airflow/dags/pipeline_dag.py                           1           0  0.14s           2026-05-01T15:46:36
================================================================================
[2026-05-01T15:47:33.284+0000] {manager.py:878} INFO - 
================================================================================
DAG File Processing Stats

File Path                          PID    Runtime      # DAGs    # Errors  Last Runtime    Last Run
---------------------------------  -----  ---------  --------  ----------  --------------  -------------------
/opt/airflow/dags/pipeline_dag.py                           1           0  0.23s           2026-05-01T15:47:07
================================================================================
[2026-05-01T15:48:03.666+0000] {manager.py:878} INFO - 
================================================================================
DAG File Processing Stats

File Path                          PID    Runtime      # DAGs    # Errors  Last Runtime    Last Run
---------------------------------  -----  ---------  --------  ----------  --------------  -------------------
/opt/airflow/dags/pipeline_dag.py                           1           0  0.19s           2026-05-01T15:47:37
================================================================================
[2026-05-01T15:48:34.017+0000] {manager.py:878} INFO - 
================================================================================
DAG File Processing Stats

File Path                          PID    Runtime      # DAGs    # Errors  Last Runtime    Last Run
---------------------------------  -----  ---------  --------  ----------  --------------  -------------------
/opt/airflow/dags/pipeline_dag.py                           1           0  0.22s           2026-05-01T15:48:08
================================================================================
[2026-05-01T15:49:04.406+0000] {manager.py:878} INFO - 
================================================================================
DAG File Processing Stats

File Path                          PID    Runtime      # DAGs    # Errors  Last Runtime    Last Run
---------------------------------  -----  ---------  --------  ----------  --------------  -------------------
/opt/airflow/dags/pipeline_dag.py                           1           0  0.20s           2026-05-01T15:48:38
================================================================================
[2026-05-01T15:49:34.765+0000] {manager.py:878} INFO - 
================================================================================
DAG File Processing Stats

File Path                          PID    Runtime      # DAGs    # Errors  Last Runtime    Last Run
---------------------------------  -----  ---------  --------  ----------  --------------  -------------------
/opt/airflow/dags/pipeline_dag.py                           1           0  0.17s           2026-05-01T15:49:08
================================================================================
[2026-05-01T15:49:46.985+0000] {manager.py:737} INFO - Searching for files in /opt/airflow/dags
[2026-05-01T15:49:46.987+0000] {manager.py:740} INFO - There are 1 files in /opt/airflow/dags
[2026-05-01T15:50:04.971+0000] {manager.py:878} INFO - 
================================================================================
DAG File Processing Stats

File Path                          PID    Runtime      # DAGs    # Errors  Last Runtime    Last Run
---------------------------------  -----  ---------  --------  ----------  --------------  -------------------
/opt/airflow/dags/pipeline_dag.py                           1           0  0.15s           2026-05-01T15:49:38
================================================================================
[2026-05-01T15:50:35.281+0000] {manager.py:878} INFO - 
================================================================================
DAG File Processing Stats

File Path                          PID    Runtime      # DAGs    # Errors  Last Runtime    Last Run
---------------------------------  -----  ---------  --------  ----------  --------------  -------------------
/opt/airflow/dags/pipeline_dag.py                           1           0  0.19s           2026-05-01T15:50:09
================================================================================
[2026-05-01T15:51:05.688+0000] {manager.py:878} INFO - 
================================================================================
DAG File Processing Stats

File Path                          PID    Runtime      # DAGs    # Errors  Last Runtime    Last Run
---------------------------------  -----  ---------  --------  ----------  --------------  -------------------
/opt/airflow/dags/pipeline_dag.py                           1           0  0.28s           2026-05-01T15:50:48
================================================================================
[2026-05-01T15:51:35.975+0000] {manager.py:878} INFO - 
================================================================================
DAG File Processing Stats

File Path                          PID    Runtime      # DAGs    # Errors  Last Runtime    Last Run
---------------------------------  -----  ---------  --------  ----------  --------------  -------------------
/opt/airflow/dags/pipeline_dag.py                           1           0  0.20s           2026-05-01T15:51:18
================================================================================
[2026-05-01T15:52:06.246+0000] {manager.py:878} INFO - 
================================================================================
DAG File Processing Stats

File Path                          PID    Runtime      # DAGs    # Errors  Last Runtime    Last Run
---------------------------------  -----  ---------  --------  ----------  --------------  -------------------
/opt/airflow/dags/pipeline_dag.py                           1           0  0.19s           2026-05-01T15:51:49
================================================================================
[2026-05-01T15:52:36.514+0000] {manager.py:878} INFO - 
================================================================================
DAG File Processing Stats

File Path                          PID    Runtime      # DAGs    # Errors  Last Runtime    Last Run
---------------------------------  -----  ---------  --------  ----------  --------------  -------------------
/opt/airflow/dags/pipeline_dag.py                           1           0  0.20s           2026-05-01T15:52:19
================================================================================
[2026-05-01T15:53:06.809+0000] {manager.py:878} INFO - 
================================================================================
DAG File Processing Stats

File Path                          PID    Runtime      # DAGs    # Errors  Last Runtime    Last Run
---------------------------------  -----  ---------  --------  ----------  --------------  -------------------
/opt/airflow/dags/pipeline_dag.py                           1           0  0.16s           2026-05-01T15:52:49
================================================================================
[2026-05-01T15:53:37.010+0000] {manager.py:878} INFO - 
================================================================================
DAG File Processing Stats

File Path                          PID    Runtime      # DAGs    # Errors  Last Runtime    Last Run
---------------------------------  -----  ---------  --------  ----------  --------------  -------------------
/opt/airflow/dags/pipeline_dag.py                           1           0  0.15s           2026-05-01T15:53:20
================================================================================
[2026-05-01T15:54:07.317+0000] {manager.py:878} INFO - 
================================================================================
DAG File Processing Stats

File Path                          PID    Runtime      # DAGs    # Errors  Last Runtime    Last Run
---------------------------------  -----  ---------  --------  ----------  --------------  -------------------
/opt/airflow/dags/pipeline_dag.py                           1           0  0.19s           2026-05-01T15:53:50
================================================================================
[2026-05-01T15:54:37.563+0000] {manager.py:878} INFO - 
================================================================================
DAG File Processing Stats

File Path                          PID    Runtime      # DAGs    # Errors  Last Runtime    Last Run
---------------------------------  -----  ---------  --------  ----------  --------------  -------------------
/opt/airflow/dags/pipeline_dag.py                           1           0  0.18s           2026-05-01T15:54:20
================================================================================
[2026-05-01T15:54:47.616+0000] {manager.py:737} INFO - Searching for files in /opt/airflow/dags
[2026-05-01T15:54:47.619+0000] {manager.py:740} INFO - There are 1 files in /opt/airflow/dags
[2026-05-01T15:55:07.838+0000] {manager.py:878} INFO - 
================================================================================
DAG File Processing Stats

File Path                          PID    Runtime      # DAGs    # Errors  Last Runtime    Last Run
---------------------------------  -----  ---------  --------  ----------  --------------  -------------------
/opt/airflow/dags/pipeline_dag.py                           1           0  0.22s           2026-05-01T15:54:50
================================================================================
[2026-05-01T15:55:38.141+0000] {manager.py:878} INFO - 
================================================================================
DAG File Processing Stats

File Path                          PID    Runtime      # DAGs    # Errors  Last Runtime    Last Run
---------------------------------  -----  ---------  --------  ----------  --------------  -------------------
/opt/airflow/dags/pipeline_dag.py                           1           0  0.21s           2026-05-01T15:55:21
================================================================================
[2026-05-01T15:56:08.407+0000] {manager.py:878} INFO - 
================================================================================
DAG File Processing Stats

File Path                          PID    Runtime      # DAGs    # Errors  Last Runtime    Last Run
---------------------------------  -----  ---------  --------  ----------  --------------  -------------------
/opt/airflow/dags/pipeline_dag.py                           1           0  0.20s           2026-05-01T15:55:51
================================================================================
[2026-05-01T15:56:38.707+0000] {manager.py:878} INFO - 
================================================================================
DAG File Processing Stats

File Path                          PID    Runtime      # DAGs    # Errors  Last Runtime    Last Run
---------------------------------  -----  ---------  --------  ----------  --------------  -------------------
/opt/airflow/dags/pipeline_dag.py                           1           0  0.19s           2026-05-01T15:56:21
================================================================================
[2026-05-01T15:57:08.950+0000] {manager.py:878} INFO - 
================================================================================
DAG File Processing Stats

File Path                          PID    Runtime      # DAGs    # Errors  Last Runtime    Last Run
---------------------------------  -----  ---------  --------  ----------  --------------  -------------------
/opt/airflow/dags/pipeline_dag.py                           1           0  0.22s           2026-05-01T15:56:52
================================================================================
[2026-05-01T15:57:39.283+0000] {manager.py:878} INFO - 
================================================================================
DAG File Processing Stats

File Path                          PID    Runtime      # DAGs    # Errors  Last Runtime    Last Run
---------------------------------  -----  ---------  --------  ----------  --------------  -------------------
/opt/airflow/dags/pipeline_dag.py                           1           0  0.19s           2026-05-01T15:57:22
================================================================================
[2026-05-01T15:58:09.525+0000] {manager.py:878} INFO - 
================================================================================
DAG File Processing Stats

File Path                          PID    Runtime      # DAGs    # Errors  Last Runtime    Last Run
---------------------------------  -----  ---------  --------  ----------  --------------  -------------------
/opt/airflow/dags/pipeline_dag.py                           1           0  0.16s           2026-05-01T15:57:52
================================================================================
[2026-05-01T15:58:39.810+0000] {manager.py:878} INFO - 
================================================================================
DAG File Processing Stats

File Path                          PID    Runtime      # DAGs    # Errors  Last Runtime    Last Run
---------------------------------  -----  ---------  --------  ----------  --------------  -------------------
/opt/airflow/dags/pipeline_dag.py                           1           0  0.15s           2026-05-01T15:58:22
================================================================================
[2026-05-01T15:59:10.048+0000] {manager.py:878} INFO - 
================================================================================
DAG File Processing Stats

File Path                          PID    Runtime      # DAGs    # Errors  Last Runtime    Last Run
---------------------------------  -----  ---------  --------  ----------  --------------  -------------------
/opt/airflow/dags/pipeline_dag.py                           1           0  0.20s           2026-05-01T15:58:53
================================================================================
[2026-05-01T15:59:40.356+0000] {manager.py:878} INFO - 
================================================================================
DAG File Processing Stats

File Path                          PID    Runtime      # DAGs    # Errors  Last Runtime    Last Run
---------------------------------  -----  ---------  --------  ----------  --------------  -------------------
/opt/airflow/dags/pipeline_dag.py                           1           0  0.19s           2026-05-01T15:59:23
================================================================================
[2026-05-01T15:59:48.415+0000] {manager.py:737} INFO - Searching for files in /opt/airflow/dags
[2026-05-01T15:59:48.417+0000] {manager.py:740} INFO - There are 1 files in /opt/airflow/dags
[2026-05-01T16:00:10.597+0000] {manager.py:878} INFO - 
================================================================================
DAG File Processing Stats

File Path                          PID    Runtime      # DAGs    # Errors  Last Runtime    Last Run
---------------------------------  -----  ---------  --------  ----------  --------------  -------------------
/opt/airflow/dags/pipeline_dag.py                           1           0  0.19s           2026-05-01T15:59:53
================================================================================
[2026-05-01T16:00:40.920+0000] {manager.py:878} INFO - 
================================================================================
DAG File Processing Stats

File Path                          PID    Runtime      # DAGs    # Errors  Last Runtime    Last Run
---------------------------------  -----  ---------  --------  ----------  --------------  -------------------
/opt/airflow/dags/pipeline_dag.py                           1           0  0.18s           2026-05-01T16:00:23
================================================================================
[2026-05-01T16:01:11.119+0000] {manager.py:878} INFO - 
================================================================================
DAG File Processing Stats

File Path                          PID    Runtime      # DAGs    # Errors  Last Runtime    Last Run
---------------------------------  -----  ---------  --------  ----------  --------------  -------------------
/opt/airflow/dags/pipeline_dag.py                           1           0  0.20s           2026-05-01T16:00:54
================================================================================
[2026-05-01T16:01:41.476+0000] {manager.py:878} INFO - 
================================================================================
DAG File Processing Stats

File Path                          PID    Runtime      # DAGs    # Errors  Last Runtime    Last Run
---------------------------------  -----  ---------  --------  ----------  --------------  -------------------
/opt/airflow/dags/pipeline_dag.py                           1           0  0.18s           2026-05-01T16:01:24
================================================================================
[2026-05-01T16:02:11.835+0000] {manager.py:878} INFO - 
================================================================================
DAG File Processing Stats

File Path                          PID    Runtime      # DAGs    # Errors  Last Runtime    Last Run
---------------------------------  -----  ---------  --------  ----------  --------------  -------------------
/opt/airflow/dags/pipeline_dag.py                           1           0  0.19s           2026-05-01T16:01:54
================================================================================
[2026-05-01T16:02:42.038+0000] {manager.py:878} INFO - 
================================================================================
DAG File Processing Stats

File Path                          PID    Runtime      # DAGs    # Errors  Last Runtime    Last Run
---------------------------------  -----  ---------  --------  ----------  --------------  -------------------
/opt/airflow/dags/pipeline_dag.py                           1           0  0.17s           2026-05-01T16:02:25
================================================================================
[2026-05-01T16:03:12.360+0000] {manager.py:878} INFO - 
================================================================================
DAG File Processing Stats

File Path                          PID    Runtime      # DAGs    # Errors  Last Runtime    Last Run
---------------------------------  -----  ---------  --------  ----------  --------------  -------------------
/opt/airflow/dags/pipeline_dag.py                           1           0  0.19s           2026-05-01T16:02:55
================================================================================
[2026-05-01T16:03:42.579+0000] {manager.py:878} INFO - 
================================================================================
DAG File Processing Stats

File Path                          PID    Runtime      # DAGs    # Errors  Last Runtime    Last Run
---------------------------------  -----  ---------  --------  ----------  --------------  -------------------
/opt/airflow/dags/pipeline_dag.py                           1           0  0.19s           2026-05-01T16:03:25
================================================================================
[2026-05-01T16:04:12.909+0000] {manager.py:878} INFO - 
================================================================================
DAG File Processing Stats

File Path                          PID    Runtime      # DAGs    # Errors  Last Runtime    Last Run
---------------------------------  -----  ---------  --------  ----------  --------------  -------------------
/opt/airflow/dags/pipeline_dag.py                           1           0  0.16s           2026-05-01T16:03:55
================================================================================
[2026-05-01T16:04:43.095+0000] {manager.py:878} INFO - 
================================================================================
DAG File Processing Stats

File Path                          PID    Runtime      # DAGs    # Errors  Last Runtime    Last Run
---------------------------------  -----  ---------  --------  ----------  --------------  -------------------
/opt/airflow/dags/pipeline_dag.py                           1           0  0.20s           2026-05-01T16:04:26
================================================================================
[2026-05-01T16:04:49.132+0000] {manager.py:737} INFO - Searching for files in /opt/airflow/dags
[2026-05-01T16:04:49.134+0000] {manager.py:740} INFO - There are 1 files in /opt/airflow/dags
[2026-05-01T16:05:13.451+0000] {manager.py:878} INFO - 
================================================================================
DAG File Processing Stats

File Path                          PID    Runtime      # DAGs    # Errors  Last Runtime    Last Run
---------------------------------  -----  ---------  --------  ----------  --------------  -------------------
/opt/airflow/dags/pipeline_dag.py                           1           0  0.21s           2026-05-01T16:04:56
================================================================================
[2026-05-01T16:05:43.669+0000] {manager.py:878} INFO - 
================================================================================
DAG File Processing Stats

File Path                          PID    Runtime      # DAGs    # Errors  Last Runtime    Last Run
---------------------------------  -----  ---------  --------  ----------  --------------  -------------------
/opt/airflow/dags/pipeline_dag.py                           1           0  0.21s           2026-05-01T16:05:26
================================================================================
[2026-05-01T16:06:14.034+0000] {manager.py:878} INFO - 
================================================================================
DAG File Processing Stats

File Path                          PID    Runtime      # DAGs    # Errors  Last Runtime    Last Run
---------------------------------  -----  ---------  --------  ----------  --------------  -------------------
/opt/airflow/dags/pipeline_dag.py                           1           0  0.20s           2026-05-01T16:05:56
================================================================================
[2026-05-01T16:06:44.239+0000] {manager.py:878} INFO - 
================================================================================
DAG File Processing Stats

File Path                          PID    Runtime      # DAGs    # Errors  Last Runtime    Last Run
---------------------------------  -----  ---------  --------  ----------  --------------  -------------------
/opt/airflow/dags/pipeline_dag.py                           1           0  0.16s           2026-05-01T16:06:27
================================================================================
[2026-05-01T16:07:14.555+0000] {manager.py:878} INFO - 
================================================================================
DAG File Processing Stats

File Path                          PID    Runtime      # DAGs    # Errors  Last Runtime    Last Run
---------------------------------  -----  ---------  --------  ----------  --------------  -------------------
/opt/airflow/dags/pipeline_dag.py                           1           0  0.21s           2026-05-01T16:06:57
================================================================================
[2026-05-01T16:07:44.812+0000] {manager.py:878} INFO - 
================================================================================
DAG File Processing Stats

File Path                          PID    Runtime      # DAGs    # Errors  Last Runtime    Last Run
---------------------------------  -----  ---------  --------  ----------  --------------  -------------------
/opt/airflow/dags/pipeline_dag.py                           1           0  0.20s           2026-05-01T16:07:27
================================================================================
[2026-05-01T16:08:15.117+0000] {manager.py:878} INFO - 
================================================================================
DAG File Processing Stats

File Path                          PID    Runtime      # DAGs    # Errors  Last Runtime    Last Run
---------------------------------  -----  ---------  --------  ----------  --------------  -------------------
/opt/airflow/dags/pipeline_dag.py                           1           0  0.18s           2026-05-01T16:07:58
================================================================================
[2026-05-01T16:08:45.332+0000] {manager.py:878} INFO - 
================================================================================
DAG File Processing Stats

File Path                          PID    Runtime      # DAGs    # Errors  Last Runtime    Last Run
---------------------------------  -----  ---------  --------  ----------  --------------  -------------------
/opt/airflow/dags/pipeline_dag.py                           1           0  0.21s           2026-05-01T16:08:28
================================================================================
[2026-05-01T16:09:15.689+0000] {manager.py:878} INFO - 
================================================================================
DAG File Processing Stats

File Path                          PID    Runtime      # DAGs    # Errors  Last Runtime    Last Run
---------------------------------  -----  ---------  --------  ----------  --------------  -------------------
/opt/airflow/dags/pipeline_dag.py                           1           0  0.22s           2026-05-01T16:08:58
================================================================================
[2026-05-01T16:09:45.902+0000] {manager.py:878} INFO - 
================================================================================
DAG File Processing Stats

File Path                          PID    Runtime      # DAGs    # Errors  Last Runtime    Last Run
---------------------------------  -----  ---------  --------  ----------  --------------  -------------------
/opt/airflow/dags/pipeline_dag.py                           1           0  0.18s           2026-05-01T16:09:28
================================================================================
[2026-05-01T16:09:49.929+0000] {manager.py:737} INFO - Searching for files in /opt/airflow/dags
[2026-05-01T16:09:49.931+0000] {manager.py:740} INFO - There are 1 files in /opt/airflow/dags
[2026-05-01T16:10:07.129+0000] {manager.py:452} INFO - Exiting gracefully upon receiving signal 15
[2026-05-01T16:10:39.308+0000] {manager.py:470} INFO - Processing files using up to 2 processes at a time 
[2026-05-01T16:10:39.309+0000] {manager.py:471} INFO - Process each file at most once every 30 seconds
[2026-05-01T16:10:39.309+0000] {manager.py:472} INFO - Checking for new files in /opt/airflow/dags every 300 seconds
[2026-05-01T16:10:39.310+0000] {manager.py:737} INFO - Searching for files in /opt/airflow/dags
[2026-05-01T16:10:39.313+0000] {manager.py:740} INFO - There are 1 files in /opt/airflow/dags
[2026-05-01T16:10:39.421+0000] {manager.py:878} INFO - 
================================================================================
DAG File Processing Stats

File Path                            PID  Runtime      # DAGs    # Errors  Last Runtime    Last Run
---------------------------------  -----  ---------  --------  ----------  --------------  ----------
/opt/airflow/dags/pipeline_dag.py    178  0.04s             0           0
================================================================================
[2026-05-01T16:11:09.576+0000] {manager.py:878} INFO - 
================================================================================
DAG File Processing Stats

File Path                          PID    Runtime      # DAGs    # Errors  Last Runtime    Last Run
---------------------------------  -----  ---------  --------  ----------  --------------  -------------------
/opt/airflow/dags/pipeline_dag.py                           1           0  0.19s           2026-05-01T16:10:39
================================================================================
[2026-05-01T16:11:39.899+0000] {manager.py:878} INFO - 
================================================================================
DAG File Processing Stats

File Path                          PID    Runtime      # DAGs    # Errors  Last Runtime    Last Run
---------------------------------  -----  ---------  --------  ----------  --------------  -------------------
/opt/airflow/dags/pipeline_dag.py                           1           0  0.66s           2026-05-01T16:11:10
================================================================================
[2026-05-01T16:12:09.913+0000] {manager.py:878} INFO - 
================================================================================
DAG File Processing Stats

File Path                          PID    Runtime      # DAGs    # Errors  Last Runtime    Last Run
---------------------------------  -----  ---------  --------  ----------  --------------  -------------------
/opt/airflow/dags/pipeline_dag.py                           1           0  0.19s           2026-05-01T16:11:40
================================================================================
[2026-05-01T16:12:40.105+0000] {manager.py:878} INFO - 
================================================================================
DAG File Processing Stats

File Path                          PID    Runtime      # DAGs    # Errors  Last Runtime    Last Run
---------------------------------  -----  ---------  --------  ----------  --------------  -------------------
/opt/airflow/dags/pipeline_dag.py                           1           0  0.19s           2026-05-01T16:12:11
================================================================================
[2026-05-01T16:13:10.437+0000] {manager.py:878} INFO - 
================================================================================
DAG File Processing Stats

File Path                          PID    Runtime      # DAGs    # Errors  Last Runtime    Last Run
---------------------------------  -----  ---------  --------  ----------  --------------  -------------------
/opt/airflow/dags/pipeline_dag.py                           1           0  0.19s           2026-05-01T16:12:41
================================================================================
[2026-05-01T16:13:40.648+0000] {manager.py:878} INFO - 
================================================================================
DAG File Processing Stats

File Path                          PID    Runtime      # DAGs    # Errors  Last Runtime    Last Run
---------------------------------  -----  ---------  --------  ----------  --------------  -------------------
/opt/airflow/dags/pipeline_dag.py                           1           0  0.17s           2026-05-01T16:13:11
================================================================================
[2026-05-01T16:14:10.957+0000] {manager.py:878} INFO - 
================================================================================
DAG File Processing Stats

File Path                          PID    Runtime      # DAGs    # Errors  Last Runtime    Last Run
---------------------------------  -----  ---------  --------  ----------  --------------  -------------------
/opt/airflow/dags/pipeline_dag.py                           1           0  0.18s           2026-05-01T16:13:41
================================================================================
[2026-05-01T16:14:41.187+0000] {manager.py:878} INFO - 
================================================================================
DAG File Processing Stats

File Path                          PID    Runtime      # DAGs    # Errors  Last Runtime    Last Run
---------------------------------  -----  ---------  --------  ----------  --------------  -------------------
/opt/airflow/dags/pipeline_dag.py                           1           0  0.21s           2026-05-01T16:14:12
================================================================================
[2026-05-01T16:15:11.516+0000] {manager.py:878} INFO - 
================================================================================
DAG File Processing Stats

File Path                          PID    Runtime      # DAGs    # Errors  Last Runtime    Last Run
---------------------------------  -----  ---------  --------  ----------  --------------  -------------------
/opt/airflow/dags/pipeline_dag.py                           1           0  0.21s           2026-05-01T16:14:42
================================================================================
[2026-05-01T16:15:39.741+0000] {manager.py:737} INFO - Searching for files in /opt/airflow/dags
[2026-05-01T16:15:39.743+0000] {manager.py:740} INFO - There are 1 files in /opt/airflow/dags
[2026-05-01T16:15:41.773+0000] {manager.py:878} INFO - 
================================================================================
DAG File Processing Stats

File Path                          PID    Runtime      # DAGs    # Errors  Last Runtime    Last Run
---------------------------------  -----  ---------  --------  ----------  --------------  -------------------
/opt/airflow/dags/pipeline_dag.py                           1           0  0.19s           2026-05-01T16:15:12
================================================================================
[2026-05-01T16:16:12.061+0000] {manager.py:878} INFO - 
================================================================================
DAG File Processing Stats

File Path                          PID    Runtime      # DAGs    # Errors  Last Runtime    Last Run
---------------------------------  -----  ---------  --------  ----------  --------------  -------------------
/opt/airflow/dags/pipeline_dag.py                           1           0  0.16s           2026-05-01T16:15:42
================================================================================
[2026-05-01T16:16:42.318+0000] {manager.py:878} INFO - 
================================================================================
DAG File Processing Stats

File Path                          PID    Runtime      # DAGs    # Errors  Last Runtime    Last Run
---------------------------------  -----  ---------  --------  ----------  --------------  -------------------
/opt/airflow/dags/pipeline_dag.py                           1           0  0.14s           2026-05-01T16:16:13
================================================================================
[2026-05-01T16:17:12.572+0000] {manager.py:878} INFO - 
================================================================================
DAG File Processing Stats

File Path                          PID    Runtime      # DAGs    # Errors  Last Runtime    Last Run
---------------------------------  -----  ---------  --------  ----------  --------------  -------------------
/opt/airflow/dags/pipeline_dag.py                           1           0  0.18s           2026-05-01T16:16:43
================================================================================
[2026-05-01T16:17:42.855+0000] {manager.py:878} INFO - 
================================================================================
DAG File Processing Stats

File Path                          PID    Runtime      # DAGs    # Errors  Last Runtime    Last Run
---------------------------------  -----  ---------  --------  ----------  --------------  -------------------
/opt/airflow/dags/pipeline_dag.py                           1           0  0.18s           2026-05-01T16:17:13
================================================================================
[2026-05-01T16:18:13.113+0000] {manager.py:878} INFO - 
================================================================================
DAG File Processing Stats

File Path                          PID    Runtime      # DAGs    # Errors  Last Runtime    Last Run
---------------------------------  -----  ---------  --------  ----------  --------------  -------------------
/opt/airflow/dags/pipeline_dag.py                           1           0  0.18s           2026-05-01T16:17:44
================================================================================
[2026-05-01T16:18:43.407+0000] {manager.py:878} INFO - 
================================================================================
DAG File Processing Stats

File Path                          PID    Runtime      # DAGs    # Errors  Last Runtime    Last Run
---------------------------------  -----  ---------  --------  ----------  --------------  -------------------
/opt/airflow/dags/pipeline_dag.py                           1           0  0.21s           2026-05-01T16:18:14
================================================================================
[2026-05-01T16:19:13.652+0000] {manager.py:878} INFO - 
================================================================================
DAG File Processing Stats

File Path                          PID    Runtime      # DAGs    # Errors  Last Runtime    Last Run
---------------------------------  -----  ---------  --------  ----------  --------------  -------------------
/opt/airflow/dags/pipeline_dag.py                           1           0  0.19s           2026-05-01T16:18:44
================================================================================
[2026-05-01T16:19:43.932+0000] {manager.py:878} INFO - 
================================================================================
DAG File Processing Stats

File Path                          PID    Runtime      # DAGs    # Errors  Last Runtime    Last Run
---------------------------------  -----  ---------  --------  ----------  --------------  -------------------
/opt/airflow/dags/pipeline_dag.py                           1           0  0.25s           2026-05-01T16:19:14
================================================================================
[2026-05-01T16:20:14.242+0000] {manager.py:878} INFO - 
================================================================================
DAG File Processing Stats

File Path                          PID    Runtime      # DAGs    # Errors  Last Runtime    Last Run
---------------------------------  -----  ---------  --------  ----------  --------------  -------------------
/opt/airflow/dags/pipeline_dag.py                           1           0  0.16s           2026-05-01T16:19:45
================================================================================
[2026-05-01T16:20:40.418+0000] {manager.py:737} INFO - Searching for files in /opt/airflow/dags
[2026-05-01T16:20:40.420+0000] {manager.py:740} INFO - There are 1 files in /opt/airflow/dags
[2026-05-01T16:20:44.462+0000] {manager.py:878} INFO - 
================================================================================
DAG File Processing Stats

File Path                          PID    Runtime      # DAGs    # Errors  Last Runtime    Last Run
---------------------------------  -----  ---------  --------  ----------  --------------  -------------------
/opt/airflow/dags/pipeline_dag.py                           1           0  0.21s           2026-05-01T16:20:15
================================================================================
[2026-05-01T16:21:14.810+0000] {manager.py:878} INFO - 
================================================================================
DAG File Processing Stats

File Path                          PID    Runtime      # DAGs    # Errors  Last Runtime    Last Run
---------------------------------  -----  ---------  --------  ----------  --------------  -------------------
/opt/airflow/dags/pipeline_dag.py                           1           0  0.19s           2026-05-01T16:20:45
================================================================================
[2026-05-01T16:21:45.017+0000] {manager.py:878} INFO - 
================================================================================
DAG File Processing Stats

File Path                          PID    Runtime      # DAGs    # Errors  Last Runtime    Last Run
---------------------------------  -----  ---------  --------  ----------  --------------  -------------------
/opt/airflow/dags/pipeline_dag.py                           1           0  0.15s           2026-05-01T16:21:15
================================================================================
[2026-05-01T16:22:15.320+0000] {manager.py:878} INFO - 
================================================================================
DAG File Processing Stats

File Path                          PID    Runtime      # DAGs    # Errors  Last Runtime    Last Run
---------------------------------  -----  ---------  --------  ----------  --------------  -------------------
/opt/airflow/dags/pipeline_dag.py                           1           0  0.19s           2026-05-01T16:21:46
================================================================================
[2026-05-01T16:22:45.540+0000] {manager.py:878} INFO - 
================================================================================
DAG File Processing Stats

File Path                          PID    Runtime      # DAGs    # Errors  Last Runtime    Last Run
---------------------------------  -----  ---------  --------  ----------  --------------  -------------------
/opt/airflow/dags/pipeline_dag.py                           1           0  0.19s           2026-05-01T16:22:16
================================================================================
[2026-05-01T16:23:15.847+0000] {manager.py:878} INFO - 
================================================================================
DAG File Processing Stats

File Path                          PID    Runtime      # DAGs    # Errors  Last Runtime    Last Run
---------------------------------  -----  ---------  --------  ----------  --------------  -------------------
/opt/airflow/dags/pipeline_dag.py                           1           0  0.14s           2026-05-01T16:22:46
================================================================================
[2026-05-01T16:23:46.057+0000] {manager.py:878} INFO - 
================================================================================
DAG File Processing Stats

File Path                          PID    Runtime      # DAGs    # Errors  Last Runtime    Last Run
---------------------------------  -----  ---------  --------  ----------  --------------  -------------------
/opt/airflow/dags/pipeline_dag.py                           1           0  0.16s           2026-05-01T16:23:17
================================================================================
[2026-05-01T16:24:16.355+0000] {manager.py:878} INFO - 
================================================================================
DAG File Processing Stats

File Path                          PID    Runtime      # DAGs    # Errors  Last Runtime    Last Run
---------------------------------  -----  ---------  --------  ----------  --------------  -------------------
/opt/airflow/dags/pipeline_dag.py                           1           0  0.20s           2026-05-01T16:23:47
================================================================================
[2026-05-01T16:24:46.611+0000] {manager.py:878} INFO - 
================================================================================
DAG File Processing Stats

File Path                          PID    Runtime      # DAGs    # Errors  Last Runtime    Last Run
---------------------------------  -----  ---------  --------  ----------  --------------  -------------------
/opt/airflow/dags/pipeline_dag.py                           1           0  0.19s           2026-05-01T16:24:17
================================================================================
[2026-05-01T16:25:16.900+0000] {manager.py:878} INFO - 
================================================================================
DAG File Processing Stats

File Path                          PID    Runtime      # DAGs    # Errors  Last Runtime    Last Run
---------------------------------  -----  ---------  --------  ----------  --------------  -------------------
/opt/airflow/dags/pipeline_dag.py                           1           0  0.18s           2026-05-01T16:24:47
================================================================================
[2026-05-01T16:25:41.112+0000] {manager.py:737} INFO - Searching for files in /opt/airflow/dags
[2026-05-01T16:25:41.114+0000] {manager.py:740} INFO - There are 1 files in /opt/airflow/dags
[2026-05-01T16:25:47.172+0000] {manager.py:878} INFO - 
================================================================================
DAG File Processing Stats

File Path                          PID    Runtime      # DAGs    # Errors  Last Runtime    Last Run
---------------------------------  -----  ---------  --------  ----------  --------------  -------------------
/opt/airflow/dags/pipeline_dag.py                           1           0  0.19s           2026-05-01T16:25:18
================================================================================
[2026-05-01T16:26:17.429+0000] {manager.py:878} INFO - 
================================================================================
DAG File Processing Stats

File Path                          PID    Runtime      # DAGs    # Errors  Last Runtime    Last Run
---------------------------------  -----  ---------  --------  ----------  --------------  -------------------
/opt/airflow/dags/pipeline_dag.py                           1           0  0.21s           2026-05-01T16:25:48
================================================================================
[2026-05-01T16:26:47.726+0000] {manager.py:878} INFO - 
================================================================================
DAG File Processing Stats

File Path                          PID    Runtime      # DAGs    # Errors  Last Runtime    Last Run
---------------------------------  -----  ---------  --------  ----------  --------------  -------------------
/opt/airflow/dags/pipeline_dag.py                           1           0  0.20s           2026-05-01T16:26:18
================================================================================
[2026-05-01T16:27:17.953+0000] {manager.py:878} INFO - 
================================================================================
DAG File Processing Stats

File Path                          PID    Runtime      # DAGs    # Errors  Last Runtime    Last Run
---------------------------------  -----  ---------  --------  ----------  --------------  -------------------
/opt/airflow/dags/pipeline_dag.py                           1           0  0.21s           2026-05-01T16:26:48
================================================================================
[2026-05-01T16:27:48.288+0000] {manager.py:878} INFO - 
================================================================================
DAG File Processing Stats

File Path                          PID    Runtime      # DAGs    # Errors  Last Runtime    Last Run
---------------------------------  -----  ---------  --------  ----------  --------------  -------------------
/opt/airflow/dags/pipeline_dag.py                           1           0  0.17s           2026-05-01T16:27:19
================================================================================
[2026-05-01T16:28:18.496+0000] {manager.py:878} INFO - 
================================================================================
DAG File Processing Stats

File Path                          PID    Runtime      # DAGs    # Errors  Last Runtime    Last Run
---------------------------------  -----  ---------  --------  ----------  --------------  -------------------
/opt/airflow/dags/pipeline_dag.py                           1           0  0.20s           2026-05-01T16:27:49
================================================================================
[2026-05-01T16:28:48.841+0000] {manager.py:878} INFO - 
================================================================================
DAG File Processing Stats

File Path                          PID    Runtime      # DAGs    # Errors  Last Runtime    Last Run
---------------------------------  -----  ---------  --------  ----------  --------------  -------------------
/opt/airflow/dags/pipeline_dag.py                           1           0  0.20s           2026-05-01T16:28:19
================================================================================
[2026-05-01T16:29:19.024+0000] {manager.py:878} INFO - 
================================================================================
DAG File Processing Stats

File Path                          PID    Runtime      # DAGs    # Errors  Last Runtime    Last Run
---------------------------------  -----  ---------  --------  ----------  --------------  -------------------
/opt/airflow/dags/pipeline_dag.py                           1           0  0.18s           2026-05-01T16:28:50
================================================================================
[2026-05-01T16:29:49.356+0000] {manager.py:878} INFO - 
================================================================================
DAG File Processing Stats

File Path                          PID    Runtime      # DAGs    # Errors  Last Runtime    Last Run
---------------------------------  -----  ---------  --------  ----------  --------------  -------------------
/opt/airflow/dags/pipeline_dag.py                           1           0  0.17s           2026-05-01T16:29:20
================================================================================
[2026-05-01T16:30:19.553+0000] {manager.py:878} INFO - 
================================================================================
DAG File Processing Stats

File Path                          PID    Runtime      # DAGs    # Errors  Last Runtime    Last Run
---------------------------------  -----  ---------  --------  ----------  --------------  -------------------
/opt/airflow/dags/pipeline_dag.py                           1           0  0.22s           2026-05-01T16:29:50
================================================================================
[2026-05-01T16:30:41.889+0000] {manager.py:737} INFO - Searching for files in /opt/airflow/dags
[2026-05-01T16:30:41.891+0000] {manager.py:740} INFO - There are 1 files in /opt/airflow/dags
[2026-05-01T16:30:49.954+0000] {manager.py:878} INFO - 
================================================================================
DAG File Processing Stats

File Path                          PID    Runtime      # DAGs    # Errors  Last Runtime    Last Run
---------------------------------  -----  ---------  --------  ----------  --------------  -------------------
/opt/airflow/dags/pipeline_dag.py                           1           0  0.22s           2026-05-01T16:30:20
================================================================================
[2026-05-01T16:31:20.319+0000] {manager.py:878} INFO - 
================================================================================
DAG File Processing Stats

File Path                          PID    Runtime      # DAGs    # Errors  Last Runtime    Last Run
---------------------------------  -----  ---------  --------  ----------  --------------  -------------------
/opt/airflow/dags/pipeline_dag.py                           1           0  0.20s           2026-05-01T16:30:51
================================================================================
[2026-05-01T16:31:50.704+0000] {manager.py:878} INFO - 
================================================================================
DAG File Processing Stats

File Path                          PID    Runtime      # DAGs    # Errors  Last Runtime    Last Run
---------------------------------  -----  ---------  --------  ----------  --------------  -------------------
/opt/airflow/dags/pipeline_dag.py                           1           0  0.19s           2026-05-01T16:31:21
================================================================================
[2026-05-01T16:32:20.904+0000] {manager.py:878} INFO - 
================================================================================
DAG File Processing Stats

File Path                          PID    Runtime      # DAGs    # Errors  Last Runtime    Last Run
---------------------------------  -----  ---------  --------  ----------  --------------  -------------------
/opt/airflow/dags/pipeline_dag.py                           1           0  0.16s           2026-05-01T16:31:51
================================================================================
[2026-05-01T16:32:51.201+0000] {manager.py:878} INFO - 
================================================================================
DAG File Processing Stats

File Path                          PID    Runtime      # DAGs    # Errors  Last Runtime    Last Run
---------------------------------  -----  ---------  --------  ----------  --------------  -------------------
/opt/airflow/dags/pipeline_dag.py                           1           0  0.19s           2026-05-01T16:32:22
================================================================================
[2026-05-01T16:33:21.411+0000] {manager.py:878} INFO - 
================================================================================
DAG File Processing Stats

File Path                          PID    Runtime      # DAGs    # Errors  Last Runtime    Last Run
---------------------------------  -----  ---------  --------  ----------  --------------  -------------------
/opt/airflow/dags/pipeline_dag.py                           1           0  0.21s           2026-05-01T16:32:52
================================================================================
[2026-05-01T16:33:51.729+0000] {manager.py:878} INFO - 
================================================================================
DAG File Processing Stats

File Path                          PID    Runtime      # DAGs    # Errors  Last Runtime    Last Run
---------------------------------  -----  ---------  --------  ----------  --------------  -------------------
/opt/airflow/dags/pipeline_dag.py                           1           0  0.16s           2026-05-01T16:33:22
================================================================================
[2026-05-01T16:34:22.043+0000] {manager.py:878} INFO - 
================================================================================
DAG File Processing Stats

File Path                          PID    Runtime      # DAGs    # Errors  Last Runtime    Last Run
---------------------------------  -----  ---------  --------  ----------  --------------  -------------------
/opt/airflow/dags/pipeline_dag.py                           1           0  0.24s           2026-05-01T16:33:52
================================================================================
[2026-05-01T16:34:52.320+0000] {manager.py:878} INFO - 
================================================================================
DAG File Processing Stats

File Path                          PID    Runtime      # DAGs    # Errors  Last Runtime    Last Run
---------------------------------  -----  ---------  --------  ----------  --------------  -------------------
/opt/airflow/dags/pipeline_dag.py                           1           0  0.20s           2026-05-01T16:34:23
================================================================================
[2026-05-01T16:35:22.588+0000] {manager.py:878} INFO - 
================================================================================
DAG File Processing Stats

File Path                          PID    Runtime      # DAGs    # Errors  Last Runtime    Last Run
---------------------------------  -----  ---------  --------  ----------  --------------  -------------------
/opt/airflow/dags/pipeline_dag.py                           1           0  0.24s           2026-05-01T16:34:53
================================================================================
[2026-05-01T16:35:42.842+0000] {manager.py:737} INFO - Searching for files in /opt/airflow/dags
[2026-05-01T16:35:42.844+0000] {manager.py:740} INFO - There are 1 files in /opt/airflow/dags
[2026-05-01T16:35:52.922+0000] {manager.py:878} INFO - 
================================================================================
DAG File Processing Stats

File Path                          PID    Runtime      # DAGs    # Errors  Last Runtime    Last Run
---------------------------------  -----  ---------  --------  ----------  --------------  -------------------
/opt/airflow/dags/pipeline_dag.py                           1           0  0.15s           2026-05-01T16:35:23
================================================================================
[2026-05-01T16:36:23.127+0000] {manager.py:878} INFO - 
================================================================================
DAG File Processing Stats

File Path                          PID    Runtime      # DAGs    # Errors  Last Runtime    Last Run
---------------------------------  -----  ---------  --------  ----------  --------------  -------------------
/opt/airflow/dags/pipeline_dag.py                           1           0  0.15s           2026-05-01T16:35:54
================================================================================
[2026-05-01T16:36:53.424+0000] {manager.py:878} INFO - 
================================================================================
DAG File Processing Stats

File Path                          PID    Runtime      # DAGs    # Errors  Last Runtime    Last Run
---------------------------------  -----  ---------  --------  ----------  --------------  -------------------
/opt/airflow/dags/pipeline_dag.py                           1           0  0.14s           2026-05-01T16:36:24
================================================================================
[2026-05-01T16:37:23.629+0000] {manager.py:878} INFO - 
================================================================================
DAG File Processing Stats

File Path                          PID    Runtime      # DAGs    # Errors  Last Runtime    Last Run
---------------------------------  -----  ---------  --------  ----------  --------------  -------------------
/opt/airflow/dags/pipeline_dag.py                           1           0  0.17s           2026-05-01T16:36:54
================================================================================
[2026-05-01T16:37:53.953+0000] {manager.py:878} INFO - 
================================================================================
DAG File Processing Stats

File Path                          PID    Runtime      # DAGs    # Errors  Last Runtime    Last Run
---------------------------------  -----  ---------  --------  ----------  --------------  -------------------
/opt/airflow/dags/pipeline_dag.py                           1           0  0.16s           2026-05-01T16:37:24
================================================================================
[2026-05-01T16:38:24.139+0000] {manager.py:878} INFO - 
================================================================================
DAG File Processing Stats

File Path                          PID    Runtime      # DAGs    # Errors  Last Runtime    Last Run
---------------------------------  -----  ---------  --------  ----------  --------------  -------------------
/opt/airflow/dags/pipeline_dag.py                           1           0  0.18s           2026-05-01T16:37:55
================================================================================
[2026-05-01T16:38:54.478+0000] {manager.py:878} INFO - 
================================================================================
DAG File Processing Stats

File Path                          PID    Runtime      # DAGs    # Errors  Last Runtime    Last Run
---------------------------------  -----  ---------  --------  ----------  --------------  -------------------
/opt/airflow/dags/pipeline_dag.py                           1           0  0.21s           2026-05-01T16:38:25
================================================================================
[2026-05-01T16:39:24.832+0000] {manager.py:878} INFO - 
================================================================================
DAG File Processing Stats

File Path                          PID    Runtime      # DAGs    # Errors  Last Runtime    Last Run
---------------------------------  -----  ---------  --------  ----------  --------------  -------------------
/opt/airflow/dags/pipeline_dag.py                           1           0  0.20s           2026-05-01T16:38:55
================================================================================
[2026-05-01T16:39:55.206+0000] {manager.py:878} INFO - 
================================================================================
DAG File Processing Stats

File Path                          PID    Runtime      # DAGs    # Errors  Last Runtime    Last Run
---------------------------------  -----  ---------  --------  ----------  --------------  -------------------
/opt/airflow/dags/pipeline_dag.py                           1           0  0.21s           2026-05-01T16:39:26
================================================================================
[2026-05-01T16:40:25.583+0000] {manager.py:878} INFO - 
================================================================================
DAG File Processing Stats

File Path                          PID    Runtime      # DAGs    # Errors  Last Runtime    Last Run
---------------------------------  -----  ---------  --------  ----------  --------------  -------------------
/opt/airflow/dags/pipeline_dag.py                           1           0  0.18s           2026-05-01T16:39:56
================================================================================
[2026-05-01T16:40:43.714+0000] {manager.py:737} INFO - Searching for files in /opt/airflow/dags
[2026-05-01T16:40:43.716+0000] {manager.py:740} INFO - There are 1 files in /opt/airflow/dags
[2026-05-01T16:40:55.807+0000] {manager.py:878} INFO - 
================================================================================
DAG File Processing Stats

File Path                          PID    Runtime      # DAGs    # Errors  Last Runtime    Last Run
---------------------------------  -----  ---------  --------  ----------  --------------  -------------------
/opt/airflow/dags/pipeline_dag.py                           1           0  0.15s           2026-05-01T16:40:26
================================================================================
[2026-05-01T16:41:26.088+0000] {manager.py:878} INFO - 
================================================================================
DAG File Processing Stats

File Path                          PID    Runtime      # DAGs    # Errors  Last Runtime    Last Run
---------------------------------  -----  ---------  --------  ----------  --------------  -------------------
/opt/airflow/dags/pipeline_dag.py                           1           0  0.14s           2026-05-01T16:40:56
================================================================================
[2026-05-01T16:41:56.308+0000] {manager.py:878} INFO - 
================================================================================
DAG File Processing Stats

File Path                          PID    Runtime      # DAGs    # Errors  Last Runtime    Last Run
---------------------------------  -----  ---------  --------  ----------  --------------  -------------------
/opt/airflow/dags/pipeline_dag.py                           1           0  0.15s           2026-05-01T16:41:27
================================================================================
[2026-05-01T16:42:26.600+0000] {manager.py:878} INFO - 
================================================================================
DAG File Processing Stats

File Path                          PID    Runtime      # DAGs    # Errors  Last Runtime    Last Run
---------------------------------  -----  ---------  --------  ----------  --------------  -------------------
/opt/airflow/dags/pipeline_dag.py                           1           0  0.20s           2026-05-01T16:41:57
================================================================================
[2026-05-01T16:42:56.859+0000] {manager.py:878} INFO - 
================================================================================
DAG File Processing Stats

File Path                          PID    Runtime      # DAGs    # Errors  Last Runtime    Last Run
---------------------------------  -----  ---------  --------  ----------  --------------  -------------------
/opt/airflow/dags/pipeline_dag.py                           1           0  0.15s           2026-05-01T16:42:27
================================================================================
[2026-05-01T16:43:27.082+0000] {manager.py:878} INFO - 
================================================================================
DAG File Processing Stats

File Path                          PID    Runtime      # DAGs    # Errors  Last Runtime    Last Run
---------------------------------  -----  ---------  --------  ----------  --------------  -------------------
/opt/airflow/dags/pipeline_dag.py                           1           0  0.18s           2026-05-01T16:42:58
================================================================================
[2026-05-01T16:43:57.363+0000] {manager.py:878} INFO - 
================================================================================
DAG File Processing Stats

File Path                          PID    Runtime      # DAGs    # Errors  Last Runtime    Last Run
---------------------------------  -----  ---------  --------  ----------  --------------  -------------------
/opt/airflow/dags/pipeline_dag.py                           1           0  0.20s           2026-05-01T16:43:28
================================================================================
[2026-05-01T16:44:27.626+0000] {manager.py:878} INFO - 
================================================================================
DAG File Processing Stats

File Path                          PID    Runtime      # DAGs    # Errors  Last Runtime    Last Run
---------------------------------  -----  ---------  --------  ----------  --------------  -------------------
/opt/airflow/dags/pipeline_dag.py                           1           0  0.15s           2026-05-01T16:43:58
================================================================================
[2026-05-01T16:44:57.849+0000] {manager.py:878} INFO - 
================================================================================
DAG File Processing Stats

File Path                          PID    Runtime      # DAGs    # Errors  Last Runtime    Last Run
---------------------------------  -----  ---------  --------  ----------  --------------  -------------------
/opt/airflow/dags/pipeline_dag.py                           1           0  0.21s           2026-05-01T16:44:28
================================================================================
[2026-05-01T16:45:28.163+0000] {manager.py:878} INFO - 
================================================================================
DAG File Processing Stats

File Path                          PID    Runtime      # DAGs    # Errors  Last Runtime    Last Run
---------------------------------  -----  ---------  --------  ----------  --------------  -------------------
/opt/airflow/dags/pipeline_dag.py                           1           0  0.19s           2026-05-01T16:44:59
================================================================================
[2026-05-01T16:45:44.268+0000] {manager.py:737} INFO - Searching for files in /opt/airflow/dags
[2026-05-01T16:45:44.271+0000] {manager.py:740} INFO - There are 1 files in /opt/airflow/dags
[2026-05-01T16:45:58.367+0000] {manager.py:878} INFO - 
================================================================================
DAG File Processing Stats

File Path                          PID    Runtime      # DAGs    # Errors  Last Runtime    Last Run
---------------------------------  -----  ---------  --------  ----------  --------------  -------------------
/opt/airflow/dags/pipeline_dag.py                           1           0  0.20s           2026-05-01T16:45:29
================================================================================
[2026-05-01T16:46:28.691+0000] {manager.py:878} INFO - 
================================================================================
DAG File Processing Stats

File Path                          PID    Runtime      # DAGs    # Errors  Last Runtime    Last Run
---------------------------------  -----  ---------  --------  ----------  --------------  -------------------
/opt/airflow/dags/pipeline_dag.py                           1           0  0.18s           2026-05-01T16:45:59
================================================================================
[2026-05-01T16:46:59.045+0000] {manager.py:878} INFO - 
================================================================================
DAG File Processing Stats

File Path                          PID    Runtime      # DAGs    # Errors  Last Runtime    Last Run
---------------------------------  -----  ---------  --------  ----------  --------------  -------------------
/opt/airflow/dags/pipeline_dag.py                           1           0  0.21s           2026-05-01T16:46:30
================================================================================
[2026-05-01T16:47:29.387+0000] {manager.py:878} INFO - 
================================================================================
DAG File Processing Stats

File Path                          PID    Runtime      # DAGs    # Errors  Last Runtime    Last Run
---------------------------------  -----  ---------  --------  ----------  --------------  -------------------
/opt/airflow/dags/pipeline_dag.py                           1           0  0.19s           2026-05-01T16:47:00
================================================================================
[2026-05-01T16:47:59.748+0000] {manager.py:878} INFO - 
================================================================================
DAG File Processing Stats

File Path                          PID    Runtime      # DAGs    # Errors  Last Runtime    Last Run
---------------------------------  -----  ---------  --------  ----------  --------------  -------------------
/opt/airflow/dags/pipeline_dag.py                           1           0  0.14s           2026-05-01T16:47:30
================================================================================
[2026-05-01T16:48:30.042+0000] {manager.py:878} INFO - 
================================================================================
DAG File Processing Stats

File Path                          PID    Runtime      # DAGs    # Errors  Last Runtime    Last Run
---------------------------------  -----  ---------  --------  ----------  --------------  -------------------
/opt/airflow/dags/pipeline_dag.py                           1           0  0.18s           2026-05-01T16:48:00
================================================================================
[2026-05-01T16:49:00.263+0000] {manager.py:878} INFO - 
================================================================================
DAG File Processing Stats

File Path                          PID    Runtime      # DAGs    # Errors  Last Runtime    Last Run
---------------------------------  -----  ---------  --------  ----------  --------------  -------------------
/opt/airflow/dags/pipeline_dag.py                           1           0  0.18s           2026-05-01T16:48:31
================================================================================
[2026-05-01T16:49:30.546+0000] {manager.py:878} INFO - 
================================================================================
DAG File Processing Stats

File Path                          PID    Runtime      # DAGs    # Errors  Last Runtime    Last Run
---------------------------------  -----  ---------  --------  ----------  --------------  -------------------
/opt/airflow/dags/pipeline_dag.py                           1           0  0.19s           2026-05-01T16:49:01
================================================================================
[2026-05-01T16:50:00.763+0000] {manager.py:878} INFO - 
================================================================================
DAG File Processing Stats

File Path                          PID    Runtime      # DAGs    # Errors  Last Runtime    Last Run
---------------------------------  -----  ---------  --------  ----------  --------------  -------------------
/opt/airflow/dags/pipeline_dag.py                           1           0  0.19s           2026-05-01T16:49:31
================================================================================
[2026-05-01T16:50:31.060+0000] {manager.py:878} INFO - 
================================================================================
DAG File Processing Stats

File Path                          PID    Runtime      # DAGs    # Errors  Last Runtime    Last Run
---------------------------------  -----  ---------  --------  ----------  --------------  -------------------
/opt/airflow/dags/pipeline_dag.py                           1           0  0.19s           2026-05-01T16:50:01
================================================================================
[2026-05-01T16:50:44.321+0000] {manager.py:737} INFO - Searching for files in /opt/airflow/dags
[2026-05-01T16:50:44.324+0000] {manager.py:740} INFO - There are 1 files in /opt/airflow/dags
[2026-05-01T16:51:01.289+0000] {manager.py:878} INFO - 
================================================================================
DAG File Processing Stats

File Path                          PID    Runtime      # DAGs    # Errors  Last Runtime    Last Run
---------------------------------  -----  ---------  --------  ----------  --------------  -------------------
/opt/airflow/dags/pipeline_dag.py                           1           0  0.19s           2026-05-01T16:50:32
================================================================================
[2026-05-01T16:51:31.596+0000] {manager.py:878} INFO - 
================================================================================
DAG File Processing Stats

File Path                          PID    Runtime      # DAGs    # Errors  Last Runtime    Last Run
---------------------------------  -----  ---------  --------  ----------  --------------  -------------------
/opt/airflow/dags/pipeline_dag.py                           1           0  0.19s           2026-05-01T16:51:02
================================================================================
[2026-05-01T16:52:01.796+0000] {manager.py:878} INFO - 
================================================================================
DAG File Processing Stats

File Path                          PID    Runtime      # DAGs    # Errors  Last Runtime    Last Run
---------------------------------  -----  ---------  --------  ----------  --------------  -------------------
/opt/airflow/dags/pipeline_dag.py                           1           0  0.20s           2026-05-01T16:51:32
================================================================================
[2026-05-01T16:52:32.129+0000] {manager.py:878} INFO - 
================================================================================
DAG File Processing Stats

File Path                          PID    Runtime      # DAGs    # Errors  Last Runtime    Last Run
---------------------------------  -----  ---------  --------  ----------  --------------  -------------------
/opt/airflow/dags/pipeline_dag.py                           1           0  0.21s           2026-05-01T16:52:03
================================================================================
[2026-05-01T16:53:02.332+0000] {manager.py:878} INFO - 
================================================================================
DAG File Processing Stats

File Path                          PID    Runtime      # DAGs    # Errors  Last Runtime    Last Run
---------------------------------  -----  ---------  --------  ----------  --------------  -------------------
/opt/airflow/dags/pipeline_dag.py                           1           0  0.18s           2026-05-01T16:52:33
================================================================================
[2026-05-01T16:53:32.637+0000] {manager.py:878} INFO - 
================================================================================
DAG File Processing Stats

File Path                          PID    Runtime      # DAGs    # Errors  Last Runtime    Last Run
---------------------------------  -----  ---------  --------  ----------  --------------  -------------------
/opt/airflow/dags/pipeline_dag.py                           1           0  0.18s           2026-05-01T16:53:03
================================================================================
[2026-05-01T16:54:02.850+0000] {manager.py:878} INFO - 
================================================================================
DAG File Processing Stats

File Path                          PID    Runtime      # DAGs    # Errors  Last Runtime    Last Run
---------------------------------  -----  ---------  --------  ----------  --------------  -------------------
/opt/airflow/dags/pipeline_dag.py                           1           0  0.21s           2026-05-01T16:53:33
================================================================================
[2026-05-01T16:54:33.183+0000] {manager.py:878} INFO - 
================================================================================
DAG File Processing Stats

File Path                          PID    Runtime      # DAGs    # Errors  Last Runtime    Last Run
---------------------------------  -----  ---------  --------  ----------  --------------  -------------------
/opt/airflow/dags/pipeline_dag.py                           1           0  0.20s           2026-05-01T16:54:04
================================================================================
[2026-05-01T16:55:03.541+0000] {manager.py:878} INFO - 
================================================================================
DAG File Processing Stats

File Path                          PID    Runtime      # DAGs    # Errors  Last Runtime    Last Run
---------------------------------  -----  ---------  --------  ----------  --------------  -------------------
/opt/airflow/dags/pipeline_dag.py                           1           0  0.16s           2026-05-01T16:54:34
================================================================================
[2026-05-01T16:55:33.849+0000] {manager.py:878} INFO - 
================================================================================
DAG File Processing Stats

File Path                          PID    Runtime      # DAGs    # Errors  Last Runtime    Last Run
---------------------------------  -----  ---------  --------  ----------  --------------  -------------------
/opt/airflow/dags/pipeline_dag.py                           1           0  0.19s           2026-05-01T16:55:04
================================================================================
[2026-05-01T16:55:44.955+0000] {manager.py:737} INFO - Searching for files in /opt/airflow/dags
[2026-05-01T16:55:44.958+0000] {manager.py:740} INFO - There are 1 files in /opt/airflow/dags
[2026-05-01T16:56:04.084+0000] {manager.py:878} INFO - 
================================================================================
DAG File Processing Stats

File Path                          PID    Runtime      # DAGs    # Errors  Last Runtime    Last Run
---------------------------------  -----  ---------  --------  ----------  --------------  -------------------
/opt/airflow/dags/pipeline_dag.py                           1           0  0.20s           2026-05-01T16:55:35
================================================================================
[2026-05-01T16:56:34.386+0000] {manager.py:878} INFO - 
================================================================================
DAG File Processing Stats

File Path                          PID    Runtime      # DAGs    # Errors  Last Runtime    Last Run
---------------------------------  -----  ---------  --------  ----------  --------------  -------------------
/opt/airflow/dags/pipeline_dag.py                           1           0  0.18s           2026-05-01T16:56:05
================================================================================
[2026-05-01T16:57:04.608+0000] {manager.py:878} INFO - 
================================================================================
DAG File Processing Stats

File Path                          PID    Runtime      # DAGs    # Errors  Last Runtime    Last Run
---------------------------------  -----  ---------  --------  ----------  --------------  -------------------
/opt/airflow/dags/pipeline_dag.py                           1           0  0.20s           2026-05-01T16:56:35
================================================================================
[2026-05-01T16:57:34.914+0000] {manager.py:878} INFO - 
================================================================================
DAG File Processing Stats

File Path                          PID    Runtime      # DAGs    # Errors  Last Runtime    Last Run
---------------------------------  -----  ---------  --------  ----------  --------------  -------------------
/opt/airflow/dags/pipeline_dag.py                           1           0  0.19s           2026-05-01T16:57:05
================================================================================
[2026-05-01T16:58:05.141+0000] {manager.py:878} INFO - 
================================================================================
DAG File Processing Stats

File Path                          PID    Runtime      # DAGs    # Errors  Last Runtime    Last Run
---------------------------------  -----  ---------  --------  ----------  --------------  -------------------
/opt/airflow/dags/pipeline_dag.py                           1           0  0.20s           2026-05-01T16:57:36
================================================================================
[2026-05-01T16:58:35.450+0000] {manager.py:878} INFO - 
================================================================================
DAG File Processing Stats

File Path                          PID    Runtime      # DAGs    # Errors  Last Runtime    Last Run
---------------------------------  -----  ---------  --------  ----------  --------------  -------------------
/opt/airflow/dags/pipeline_dag.py                           1           0  0.20s           2026-05-01T16:58:06
================================================================================
[2026-05-01T16:59:05.669+0000] {manager.py:878} INFO - 
================================================================================
DAG File Processing Stats

File Path                          PID    Runtime      # DAGs    # Errors  Last Runtime    Last Run
---------------------------------  -----  ---------  --------  ----------  --------------  -------------------
/opt/airflow/dags/pipeline_dag.py                           1           0  0.18s           2026-05-01T16:58:36
================================================================================
[2026-05-01T16:59:35.960+0000] {manager.py:878} INFO - 
================================================================================
DAG File Processing Stats

File Path                          PID    Runtime      # DAGs    # Errors  Last Runtime    Last Run
---------------------------------  -----  ---------  --------  ----------  --------------  -------------------
/opt/airflow/dags/pipeline_dag.py                           1           0  0.17s           2026-05-01T16:59:06
================================================================================
[2026-05-01T17:00:06.164+0000] {manager.py:878} INFO - 
================================================================================
DAG File Processing Stats

File Path                          PID    Runtime      # DAGs    # Errors  Last Runtime    Last Run
---------------------------------  -----  ---------  --------  ----------  --------------  -------------------
/opt/airflow/dags/pipeline_dag.py                           1           0  0.20s           2026-05-01T16:59:37
================================================================================
[2026-05-01T17:00:36.482+0000] {manager.py:878} INFO - 
================================================================================
DAG File Processing Stats

File Path                          PID    Runtime      # DAGs    # Errors  Last Runtime    Last Run
---------------------------------  -----  ---------  --------  ----------  --------------  -------------------
/opt/airflow/dags/pipeline_dag.py                           1           0  0.19s           2026-05-01T17:00:07
================================================================================
[2026-05-01T17:00:45.560+0000] {manager.py:737} INFO - Searching for files in /opt/airflow/dags
[2026-05-01T17:00:45.562+0000] {manager.py:740} INFO - There are 1 files in /opt/airflow/dags
[2026-05-01T17:01:06.694+0000] {manager.py:878} INFO - 
================================================================================
DAG File Processing Stats

File Path                          PID    Runtime      # DAGs    # Errors  Last Runtime    Last Run
---------------------------------  -----  ---------  --------  ----------  --------------  -------------------
/opt/airflow/dags/pipeline_dag.py                           1           0  0.20s           2026-05-01T17:00:37
================================================================================
[2026-05-01T17:01:36.999+0000] {manager.py:878} INFO - 
================================================================================
DAG File Processing Stats

File Path                          PID    Runtime      # DAGs    # Errors  Last Runtime    Last Run
---------------------------------  -----  ---------  --------  ----------  --------------  -------------------
/opt/airflow/dags/pipeline_dag.py                           1           0  0.21s           2026-05-01T17:01:07
================================================================================
[2026-05-01T17:02:07.243+0000] {manager.py:878} INFO - 
================================================================================
DAG File Processing Stats

File Path                          PID    Runtime      # DAGs    # Errors  Last Runtime    Last Run
---------------------------------  -----  ---------  --------  ----------  --------------  -------------------
/opt/airflow/dags/pipeline_dag.py                           1           0  0.17s           2026-05-01T17:01:38
================================================================================
[2026-05-01T17:02:37.485+0000] {manager.py:878} INFO - 
================================================================================
DAG File Processing Stats

File Path                          PID    Runtime      # DAGs    # Errors  Last Runtime    Last Run
---------------------------------  -----  ---------  --------  ----------  --------------  -------------------
/opt/airflow/dags/pipeline_dag.py                           1           0  0.20s           2026-05-01T17:02:08
================================================================================
[2026-05-01T17:03:07.775+0000] {manager.py:878} INFO - 
================================================================================
DAG File Processing Stats

File Path                          PID    Runtime      # DAGs    # Errors  Last Runtime    Last Run
---------------------------------  -----  ---------  --------  ----------  --------------  -------------------
/opt/airflow/dags/pipeline_dag.py                           1           0  0.20s           2026-05-01T17:02:38
================================================================================
[2026-05-01T17:03:38.011+0000] {manager.py:878} INFO - 
================================================================================
DAG File Processing Stats

File Path                          PID    Runtime      # DAGs    # Errors  Last Runtime    Last Run
---------------------------------  -----  ---------  --------  ----------  --------------  -------------------
/opt/airflow/dags/pipeline_dag.py                           1           0  0.19s           2026-05-01T17:03:08
================================================================================
[2026-05-01T17:04:08.296+0000] {manager.py:878} INFO - 
================================================================================
DAG File Processing Stats

File Path                          PID    Runtime      # DAGs    # Errors  Last Runtime    Last Run
---------------------------------  -----  ---------  --------  ----------  --------------  -------------------
/opt/airflow/dags/pipeline_dag.py                           1           0  0.18s           2026-05-01T17:03:39
================================================================================
[2026-05-01T17:04:38.503+0000] {manager.py:878} INFO - 
================================================================================
DAG File Processing Stats

File Path                          PID    Runtime      # DAGs    # Errors  Last Runtime    Last Run
---------------------------------  -----  ---------  --------  ----------  --------------  -------------------
/opt/airflow/dags/pipeline_dag.py                           1           0  0.19s           2026-05-01T17:04:09
================================================================================
[2026-05-01T17:05:08.811+0000] {manager.py:878} INFO - 
================================================================================
DAG File Processing Stats

File Path                          PID    Runtime      # DAGs    # Errors  Last Runtime    Last Run
---------------------------------  -----  ---------  --------  ----------  --------------  -------------------
/opt/airflow/dags/pipeline_dag.py                           1           0  0.20s           2026-05-01T17:04:39
================================================================================
[2026-05-01T17:05:39.008+0000] {manager.py:878} INFO - 
================================================================================
DAG File Processing Stats

File Path                          PID    Runtime      # DAGs    # Errors  Last Runtime    Last Run
---------------------------------  -----  ---------  --------  ----------  --------------  -------------------
/opt/airflow/dags/pipeline_dag.py                           1           0  0.22s           2026-05-01T17:05:10
================================================================================
[2026-05-01T17:05:46.243+0000] {manager.py:737} INFO - Searching for files in /opt/airflow/dags
[2026-05-01T17:05:46.247+0000] {manager.py:740} INFO - There are 1 files in /opt/airflow/dags
[2026-05-01T17:06:09.378+0000] {manager.py:878} INFO - 
================================================================================
DAG File Processing Stats

File Path                          PID    Runtime      # DAGs    # Errors  Last Runtime    Last Run
---------------------------------  -----  ---------  --------  ----------  --------------  -------------------
/opt/airflow/dags/pipeline_dag.py                           1           0  0.19s           2026-05-01T17:05:40
================================================================================
[2026-05-01T17:06:39.708+0000] {manager.py:878} INFO - 
================================================================================
DAG File Processing Stats

File Path                          PID    Runtime      # DAGs    # Errors  Last Runtime    Last Run
---------------------------------  -----  ---------  --------  ----------  --------------  -------------------
/opt/airflow/dags/pipeline_dag.py                           1           0  0.18s           2026-05-01T17:06:10
================================================================================
[2026-05-01T17:07:10.050+0000] {manager.py:878} INFO - 
================================================================================
DAG File Processing Stats

File Path                          PID    Runtime      # DAGs    # Errors  Last Runtime    Last Run
---------------------------------  -----  ---------  --------  ----------  --------------  -------------------
/opt/airflow/dags/pipeline_dag.py                           1           0  0.19s           2026-05-01T17:06:41
================================================================================
[2026-05-01T17:07:40.403+0000] {manager.py:878} INFO - 
================================================================================
DAG File Processing Stats

File Path                          PID    Runtime      # DAGs    # Errors  Last Runtime    Last Run
---------------------------------  -----  ---------  --------  ----------  --------------  -------------------
/opt/airflow/dags/pipeline_dag.py                           1           0  0.21s           2026-05-01T17:07:11
================================================================================
[2026-05-01T17:08:10.763+0000] {manager.py:878} INFO - 
================================================================================
DAG File Processing Stats

File Path                          PID    Runtime      # DAGs    # Errors  Last Runtime    Last Run
---------------------------------  -----  ---------  --------  ----------  --------------  -------------------
/opt/airflow/dags/pipeline_dag.py                           1           0  0.20s           2026-05-01T17:07:41
================================================================================
[2026-05-01T17:08:41.127+0000] {manager.py:878} INFO - 
================================================================================
DAG File Processing Stats

File Path                          PID    Runtime      # DAGs    # Errors  Last Runtime    Last Run
---------------------------------  -----  ---------  --------  ----------  --------------  -------------------
/opt/airflow/dags/pipeline_dag.py                           1           0  0.20s           2026-05-01T17:08:12
================================================================================
[2026-05-01T17:09:11.468+0000] {manager.py:878} INFO - 
================================================================================
DAG File Processing Stats

File Path                          PID    Runtime      # DAGs    # Errors  Last Runtime    Last Run
---------------------------------  -----  ---------  --------  ----------  --------------  -------------------
/opt/airflow/dags/pipeline_dag.py                           1           0  0.20s           2026-05-01T17:08:42
================================================================================
[2026-05-01T17:09:41.833+0000] {manager.py:878} INFO - 
================================================================================
DAG File Processing Stats

File Path                          PID    Runtime      # DAGs    # Errors  Last Runtime    Last Run
---------------------------------  -----  ---------  --------  ----------  --------------  -------------------
/opt/airflow/dags/pipeline_dag.py                           1           0  0.20s           2026-05-01T17:09:12
================================================================================
[2026-05-01T17:10:12.204+0000] {manager.py:878} INFO - 
================================================================================
DAG File Processing Stats

File Path                          PID    Runtime      # DAGs    # Errors  Last Runtime    Last Run
---------------------------------  -----  ---------  --------  ----------  --------------  -------------------
/opt/airflow/dags/pipeline_dag.py                           1           0  0.17s           2026-05-01T17:09:43
================================================================================
[2026-05-01T17:10:42.407+0000] {manager.py:878} INFO - 
================================================================================
DAG File Processing Stats

File Path                          PID    Runtime      # DAGs    # Errors  Last Runtime    Last Run
---------------------------------  -----  ---------  --------  ----------  --------------  -------------------
/opt/airflow/dags/pipeline_dag.py                           1           0  0.13s           2026-05-01T17:10:13
================================================================================
[2026-05-01T17:10:46.533+0000] {manager.py:737} INFO - Searching for files in /opt/airflow/dags
[2026-05-01T17:10:46.535+0000] {manager.py:740} INFO - There are 1 files in /opt/airflow/dags
[2026-05-01T17:11:12.718+0000] {manager.py:878} INFO - 
================================================================================
DAG File Processing Stats

File Path                          PID    Runtime      # DAGs    # Errors  Last Runtime    Last Run
---------------------------------  -----  ---------  --------  ----------  --------------  -------------------
/opt/airflow/dags/pipeline_dag.py                           1           0  0.14s           2026-05-01T17:10:43
================================================================================
[2026-05-01T17:11:42.904+0000] {manager.py:878} INFO - 
================================================================================
DAG File Processing Stats

File Path                          PID    Runtime      # DAGs    # Errors  Last Runtime    Last Run
---------------------------------  -----  ---------  --------  ----------  --------------  -------------------
/opt/airflow/dags/pipeline_dag.py                           1           0  0.21s           2026-05-01T17:11:13
================================================================================
[2026-05-01T17:12:13.277+0000] {manager.py:878} INFO - 
================================================================================
DAG File Processing Stats

File Path                          PID    Runtime      # DAGs    # Errors  Last Runtime    Last Run
---------------------------------  -----  ---------  --------  ----------  --------------  -------------------
/opt/airflow/dags/pipeline_dag.py                           1           0  0.21s           2026-05-01T17:11:44
================================================================================
[2026-05-01T17:12:43.645+0000] {manager.py:878} INFO - 
================================================================================
DAG File Processing Stats

File Path                          PID    Runtime      # DAGs    # Errors  Last Runtime    Last Run
---------------------------------  -----  ---------  --------  ----------  --------------  -------------------
/opt/airflow/dags/pipeline_dag.py                           1           0  0.19s           2026-05-01T17:12:14
================================================================================
[2026-05-01T17:13:13.994+0000] {manager.py:878} INFO - 
================================================================================
DAG File Processing Stats

File Path                          PID    Runtime      # DAGs    # Errors  Last Runtime    Last Run
---------------------------------  -----  ---------  --------  ----------  --------------  -------------------
/opt/airflow/dags/pipeline_dag.py                           1           0  0.21s           2026-05-01T17:12:45
================================================================================
[2026-05-01T17:13:44.350+0000] {manager.py:878} INFO - 
================================================================================
DAG File Processing Stats

File Path                          PID    Runtime      # DAGs    # Errors  Last Runtime    Last Run
---------------------------------  -----  ---------  --------  ----------  --------------  -------------------
/opt/airflow/dags/pipeline_dag.py                           1           0  0.22s           2026-05-01T17:13:15
================================================================================
[2026-05-01T17:14:14.735+0000] {manager.py:878} INFO - 
================================================================================
DAG File Processing Stats

File Path                          PID    Runtime      # DAGs    # Errors  Last Runtime    Last Run
---------------------------------  -----  ---------  --------  ----------  --------------  -------------------
/opt/airflow/dags/pipeline_dag.py                           1           0  0.18s           2026-05-01T17:13:45
================================================================================
[2026-05-01T17:14:45.072+0000] {manager.py:878} INFO - 
================================================================================
DAG File Processing Stats

File Path                          PID    Runtime      # DAGs    # Errors  Last Runtime    Last Run
---------------------------------  -----  ---------  --------  ----------  --------------  -------------------
/opt/airflow/dags/pipeline_dag.py                           1           0  0.19s           2026-05-01T17:14:16
================================================================================
[2026-05-01T17:15:15.434+0000] {manager.py:878} INFO - 
================================================================================
DAG File Processing Stats

File Path                          PID    Runtime      # DAGs    # Errors  Last Runtime    Last Run
---------------------------------  -----  ---------  --------  ----------  --------------  -------------------
/opt/airflow/dags/pipeline_dag.py                           1           0  0.20s           2026-05-01T17:14:46
================================================================================
[2026-05-01T17:15:45.789+0000] {manager.py:878} INFO - 
================================================================================
DAG File Processing Stats

File Path                          PID    Runtime      # DAGs    # Errors  Last Runtime    Last Run
---------------------------------  -----  ---------  --------  ----------  --------------  -------------------
/opt/airflow/dags/pipeline_dag.py                           1           0  0.16s           2026-05-01T17:15:16
================================================================================
[2026-05-01T17:15:46.796+0000] {manager.py:737} INFO - Searching for files in /opt/airflow/dags
[2026-05-01T17:15:46.798+0000] {manager.py:740} INFO - There are 1 files in /opt/airflow/dags
[2026-05-01T17:16:16.110+0000] {manager.py:878} INFO - 
================================================================================
DAG File Processing Stats

File Path                          PID    Runtime      # DAGs    # Errors  Last Runtime    Last Run
---------------------------------  -----  ---------  --------  ----------  --------------  -------------------
/opt/airflow/dags/pipeline_dag.py                           1           0  0.16s           2026-05-01T17:15:46
================================================================================
[2026-05-01T17:16:46.298+0000] {manager.py:878} INFO - 
================================================================================
DAG File Processing Stats

File Path                          PID    Runtime      # DAGs    # Errors  Last Runtime    Last Run
---------------------------------  -----  ---------  --------  ----------  --------------  -------------------
/opt/airflow/dags/pipeline_dag.py                           1           0  0.19s           2026-05-01T17:16:17
================================================================================
[2026-05-01T17:17:16.646+0000] {manager.py:878} INFO - 
================================================================================
DAG File Processing Stats

File Path                          PID    Runtime      # DAGs    # Errors  Last Runtime    Last Run
---------------------------------  -----  ---------  --------  ----------  --------------  -------------------
/opt/airflow/dags/pipeline_dag.py                           1           0  0.20s           2026-05-01T17:16:47
================================================================================
[2026-05-01T17:17:47.004+0000] {manager.py:878} INFO - 
================================================================================
DAG File Processing Stats

File Path                          PID    Runtime      # DAGs    # Errors  Last Runtime    Last Run
---------------------------------  -----  ---------  --------  ----------  --------------  -------------------
/opt/airflow/dags/pipeline_dag.py                           1           0  0.19s           2026-05-01T17:17:18
================================================================================
[2026-05-01T17:18:17.350+0000] {manager.py:878} INFO - 
================================================================================
DAG File Processing Stats

File Path                          PID    Runtime      # DAGs    # Errors  Last Runtime    Last Run
---------------------------------  -----  ---------  --------  ----------  --------------  -------------------
/opt/airflow/dags/pipeline_dag.py                           1           0  0.20s           2026-05-01T17:17:48
================================================================================
[2026-05-01T17:18:47.701+0000] {manager.py:878} INFO - 
================================================================================
DAG File Processing Stats

File Path                          PID    Runtime      # DAGs    # Errors  Last Runtime    Last Run
---------------------------------  -----  ---------  --------  ----------  --------------  -------------------
/opt/airflow/dags/pipeline_dag.py                           1           0  0.20s           2026-05-01T17:18:18
================================================================================
[2026-05-01T17:19:18.063+0000] {manager.py:878} INFO - 
================================================================================
DAG File Processing Stats

File Path                          PID    Runtime      # DAGs    # Errors  Last Runtime    Last Run
---------------------------------  -----  ---------  --------  ----------  --------------  -------------------
/opt/airflow/dags/pipeline_dag.py                           1           0  0.19s           2026-05-01T17:18:49
================================================================================
[2026-05-01T17:19:48.419+0000] {manager.py:878} INFO - 
================================================================================
DAG File Processing Stats

File Path                          PID    Runtime      # DAGs    # Errors  Last Runtime    Last Run
---------------------------------  -----  ---------  --------  ----------  --------------  -------------------
/opt/airflow/dags/pipeline_dag.py                           1           0  0.17s           2026-05-01T17:19:19
================================================================================
[2026-05-01T17:20:18.756+0000] {manager.py:878} INFO - 
================================================================================
DAG File Processing Stats

File Path                          PID    Runtime      # DAGs    # Errors  Last Runtime    Last Run
---------------------------------  -----  ---------  --------  ----------  --------------  -------------------
/opt/airflow/dags/pipeline_dag.py                           1           0  0.21s           2026-05-01T17:19:49
================================================================================
[2026-05-01T17:20:46.949+0000] {manager.py:737} INFO - Searching for files in /opt/airflow/dags
[2026-05-01T17:20:46.951+0000] {manager.py:740} INFO - There are 1 files in /opt/airflow/dags
[2026-05-01T17:20:48.979+0000] {manager.py:878} INFO - 
================================================================================
DAG File Processing Stats

File Path                          PID    Runtime      # DAGs    # Errors  Last Runtime    Last Run
---------------------------------  -----  ---------  --------  ----------  --------------  -------------------
/opt/airflow/dags/pipeline_dag.py                           1           0  0.19s           2026-05-01T17:20:19
================================================================================
[2026-05-01T17:21:19.279+0000] {manager.py:878} INFO - 
================================================================================
DAG File Processing Stats

File Path                          PID    Runtime      # DAGs    # Errors  Last Runtime    Last Run
---------------------------------  -----  ---------  --------  ----------  --------------  -------------------
/opt/airflow/dags/pipeline_dag.py                           1           0  0.18s           2026-05-01T17:20:50
================================================================================
[2026-05-01T17:21:49.474+0000] {manager.py:878} INFO - 
================================================================================
DAG File Processing Stats

File Path                          PID    Runtime      # DAGs    # Errors  Last Runtime    Last Run
---------------------------------  -----  ---------  --------  ----------  --------------  -------------------
/opt/airflow/dags/pipeline_dag.py                           1           0  0.19s           2026-05-01T17:21:20
================================================================================
[2026-05-01T17:22:19.814+0000] {manager.py:878} INFO - 
================================================================================
DAG File Processing Stats

File Path                          PID    Runtime      # DAGs    # Errors  Last Runtime    Last Run
---------------------------------  -----  ---------  --------  ----------  --------------  -------------------
/opt/airflow/dags/pipeline_dag.py                           1           0  0.18s           2026-05-01T17:21:50
================================================================================
[2026-05-01T17:22:50.143+0000] {manager.py:878} INFO - 
================================================================================
DAG File Processing Stats

File Path                          PID    Runtime      # DAGs    # Errors  Last Runtime    Last Run
---------------------------------  -----  ---------  --------  ----------  --------------  -------------------
/opt/airflow/dags/pipeline_dag.py                           1           0  0.20s           2026-05-01T17:22:21
================================================================================
[2026-05-01T17:23:20.335+0000] {manager.py:878} INFO - 
================================================================================
DAG File Processing Stats

File Path                          PID    Runtime      # DAGs    # Errors  Last Runtime    Last Run
---------------------------------  -----  ---------  --------  ----------  --------------  -------------------
/opt/airflow/dags/pipeline_dag.py                           1           0  0.20s           2026-05-01T17:22:51
================================================================================
[2026-05-01T17:23:50.686+0000] {manager.py:878} INFO - 
================================================================================
DAG File Processing Stats

File Path                          PID    Runtime      # DAGs    # Errors  Last Runtime    Last Run
---------------------------------  -----  ---------  --------  ----------  --------------  -------------------
/opt/airflow/dags/pipeline_dag.py                           1           0  0.19s           2026-05-01T17:23:21
================================================================================
[2026-05-01T17:24:21.040+0000] {manager.py:878} INFO - 
================================================================================
DAG File Processing Stats

File Path                          PID    Runtime      # DAGs    # Errors  Last Runtime    Last Run
---------------------------------  -----  ---------  --------  ----------  --------------  -------------------
/opt/airflow/dags/pipeline_dag.py                           1           0  0.16s           2026-05-01T17:23:52
================================================================================
[2026-05-01T17:24:51.334+0000] {manager.py:878} INFO - 
================================================================================
DAG File Processing Stats

File Path                          PID    Runtime      # DAGs    # Errors  Last Runtime    Last Run
---------------------------------  -----  ---------  --------  ----------  --------------  -------------------
/opt/airflow/dags/pipeline_dag.py                           1           0  0.19s           2026-05-01T17:24:22
================================================================================
[2026-05-01T17:25:21.549+0000] {manager.py:878} INFO - 
================================================================================
DAG File Processing Stats

File Path                          PID    Runtime      # DAGs    # Errors  Last Runtime    Last Run
---------------------------------  -----  ---------  --------  ----------  --------------  -------------------
/opt/airflow/dags/pipeline_dag.py                           1           0  0.19s           2026-05-01T17:24:52
================================================================================
[2026-05-01T17:25:47.839+0000] {manager.py:737} INFO - Searching for files in /opt/airflow/dags
[2026-05-01T17:25:47.842+0000] {manager.py:740} INFO - There are 1 files in /opt/airflow/dags
[2026-05-01T17:25:51.880+0000] {manager.py:878} INFO - 
================================================================================
DAG File Processing Stats

File Path                          PID    Runtime      # DAGs    # Errors  Last Runtime    Last Run
---------------------------------  -----  ---------  --------  ----------  --------------  -------------------
/opt/airflow/dags/pipeline_dag.py                           1           0  0.22s           2026-05-01T17:25:22
================================================================================
[2026-05-01T17:26:22.103+0000] {manager.py:878} INFO - 
================================================================================
DAG File Processing Stats

File Path                          PID    Runtime      # DAGs    # Errors  Last Runtime    Last Run
---------------------------------  -----  ---------  --------  ----------  --------------  -------------------
/opt/airflow/dags/pipeline_dag.py                           1           0  0.17s           2026-05-01T17:25:53
================================================================================
[2026-05-01T17:26:52.387+0000] {manager.py:878} INFO - 
================================================================================
DAG File Processing Stats

File Path                          PID    Runtime      # DAGs    # Errors  Last Runtime    Last Run
---------------------------------  -----  ---------  --------  ----------  --------------  -------------------
/opt/airflow/dags/pipeline_dag.py                           1           0  0.21s           2026-05-01T17:26:23
================================================================================
[2026-05-01T17:27:22.642+0000] {manager.py:878} INFO - 
================================================================================
DAG File Processing Stats

File Path                          PID    Runtime      # DAGs    # Errors  Last Runtime    Last Run
---------------------------------  -----  ---------  --------  ----------  --------------  -------------------
/opt/airflow/dags/pipeline_dag.py                           1           0  0.20s           2026-05-01T17:26:53
================================================================================
[2026-05-01T17:27:52.946+0000] {manager.py:878} INFO - 
================================================================================
DAG File Processing Stats

File Path                          PID    Runtime      # DAGs    # Errors  Last Runtime    Last Run
---------------------------------  -----  ---------  --------  ----------  --------------  -------------------
/opt/airflow/dags/pipeline_dag.py                           1           0  0.20s           2026-05-01T17:27:23
================================================================================
[2026-05-01T17:28:23.228+0000] {manager.py:878} INFO - 
================================================================================
DAG File Processing Stats

File Path                          PID    Runtime      # DAGs    # Errors  Last Runtime    Last Run
---------------------------------  -----  ---------  --------  ----------  --------------  -------------------
/opt/airflow/dags/pipeline_dag.py                           1           0  0.14s           2026-05-01T17:27:54
================================================================================
[2026-05-01T17:28:53.451+0000] {manager.py:878} INFO - 
================================================================================
DAG File Processing Stats

File Path                          PID    Runtime      # DAGs    # Errors  Last Runtime    Last Run
---------------------------------  -----  ---------  --------  ----------  --------------  -------------------
/opt/airflow/dags/pipeline_dag.py                           1           0  0.16s           2026-05-01T17:28:24
================================================================================
[2026-05-01T17:29:23.768+0000] {manager.py:878} INFO - 
================================================================================
DAG File Processing Stats

File Path                          PID    Runtime      # DAGs    # Errors  Last Runtime    Last Run
---------------------------------  -----  ---------  --------  ----------  --------------  -------------------
/opt/airflow/dags/pipeline_dag.py                           1           0  0.15s           2026-05-01T17:28:54
================================================================================
[2026-05-01T17:29:53.969+0000] {manager.py:878} INFO - 
================================================================================
DAG File Processing Stats

File Path                          PID    Runtime      # DAGs    # Errors  Last Runtime    Last Run
---------------------------------  -----  ---------  --------  ----------  --------------  -------------------
/opt/airflow/dags/pipeline_dag.py                           1           0  0.14s           2026-05-01T17:29:24
================================================================================
[2026-05-01T17:30:24.269+0000] {manager.py:878} INFO - 
================================================================================
DAG File Processing Stats

File Path                          PID    Runtime      # DAGs    # Errors  Last Runtime    Last Run
---------------------------------  -----  ---------  --------  ----------  --------------  -------------------
/opt/airflow/dags/pipeline_dag.py                           1           0  0.15s           2026-05-01T17:29:55
================================================================================
[2026-05-01T17:30:48.440+0000] {manager.py:737} INFO - Searching for files in /opt/airflow/dags
[2026-05-01T17:30:48.442+0000] {manager.py:740} INFO - There are 1 files in /opt/airflow/dags
[2026-05-01T17:30:54.492+0000] {manager.py:878} INFO - 
================================================================================
DAG File Processing Stats

File Path                          PID    Runtime      # DAGs    # Errors  Last Runtime    Last Run
---------------------------------  -----  ---------  --------  ----------  --------------  -------------------
/opt/airflow/dags/pipeline_dag.py                           1           0  0.16s           2026-05-01T17:30:25
================================================================================
[2026-05-01T17:31:24.799+0000] {manager.py:878} INFO - 
================================================================================
DAG File Processing Stats

File Path                          PID    Runtime      # DAGs    # Errors  Last Runtime    Last Run
---------------------------------  -----  ---------  --------  ----------  --------------  -------------------
/opt/airflow/dags/pipeline_dag.py                           1           0  0.16s           2026-05-01T17:30:55
================================================================================
[2026-05-01T17:31:55.016+0000] {manager.py:878} INFO - 
================================================================================
DAG File Processing Stats

File Path                          PID    Runtime      # DAGs    # Errors  Last Runtime    Last Run
---------------------------------  -----  ---------  --------  ----------  --------------  -------------------
/opt/airflow/dags/pipeline_dag.py                           1           0  0.13s           2026-05-01T17:31:25
================================================================================
[2026-05-01T17:32:25.302+0000] {manager.py:878} INFO - 
================================================================================
DAG File Processing Stats

File Path                          PID    Runtime      # DAGs    # Errors  Last Runtime    Last Run
---------------------------------  -----  ---------  --------  ----------  --------------  -------------------
/opt/airflow/dags/pipeline_dag.py                           1           0  0.15s           2026-05-01T17:31:56
================================================================================
[2026-05-01T17:32:55.526+0000] {manager.py:878} INFO - 
================================================================================
DAG File Processing Stats

File Path                          PID    Runtime      # DAGs    # Errors  Last Runtime    Last Run
---------------------------------  -----  ---------  --------  ----------  --------------  -------------------
/opt/airflow/dags/pipeline_dag.py                           1           0  0.15s           2026-05-01T17:32:26
================================================================================
[2026-05-01T17:33:25.812+0000] {manager.py:878} INFO - 
================================================================================
DAG File Processing Stats

File Path                          PID    Runtime      # DAGs    # Errors  Last Runtime    Last Run
---------------------------------  -----  ---------  --------  ----------  --------------  -------------------
/opt/airflow/dags/pipeline_dag.py                           1           0  0.15s           2026-05-01T17:32:56
================================================================================
[2026-05-01T17:33:56.030+0000] {manager.py:878} INFO - 
================================================================================
DAG File Processing Stats

File Path                          PID    Runtime      # DAGs    # Errors  Last Runtime    Last Run
---------------------------------  -----  ---------  --------  ----------  --------------  -------------------
/opt/airflow/dags/pipeline_dag.py                           1           0  0.15s           2026-05-01T17:33:26
================================================================================
[2026-05-01T17:34:26.327+0000] {manager.py:878} INFO - 
================================================================================
DAG File Processing Stats

File Path                          PID    Runtime      # DAGs    # Errors  Last Runtime    Last Run
---------------------------------  -----  ---------  --------  ----------  --------------  -------------------
/opt/airflow/dags/pipeline_dag.py                           1           0  0.16s           2026-05-01T17:33:57
================================================================================
[2026-05-01T17:34:56.527+0000] {manager.py:878} INFO - 
================================================================================
DAG File Processing Stats

File Path                          PID    Runtime      # DAGs    # Errors  Last Runtime    Last Run
---------------------------------  -----  ---------  --------  ----------  --------------  -------------------
/opt/airflow/dags/pipeline_dag.py                           1           0  0.15s           2026-05-01T17:34:27
================================================================================
[2026-05-01T17:35:26.848+0000] {manager.py:878} INFO - 
================================================================================
DAG File Processing Stats

File Path                          PID    Runtime      # DAGs    # Errors  Last Runtime    Last Run
---------------------------------  -----  ---------  --------  ----------  --------------  -------------------
/opt/airflow/dags/pipeline_dag.py                           1           0  0.14s           2026-05-01T17:34:57
================================================================================
[2026-05-01T17:35:48.998+0000] {manager.py:737} INFO - Searching for files in /opt/airflow/dags
[2026-05-01T17:35:48.999+0000] {manager.py:740} INFO - There are 1 files in /opt/airflow/dags
[2026-05-01T17:35:57.061+0000] {manager.py:878} INFO - 
================================================================================
DAG File Processing Stats

File Path                          PID    Runtime      # DAGs    # Errors  Last Runtime    Last Run
---------------------------------  -----  ---------  --------  ----------  --------------  -------------------
/opt/airflow/dags/pipeline_dag.py                           1           0  0.15s           2026-05-01T17:35:28
================================================================================
[2026-05-01T17:36:27.373+0000] {manager.py:878} INFO - 
================================================================================
DAG File Processing Stats

File Path                          PID    Runtime      # DAGs    # Errors  Last Runtime    Last Run
---------------------------------  -----  ---------  --------  ----------  --------------  -------------------
/opt/airflow/dags/pipeline_dag.py                           1           0  0.14s           2026-05-01T17:35:58
================================================================================
[2026-05-01T17:36:57.571+0000] {manager.py:878} INFO - 
================================================================================
DAG File Processing Stats

File Path                          PID    Runtime      # DAGs    # Errors  Last Runtime    Last Run
---------------------------------  -----  ---------  --------  ----------  --------------  -------------------
/opt/airflow/dags/pipeline_dag.py                           1           0  0.15s           2026-05-01T17:36:28
================================================================================
[2026-05-01T17:37:27.889+0000] {manager.py:878} INFO - 
================================================================================
DAG File Processing Stats

File Path                          PID    Runtime      # DAGs    # Errors  Last Runtime    Last Run
---------------------------------  -----  ---------  --------  ----------  --------------  -------------------
/opt/airflow/dags/pipeline_dag.py                           1           0  0.14s           2026-05-01T17:36:58
================================================================================
[2026-05-01T17:37:58.090+0000] {manager.py:878} INFO - 
================================================================================
DAG File Processing Stats

File Path                          PID    Runtime      # DAGs    # Errors  Last Runtime    Last Run
---------------------------------  -----  ---------  --------  ----------  --------------  -------------------
/opt/airflow/dags/pipeline_dag.py                           1           0  0.14s           2026-05-01T17:37:29
================================================================================
[2026-05-01T17:38:28.406+0000] {manager.py:878} INFO - 
================================================================================
DAG File Processing Stats

File Path                          PID    Runtime      # DAGs    # Errors  Last Runtime    Last Run
---------------------------------  -----  ---------  --------  ----------  --------------  -------------------
/opt/airflow/dags/pipeline_dag.py                           1           0  0.15s           2026-05-01T17:37:59
================================================================================
[2026-05-01T17:38:58.613+0000] {manager.py:878} INFO - 
================================================================================
DAG File Processing Stats

File Path                          PID    Runtime      # DAGs    # Errors  Last Runtime    Last Run
---------------------------------  -----  ---------  --------  ----------  --------------  -------------------
/opt/airflow/dags/pipeline_dag.py                           1           0  0.15s           2026-05-01T17:38:29
================================================================================
[2026-05-01T17:39:28.928+0000] {manager.py:878} INFO - 
================================================================================
DAG File Processing Stats

File Path                          PID    Runtime      # DAGs    # Errors  Last Runtime    Last Run
---------------------------------  -----  ---------  --------  ----------  --------------  -------------------
/opt/airflow/dags/pipeline_dag.py                           1           0  0.15s           2026-05-01T17:38:59
================================================================================
[2026-05-01T17:39:59.131+0000] {manager.py:878} INFO - 
================================================================================
DAG File Processing Stats

File Path                          PID    Runtime      # DAGs    # Errors  Last Runtime    Last Run
---------------------------------  -----  ---------  --------  ----------  --------------  -------------------
/opt/airflow/dags/pipeline_dag.py                           1           0  0.14s           2026-05-01T17:39:30
================================================================================
[2026-05-01T17:40:29.431+0000] {manager.py:878} INFO - 
================================================================================
DAG File Processing Stats

File Path                          PID    Runtime      # DAGs    # Errors  Last Runtime    Last Run
---------------------------------  -----  ---------  --------  ----------  --------------  -------------------
/opt/airflow/dags/pipeline_dag.py                           1           0  0.14s           2026-05-01T17:40:00
================================================================================
[2026-05-01T17:40:49.584+0000] {manager.py:737} INFO - Searching for files in /opt/airflow/dags
[2026-05-01T17:40:49.586+0000] {manager.py:740} INFO - There are 1 files in /opt/airflow/dags
[2026-05-01T17:40:59.658+0000] {manager.py:878} INFO - 
================================================================================
DAG File Processing Stats

File Path                          PID    Runtime      # DAGs    # Errors  Last Runtime    Last Run
---------------------------------  -----  ---------  --------  ----------  --------------  -------------------
/opt/airflow/dags/pipeline_dag.py                           1           0  0.15s           2026-05-01T17:40:30
================================================================================
[2026-05-01T17:41:29.937+0000] {manager.py:878} INFO - 
================================================================================
DAG File Processing Stats

File Path                          PID    Runtime      # DAGs    # Errors  Last Runtime    Last Run
---------------------------------  -----  ---------  --------  ----------  --------------  -------------------
/opt/airflow/dags/pipeline_dag.py                           1           0  0.15s           2026-05-01T17:41:00
================================================================================
[2026-05-01T17:42:00.161+0000] {manager.py:878} INFO - 
================================================================================
DAG File Processing Stats

File Path                          PID    Runtime      # DAGs    # Errors  Last Runtime    Last Run
---------------------------------  -----  ---------  --------  ----------  --------------  -------------------
/opt/airflow/dags/pipeline_dag.py                           1           0  0.14s           2026-05-01T17:41:31
================================================================================
[2026-05-01T17:54:44.362+0000] {manager.py:737} INFO - Searching for files in /opt/airflow/dags
[2026-05-01T17:54:44.366+0000] {manager.py:740} INFO - There are 1 files in /opt/airflow/dags
[2026-05-01T17:54:44.398+0000] {manager.py:878} INFO - 
================================================================================
DAG File Processing Stats

File Path                            PID  Runtime      # DAGs    # Errors  Last Runtime    Last Run
---------------------------------  -----  ---------  --------  ----------  --------------  -------------------
/opt/airflow/dags/pipeline_dag.py   1146  0.01s             1           0  0.16s           2026-05-01T17:42:01
================================================================================
[2026-05-01T17:55:14.570+0000] {manager.py:878} INFO - 
================================================================================
DAG File Processing Stats

File Path                            PID  Runtime      # DAGs    # Errors  Last Runtime    Last Run
---------------------------------  -----  ---------  --------  ----------  --------------  -------------------
/opt/airflow/dags/pipeline_dag.py   1151  0.00s             1           0  0.15s           2026-05-01T17:54:44
================================================================================
[2026-05-01T17:55:44.749+0000] {manager.py:878} INFO - 
================================================================================
DAG File Processing Stats

File Path                            PID  Runtime      # DAGs    # Errors  Last Runtime    Last Run
---------------------------------  -----  ---------  --------  ----------  --------------  -------------------
/opt/airflow/dags/pipeline_dag.py   1156  0.00s             1           0  0.07s           2026-05-01T17:55:14
================================================================================
[2026-05-01T17:56:14.978+0000] {manager.py:878} INFO - 
================================================================================
DAG File Processing Stats

File Path                            PID  Runtime      # DAGs    # Errors  Last Runtime    Last Run
---------------------------------  -----  ---------  --------  ----------  --------------  -------------------
/opt/airflow/dags/pipeline_dag.py   1161  0.01s             1           0  0.08s           2026-05-01T17:55:44
================================================================================
[2026-05-01T17:56:45.148+0000] {manager.py:878} INFO - 
================================================================================
DAG File Processing Stats

File Path                            PID  Runtime      # DAGs    # Errors  Last Runtime    Last Run
---------------------------------  -----  ---------  --------  ----------  --------------  -------------------
/opt/airflow/dags/pipeline_dag.py   1166  0.00s             1           0  0.08s           2026-05-01T17:56:15
================================================================================
[2026-05-01T17:57:15.346+0000] {manager.py:878} INFO - 
================================================================================
DAG File Processing Stats

File Path                            PID  Runtime      # DAGs    # Errors  Last Runtime    Last Run
---------------------------------  -----  ---------  --------  ----------  --------------  -------------------
/opt/airflow/dags/pipeline_dag.py   1171  0.01s             1           0  0.07s           2026-05-01T17:56:45
================================================================================
[2026-05-01T17:57:45.516+0000] {manager.py:878} INFO - 
================================================================================
DAG File Processing Stats

File Path                            PID  Runtime      # DAGs    # Errors  Last Runtime    Last Run
---------------------------------  -----  ---------  --------  ----------  --------------  -------------------
/opt/airflow/dags/pipeline_dag.py   1176  0.01s             1           0  0.08s           2026-05-01T17:57:15
================================================================================
[2026-05-01T17:58:15.689+0000] {manager.py:878} INFO - 
================================================================================
DAG File Processing Stats

File Path                            PID  Runtime      # DAGs    # Errors  Last Runtime    Last Run
---------------------------------  -----  ---------  --------  ----------  --------------  -------------------
/opt/airflow/dags/pipeline_dag.py   1181  0.01s             1           0  0.09s           2026-05-01T17:57:45
================================================================================
[2026-05-01T17:58:45.865+0000] {manager.py:878} INFO - 
================================================================================
DAG File Processing Stats

File Path                            PID  Runtime      # DAGs    # Errors  Last Runtime    Last Run
---------------------------------  -----  ---------  --------  ----------  --------------  -------------------
/opt/airflow/dags/pipeline_dag.py   1186  0.01s             1           0  0.09s           2026-05-01T17:58:15
================================================================================
[2026-05-01T17:59:16.033+0000] {manager.py:878} INFO - 
================================================================================
DAG File Processing Stats

File Path                            PID  Runtime      # DAGs    # Errors  Last Runtime    Last Run
---------------------------------  -----  ---------  --------  ----------  --------------  -------------------
/opt/airflow/dags/pipeline_dag.py   1191  0.01s             1           0  0.08s           2026-05-01T17:58:45
================================================================================
[2026-05-01T17:59:45.178+0000] {manager.py:737} INFO - Searching for files in /opt/airflow/dags
[2026-05-01T17:59:45.180+0000] {manager.py:740} INFO - There are 1 files in /opt/airflow/dags
[2026-05-01T17:59:46.203+0000] {manager.py:878} INFO - 
================================================================================
DAG File Processing Stats

File Path                            PID  Runtime      # DAGs    # Errors  Last Runtime    Last Run
---------------------------------  -----  ---------  --------  ----------  --------------  -------------------
/opt/airflow/dags/pipeline_dag.py   1196  0.01s             1           0  0.09s           2026-05-01T17:59:16
================================================================================
[2026-05-01T18:00:16.378+0000] {manager.py:878} INFO - 
================================================================================
DAG File Processing Stats

File Path                            PID  Runtime      # DAGs    # Errors  Last Runtime    Last Run
---------------------------------  -----  ---------  --------  ----------  --------------  -------------------
/opt/airflow/dags/pipeline_dag.py   1201  0.01s             1           0  0.10s           2026-05-01T17:59:46
================================================================================
[2026-05-01T18:00:46.608+0000] {manager.py:878} INFO - 
================================================================================
DAG File Processing Stats

File Path                            PID  Runtime      # DAGs    # Errors  Last Runtime    Last Run
---------------------------------  -----  ---------  --------  ----------  --------------  -------------------
/opt/airflow/dags/pipeline_dag.py   1206  0.00s             1           0  0.07s           2026-05-01T18:00:16
================================================================================
[2026-05-01T18:01:16.755+0000] {manager.py:878} INFO - 
================================================================================
DAG File Processing Stats

File Path                            PID  Runtime      # DAGs    # Errors  Last Runtime    Last Run
---------------------------------  -----  ---------  --------  ----------  --------------  -------------------
/opt/airflow/dags/pipeline_dag.py   1211  0.01s             1           0  0.08s           2026-05-01T18:00:46
================================================================================
[2026-05-01T18:01:46.940+0000] {manager.py:878} INFO - 
================================================================================
DAG File Processing Stats

File Path                            PID  Runtime      # DAGs    # Errors  Last Runtime    Last Run
---------------------------------  -----  ---------  --------  ----------  --------------  -------------------
/opt/airflow/dags/pipeline_dag.py   1216  0.01s             1           0  0.08s           2026-05-01T18:01:16
================================================================================
[2026-05-01T18:02:17.078+0000] {manager.py:878} INFO - 
================================================================================
DAG File Processing Stats

File Path                            PID  Runtime      # DAGs    # Errors  Last Runtime    Last Run
---------------------------------  -----  ---------  --------  ----------  --------------  -------------------
/opt/airflow/dags/pipeline_dag.py   1221  0.00s             1           0  0.08s           2026-05-01T18:01:47
================================================================================
[2026-05-01T18:02:47.276+0000] {manager.py:878} INFO - 
================================================================================
DAG File Processing Stats

File Path                            PID  Runtime      # DAGs    # Errors  Last Runtime    Last Run
---------------------------------  -----  ---------  --------  ----------  --------------  -------------------
/opt/airflow/dags/pipeline_dag.py   1226  0.01s             1           0  0.08s           2026-05-01T18:02:17
================================================================================
[2026-05-01T18:03:17.414+0000] {manager.py:878} INFO - 
================================================================================
DAG File Processing Stats

File Path                            PID  Runtime      # DAGs    # Errors  Last Runtime    Last Run
---------------------------------  -----  ---------  --------  ----------  --------------  -------------------
/opt/airflow/dags/pipeline_dag.py   1231  0.01s             1           0  0.08s           2026-05-01T18:02:47
================================================================================
[2026-05-01T18:03:47.609+0000] {manager.py:878} INFO - 
================================================================================
DAG File Processing Stats

File Path                            PID  Runtime      # DAGs    # Errors  Last Runtime    Last Run
---------------------------------  -----  ---------  --------  ----------  --------------  -------------------
/opt/airflow/dags/pipeline_dag.py   1236  0.01s             1           0  0.07s           2026-05-01T18:03:17
================================================================================
[2026-05-01T18:04:17.760+0000] {manager.py:878} INFO - 
================================================================================
DAG File Processing Stats

File Path                            PID  Runtime      # DAGs    # Errors  Last Runtime    Last Run
---------------------------------  -----  ---------  --------  ----------  --------------  -------------------
/opt/airflow/dags/pipeline_dag.py   1241  0.00s             1           0  0.09s           2026-05-01T18:03:47
================================================================================
[2026-05-01T18:04:45.933+0000] {manager.py:737} INFO - Searching for files in /opt/airflow/dags
[2026-05-01T18:04:45.933+0000] {manager.py:740} INFO - There are 1 files in /opt/airflow/dags
[2026-05-01T18:04:47.964+0000] {manager.py:878} INFO - 
================================================================================
DAG File Processing Stats

File Path                            PID  Runtime      # DAGs    # Errors  Last Runtime    Last Run
---------------------------------  -----  ---------  --------  ----------  --------------  -------------------
/opt/airflow/dags/pipeline_dag.py   1246  0.00s             1           0  0.08s           2026-05-01T18:04:17
================================================================================
[2026-05-01T18:05:18.107+0000] {manager.py:878} INFO - 
================================================================================
DAG File Processing Stats

File Path                            PID  Runtime      # DAGs    # Errors  Last Runtime    Last Run
---------------------------------  -----  ---------  --------  ----------  --------------  -------------------
/opt/airflow/dags/pipeline_dag.py   1251  0.00s             1           0  0.08s           2026-05-01T18:04:48
================================================================================
[2026-05-01T18:05:48.317+0000] {manager.py:878} INFO - 
================================================================================
DAG File Processing Stats

File Path                            PID  Runtime      # DAGs    # Errors  Last Runtime    Last Run
---------------------------------  -----  ---------  --------  ----------  --------------  -------------------
/opt/airflow/dags/pipeline_dag.py   1256  0.01s             1           0  0.07s           2026-05-01T18:05:18
================================================================================
[2026-05-01T18:06:18.465+0000] {manager.py:878} INFO - 
================================================================================
DAG File Processing Stats

File Path                            PID  Runtime      # DAGs    # Errors  Last Runtime    Last Run
---------------------------------  -----  ---------  --------  ----------  --------------  -------------------
/opt/airflow/dags/pipeline_dag.py   1261  0.01s             1           0  0.09s           2026-05-01T18:05:48
================================================================================
[2026-05-01T18:06:48.671+0000] {manager.py:878} INFO - 
================================================================================
DAG File Processing Stats

File Path                            PID  Runtime      # DAGs    # Errors  Last Runtime    Last Run
---------------------------------  -----  ---------  --------  ----------  --------------  -------------------
/opt/airflow/dags/pipeline_dag.py   1266  0.01s             1           0  0.07s           2026-05-01T18:06:18
================================================================================
[2026-05-01T18:07:18.824+0000] {manager.py:878} INFO - 
================================================================================
DAG File Processing Stats

File Path                            PID  Runtime      # DAGs    # Errors  Last Runtime    Last Run
---------------------------------  -----  ---------  --------  ----------  --------------  -------------------
/opt/airflow/dags/pipeline_dag.py   1271  0.00s             1           0  0.09s           2026-05-01T18:06:48
================================================================================
[2026-05-01T18:07:49.027+0000] {manager.py:878} INFO - 
================================================================================
DAG File Processing Stats

File Path                            PID  Runtime      # DAGs    # Errors  Last Runtime    Last Run
---------------------------------  -----  ---------  --------  ----------  --------------  -------------------
/opt/airflow/dags/pipeline_dag.py   1276  0.00s             1           0  0.08s           2026-05-01T18:07:18
================================================================================
[2026-05-01T18:08:19.185+0000] {manager.py:878} INFO - 
================================================================================
DAG File Processing Stats

File Path                            PID  Runtime      # DAGs    # Errors  Last Runtime    Last Run
---------------------------------  -----  ---------  --------  ----------  --------------  -------------------
/opt/airflow/dags/pipeline_dag.py   1281  0.01s             1           0  0.09s           2026-05-01T18:07:49
================================================================================
[2026-05-01T18:08:49.394+0000] {manager.py:878} INFO - 
================================================================================
DAG File Processing Stats

File Path                            PID  Runtime      # DAGs    # Errors  Last Runtime    Last Run
---------------------------------  -----  ---------  --------  ----------  --------------  -------------------
/opt/airflow/dags/pipeline_dag.py   1286  0.01s             1           0  0.08s           2026-05-01T18:08:19
================================================================================
[2026-05-01T18:09:19.545+0000] {manager.py:878} INFO - 
================================================================================
DAG File Processing Stats

File Path                            PID  Runtime      # DAGs    # Errors  Last Runtime    Last Run
---------------------------------  -----  ---------  --------  ----------  --------------  -------------------
/opt/airflow/dags/pipeline_dag.py   1291  0.01s             1           0  0.09s           2026-05-01T18:08:49
================================================================================
[2026-05-01T18:09:46.740+0000] {manager.py:737} INFO - Searching for files in /opt/airflow/dags
[2026-05-01T18:09:46.742+0000] {manager.py:740} INFO - There are 1 files in /opt/airflow/dags
[2026-05-01T18:09:49.770+0000] {manager.py:878} INFO - 
================================================================================
DAG File Processing Stats

File Path                            PID  Runtime      # DAGs    # Errors  Last Runtime    Last Run
---------------------------------  -----  ---------  --------  ----------  --------------  -------------------
/opt/airflow/dags/pipeline_dag.py   1296  0.00s             1           0  0.09s           2026-05-01T18:09:19
================================================================================
[2026-05-01T18:10:19.915+0000] {manager.py:878} INFO - 
================================================================================
DAG File Processing Stats

File Path                            PID  Runtime      # DAGs    # Errors  Last Runtime    Last Run
---------------------------------  -----  ---------  --------  ----------  --------------  -------------------
/opt/airflow/dags/pipeline_dag.py   1301  0.00s             1           0  0.09s           2026-05-01T18:09:49
================================================================================
[2026-05-01T18:10:50.115+0000] {manager.py:878} INFO - 
================================================================================
DAG File Processing Stats

File Path                            PID  Runtime      # DAGs    # Errors  Last Runtime    Last Run
---------------------------------  -----  ---------  --------  ----------  --------------  -------------------
/opt/airflow/dags/pipeline_dag.py   1306  0.00s             1           0  0.07s           2026-05-01T18:10:19
================================================================================
[2026-05-01T18:11:20.265+0000] {manager.py:878} INFO - 
================================================================================
DAG File Processing Stats

File Path                            PID  Runtime      # DAGs    # Errors  Last Runtime    Last Run
---------------------------------  -----  ---------  --------  ----------  --------------  -------------------
/opt/airflow/dags/pipeline_dag.py   1311  0.01s             1           0  0.09s           2026-05-01T18:10:50
================================================================================
[2026-05-01T18:11:50.468+0000] {manager.py:878} INFO - 
================================================================================
DAG File Processing Stats

File Path                            PID  Runtime      # DAGs    # Errors  Last Runtime    Last Run
---------------------------------  -----  ---------  --------  ----------  --------------  -------------------
/opt/airflow/dags/pipeline_dag.py   1316  0.01s             1           0  0.08s           2026-05-01T18:11:20
================================================================================
[2026-05-01T18:12:20.622+0000] {manager.py:878} INFO - 
================================================================================
DAG File Processing Stats

File Path                            PID  Runtime      # DAGs    # Errors  Last Runtime    Last Run
---------------------------------  -----  ---------  --------  ----------  --------------  -------------------
/opt/airflow/dags/pipeline_dag.py   1321  0.00s             1           0  0.09s           2026-05-01T18:11:50
================================================================================
[2026-05-01T18:12:50.814+0000] {manager.py:878} INFO - 
================================================================================
DAG File Processing Stats

File Path                            PID  Runtime      # DAGs    # Errors  Last Runtime    Last Run
---------------------------------  -----  ---------  --------  ----------  --------------  -------------------
/opt/airflow/dags/pipeline_dag.py   1326  0.00s             1           0  0.07s           2026-05-01T18:12:20
================================================================================
[2026-05-01T18:13:20.958+0000] {manager.py:878} INFO - 
================================================================================
DAG File Processing Stats

File Path                            PID  Runtime      # DAGs    # Errors  Last Runtime    Last Run
---------------------------------  -----  ---------  --------  ----------  --------------  -------------------
/opt/airflow/dags/pipeline_dag.py   1331  0.00s             1           0  0.08s           2026-05-01T18:12:50
================================================================================
[2026-05-01T18:13:51.149+0000] {manager.py:878} INFO - 
================================================================================
DAG File Processing Stats

File Path                            PID  Runtime      # DAGs    # Errors  Last Runtime    Last Run
---------------------------------  -----  ---------  --------  ----------  --------------  -------------------
/opt/airflow/dags/pipeline_dag.py   1336  0.00s             1           0  0.08s           2026-05-01T18:13:21
================================================================================
[2026-05-01T18:14:21.302+0000] {manager.py:878} INFO - 
================================================================================
DAG File Processing Stats

File Path                            PID  Runtime      # DAGs    # Errors  Last Runtime    Last Run
---------------------------------  -----  ---------  --------  ----------  --------------  -------------------
/opt/airflow/dags/pipeline_dag.py   1341  0.01s             1           0  0.09s           2026-05-01T18:13:51
================================================================================
[2026-05-01T18:14:47.472+0000] {manager.py:737} INFO - Searching for files in /opt/airflow/dags
[2026-05-01T18:14:47.473+0000] {manager.py:740} INFO - There are 1 files in /opt/airflow/dags
[2026-05-01T18:14:51.508+0000] {manager.py:878} INFO - 
================================================================================
DAG File Processing Stats

File Path                            PID  Runtime      # DAGs    # Errors  Last Runtime    Last Run
---------------------------------  -----  ---------  --------  ----------  --------------  -------------------
/opt/airflow/dags/pipeline_dag.py   1346  0.01s             1           0  0.07s           2026-05-01T18:14:21
================================================================================
[2026-05-01T18:15:21.662+0000] {manager.py:878} INFO - 
================================================================================
DAG File Processing Stats

File Path                            PID  Runtime      # DAGs    # Errors  Last Runtime    Last Run
---------------------------------  -----  ---------  --------  ----------  --------------  -------------------
/opt/airflow/dags/pipeline_dag.py   1351  0.01s             1           0  0.09s           2026-05-01T18:14:51
================================================================================
[2026-05-01T18:15:51.863+0000] {manager.py:878} INFO - 
================================================================================
DAG File Processing Stats

File Path                            PID  Runtime      # DAGs    # Errors  Last Runtime    Last Run
---------------------------------  -----  ---------  --------  ----------  --------------  -------------------
/opt/airflow/dags/pipeline_dag.py   1356  0.00s             1           0  0.09s           2026-05-01T18:15:21
================================================================================
[2026-05-01T18:16:22.004+0000] {manager.py:878} INFO - 
================================================================================
DAG File Processing Stats

File Path                            PID  Runtime      # DAGs    # Errors  Last Runtime    Last Run
---------------------------------  -----  ---------  --------  ----------  --------------  -------------------
/opt/airflow/dags/pipeline_dag.py   1361  0.00s             1           0  0.07s           2026-05-01T18:15:51
================================================================================
[2026-05-01T18:16:52.200+0000] {manager.py:878} INFO - 
================================================================================
DAG File Processing Stats

File Path                            PID  Runtime      # DAGs    # Errors  Last Runtime    Last Run
---------------------------------  -----  ---------  --------  ----------  --------------  -------------------
/opt/airflow/dags/pipeline_dag.py   1366  0.00s             1           0  0.08s           2026-05-01T18:16:22
================================================================================
[2026-05-01T18:17:22.356+0000] {manager.py:878} INFO - 
================================================================================
DAG File Processing Stats

File Path                            PID  Runtime      # DAGs    # Errors  Last Runtime    Last Run
---------------------------------  -----  ---------  --------  ----------  --------------  -------------------
/opt/airflow/dags/pipeline_dag.py   1371  0.01s             1           0  0.09s           2026-05-01T18:16:52
================================================================================
[2026-05-01T18:17:52.552+0000] {manager.py:878} INFO - 
================================================================================
DAG File Processing Stats

File Path                            PID  Runtime      # DAGs    # Errors  Last Runtime    Last Run
---------------------------------  -----  ---------  --------  ----------  --------------  -------------------
/opt/airflow/dags/pipeline_dag.py   1376  0.00s             1           0  0.08s           2026-05-01T18:17:22
================================================================================
[2026-05-01T18:18:22.710+0000] {manager.py:878} INFO - 
================================================================================
DAG File Processing Stats

File Path                            PID  Runtime      # DAGs    # Errors  Last Runtime    Last Run
---------------------------------  -----  ---------  --------  ----------  --------------  -------------------
/opt/airflow/dags/pipeline_dag.py   1381  0.01s             1           0  0.09s           2026-05-01T18:17:52
================================================================================
[2026-05-01T18:18:52.896+0000] {manager.py:878} INFO - 
================================================================================
DAG File Processing Stats

File Path                            PID  Runtime      # DAGs    # Errors  Last Runtime    Last Run
---------------------------------  -----  ---------  --------  ----------  --------------  -------------------
/opt/airflow/dags/pipeline_dag.py   1386  0.00s             1           0  0.08s           2026-05-01T18:18:22
================================================================================
[2026-05-01T18:19:23.041+0000] {manager.py:878} INFO - 
================================================================================
DAG File Processing Stats

File Path                            PID  Runtime      # DAGs    # Errors  Last Runtime    Last Run
---------------------------------  -----  ---------  --------  ----------  --------------  -------------------
/opt/airflow/dags/pipeline_dag.py   1391  0.00s             1           0  0.09s           2026-05-01T18:18:52
================================================================================
[2026-05-01T18:19:48.220+0000] {manager.py:737} INFO - Searching for files in /opt/airflow/dags
[2026-05-01T18:19:48.221+0000] {manager.py:740} INFO - There are 1 files in /opt/airflow/dags
[2026-05-01T18:19:53.271+0000] {manager.py:878} INFO - 
================================================================================
DAG File Processing Stats

File Path                            PID  Runtime      # DAGs    # Errors  Last Runtime    Last Run
---------------------------------  -----  ---------  --------  ----------  --------------  -------------------
/opt/airflow/dags/pipeline_dag.py   1396  0.01s             1           0  0.08s           2026-05-01T18:19:23
================================================================================
[2026-05-01T18:20:23.458+0000] {manager.py:878} INFO - 
================================================================================
DAG File Processing Stats

File Path                          PID    Runtime      # DAGs    # Errors  Last Runtime    Last Run
---------------------------------  -----  ---------  --------  ----------  --------------  -------------------
/opt/airflow/dags/pipeline_dag.py                           1           0  0.20s           2026-05-01T18:19:53
================================================================================
[2026-05-01T18:20:53.805+0000] {manager.py:878} INFO - 
================================================================================
DAG File Processing Stats

File Path                          PID    Runtime      # DAGs    # Errors  Last Runtime    Last Run
---------------------------------  -----  ---------  --------  ----------  --------------  -------------------
/opt/airflow/dags/pipeline_dag.py                           1           0  0.19s           2026-05-01T18:20:23
================================================================================
[2026-05-01T18:21:24.146+0000] {manager.py:878} INFO - 
================================================================================
DAG File Processing Stats

File Path                            PID  Runtime      # DAGs    # Errors  Last Runtime    Last Run
---------------------------------  -----  ---------  --------  ----------  --------------  -------------------
/opt/airflow/dags/pipeline_dag.py   1411  0.00s             1           0  0.09s           2026-05-01T18:20:54
================================================================================
[2026-05-01T18:21:54.384+0000] {manager.py:878} INFO - 
================================================================================
DAG File Processing Stats

File Path                            PID  Runtime      # DAGs    # Errors  Last Runtime    Last Run
---------------------------------  -----  ---------  --------  ----------  --------------  -------------------
/opt/airflow/dags/pipeline_dag.py   1416  0.00s             1           0  0.08s           2026-05-01T18:21:24
================================================================================
[2026-05-01T18:22:24.561+0000] {manager.py:878} INFO - 
================================================================================
DAG File Processing Stats

File Path                            PID  Runtime      # DAGs    # Errors  Last Runtime    Last Run
---------------------------------  -----  ---------  --------  ----------  --------------  -------------------
/opt/airflow/dags/pipeline_dag.py   1421  0.01s             1           0  0.08s           2026-05-01T18:21:54
================================================================================
[2026-05-01T18:22:54.782+0000] {manager.py:878} INFO - 
================================================================================
DAG File Processing Stats

File Path                            PID  Runtime      # DAGs    # Errors  Last Runtime    Last Run
---------------------------------  -----  ---------  --------  ----------  --------------  -------------------
/opt/airflow/dags/pipeline_dag.py   1426  0.00s             1           0  0.07s           2026-05-01T18:22:24
================================================================================
[2026-05-01T18:23:24.959+0000] {manager.py:878} INFO - 
================================================================================
DAG File Processing Stats

File Path                            PID  Runtime      # DAGs    # Errors  Last Runtime    Last Run
---------------------------------  -----  ---------  --------  ----------  --------------  -------------------
/opt/airflow/dags/pipeline_dag.py   1431  0.01s             1           0  0.07s           2026-05-01T18:22:54
================================================================================
[2026-05-01T18:23:55.150+0000] {manager.py:878} INFO - 
================================================================================
DAG File Processing Stats

File Path                            PID  Runtime      # DAGs    # Errors  Last Runtime    Last Run
---------------------------------  -----  ---------  --------  ----------  --------------  -------------------
/opt/airflow/dags/pipeline_dag.py   1436  0.00s             1           0  0.09s           2026-05-01T18:23:25
================================================================================
[2026-05-01T18:24:25.344+0000] {manager.py:878} INFO - 
================================================================================
DAG File Processing Stats

File Path                            PID  Runtime      # DAGs    # Errors  Last Runtime    Last Run
---------------------------------  -----  ---------  --------  ----------  --------------  -------------------
/opt/airflow/dags/pipeline_dag.py   1441  0.00s             1           0  0.08s           2026-05-01T18:23:55
================================================================================
[2026-05-01T18:24:48.483+0000] {manager.py:737} INFO - Searching for files in /opt/airflow/dags
[2026-05-01T18:24:48.485+0000] {manager.py:740} INFO - There are 1 files in /opt/airflow/dags
[2026-05-01T18:24:55.548+0000] {manager.py:878} INFO - 
================================================================================
DAG File Processing Stats

File Path                            PID  Runtime      # DAGs    # Errors  Last Runtime    Last Run
---------------------------------  -----  ---------  --------  ----------  --------------  -------------------
/opt/airflow/dags/pipeline_dag.py   1446  0.00s             1           0  0.09s           2026-05-01T18:24:25
================================================================================
[2026-05-01T18:25:25.742+0000] {manager.py:878} INFO - 
================================================================================
DAG File Processing Stats

File Path                            PID  Runtime      # DAGs    # Errors  Last Runtime    Last Run
---------------------------------  -----  ---------  --------  ----------  --------------  -------------------
/opt/airflow/dags/pipeline_dag.py   1451  0.00s             1           0  0.09s           2026-05-01T18:24:55
================================================================================
[2026-05-01T18:25:55.911+0000] {manager.py:878} INFO - 
================================================================================
DAG File Processing Stats

File Path                            PID  Runtime      # DAGs    # Errors  Last Runtime    Last Run
---------------------------------  -----  ---------  --------  ----------  --------------  -------------------
/opt/airflow/dags/pipeline_dag.py   1456  0.00s             1           0  0.08s           2026-05-01T18:25:25
================================================================================
[2026-05-01T18:26:26.107+0000] {manager.py:878} INFO - 
================================================================================
DAG File Processing Stats

File Path                            PID  Runtime      # DAGs    # Errors  Last Runtime    Last Run
---------------------------------  -----  ---------  --------  ----------  --------------  -------------------
/opt/airflow/dags/pipeline_dag.py   1461  0.00s             1           0  0.08s           2026-05-01T18:25:55
================================================================================
[2026-05-01T18:26:56.292+0000] {manager.py:878} INFO - 
================================================================================
DAG File Processing Stats

File Path                            PID  Runtime      # DAGs    # Errors  Last Runtime    Last Run
---------------------------------  -----  ---------  --------  ----------  --------------  -------------------
/opt/airflow/dags/pipeline_dag.py   1466  0.00s             1           0  0.09s           2026-05-01T18:26:26
================================================================================
[2026-05-01T18:27:26.495+0000] {manager.py:878} INFO - 
================================================================================
DAG File Processing Stats

File Path                            PID  Runtime      # DAGs    # Errors  Last Runtime    Last Run
---------------------------------  -----  ---------  --------  ----------  --------------  -------------------
/opt/airflow/dags/pipeline_dag.py   1471  0.01s             1           0  0.08s           2026-05-01T18:26:56
================================================================================
[2026-05-01T18:27:56.675+0000] {manager.py:878} INFO - 
================================================================================
DAG File Processing Stats

File Path                            PID  Runtime      # DAGs    # Errors  Last Runtime    Last Run
---------------------------------  -----  ---------  --------  ----------  --------------  -------------------
/opt/airflow/dags/pipeline_dag.py   1476  0.00s             1           0  0.09s           2026-05-01T18:27:26
================================================================================
[2026-05-01T18:28:26.904+0000] {manager.py:878} INFO - 
================================================================================
DAG File Processing Stats

File Path                            PID  Runtime      # DAGs    # Errors  Last Runtime    Last Run
---------------------------------  -----  ---------  --------  ----------  --------------  -------------------
/opt/airflow/dags/pipeline_dag.py   1481  0.00s             1           0  0.08s           2026-05-01T18:27:56
================================================================================
[2026-05-01T18:28:57.520+0000] {manager.py:878} INFO - 
================================================================================
DAG File Processing Stats

File Path                            PID  Runtime      # DAGs    # Errors  Last Runtime    Last Run
---------------------------------  -----  ---------  --------  ----------  --------------  -------------------
/opt/airflow/dags/pipeline_dag.py   1486  0.00s             1           0  0.09s           2026-05-01T18:28:26
================================================================================
[2026-05-01T18:29:27.728+0000] {manager.py:878} INFO - 
================================================================================
DAG File Processing Stats

File Path                            PID  Runtime      # DAGs    # Errors  Last Runtime    Last Run
---------------------------------  -----  ---------  --------  ----------  --------------  -------------------
/opt/airflow/dags/pipeline_dag.py   1491  0.00s             1           0  0.07s           2026-05-01T18:28:57
================================================================================
[2026-05-01T18:29:48.843+0000] {manager.py:737} INFO - Searching for files in /opt/airflow/dags
[2026-05-01T18:29:48.845+0000] {manager.py:740} INFO - There are 1 files in /opt/airflow/dags
[2026-05-01T18:29:57.907+0000] {manager.py:878} INFO - 
================================================================================
DAG File Processing Stats

File Path                            PID  Runtime      # DAGs    # Errors  Last Runtime    Last Run
---------------------------------  -----  ---------  --------  ----------  --------------  -------------------
/opt/airflow/dags/pipeline_dag.py   1496  0.00s             1           0  0.08s           2026-05-01T18:29:27
================================================================================
[2026-05-01T18:30:28.099+0000] {manager.py:878} INFO - 
================================================================================
DAG File Processing Stats

File Path                            PID  Runtime      # DAGs    # Errors  Last Runtime    Last Run
---------------------------------  -----  ---------  --------  ----------  --------------  -------------------
/opt/airflow/dags/pipeline_dag.py   1501  0.00s             1           0  0.09s           2026-05-01T18:29:57
================================================================================
[2026-05-01T18:30:58.300+0000] {manager.py:878} INFO - 
================================================================================
DAG File Processing Stats

File Path                            PID  Runtime      # DAGs    # Errors  Last Runtime    Last Run
---------------------------------  -----  ---------  --------  ----------  --------------  -------------------
/opt/airflow/dags/pipeline_dag.py   1506  0.00s             1           0  0.10s           2026-05-01T18:30:28
================================================================================
[2026-05-01T18:31:28.500+0000] {manager.py:878} INFO - 
================================================================================
DAG File Processing Stats

File Path                            PID  Runtime      # DAGs    # Errors  Last Runtime    Last Run
---------------------------------  -----  ---------  --------  ----------  --------------  -------------------
/opt/airflow/dags/pipeline_dag.py   1511  0.00s             1           0  0.08s           2026-05-01T18:30:58
================================================================================
[2026-05-01T18:31:58.682+0000] {manager.py:878} INFO - 
================================================================================
DAG File Processing Stats

File Path                            PID  Runtime      # DAGs    # Errors  Last Runtime    Last Run
---------------------------------  -----  ---------  --------  ----------  --------------  -------------------
/opt/airflow/dags/pipeline_dag.py   1516  0.00s             1           0  0.10s           2026-05-01T18:31:28
================================================================================
[2026-05-01T18:32:28.892+0000] {manager.py:878} INFO - 
================================================================================
DAG File Processing Stats

File Path                            PID  Runtime      # DAGs    # Errors  Last Runtime    Last Run
---------------------------------  -----  ---------  --------  ----------  --------------  -------------------
/opt/airflow/dags/pipeline_dag.py   1521  0.00s             1           0  0.07s           2026-05-01T18:31:58
================================================================================
[2026-05-01T18:32:59.070+0000] {manager.py:878} INFO - 
================================================================================
DAG File Processing Stats

File Path                            PID  Runtime      # DAGs    # Errors  Last Runtime    Last Run
---------------------------------  -----  ---------  --------  ----------  --------------  -------------------
/opt/airflow/dags/pipeline_dag.py   1526  0.00s             1           0  0.08s           2026-05-01T18:32:28
================================================================================
[2026-05-01T18:33:29.281+0000] {manager.py:878} INFO - 
================================================================================
DAG File Processing Stats

File Path                            PID  Runtime      # DAGs    # Errors  Last Runtime    Last Run
---------------------------------  -----  ---------  --------  ----------  --------------  -------------------
/opt/airflow/dags/pipeline_dag.py   1531  0.00s             1           0  0.08s           2026-05-01T18:32:59
================================================================================
[2026-05-01T18:33:59.457+0000] {manager.py:878} INFO - 
================================================================================
DAG File Processing Stats

File Path                            PID  Runtime      # DAGs    # Errors  Last Runtime    Last Run
---------------------------------  -----  ---------  --------  ----------  --------------  -------------------
/opt/airflow/dags/pipeline_dag.py   1536  0.00s             1           0  0.08s           2026-05-01T18:33:29
================================================================================
[2026-05-01T18:34:29.655+0000] {manager.py:878} INFO - 
================================================================================
DAG File Processing Stats

File Path                            PID  Runtime      # DAGs    # Errors  Last Runtime    Last Run
---------------------------------  -----  ---------  --------  ----------  --------------  -------------------
/opt/airflow/dags/pipeline_dag.py   1541  0.00s             1           0  0.07s           2026-05-01T18:33:59
================================================================================
[2026-05-01T18:34:49.762+0000] {manager.py:737} INFO - Searching for files in /opt/airflow/dags
[2026-05-01T18:34:49.763+0000] {manager.py:740} INFO - There are 1 files in /opt/airflow/dags
[2026-05-01T18:34:59.834+0000] {manager.py:878} INFO - 
================================================================================
DAG File Processing Stats

File Path                            PID  Runtime      # DAGs    # Errors  Last Runtime    Last Run
---------------------------------  -----  ---------  --------  ----------  --------------  -------------------
/opt/airflow/dags/pipeline_dag.py   1546  0.00s             1           0  0.09s           2026-05-01T18:34:29
================================================================================
[2026-05-01T18:35:30.033+0000] {manager.py:878} INFO - 
================================================================================
DAG File Processing Stats

File Path                            PID  Runtime      # DAGs    # Errors  Last Runtime    Last Run
---------------------------------  -----  ---------  --------  ----------  --------------  -------------------
/opt/airflow/dags/pipeline_dag.py   1551  0.01s             1           0  0.08s           2026-05-01T18:34:59
================================================================================
[2026-05-01T18:36:00.221+0000] {manager.py:878} INFO - 
================================================================================
DAG File Processing Stats

File Path                            PID  Runtime      # DAGs    # Errors  Last Runtime    Last Run
---------------------------------  -----  ---------  --------  ----------  --------------  -------------------
/opt/airflow/dags/pipeline_dag.py   1556  0.00s             1           0  0.08s           2026-05-01T18:35:30
================================================================================
[2026-05-01T18:36:30.420+0000] {manager.py:878} INFO - 
================================================================================
DAG File Processing Stats

File Path                            PID  Runtime      # DAGs    # Errors  Last Runtime    Last Run
---------------------------------  -----  ---------  --------  ----------  --------------  -------------------
/opt/airflow/dags/pipeline_dag.py   1561  0.01s             1           0  0.08s           2026-05-01T18:36:00
================================================================================
[2026-05-01T18:37:00.605+0000] {manager.py:878} INFO - 
================================================================================
DAG File Processing Stats

File Path                            PID  Runtime      # DAGs    # Errors  Last Runtime    Last Run
---------------------------------  -----  ---------  --------  ----------  --------------  -------------------
/opt/airflow/dags/pipeline_dag.py   1566  0.00s             1           0  0.08s           2026-05-01T18:36:30
================================================================================
[2026-05-01T18:37:30.800+0000] {manager.py:878} INFO - 
================================================================================
DAG File Processing Stats

File Path                            PID  Runtime      # DAGs    # Errors  Last Runtime    Last Run
---------------------------------  -----  ---------  --------  ----------  --------------  -------------------
/opt/airflow/dags/pipeline_dag.py   1571  0.00s             1           0  0.08s           2026-05-01T18:37:00
================================================================================
[2026-05-01T18:38:00.954+0000] {manager.py:878} INFO - 
================================================================================
DAG File Processing Stats

File Path                            PID  Runtime      # DAGs    # Errors  Last Runtime    Last Run
---------------------------------  -----  ---------  --------  ----------  --------------  -------------------
/opt/airflow/dags/pipeline_dag.py   1576  0.01s             1           0  0.08s           2026-05-01T18:37:30
================================================================================
[2026-05-01T18:38:31.142+0000] {manager.py:878} INFO - 
================================================================================
DAG File Processing Stats

File Path                            PID  Runtime      # DAGs    # Errors  Last Runtime    Last Run
---------------------------------  -----  ---------  --------  ----------  --------------  -------------------
/opt/airflow/dags/pipeline_dag.py   1581  0.00s             1           0  0.07s           2026-05-01T18:38:01
================================================================================
[2026-05-01T18:39:01.321+0000] {manager.py:878} INFO - 
================================================================================
DAG File Processing Stats

File Path                            PID  Runtime      # DAGs    # Errors  Last Runtime    Last Run
---------------------------------  -----  ---------  --------  ----------  --------------  -------------------
/opt/airflow/dags/pipeline_dag.py   1586  0.01s             1           0  0.09s           2026-05-01T18:38:31
================================================================================
[2026-05-01T18:39:31.503+0000] {manager.py:878} INFO - 
================================================================================
DAG File Processing Stats

File Path                            PID  Runtime      # DAGs    # Errors  Last Runtime    Last Run
---------------------------------  -----  ---------  --------  ----------  --------------  -------------------
/opt/airflow/dags/pipeline_dag.py   1591  0.00s             1           0  0.08s           2026-05-01T18:39:01
================================================================================
[2026-05-01T18:39:50.595+0000] {manager.py:737} INFO - Searching for files in /opt/airflow/dags
[2026-05-01T18:39:50.597+0000] {manager.py:740} INFO - There are 1 files in /opt/airflow/dags
[2026-05-01T18:40:01.670+0000] {manager.py:878} INFO - 
================================================================================
DAG File Processing Stats

File Path                            PID  Runtime      # DAGs    # Errors  Last Runtime    Last Run
---------------------------------  -----  ---------  --------  ----------  --------------  -------------------
/opt/airflow/dags/pipeline_dag.py   1596  0.00s             1           0  0.08s           2026-05-01T18:39:31
================================================================================
[2026-05-01T18:40:31.862+0000] {manager.py:878} INFO - 
================================================================================
DAG File Processing Stats

File Path                            PID  Runtime      # DAGs    # Errors  Last Runtime    Last Run
---------------------------------  -----  ---------  --------  ----------  --------------  -------------------
/opt/airflow/dags/pipeline_dag.py   1601  0.01s             1           0  0.08s           2026-05-01T18:40:01
================================================================================
[2026-05-01T18:41:02.029+0000] {manager.py:878} INFO - 
================================================================================
DAG File Processing Stats

File Path                            PID  Runtime      # DAGs    # Errors  Last Runtime    Last Run
---------------------------------  -----  ---------  --------  ----------  --------------  -------------------
/opt/airflow/dags/pipeline_dag.py   1606  0.00s             1           0  0.09s           2026-05-01T18:40:31
================================================================================
[2026-05-01T18:41:32.227+0000] {manager.py:878} INFO - 
================================================================================
DAG File Processing Stats

File Path                            PID  Runtime      # DAGs    # Errors  Last Runtime    Last Run
---------------------------------  -----  ---------  --------  ----------  --------------  -------------------
/opt/airflow/dags/pipeline_dag.py   1611  0.01s             1           0  0.07s           2026-05-01T18:41:02
================================================================================
[2026-05-01T18:42:02.390+0000] {manager.py:878} INFO - 
================================================================================
DAG File Processing Stats

File Path                            PID  Runtime      # DAGs    # Errors  Last Runtime    Last Run
---------------------------------  -----  ---------  --------  ----------  --------------  -------------------
/opt/airflow/dags/pipeline_dag.py   1616  0.00s             1           0  0.09s           2026-05-01T18:41:32
================================================================================
[2026-05-01T18:42:32.607+0000] {manager.py:878} INFO - 
================================================================================
DAG File Processing Stats

File Path                            PID  Runtime      # DAGs    # Errors  Last Runtime    Last Run
---------------------------------  -----  ---------  --------  ----------  --------------  -------------------
/opt/airflow/dags/pipeline_dag.py   1621  0.01s             1           0  0.08s           2026-05-01T18:42:02
================================================================================
[2026-05-01T18:43:02.760+0000] {manager.py:878} INFO - 
================================================================================
DAG File Processing Stats

File Path                            PID  Runtime      # DAGs    # Errors  Last Runtime    Last Run
---------------------------------  -----  ---------  --------  ----------  --------------  -------------------
/opt/airflow/dags/pipeline_dag.py   1626  0.01s             1           0  0.09s           2026-05-01T18:42:32
================================================================================
[2026-05-01T18:43:32.971+0000] {manager.py:878} INFO - 
================================================================================
DAG File Processing Stats

File Path                            PID  Runtime      # DAGs    # Errors  Last Runtime    Last Run
---------------------------------  -----  ---------  --------  ----------  --------------  -------------------
/opt/airflow/dags/pipeline_dag.py   1631  0.01s             1           0  0.07s           2026-05-01T18:43:02
================================================================================
[2026-05-01T18:44:03.137+0000] {manager.py:878} INFO - 
================================================================================
DAG File Processing Stats

File Path                            PID  Runtime      # DAGs    # Errors  Last Runtime    Last Run
---------------------------------  -----  ---------  --------  ----------  --------------  -------------------
/opt/airflow/dags/pipeline_dag.py   1636  0.00s             1           0  0.08s           2026-05-01T18:43:33
================================================================================
[2026-05-01T18:44:33.326+0000] {manager.py:878} INFO - 
================================================================================
DAG File Processing Stats

File Path                            PID  Runtime      # DAGs    # Errors  Last Runtime    Last Run
---------------------------------  -----  ---------  --------  ----------  --------------  -------------------
/opt/airflow/dags/pipeline_dag.py   1641  0.01s             1           0  0.08s           2026-05-01T18:44:03
================================================================================
[2026-05-01T18:44:51.414+0000] {manager.py:737} INFO - Searching for files in /opt/airflow/dags
[2026-05-01T18:44:51.416+0000] {manager.py:740} INFO - There are 1 files in /opt/airflow/dags
[2026-05-01T18:45:03.494+0000] {manager.py:878} INFO - 
================================================================================
DAG File Processing Stats

File Path                            PID  Runtime      # DAGs    # Errors  Last Runtime    Last Run
---------------------------------  -----  ---------  --------  ----------  --------------  -------------------
/opt/airflow/dags/pipeline_dag.py   1646  0.00s             1           0  0.08s           2026-05-01T18:44:33
================================================================================
[2026-05-01T18:45:33.679+0000] {manager.py:878} INFO - 
================================================================================
DAG File Processing Stats

File Path                            PID  Runtime      # DAGs    # Errors  Last Runtime    Last Run
---------------------------------  -----  ---------  --------  ----------  --------------  -------------------
/opt/airflow/dags/pipeline_dag.py   1651  0.01s             1           0  0.08s           2026-05-01T18:45:03
================================================================================
[2026-05-01T18:46:03.857+0000] {manager.py:878} INFO - 
================================================================================
DAG File Processing Stats

File Path                            PID  Runtime      # DAGs    # Errors  Last Runtime    Last Run
---------------------------------  -----  ---------  --------  ----------  --------------  -------------------
/opt/airflow/dags/pipeline_dag.py   1656  0.00s             1           0  0.09s           2026-05-01T18:45:33
================================================================================
[2026-05-01T18:46:34.026+0000] {manager.py:878} INFO - 
================================================================================
DAG File Processing Stats

File Path                            PID  Runtime      # DAGs    # Errors  Last Runtime    Last Run
---------------------------------  -----  ---------  --------  ----------  --------------  -------------------
/opt/airflow/dags/pipeline_dag.py   1661  0.01s             1           0  0.07s           2026-05-01T18:46:03
================================================================================
[2026-05-01T18:47:04.177+0000] {manager.py:878} INFO - 
================================================================================
DAG File Processing Stats

File Path                            PID  Runtime      # DAGs    # Errors  Last Runtime    Last Run
---------------------------------  -----  ---------  --------  ----------  --------------  -------------------
/opt/airflow/dags/pipeline_dag.py   1666  0.00s             1           0  0.10s           2026-05-01T18:46:34
================================================================================
[2026-05-01T18:47:34.396+0000] {manager.py:878} INFO - 
================================================================================
DAG File Processing Stats

File Path                            PID  Runtime      # DAGs    # Errors  Last Runtime    Last Run
---------------------------------  -----  ---------  --------  ----------  --------------  -------------------
/opt/airflow/dags/pipeline_dag.py   1671  0.00s             1           0  0.08s           2026-05-01T18:47:04
================================================================================
[2026-05-01T18:48:04.558+0000] {manager.py:878} INFO - 
================================================================================
DAG File Processing Stats

File Path                            PID  Runtime      # DAGs    # Errors  Last Runtime    Last Run
---------------------------------  -----  ---------  --------  ----------  --------------  -------------------
/opt/airflow/dags/pipeline_dag.py   1676  0.00s             1           0  0.07s           2026-05-01T18:47:34
================================================================================
[2026-05-01T18:48:34.736+0000] {manager.py:878} INFO - 
================================================================================
DAG File Processing Stats

File Path                            PID  Runtime      # DAGs    # Errors  Last Runtime    Last Run
---------------------------------  -----  ---------  --------  ----------  --------------  -------------------
/opt/airflow/dags/pipeline_dag.py   1681  0.00s             1           0  0.07s           2026-05-01T18:48:04
================================================================================
[2026-05-01T18:49:04.907+0000] {manager.py:878} INFO - 
================================================================================
DAG File Processing Stats

File Path                            PID  Runtime      # DAGs    # Errors  Last Runtime    Last Run
---------------------------------  -----  ---------  --------  ----------  --------------  -------------------
/opt/airflow/dags/pipeline_dag.py   1686  0.01s             1           0  0.09s           2026-05-01T18:48:34
================================================================================
[2026-05-01T18:49:35.096+0000] {manager.py:878} INFO - 
================================================================================
DAG File Processing Stats

File Path                            PID  Runtime      # DAGs    # Errors  Last Runtime    Last Run
---------------------------------  -----  ---------  --------  ----------  --------------  -------------------
/opt/airflow/dags/pipeline_dag.py   1691  0.01s             1           0  0.08s           2026-05-01T18:49:04
================================================================================
[2026-05-01T18:49:52.189+0000] {manager.py:737} INFO - Searching for files in /opt/airflow/dags
[2026-05-01T18:49:52.190+0000] {manager.py:740} INFO - There are 1 files in /opt/airflow/dags
[2026-05-01T18:50:05.280+0000] {manager.py:878} INFO - 
================================================================================
DAG File Processing Stats

File Path                            PID  Runtime      # DAGs    # Errors  Last Runtime    Last Run
---------------------------------  -----  ---------  --------  ----------  --------------  -------------------
/opt/airflow/dags/pipeline_dag.py   1696  0.01s             1           0  0.09s           2026-05-01T18:49:35
================================================================================
[2026-05-01T18:50:35.453+0000] {manager.py:878} INFO - 
================================================================================
DAG File Processing Stats

File Path                            PID  Runtime      # DAGs    # Errors  Last Runtime    Last Run
---------------------------------  -----  ---------  --------  ----------  --------------  -------------------
/opt/airflow/dags/pipeline_dag.py   1701  0.00s             1           0  0.09s           2026-05-01T18:50:05
================================================================================
[2026-05-01T18:51:05.624+0000] {manager.py:878} INFO - 
================================================================================
DAG File Processing Stats

File Path                            PID  Runtime      # DAGs    # Errors  Last Runtime    Last Run
---------------------------------  -----  ---------  --------  ----------  --------------  -------------------
/opt/airflow/dags/pipeline_dag.py   1706  0.00s             1           0  0.09s           2026-05-01T18:50:35
================================================================================
[2026-05-01T18:51:35.804+0000] {manager.py:878} INFO - 
================================================================================
DAG File Processing Stats

File Path                            PID  Runtime      # DAGs    # Errors  Last Runtime    Last Run
---------------------------------  -----  ---------  --------  ----------  --------------  -------------------
/opt/airflow/dags/pipeline_dag.py   1711  0.01s             1           0  0.10s           2026-05-01T18:51:05
================================================================================
[2026-05-01T18:52:05.999+0000] {manager.py:878} INFO - 
================================================================================
DAG File Processing Stats

File Path                            PID  Runtime      # DAGs    # Errors  Last Runtime    Last Run
---------------------------------  -----  ---------  --------  ----------  --------------  -------------------
/opt/airflow/dags/pipeline_dag.py   1716  0.01s             1           0  0.09s           2026-05-01T18:51:35
================================================================================
[2026-05-01T18:52:36.173+0000] {manager.py:878} INFO - 
================================================================================
DAG File Processing Stats

File Path                            PID  Runtime      # DAGs    # Errors  Last Runtime    Last Run
---------------------------------  -----  ---------  --------  ----------  --------------  -------------------
/opt/airflow/dags/pipeline_dag.py   1721  0.01s             1           0  0.07s           2026-05-01T18:52:06
================================================================================
[2026-05-01T18:53:06.352+0000] {manager.py:878} INFO - 
================================================================================
DAG File Processing Stats

File Path                            PID  Runtime      # DAGs    # Errors  Last Runtime    Last Run
---------------------------------  -----  ---------  --------  ----------  --------------  -------------------
/opt/airflow/dags/pipeline_dag.py   1726  0.00s             1           0  0.08s           2026-05-01T18:52:36
================================================================================
[2026-05-01T18:53:36.526+0000] {manager.py:878} INFO - 
================================================================================
DAG File Processing Stats

File Path                            PID  Runtime      # DAGs    # Errors  Last Runtime    Last Run
---------------------------------  -----  ---------  --------  ----------  --------------  -------------------
/opt/airflow/dags/pipeline_dag.py   1731  0.01s             1           0  0.08s           2026-05-01T18:53:06
================================================================================
[2026-05-01T18:54:06.717+0000] {manager.py:878} INFO - 
================================================================================
DAG File Processing Stats

File Path                            PID  Runtime      # DAGs    # Errors  Last Runtime    Last Run
---------------------------------  -----  ---------  --------  ----------  --------------  -------------------
/opt/airflow/dags/pipeline_dag.py   1736  0.01s             1           0  0.09s           2026-05-01T18:53:36
================================================================================
[2026-05-01T18:54:36.905+0000] {manager.py:878} INFO - 
================================================================================
DAG File Processing Stats

File Path                            PID  Runtime      # DAGs    # Errors  Last Runtime    Last Run
---------------------------------  -----  ---------  --------  ----------  --------------  -------------------
/opt/airflow/dags/pipeline_dag.py   1741  0.01s             1           0  0.08s           2026-05-01T18:54:06
================================================================================
[2026-05-01T18:54:53.000+0000] {manager.py:737} INFO - Searching for files in /opt/airflow/dags
[2026-05-01T18:54:53.002+0000] {manager.py:740} INFO - There are 1 files in /opt/airflow/dags
[2026-05-01T18:55:07.093+0000] {manager.py:878} INFO - 
================================================================================
DAG File Processing Stats

File Path                            PID  Runtime      # DAGs    # Errors  Last Runtime    Last Run
---------------------------------  -----  ---------  --------  ----------  --------------  -------------------
/opt/airflow/dags/pipeline_dag.py   1746  0.01s             1           0  0.09s           2026-05-01T18:54:36
================================================================================
[2026-05-01T18:55:37.266+0000] {manager.py:878} INFO - 
================================================================================
DAG File Processing Stats

File Path                            PID  Runtime      # DAGs    # Errors  Last Runtime    Last Run
---------------------------------  -----  ---------  --------  ----------  --------------  -------------------
/opt/airflow/dags/pipeline_dag.py   1751  0.01s             1           0  0.07s           2026-05-01T18:55:07
================================================================================
[2026-05-01T18:56:07.423+0000] {manager.py:878} INFO - 
================================================================================
DAG File Processing Stats

File Path                            PID  Runtime      # DAGs    # Errors  Last Runtime    Last Run
---------------------------------  -----  ---------  --------  ----------  --------------  -------------------
/opt/airflow/dags/pipeline_dag.py   1756  0.00s             1           0  0.09s           2026-05-01T18:55:37
================================================================================
[2026-05-01T18:56:37.633+0000] {manager.py:878} INFO - 
================================================================================
DAG File Processing Stats

File Path                            PID  Runtime      # DAGs    # Errors  Last Runtime    Last Run
---------------------------------  -----  ---------  --------  ----------  --------------  -------------------
/opt/airflow/dags/pipeline_dag.py   1761  0.01s             1           0  0.07s           2026-05-01T18:56:07
================================================================================
[2026-05-01T18:57:07.796+0000] {manager.py:878} INFO - 
================================================================================
DAG File Processing Stats

File Path                            PID  Runtime      # DAGs    # Errors  Last Runtime    Last Run
---------------------------------  -----  ---------  --------  ----------  --------------  -------------------
/opt/airflow/dags/pipeline_dag.py   1766  0.00s             1           0  0.08s           2026-05-01T18:56:37
================================================================================
[2026-05-01T18:57:37.984+0000] {manager.py:878} INFO - 
================================================================================
DAG File Processing Stats

File Path                            PID  Runtime      # DAGs    # Errors  Last Runtime    Last Run
---------------------------------  -----  ---------  --------  ----------  --------------  -------------------
/opt/airflow/dags/pipeline_dag.py   1771  0.00s             1           0  0.08s           2026-05-01T18:57:07
================================================================================
[2026-05-01T18:58:08.148+0000] {manager.py:878} INFO - 
================================================================================
DAG File Processing Stats

File Path                            PID  Runtime      # DAGs    # Errors  Last Runtime    Last Run
---------------------------------  -----  ---------  --------  ----------  --------------  -------------------
/opt/airflow/dags/pipeline_dag.py   1776  0.00s             1           0  0.07s           2026-05-01T18:57:38
================================================================================
[2026-05-01T18:58:38.346+0000] {manager.py:878} INFO - 
================================================================================
DAG File Processing Stats

File Path                            PID  Runtime      # DAGs    # Errors  Last Runtime    Last Run
---------------------------------  -----  ---------  --------  ----------  --------------  -------------------
/opt/airflow/dags/pipeline_dag.py   1781  0.01s             1           0  0.08s           2026-05-01T18:58:08
================================================================================
[2026-05-01T18:59:08.515+0000] {manager.py:878} INFO - 
================================================================================
DAG File Processing Stats

File Path                            PID  Runtime      # DAGs    # Errors  Last Runtime    Last Run
---------------------------------  -----  ---------  --------  ----------  --------------  -------------------
/opt/airflow/dags/pipeline_dag.py   1786  0.01s             1           0  0.08s           2026-05-01T18:58:38
================================================================================
[2026-05-01T18:59:38.706+0000] {manager.py:878} INFO - 
================================================================================
DAG File Processing Stats

File Path                            PID  Runtime      # DAGs    # Errors  Last Runtime    Last Run
---------------------------------  -----  ---------  --------  ----------  --------------  -------------------
/opt/airflow/dags/pipeline_dag.py   1791  0.00s             1           0  0.08s           2026-05-01T18:59:08
================================================================================
[2026-05-01T18:59:53.787+0000] {manager.py:737} INFO - Searching for files in /opt/airflow/dags
[2026-05-01T18:59:53.789+0000] {manager.py:740} INFO - There are 1 files in /opt/airflow/dags
[2026-05-01T19:00:08.885+0000] {manager.py:878} INFO - 
================================================================================
DAG File Processing Stats

File Path                            PID  Runtime      # DAGs    # Errors  Last Runtime    Last Run
---------------------------------  -----  ---------  --------  ----------  --------------  -------------------
/opt/airflow/dags/pipeline_dag.py   1796  0.00s             1           0  0.09s           2026-05-01T18:59:38
================================================================================
[2026-05-01T19:00:39.080+0000] {manager.py:878} INFO - 
================================================================================
DAG File Processing Stats

File Path                            PID  Runtime      # DAGs    # Errors  Last Runtime    Last Run
---------------------------------  -----  ---------  --------  ----------  --------------  -------------------
/opt/airflow/dags/pipeline_dag.py   1801  0.00s             1           0  0.07s           2026-05-01T19:00:08
================================================================================
[2026-05-01T19:01:09.252+0000] {manager.py:878} INFO - 
================================================================================
DAG File Processing Stats

File Path                            PID  Runtime      # DAGs    # Errors  Last Runtime    Last Run
---------------------------------  -----  ---------  --------  ----------  --------------  -------------------
/opt/airflow/dags/pipeline_dag.py   1806  0.00s             1           0  0.08s           2026-05-01T19:00:39
================================================================================
[2026-05-01T19:01:39.449+0000] {manager.py:878} INFO - 
================================================================================
DAG File Processing Stats

File Path                            PID  Runtime      # DAGs    # Errors  Last Runtime    Last Run
---------------------------------  -----  ---------  --------  ----------  --------------  -------------------
/opt/airflow/dags/pipeline_dag.py   1811  0.01s             1           0  0.08s           2026-05-01T19:01:09
================================================================================
[2026-05-01T19:02:09.608+0000] {manager.py:878} INFO - 
================================================================================
DAG File Processing Stats

File Path                            PID  Runtime      # DAGs    # Errors  Last Runtime    Last Run
---------------------------------  -----  ---------  --------  ----------  --------------  -------------------
/opt/airflow/dags/pipeline_dag.py   1816  0.00s             1           0  0.09s           2026-05-01T19:01:39
================================================================================
[2026-05-01T19:02:39.808+0000] {manager.py:878} INFO - 
================================================================================
DAG File Processing Stats

File Path                            PID  Runtime      # DAGs    # Errors  Last Runtime    Last Run
---------------------------------  -----  ---------  --------  ----------  --------------  -------------------
/opt/airflow/dags/pipeline_dag.py   1821  0.01s             1           0  0.07s           2026-05-01T19:02:09
================================================================================
[2026-05-01T19:03:09.984+0000] {manager.py:878} INFO - 
================================================================================
DAG File Processing Stats

File Path                            PID  Runtime      # DAGs    # Errors  Last Runtime    Last Run
---------------------------------  -----  ---------  --------  ----------  --------------  -------------------
/opt/airflow/dags/pipeline_dag.py   1826  0.00s             1           0  0.09s           2026-05-01T19:02:39
================================================================================
[2026-05-01T19:03:40.197+0000] {manager.py:878} INFO - 
================================================================================
DAG File Processing Stats

File Path                            PID  Runtime      # DAGs    # Errors  Last Runtime    Last Run
---------------------------------  -----  ---------  --------  ----------  --------------  -------------------
/opt/airflow/dags/pipeline_dag.py   1831  0.00s             1           0  0.07s           2026-05-01T19:03:10
================================================================================
[2026-05-01T19:04:10.390+0000] {manager.py:878} INFO - 
================================================================================
DAG File Processing Stats

File Path                            PID  Runtime      # DAGs    # Errors  Last Runtime    Last Run
---------------------------------  -----  ---------  --------  ----------  --------------  -------------------
/opt/airflow/dags/pipeline_dag.py   1836  0.00s             1           0  0.09s           2026-05-01T19:03:40
================================================================================
[2026-05-01T19:04:40.593+0000] {manager.py:878} INFO - 
================================================================================
DAG File Processing Stats

File Path                            PID  Runtime      # DAGs    # Errors  Last Runtime    Last Run
---------------------------------  -----  ---------  --------  ----------  --------------  -------------------
/opt/airflow/dags/pipeline_dag.py   1841  0.01s             1           0  0.08s           2026-05-01T19:04:10
================================================================================
[2026-05-01T19:04:54.678+0000] {manager.py:737} INFO - Searching for files in /opt/airflow/dags
[2026-05-01T19:04:54.680+0000] {manager.py:740} INFO - There are 1 files in /opt/airflow/dags
[2026-05-01T19:05:10.787+0000] {manager.py:878} INFO - 
================================================================================
DAG File Processing Stats

File Path                            PID  Runtime      # DAGs    # Errors  Last Runtime    Last Run
---------------------------------  -----  ---------  --------  ----------  --------------  -------------------
/opt/airflow/dags/pipeline_dag.py   1846  0.00s             1           0  0.09s           2026-05-01T19:04:40
================================================================================
[2026-05-01T19:05:40.985+0000] {manager.py:878} INFO - 
================================================================================
DAG File Processing Stats

File Path                            PID  Runtime      # DAGs    # Errors  Last Runtime    Last Run
---------------------------------  -----  ---------  --------  ----------  --------------  -------------------
/opt/airflow/dags/pipeline_dag.py   1851  0.00s             1           0  0.07s           2026-05-01T19:05:10
================================================================================
[2026-05-01T19:06:11.152+0000] {manager.py:878} INFO - 
================================================================================
DAG File Processing Stats

File Path                            PID  Runtime      # DAGs    # Errors  Last Runtime    Last Run
---------------------------------  -----  ---------  --------  ----------  --------------  -------------------
/opt/airflow/dags/pipeline_dag.py   1856  0.00s             1           0  0.08s           2026-05-01T19:05:41
================================================================================
[2026-05-01T19:06:41.375+0000] {manager.py:878} INFO - 
================================================================================
DAG File Processing Stats

File Path                            PID  Runtime      # DAGs    # Errors  Last Runtime    Last Run
---------------------------------  -----  ---------  --------  ----------  --------------  -------------------
/opt/airflow/dags/pipeline_dag.py   1861  0.00s             1           0  0.08s           2026-05-01T19:06:11
================================================================================
[2026-05-01T19:07:11.548+0000] {manager.py:878} INFO - 
================================================================================
DAG File Processing Stats

File Path                            PID  Runtime      # DAGs    # Errors  Last Runtime    Last Run
---------------------------------  -----  ---------  --------  ----------  --------------  -------------------
/opt/airflow/dags/pipeline_dag.py   1866  0.00s             1           0  0.07s           2026-05-01T19:06:41
================================================================================
[2026-05-01T19:07:41.737+0000] {manager.py:878} INFO - 
================================================================================
DAG File Processing Stats

File Path                            PID  Runtime      # DAGs    # Errors  Last Runtime    Last Run
---------------------------------  -----  ---------  --------  ----------  --------------  -------------------
/opt/airflow/dags/pipeline_dag.py   1871  0.00s             1           0  0.08s           2026-05-01T19:07:11
================================================================================
[2026-05-01T19:08:11.914+0000] {manager.py:878} INFO - 
================================================================================
DAG File Processing Stats

File Path                            PID  Runtime      # DAGs    # Errors  Last Runtime    Last Run
---------------------------------  -----  ---------  --------  ----------  --------------  -------------------
/opt/airflow/dags/pipeline_dag.py   1876  0.00s             1           0  0.09s           2026-05-01T19:07:41
================================================================================
[2026-05-01T19:08:42.121+0000] {manager.py:878} INFO - 
================================================================================
DAG File Processing Stats

File Path                            PID  Runtime      # DAGs    # Errors  Last Runtime    Last Run
---------------------------------  -----  ---------  --------  ----------  --------------  -------------------
/opt/airflow/dags/pipeline_dag.py   1881  0.00s             1           0  0.08s           2026-05-01T19:08:11
================================================================================
[2026-05-01T19:09:12.309+0000] {manager.py:878} INFO - 
================================================================================
DAG File Processing Stats

File Path                            PID  Runtime      # DAGs    # Errors  Last Runtime    Last Run
---------------------------------  -----  ---------  --------  ----------  --------------  -------------------
/opt/airflow/dags/pipeline_dag.py   1886  0.00s             1           0  0.07s           2026-05-01T19:08:42
================================================================================
[2026-05-01T19:09:42.507+0000] {manager.py:878} INFO - 
================================================================================
DAG File Processing Stats

File Path                            PID  Runtime      # DAGs    # Errors  Last Runtime    Last Run
---------------------------------  -----  ---------  --------  ----------  --------------  -------------------
/opt/airflow/dags/pipeline_dag.py   1891  0.01s             1           0  0.07s           2026-05-01T19:09:12
================================================================================
[2026-05-01T19:09:55.583+0000] {manager.py:737} INFO - Searching for files in /opt/airflow/dags
[2026-05-01T19:09:55.585+0000] {manager.py:740} INFO - There are 1 files in /opt/airflow/dags
[2026-05-01T19:10:12.701+0000] {manager.py:878} INFO - 
================================================================================
DAG File Processing Stats

File Path                            PID  Runtime      # DAGs    # Errors  Last Runtime    Last Run
---------------------------------  -----  ---------  --------  ----------  --------------  -------------------
/opt/airflow/dags/pipeline_dag.py   1896  0.00s             1           0  0.09s           2026-05-01T19:09:42
================================================================================
[2026-05-01T19:10:42.899+0000] {manager.py:878} INFO - 
================================================================================
DAG File Processing Stats

File Path                            PID  Runtime      # DAGs    # Errors  Last Runtime    Last Run
---------------------------------  -----  ---------  --------  ----------  --------------  -------------------
/opt/airflow/dags/pipeline_dag.py   1901  0.00s             1           0  0.08s           2026-05-01T19:10:12
================================================================================
[2026-05-01T19:11:13.085+0000] {manager.py:878} INFO - 
================================================================================
DAG File Processing Stats

File Path                            PID  Runtime      # DAGs    # Errors  Last Runtime    Last Run
---------------------------------  -----  ---------  --------  ----------  --------------  -------------------
/opt/airflow/dags/pipeline_dag.py   1906  0.00s             1           0  0.09s           2026-05-01T19:10:42
================================================================================
[2026-05-01T19:11:43.295+0000] {manager.py:878} INFO - 
================================================================================
DAG File Processing Stats

File Path                            PID  Runtime      # DAGs    # Errors  Last Runtime    Last Run
---------------------------------  -----  ---------  --------  ----------  --------------  -------------------
/opt/airflow/dags/pipeline_dag.py   1911  0.00s             1           0  0.08s           2026-05-01T19:11:13
================================================================================
[2026-05-01T19:12:13.477+0000] {manager.py:878} INFO - 
================================================================================
DAG File Processing Stats

File Path                            PID  Runtime      # DAGs    # Errors  Last Runtime    Last Run
---------------------------------  -----  ---------  --------  ----------  --------------  -------------------
/opt/airflow/dags/pipeline_dag.py   1916  0.00s             1           0  0.09s           2026-05-01T19:11:43
================================================================================
[2026-05-01T19:12:43.689+0000] {manager.py:878} INFO - 
================================================================================
DAG File Processing Stats

File Path                            PID  Runtime      # DAGs    # Errors  Last Runtime    Last Run
---------------------------------  -----  ---------  --------  ----------  --------------  -------------------
/opt/airflow/dags/pipeline_dag.py   1921  0.00s             1           0  0.08s           2026-05-01T19:12:13
================================================================================
[2026-05-01T19:13:13.875+0000] {manager.py:878} INFO - 
================================================================================
DAG File Processing Stats

File Path                            PID  Runtime      # DAGs    # Errors  Last Runtime    Last Run
---------------------------------  -----  ---------  --------  ----------  --------------  -------------------
/opt/airflow/dags/pipeline_dag.py   1926  0.00s             1           0  0.08s           2026-05-01T19:12:43
================================================================================
[2026-05-01T19:13:44.067+0000] {manager.py:878} INFO - 
================================================================================
DAG File Processing Stats

File Path                            PID  Runtime      # DAGs    # Errors  Last Runtime    Last Run
---------------------------------  -----  ---------  --------  ----------  --------------  -------------------
/opt/airflow/dags/pipeline_dag.py   1931  0.00s             1           0  0.08s           2026-05-01T19:13:13
================================================================================
[2026-05-01T19:14:14.260+0000] {manager.py:878} INFO - 
================================================================================
DAG File Processing Stats

File Path                            PID  Runtime      # DAGs    # Errors  Last Runtime    Last Run
---------------------------------  -----  ---------  --------  ----------  --------------  -------------------
/opt/airflow/dags/pipeline_dag.py   1936  0.01s             1           0  0.09s           2026-05-01T19:13:44
================================================================================
[2026-05-01T19:14:44.464+0000] {manager.py:878} INFO - 
================================================================================
DAG File Processing Stats

File Path                            PID  Runtime      # DAGs    # Errors  Last Runtime    Last Run
---------------------------------  -----  ---------  --------  ----------  --------------  -------------------
/opt/airflow/dags/pipeline_dag.py   1941  0.00s             1           0  0.07s           2026-05-01T19:14:14
================================================================================
[2026-05-01T19:14:55.587+0000] {manager.py:737} INFO - Searching for files in /opt/airflow/dags
[2026-05-01T19:14:55.589+0000] {manager.py:740} INFO - There are 1 files in /opt/airflow/dags
[2026-05-01T19:15:14.626+0000] {manager.py:878} INFO - 
================================================================================
DAG File Processing Stats

File Path                            PID  Runtime      # DAGs    # Errors  Last Runtime    Last Run
---------------------------------  -----  ---------  --------  ----------  --------------  -------------------
/opt/airflow/dags/pipeline_dag.py   1946  0.00s             1           0  0.08s           2026-05-01T19:14:44
================================================================================
[2026-05-01T19:15:44.837+0000] {manager.py:878} INFO - 
================================================================================
DAG File Processing Stats

File Path                            PID  Runtime      # DAGs    # Errors  Last Runtime    Last Run
---------------------------------  -----  ---------  --------  ----------  --------------  -------------------
/opt/airflow/dags/pipeline_dag.py   1951  0.00s             1           0  0.08s           2026-05-01T19:15:14
================================================================================
[2026-05-01T19:16:15.015+0000] {manager.py:878} INFO - 
================================================================================
DAG File Processing Stats

File Path                            PID  Runtime      # DAGs    # Errors  Last Runtime    Last Run
---------------------------------  -----  ---------  --------  ----------  --------------  -------------------
/opt/airflow/dags/pipeline_dag.py   1956  0.00s             1           0  0.08s           2026-05-01T19:15:44
================================================================================
[2026-05-01T19:16:45.226+0000] {manager.py:878} INFO - 
================================================================================
DAG File Processing Stats

File Path                            PID  Runtime      # DAGs    # Errors  Last Runtime    Last Run
---------------------------------  -----  ---------  --------  ----------  --------------  -------------------
/opt/airflow/dags/pipeline_dag.py   1961  0.00s             1           0  0.08s           2026-05-01T19:16:15
================================================================================
[2026-05-01T19:17:15.408+0000] {manager.py:878} INFO - 
================================================================================
DAG File Processing Stats

File Path                            PID  Runtime      # DAGs    # Errors  Last Runtime    Last Run
---------------------------------  -----  ---------  --------  ----------  --------------  -------------------
/opt/airflow/dags/pipeline_dag.py   1966  0.00s             1           0  0.08s           2026-05-01T19:16:45
================================================================================
[2026-05-01T19:17:45.616+0000] {manager.py:878} INFO - 
================================================================================
DAG File Processing Stats

File Path                            PID  Runtime      # DAGs    # Errors  Last Runtime    Last Run
---------------------------------  -----  ---------  --------  ----------  --------------  -------------------
/opt/airflow/dags/pipeline_dag.py   1971  0.00s             1           0  0.07s           2026-05-01T19:17:15
================================================================================
[2026-05-01T19:18:15.790+0000] {manager.py:878} INFO - 
================================================================================
DAG File Processing Stats

File Path                            PID  Runtime      # DAGs    # Errors  Last Runtime    Last Run
---------------------------------  -----  ---------  --------  ----------  --------------  -------------------
/opt/airflow/dags/pipeline_dag.py   1976  0.00s             1           0  0.09s           2026-05-01T19:17:45
================================================================================
[2026-05-01T19:18:46.021+0000] {manager.py:878} INFO - 
================================================================================
DAG File Processing Stats

File Path                            PID  Runtime      # DAGs    # Errors  Last Runtime    Last Run
---------------------------------  -----  ---------  --------  ----------  --------------  -------------------
/opt/airflow/dags/pipeline_dag.py   1981  0.00s             1           0  0.08s           2026-05-01T19:18:15
================================================================================
[2026-05-01T19:19:16.198+0000] {manager.py:878} INFO - 
================================================================================
DAG File Processing Stats

File Path                            PID  Runtime      # DAGs    # Errors  Last Runtime    Last Run
---------------------------------  -----  ---------  --------  ----------  --------------  -------------------
/opt/airflow/dags/pipeline_dag.py   1986  0.00s             1           0  0.08s           2026-05-01T19:18:46
================================================================================
[2026-05-01T19:19:46.429+0000] {manager.py:878} INFO - 
================================================================================
DAG File Processing Stats

File Path                            PID  Runtime      # DAGs    # Errors  Last Runtime    Last Run
---------------------------------  -----  ---------  --------  ----------  --------------  -------------------
/opt/airflow/dags/pipeline_dag.py   1991  0.01s             1           0  0.07s           2026-05-01T19:19:16
================================================================================
[2026-05-01T19:19:56.488+0000] {manager.py:737} INFO - Searching for files in /opt/airflow/dags
[2026-05-01T19:19:56.490+0000] {manager.py:740} INFO - There are 1 files in /opt/airflow/dags
[2026-05-01T19:20:16.621+0000] {manager.py:878} INFO - 
================================================================================
DAG File Processing Stats

File Path                            PID  Runtime      # DAGs    # Errors  Last Runtime    Last Run
---------------------------------  -----  ---------  --------  ----------  --------------  -------------------
/opt/airflow/dags/pipeline_dag.py   1996  0.00s             1           0  0.09s           2026-05-01T19:19:46
================================================================================
[2026-05-01T19:20:46.831+0000] {manager.py:878} INFO - 
================================================================================
DAG File Processing Stats

File Path                            PID  Runtime      # DAGs    # Errors  Last Runtime    Last Run
---------------------------------  -----  ---------  --------  ----------  --------------  -------------------
/opt/airflow/dags/pipeline_dag.py   2001  0.01s             1           0  0.08s           2026-05-01T19:20:16
================================================================================
[2026-05-01T19:21:17.009+0000] {manager.py:878} INFO - 
================================================================================
DAG File Processing Stats

File Path                            PID  Runtime      # DAGs    # Errors  Last Runtime    Last Run
---------------------------------  -----  ---------  --------  ----------  --------------  -------------------
/opt/airflow/dags/pipeline_dag.py   2006  0.00s             1           0  0.09s           2026-05-01T19:20:46
================================================================================
[2026-05-01T19:21:47.219+0000] {manager.py:878} INFO - 
================================================================================
DAG File Processing Stats

File Path                            PID  Runtime      # DAGs    # Errors  Last Runtime    Last Run
---------------------------------  -----  ---------  --------  ----------  --------------  -------------------
/opt/airflow/dags/pipeline_dag.py   2011  0.01s             1           0  0.08s           2026-05-01T19:21:17
================================================================================
[2026-05-01T19:22:17.408+0000] {manager.py:878} INFO - 
================================================================================
DAG File Processing Stats

File Path                            PID  Runtime      # DAGs    # Errors  Last Runtime    Last Run
---------------------------------  -----  ---------  --------  ----------  --------------  -------------------
/opt/airflow/dags/pipeline_dag.py   2016  0.00s             1           0  0.09s           2026-05-01T19:21:47
================================================================================
[2026-05-01T19:22:47.616+0000] {manager.py:878} INFO - 
================================================================================
DAG File Processing Stats

File Path                            PID  Runtime      # DAGs    # Errors  Last Runtime    Last Run
---------------------------------  -----  ---------  --------  ----------  --------------  -------------------
/opt/airflow/dags/pipeline_dag.py   2021  0.00s             1           0  0.07s           2026-05-01T19:22:17
================================================================================
[2026-05-01T19:23:17.791+0000] {manager.py:878} INFO - 
================================================================================
DAG File Processing Stats

File Path                            PID  Runtime      # DAGs    # Errors  Last Runtime    Last Run
---------------------------------  -----  ---------  --------  ----------  --------------  -------------------
/opt/airflow/dags/pipeline_dag.py   2026  0.00s             1           0  0.08s           2026-05-01T19:22:47
================================================================================
[2026-05-01T19:23:48.012+0000] {manager.py:878} INFO - 
================================================================================
DAG File Processing Stats

File Path                            PID  Runtime      # DAGs    # Errors  Last Runtime    Last Run
---------------------------------  -----  ---------  --------  ----------  --------------  -------------------
/opt/airflow/dags/pipeline_dag.py   2031  0.00s             1           0  0.08s           2026-05-01T19:23:17
================================================================================
[2026-05-01T19:24:18.193+0000] {manager.py:878} INFO - 
================================================================================
DAG File Processing Stats

File Path                            PID  Runtime      # DAGs    # Errors  Last Runtime    Last Run
---------------------------------  -----  ---------  --------  ----------  --------------  -------------------
/opt/airflow/dags/pipeline_dag.py   2036  0.00s             1           0  0.08s           2026-05-01T19:23:48
================================================================================
[2026-05-01T19:24:48.412+0000] {manager.py:878} INFO - 
================================================================================
DAG File Processing Stats

File Path                            PID  Runtime      # DAGs    # Errors  Last Runtime    Last Run
---------------------------------  -----  ---------  --------  ----------  --------------  -------------------
/opt/airflow/dags/pipeline_dag.py   2041  0.00s             1           0  0.07s           2026-05-01T19:24:18
================================================================================
[2026-05-01T19:24:56.535+0000] {manager.py:737} INFO - Searching for files in /opt/airflow/dags
[2026-05-01T19:24:56.537+0000] {manager.py:740} INFO - There are 1 files in /opt/airflow/dags
[2026-05-01T19:25:18.589+0000] {manager.py:878} INFO - 
================================================================================
DAG File Processing Stats

File Path                            PID  Runtime      # DAGs    # Errors  Last Runtime    Last Run
---------------------------------  -----  ---------  --------  ----------  --------------  -------------------
/opt/airflow/dags/pipeline_dag.py   2046  0.00s             1           0  0.09s           2026-05-01T19:24:48
================================================================================
[2026-05-01T19:25:48.822+0000] {manager.py:878} INFO - 
================================================================================
DAG File Processing Stats

File Path                            PID  Runtime      # DAGs    # Errors  Last Runtime    Last Run
---------------------------------  -----  ---------  --------  ----------  --------------  -------------------
/opt/airflow/dags/pipeline_dag.py   2051  0.00s             1           0  0.08s           2026-05-01T19:25:18
================================================================================
[2026-05-01T19:26:19.005+0000] {manager.py:878} INFO - 
================================================================================
DAG File Processing Stats

File Path                            PID  Runtime      # DAGs    # Errors  Last Runtime    Last Run
---------------------------------  -----  ---------  --------  ----------  --------------  -------------------
/opt/airflow/dags/pipeline_dag.py   2056  0.00s             1           0  0.09s           2026-05-01T19:25:48
================================================================================
[2026-05-01T19:26:49.219+0000] {manager.py:878} INFO - 
================================================================================
DAG File Processing Stats

File Path                            PID  Runtime      # DAGs    # Errors  Last Runtime    Last Run
---------------------------------  -----  ---------  --------  ----------  --------------  -------------------
/opt/airflow/dags/pipeline_dag.py   2061  0.01s             1           0  0.07s           2026-05-01T19:26:19
================================================================================
[2026-05-01T19:27:19.407+0000] {manager.py:878} INFO - 
================================================================================
DAG File Processing Stats

File Path                            PID  Runtime      # DAGs    # Errors  Last Runtime    Last Run
---------------------------------  -----  ---------  --------  ----------  --------------  -------------------
/opt/airflow/dags/pipeline_dag.py   2066  0.00s             1           0  0.09s           2026-05-01T19:26:49
================================================================================
[2026-05-01T19:27:49.620+0000] {manager.py:878} INFO - 
================================================================================
DAG File Processing Stats

File Path                            PID  Runtime      # DAGs    # Errors  Last Runtime    Last Run
---------------------------------  -----  ---------  --------  ----------  --------------  -------------------
/opt/airflow/dags/pipeline_dag.py   2071  0.00s             1           0  0.08s           2026-05-01T19:27:19
================================================================================
[2026-05-01T19:28:19.807+0000] {manager.py:878} INFO - 
================================================================================
DAG File Processing Stats

File Path                            PID  Runtime      # DAGs    # Errors  Last Runtime    Last Run
---------------------------------  -----  ---------  --------  ----------  --------------  -------------------
/opt/airflow/dags/pipeline_dag.py   2076  0.00s             1           0  0.08s           2026-05-01T19:27:49
================================================================================
[2026-05-01T19:28:49.999+0000] {manager.py:878} INFO - 
================================================================================
DAG File Processing Stats

File Path                            PID  Runtime      # DAGs    # Errors  Last Runtime    Last Run
---------------------------------  -----  ---------  --------  ----------  --------------  -------------------
/opt/airflow/dags/pipeline_dag.py   2081  0.00s             1           0  0.08s           2026-05-01T19:28:19
================================================================================
[2026-05-01T19:29:20.198+0000] {manager.py:878} INFO - 
================================================================================
DAG File Processing Stats

File Path                            PID  Runtime      # DAGs    # Errors  Last Runtime    Last Run
---------------------------------  -----  ---------  --------  ----------  --------------  -------------------
/opt/airflow/dags/pipeline_dag.py   2086  0.01s             1           0  0.09s           2026-05-01T19:28:50
================================================================================
[2026-05-01T19:29:50.400+0000] {manager.py:878} INFO - 
================================================================================
DAG File Processing Stats

File Path                            PID  Runtime      # DAGs    # Errors  Last Runtime    Last Run
---------------------------------  -----  ---------  --------  ----------  --------------  -------------------
/opt/airflow/dags/pipeline_dag.py   2091  0.00s             1           0  0.08s           2026-05-01T19:29:20
================================================================================
[2026-05-01T19:29:57.440+0000] {manager.py:737} INFO - Searching for files in /opt/airflow/dags
[2026-05-01T19:29:57.442+0000] {manager.py:740} INFO - There are 1 files in /opt/airflow/dags
[2026-05-01T19:30:20.594+0000] {manager.py:878} INFO - 
================================================================================
DAG File Processing Stats

File Path                            PID  Runtime      # DAGs    # Errors  Last Runtime    Last Run
---------------------------------  -----  ---------  --------  ----------  --------------  -------------------
/opt/airflow/dags/pipeline_dag.py   2096  0.00s             1           0  0.08s           2026-05-01T19:29:50
================================================================================
[2026-05-01T19:30:50.783+0000] {manager.py:878} INFO - 
================================================================================
DAG File Processing Stats

File Path                            PID  Runtime      # DAGs    # Errors  Last Runtime    Last Run
---------------------------------  -----  ---------  --------  ----------  --------------  -------------------
/opt/airflow/dags/pipeline_dag.py   2101  0.00s             1           0  0.08s           2026-05-01T19:30:20
================================================================================
[2026-05-01T19:31:20.990+0000] {manager.py:878} INFO - 
================================================================================
DAG File Processing Stats

File Path                            PID  Runtime      # DAGs    # Errors  Last Runtime    Last Run
---------------------------------  -----  ---------  --------  ----------  --------------  -------------------
/opt/airflow/dags/pipeline_dag.py   2106  0.00s             1           0  0.09s           2026-05-01T19:30:50
================================================================================
[2026-05-01T19:31:51.188+0000] {manager.py:878} INFO - 
================================================================================
DAG File Processing Stats

File Path                            PID  Runtime      # DAGs    # Errors  Last Runtime    Last Run
---------------------------------  -----  ---------  --------  ----------  --------------  -------------------
/opt/airflow/dags/pipeline_dag.py   2111  0.01s             1           0  0.07s           2026-05-01T19:31:21
================================================================================
[2026-05-01T19:32:21.377+0000] {manager.py:878} INFO - 
================================================================================
DAG File Processing Stats

File Path                            PID  Runtime      # DAGs    # Errors  Last Runtime    Last Run
---------------------------------  -----  ---------  --------  ----------  --------------  -------------------
/opt/airflow/dags/pipeline_dag.py   2116  0.00s             1           0  0.08s           2026-05-01T19:31:51
================================================================================
[2026-05-01T19:32:51.585+0000] {manager.py:878} INFO - 
================================================================================
DAG File Processing Stats

File Path                            PID  Runtime      # DAGs    # Errors  Last Runtime    Last Run
---------------------------------  -----  ---------  --------  ----------  --------------  -------------------
/opt/airflow/dags/pipeline_dag.py   2121  0.01s             1           0  0.08s           2026-05-01T19:32:21
================================================================================
[2026-05-01T19:33:21.768+0000] {manager.py:878} INFO - 
================================================================================
DAG File Processing Stats

File Path                            PID  Runtime      # DAGs    # Errors  Last Runtime    Last Run
---------------------------------  -----  ---------  --------  ----------  --------------  -------------------
/opt/airflow/dags/pipeline_dag.py   2126  0.00s             1           0  0.08s           2026-05-01T19:32:51
================================================================================
[2026-05-01T19:33:51.972+0000] {manager.py:878} INFO - 
================================================================================
DAG File Processing Stats

File Path                            PID  Runtime      # DAGs    # Errors  Last Runtime    Last Run
---------------------------------  -----  ---------  --------  ----------  --------------  -------------------
/opt/airflow/dags/pipeline_dag.py   2131  0.00s             1           0  0.07s           2026-05-01T19:33:21
================================================================================
[2026-05-01T19:34:22.152+0000] {manager.py:878} INFO - 
================================================================================
DAG File Processing Stats

File Path                            PID  Runtime      # DAGs    # Errors  Last Runtime    Last Run
---------------------------------  -----  ---------  --------  ----------  --------------  -------------------
/opt/airflow/dags/pipeline_dag.py   2136  0.01s             1           0  0.09s           2026-05-01T19:33:52
================================================================================
[2026-05-01T19:34:52.385+0000] {manager.py:878} INFO - 
================================================================================
DAG File Processing Stats

File Path                            PID  Runtime      # DAGs    # Errors  Last Runtime    Last Run
---------------------------------  -----  ---------  --------  ----------  --------------  -------------------
/opt/airflow/dags/pipeline_dag.py   2141  0.00s             1           0  0.07s           2026-05-01T19:34:22
================================================================================
[2026-05-01T19:34:57.497+0000] {manager.py:737} INFO - Searching for files in /opt/airflow/dags
[2026-05-01T19:34:57.499+0000] {manager.py:740} INFO - There are 1 files in /opt/airflow/dags
[2026-05-01T19:35:22.565+0000] {manager.py:878} INFO - 
================================================================================
DAG File Processing Stats

File Path                            PID  Runtime      # DAGs    # Errors  Last Runtime    Last Run
---------------------------------  -----  ---------  --------  ----------  --------------  -------------------
/opt/airflow/dags/pipeline_dag.py   2146  0.00s             1           0  0.09s           2026-05-01T19:34:52
================================================================================
[2026-05-01T19:35:52.804+0000] {manager.py:878} INFO - 
================================================================================
DAG File Processing Stats

File Path                            PID  Runtime      # DAGs    # Errors  Last Runtime    Last Run
---------------------------------  -----  ---------  --------  ----------  --------------  -------------------
/opt/airflow/dags/pipeline_dag.py   2151  0.01s             1           0  0.07s           2026-05-01T19:35:22
================================================================================
[2026-05-01T19:36:22.979+0000] {manager.py:878} INFO - 
================================================================================
DAG File Processing Stats

File Path                            PID  Runtime      # DAGs    # Errors  Last Runtime    Last Run
---------------------------------  -----  ---------  --------  ----------  --------------  -------------------
/opt/airflow/dags/pipeline_dag.py   2156  0.00s             1           0  0.08s           2026-05-01T19:35:52
================================================================================
[2026-05-01T19:36:53.185+0000] {manager.py:878} INFO - 
================================================================================
DAG File Processing Stats

File Path                            PID  Runtime      # DAGs    # Errors  Last Runtime    Last Run
---------------------------------  -----  ---------  --------  ----------  --------------  -------------------
/opt/airflow/dags/pipeline_dag.py   2161  0.00s             1           0  0.09s           2026-05-01T19:36:23
================================================================================
[2026-05-01T19:37:23.384+0000] {manager.py:878} INFO - 
================================================================================
DAG File Processing Stats

File Path                            PID  Runtime      # DAGs    # Errors  Last Runtime    Last Run
---------------------------------  -----  ---------  --------  ----------  --------------  -------------------
/opt/airflow/dags/pipeline_dag.py   2166  0.00s             1           0  0.08s           2026-05-01T19:36:53
================================================================================
[2026-05-01T19:37:53.570+0000] {manager.py:878} INFO - 
================================================================================
DAG File Processing Stats

File Path                            PID  Runtime      # DAGs    # Errors  Last Runtime    Last Run
---------------------------------  -----  ---------  --------  ----------  --------------  -------------------
/opt/airflow/dags/pipeline_dag.py   2171  0.00s             1           0  0.07s           2026-05-01T19:37:23
================================================================================
[2026-05-01T19:38:23.759+0000] {manager.py:878} INFO - 
================================================================================
DAG File Processing Stats

File Path                            PID  Runtime      # DAGs    # Errors  Last Runtime    Last Run
---------------------------------  -----  ---------  --------  ----------  --------------  -------------------
/opt/airflow/dags/pipeline_dag.py   2176  0.00s             1           0  0.08s           2026-05-01T19:37:53
================================================================================
[2026-05-01T19:38:53.955+0000] {manager.py:878} INFO - 
================================================================================
DAG File Processing Stats

File Path                            PID  Runtime      # DAGs    # Errors  Last Runtime    Last Run
---------------------------------  -----  ---------  --------  ----------  --------------  -------------------
/opt/airflow/dags/pipeline_dag.py   2181  0.00s             1           0  0.08s           2026-05-01T19:38:23
================================================================================
[2026-05-01T19:39:24.138+0000] {manager.py:878} INFO - 
================================================================================
DAG File Processing Stats

File Path                            PID  Runtime      # DAGs    # Errors  Last Runtime    Last Run
---------------------------------  -----  ---------  --------  ----------  --------------  -------------------
/opt/airflow/dags/pipeline_dag.py   2186  0.00s             1           0  0.07s           2026-05-01T19:38:54
================================================================================
[2026-05-01T19:39:54.347+0000] {manager.py:878} INFO - 
================================================================================
DAG File Processing Stats

File Path                            PID  Runtime      # DAGs    # Errors  Last Runtime    Last Run
---------------------------------  -----  ---------  --------  ----------  --------------  -------------------
/opt/airflow/dags/pipeline_dag.py   2191  0.01s             1           0  0.07s           2026-05-01T19:39:24
================================================================================
[2026-05-01T19:39:58.383+0000] {manager.py:737} INFO - Searching for files in /opt/airflow/dags
[2026-05-01T19:39:58.384+0000] {manager.py:740} INFO - There are 1 files in /opt/airflow/dags
[2026-05-01T19:40:24.547+0000] {manager.py:878} INFO - 
================================================================================
DAG File Processing Stats

File Path                            PID  Runtime      # DAGs    # Errors  Last Runtime    Last Run
---------------------------------  -----  ---------  --------  ----------  --------------  -------------------
/opt/airflow/dags/pipeline_dag.py   2196  0.01s             1           0  0.10s           2026-05-01T19:39:54
================================================================================
[2026-05-01T19:40:54.759+0000] {manager.py:878} INFO - 
================================================================================
DAG File Processing Stats

File Path                            PID  Runtime      # DAGs    # Errors  Last Runtime    Last Run
---------------------------------  -----  ---------  --------  ----------  --------------  -------------------
/opt/airflow/dags/pipeline_dag.py   2201  0.00s             1           0  0.08s           2026-05-01T19:40:24
================================================================================
[2026-05-01T19:41:24.934+0000] {manager.py:878} INFO - 
================================================================================
DAG File Processing Stats

File Path                            PID  Runtime      # DAGs    # Errors  Last Runtime    Last Run
---------------------------------  -----  ---------  --------  ----------  --------------  -------------------
/opt/airflow/dags/pipeline_dag.py   2206  0.00s             1           0  0.08s           2026-05-01T19:40:54
================================================================================
[2026-05-01T19:41:55.151+0000] {manager.py:878} INFO - 
================================================================================
DAG File Processing Stats

File Path                            PID  Runtime      # DAGs    # Errors  Last Runtime    Last Run
---------------------------------  -----  ---------  --------  ----------  --------------  -------------------
/opt/airflow/dags/pipeline_dag.py   2211  0.00s             1           0  0.07s           2026-05-01T19:41:25
================================================================================
[2026-05-01T19:42:25.343+0000] {manager.py:878} INFO - 
================================================================================
DAG File Processing Stats

File Path                            PID  Runtime      # DAGs    # Errors  Last Runtime    Last Run
---------------------------------  -----  ---------  --------  ----------  --------------  -------------------
/opt/airflow/dags/pipeline_dag.py   2216  0.00s             1           0  0.09s           2026-05-01T19:41:55
================================================================================
[2026-05-01T19:42:55.554+0000] {manager.py:878} INFO - 
================================================================================
DAG File Processing Stats

File Path                            PID  Runtime      # DAGs    # Errors  Last Runtime    Last Run
---------------------------------  -----  ---------  --------  ----------  --------------  -------------------
/opt/airflow/dags/pipeline_dag.py   2221  0.00s             1           0  0.08s           2026-05-01T19:42:25
================================================================================
[2026-05-01T19:43:25.732+0000] {manager.py:878} INFO - 
================================================================================
DAG File Processing Stats

File Path                            PID  Runtime      # DAGs    # Errors  Last Runtime    Last Run
---------------------------------  -----  ---------  --------  ----------  --------------  -------------------
/opt/airflow/dags/pipeline_dag.py   2226  0.00s             1           0  0.08s           2026-05-01T19:42:55
================================================================================
[2026-05-01T19:43:55.931+0000] {manager.py:878} INFO - 
================================================================================
DAG File Processing Stats

File Path                            PID  Runtime      # DAGs    # Errors  Last Runtime    Last Run
---------------------------------  -----  ---------  --------  ----------  --------------  -------------------
/opt/airflow/dags/pipeline_dag.py   2231  0.00s             1           0  0.08s           2026-05-01T19:43:25
================================================================================
[2026-05-01T19:44:26.114+0000] {manager.py:878} INFO - 
================================================================================
DAG File Processing Stats

File Path                            PID  Runtime      # DAGs    # Errors  Last Runtime    Last Run
---------------------------------  -----  ---------  --------  ----------  --------------  -------------------
/opt/airflow/dags/pipeline_dag.py   2236  0.00s             1           0  0.09s           2026-05-01T19:43:56
================================================================================
[2026-05-01T19:44:56.350+0000] {manager.py:878} INFO - 
================================================================================
DAG File Processing Stats

File Path                            PID  Runtime      # DAGs    # Errors  Last Runtime    Last Run
---------------------------------  -----  ---------  --------  ----------  --------------  -------------------
/opt/airflow/dags/pipeline_dag.py   2241  0.00s             1           0  0.08s           2026-05-01T19:44:26
================================================================================
[2026-05-01T19:44:58.443+0000] {manager.py:737} INFO - Searching for files in /opt/airflow/dags
[2026-05-01T19:44:58.445+0000] {manager.py:740} INFO - There are 1 files in /opt/airflow/dags
[2026-05-01T19:45:26.527+0000] {manager.py:878} INFO - 
================================================================================
DAG File Processing Stats

File Path                            PID  Runtime      # DAGs    # Errors  Last Runtime    Last Run
---------------------------------  -----  ---------  --------  ----------  --------------  -------------------
/opt/airflow/dags/pipeline_dag.py   2246  0.00s             1           0  0.09s           2026-05-01T19:44:56
================================================================================
[2026-05-01T19:45:56.752+0000] {manager.py:878} INFO - 
================================================================================
DAG File Processing Stats

File Path                            PID  Runtime      # DAGs    # Errors  Last Runtime    Last Run
---------------------------------  -----  ---------  --------  ----------  --------------  -------------------
/opt/airflow/dags/pipeline_dag.py   2251  0.00s             1           0  0.08s           2026-05-01T19:45:26
================================================================================
[2026-05-01T19:46:26.934+0000] {manager.py:878} INFO - 
================================================================================
DAG File Processing Stats

File Path                            PID  Runtime      # DAGs    # Errors  Last Runtime    Last Run
---------------------------------  -----  ---------  --------  ----------  --------------  -------------------
/opt/airflow/dags/pipeline_dag.py   2256  0.00s             1           0  0.07s           2026-05-01T19:45:56
================================================================================
[2026-05-01T19:46:57.127+0000] {manager.py:878} INFO - 
================================================================================
DAG File Processing Stats

File Path                            PID  Runtime      # DAGs    # Errors  Last Runtime    Last Run
---------------------------------  -----  ---------  --------  ----------  --------------  -------------------
/opt/airflow/dags/pipeline_dag.py   2261  0.00s             1           0  0.08s           2026-05-01T19:46:27
================================================================================
[2026-05-01T19:47:27.312+0000] {manager.py:878} INFO - 
================================================================================
DAG File Processing Stats

File Path                            PID  Runtime      # DAGs    # Errors  Last Runtime    Last Run
---------------------------------  -----  ---------  --------  ----------  --------------  -------------------
/opt/airflow/dags/pipeline_dag.py   2266  0.00s             1           0  0.08s           2026-05-01T19:46:57
================================================================================
[2026-05-01T19:47:57.509+0000] {manager.py:878} INFO - 
================================================================================
DAG File Processing Stats

File Path                            PID  Runtime      # DAGs    # Errors  Last Runtime    Last Run
---------------------------------  -----  ---------  --------  ----------  --------------  -------------------
/opt/airflow/dags/pipeline_dag.py   2271  0.00s             1           0  0.09s           2026-05-01T19:47:27
================================================================================
[2026-05-01T19:48:27.708+0000] {manager.py:878} INFO - 
================================================================================
DAG File Processing Stats

File Path                            PID  Runtime      # DAGs    # Errors  Last Runtime    Last Run
---------------------------------  -----  ---------  --------  ----------  --------------  -------------------
/opt/airflow/dags/pipeline_dag.py   2276  0.00s             1           0  0.07s           2026-05-01T19:47:57
================================================================================
[2026-05-01T19:48:57.896+0000] {manager.py:878} INFO - 
================================================================================
DAG File Processing Stats

File Path                            PID  Runtime      # DAGs    # Errors  Last Runtime    Last Run
---------------------------------  -----  ---------  --------  ----------  --------------  -------------------
/opt/airflow/dags/pipeline_dag.py   2281  0.01s             1           0  0.07s           2026-05-01T19:48:27
================================================================================
[2026-05-01T19:49:28.079+0000] {manager.py:878} INFO - 
================================================================================
DAG File Processing Stats

File Path                            PID  Runtime      # DAGs    # Errors  Last Runtime    Last Run
---------------------------------  -----  ---------  --------  ----------  --------------  -------------------
/opt/airflow/dags/pipeline_dag.py   2286  0.00s             1           0  0.10s           2026-05-01T19:48:57
================================================================================
[2026-05-01T19:49:58.309+0000] {manager.py:878} INFO - 
================================================================================
DAG File Processing Stats

File Path                            PID  Runtime      # DAGs    # Errors  Last Runtime    Last Run
---------------------------------  -----  ---------  --------  ----------  --------------  -------------------
/opt/airflow/dags/pipeline_dag.py   2291  0.00s             1           0  0.08s           2026-05-01T19:49:28
================================================================================
[2026-05-01T19:49:59.319+0000] {manager.py:737} INFO - Searching for files in /opt/airflow/dags
[2026-05-01T19:49:59.321+0000] {manager.py:740} INFO - There are 1 files in /opt/airflow/dags
[2026-05-01T19:50:28.505+0000] {manager.py:878} INFO - 
================================================================================
DAG File Processing Stats

File Path                            PID  Runtime      # DAGs    # Errors  Last Runtime    Last Run
---------------------------------  -----  ---------  --------  ----------  --------------  -------------------
/opt/airflow/dags/pipeline_dag.py   2296  0.00s             1           0  0.08s           2026-05-01T19:49:58
================================================================================
[2026-05-01T19:50:58.695+0000] {manager.py:878} INFO - 
================================================================================
DAG File Processing Stats

File Path                            PID  Runtime      # DAGs    # Errors  Last Runtime    Last Run
---------------------------------  -----  ---------  --------  ----------  --------------  -------------------
/opt/airflow/dags/pipeline_dag.py   2301  0.00s             1           0  0.08s           2026-05-01T19:50:28
================================================================================
[2026-05-01T19:51:28.902+0000] {manager.py:878} INFO - 
================================================================================
DAG File Processing Stats

File Path                            PID  Runtime      # DAGs    # Errors  Last Runtime    Last Run
---------------------------------  -----  ---------  --------  ----------  --------------  -------------------
/opt/airflow/dags/pipeline_dag.py   2306  0.00s             1           0  0.09s           2026-05-01T19:50:58
================================================================================
[2026-05-01T19:51:59.083+0000] {manager.py:878} INFO - 
================================================================================
DAG File Processing Stats

File Path                            PID  Runtime      # DAGs    # Errors  Last Runtime    Last Run
---------------------------------  -----  ---------  --------  ----------  --------------  -------------------
/opt/airflow/dags/pipeline_dag.py   2311  0.00s             1           0  0.08s           2026-05-01T19:51:28
================================================================================
[2026-05-01T19:52:29.291+0000] {manager.py:878} INFO - 
================================================================================
DAG File Processing Stats

File Path                            PID  Runtime      # DAGs    # Errors  Last Runtime    Last Run
---------------------------------  -----  ---------  --------  ----------  --------------  -------------------
/opt/airflow/dags/pipeline_dag.py   2316  0.00s             1           0  0.08s           2026-05-01T19:51:59
================================================================================
[2026-05-01T19:52:59.489+0000] {manager.py:878} INFO - 
================================================================================
DAG File Processing Stats

File Path                            PID  Runtime      # DAGs    # Errors  Last Runtime    Last Run
---------------------------------  -----  ---------  --------  ----------  --------------  -------------------
/opt/airflow/dags/pipeline_dag.py   2321  0.00s             1           0  0.08s           2026-05-01T19:52:29
================================================================================
[2026-05-01T19:53:29.694+0000] {manager.py:878} INFO - 
================================================================================
DAG File Processing Stats

File Path                            PID  Runtime      # DAGs    # Errors  Last Runtime    Last Run
---------------------------------  -----  ---------  --------  ----------  --------------  -------------------
/opt/airflow/dags/pipeline_dag.py   2326  0.00s             1           0  0.11s           2026-05-01T19:52:59
================================================================================
[2026-05-01T19:53:59.901+0000] {manager.py:878} INFO - 
================================================================================
DAG File Processing Stats

File Path                            PID  Runtime      # DAGs    # Errors  Last Runtime    Last Run
---------------------------------  -----  ---------  --------  ----------  --------------  -------------------
/opt/airflow/dags/pipeline_dag.py   2331  0.01s             1           0  0.07s           2026-05-01T19:53:29
================================================================================
[2026-05-01T19:54:30.076+0000] {manager.py:878} INFO - 
================================================================================
DAG File Processing Stats

File Path                            PID  Runtime      # DAGs    # Errors  Last Runtime    Last Run
---------------------------------  -----  ---------  --------  ----------  --------------  -------------------
/opt/airflow/dags/pipeline_dag.py   2336  0.00s             1           0  0.09s           2026-05-01T19:53:59
================================================================================
[2026-05-01T19:55:00.297+0000] {manager.py:737} INFO - Searching for files in /opt/airflow/dags
[2026-05-01T19:55:00.298+0000] {manager.py:740} INFO - There are 1 files in /opt/airflow/dags
[2026-05-01T19:55:00.312+0000] {manager.py:878} INFO - 
================================================================================
DAG File Processing Stats

File Path                            PID  Runtime      # DAGs    # Errors  Last Runtime    Last Run
---------------------------------  -----  ---------  --------  ----------  --------------  -------------------
/opt/airflow/dags/pipeline_dag.py   2341  0.00s             1           0  0.07s           2026-05-01T19:54:30
================================================================================
[2026-05-01T19:55:30.491+0000] {manager.py:878} INFO - 
================================================================================
DAG File Processing Stats

File Path                            PID  Runtime      # DAGs    # Errors  Last Runtime    Last Run
---------------------------------  -----  ---------  --------  ----------  --------------  -------------------
/opt/airflow/dags/pipeline_dag.py   2346  0.00s             1           0  0.07s           2026-05-01T19:55:00
================================================================================
[2026-05-01T19:56:00.678+0000] {manager.py:878} INFO - 
================================================================================
DAG File Processing Stats

File Path                            PID  Runtime      # DAGs    # Errors  Last Runtime    Last Run
---------------------------------  -----  ---------  --------  ----------  --------------  -------------------
/opt/airflow/dags/pipeline_dag.py   2351  0.00s             1           0  0.08s           2026-05-01T19:55:30
================================================================================
[2026-05-01T19:56:30.879+0000] {manager.py:878} INFO - 
================================================================================
DAG File Processing Stats

File Path                            PID  Runtime      # DAGs    # Errors  Last Runtime    Last Run
---------------------------------  -----  ---------  --------  ----------  --------------  -------------------
/opt/airflow/dags/pipeline_dag.py   2356  0.00s             1           0  0.09s           2026-05-01T19:56:00
================================================================================
[2026-05-01T19:57:01.066+0000] {manager.py:878} INFO - 
================================================================================
DAG File Processing Stats

File Path                            PID  Runtime      # DAGs    # Errors  Last Runtime    Last Run
---------------------------------  -----  ---------  --------  ----------  --------------  -------------------
/opt/airflow/dags/pipeline_dag.py   2361  0.00s             1           0  0.07s           2026-05-01T19:56:30
================================================================================
[2026-05-01T19:57:31.264+0000] {manager.py:878} INFO - 
================================================================================
DAG File Processing Stats

File Path                            PID  Runtime      # DAGs    # Errors  Last Runtime    Last Run
---------------------------------  -----  ---------  --------  ----------  --------------  -------------------
/opt/airflow/dags/pipeline_dag.py   2366  0.00s             1           0  0.08s           2026-05-01T19:57:01
================================================================================
[2026-05-01T19:58:01.470+0000] {manager.py:878} INFO - 
================================================================================
DAG File Processing Stats

File Path                            PID  Runtime      # DAGs    # Errors  Last Runtime    Last Run
---------------------------------  -----  ---------  --------  ----------  --------------  -------------------
/opt/airflow/dags/pipeline_dag.py   2371  0.00s             1           0  0.09s           2026-05-01T19:57:31
================================================================================
[2026-05-01T19:58:31.664+0000] {manager.py:878} INFO - 
================================================================================
DAG File Processing Stats

File Path                            PID  Runtime      # DAGs    # Errors  Last Runtime    Last Run
---------------------------------  -----  ---------  --------  ----------  --------------  -------------------
/opt/airflow/dags/pipeline_dag.py   2376  0.00s             1           0  0.09s           2026-05-01T19:58:01
================================================================================
[2026-05-01T19:59:01.872+0000] {manager.py:878} INFO - 
================================================================================
DAG File Processing Stats

File Path                            PID  Runtime      # DAGs    # Errors  Last Runtime    Last Run
---------------------------------  -----  ---------  --------  ----------  --------------  -------------------
/opt/airflow/dags/pipeline_dag.py   2381  0.00s             1           0  0.09s           2026-05-01T19:58:31
================================================================================
[2026-05-01T19:59:32.047+0000] {manager.py:878} INFO - 
================================================================================
DAG File Processing Stats

File Path                            PID  Runtime      # DAGs    # Errors  Last Runtime    Last Run
---------------------------------  -----  ---------  --------  ----------  --------------  -------------------
/opt/airflow/dags/pipeline_dag.py   2386  0.00s             1           0  0.09s           2026-05-01T19:59:01
================================================================================
[2026-05-01T20:00:01.220+0000] {manager.py:737} INFO - Searching for files in /opt/airflow/dags
[2026-05-01T20:00:01.222+0000] {manager.py:740} INFO - There are 1 files in /opt/airflow/dags
[2026-05-01T20:00:02.237+0000] {manager.py:878} INFO - 
================================================================================
DAG File Processing Stats

File Path                            PID  Runtime      # DAGs    # Errors  Last Runtime    Last Run
---------------------------------  -----  ---------  --------  ----------  --------------  -------------------
/opt/airflow/dags/pipeline_dag.py   2391  0.00s             1           0  0.07s           2026-05-01T19:59:32
================================================================================
[2026-05-01T20:00:32.428+0000] {manager.py:878} INFO - 
================================================================================
DAG File Processing Stats

File Path                            PID  Runtime      # DAGs    # Errors  Last Runtime    Last Run
---------------------------------  -----  ---------  --------  ----------  --------------  -------------------
/opt/airflow/dags/pipeline_dag.py   2396  0.01s             1           0  0.08s           2026-05-01T20:00:02
================================================================================
[2026-05-01T20:01:02.636+0000] {manager.py:878} INFO - 
================================================================================
DAG File Processing Stats

File Path                            PID  Runtime      # DAGs    # Errors  Last Runtime    Last Run
---------------------------------  -----  ---------  --------  ----------  --------------  -------------------
/opt/airflow/dags/pipeline_dag.py   2401  0.01s             1           0  0.13s           2026-05-01T20:00:32
================================================================================
[2026-05-01T20:01:32.866+0000] {manager.py:878} INFO - 
================================================================================
DAG File Processing Stats

File Path                            PID  Runtime      # DAGs    # Errors  Last Runtime    Last Run
---------------------------------  -----  ---------  --------  ----------  --------------  -------------------
/opt/airflow/dags/pipeline_dag.py   2406  0.01s             1           0  0.15s           2026-05-01T20:01:02
================================================================================
[2026-05-01T20:02:03.120+0000] {manager.py:878} INFO - 
================================================================================
DAG File Processing Stats

File Path                            PID  Runtime      # DAGs    # Errors  Last Runtime    Last Run
---------------------------------  -----  ---------  --------  ----------  --------------  -------------------
/opt/airflow/dags/pipeline_dag.py   2411  0.01s             1           0  0.14s           2026-05-01T20:01:32
================================================================================
[2026-05-01T20:02:33.337+0000] {manager.py:878} INFO - 
================================================================================
DAG File Processing Stats

File Path                            PID  Runtime      # DAGs    # Errors  Last Runtime    Last Run
---------------------------------  -----  ---------  --------  ----------  --------------  -------------------
/opt/airflow/dags/pipeline_dag.py   2416  0.01s             1           0  0.16s           2026-05-01T20:02:03
================================================================================
[2026-05-01T20:03:03.620+0000] {manager.py:878} INFO - 
================================================================================
DAG File Processing Stats

File Path                            PID  Runtime      # DAGs    # Errors  Last Runtime    Last Run
---------------------------------  -----  ---------  --------  ----------  --------------  -------------------
/opt/airflow/dags/pipeline_dag.py   2421  0.01s             1           0  0.14s           2026-05-01T20:02:33
================================================================================
[2026-05-01T20:03:33.810+0000] {manager.py:878} INFO - 
================================================================================
DAG File Processing Stats

File Path                            PID  Runtime      # DAGs    # Errors  Last Runtime    Last Run
---------------------------------  -----  ---------  --------  ----------  --------------  -------------------
/opt/airflow/dags/pipeline_dag.py   2426  0.01s             1           0  0.17s           2026-05-01T20:03:03
================================================================================
[2026-05-01T20:04:04.118+0000] {manager.py:878} INFO - 
================================================================================
DAG File Processing Stats

File Path                            PID  Runtime      # DAGs    # Errors  Last Runtime    Last Run
---------------------------------  -----  ---------  --------  ----------  --------------  -------------------
/opt/airflow/dags/pipeline_dag.py   2431  0.01s             1           0  0.15s           2026-05-01T20:03:33
================================================================================
[2026-05-01T20:04:34.308+0000] {manager.py:878} INFO - 
================================================================================
DAG File Processing Stats

File Path                            PID  Runtime      # DAGs    # Errors  Last Runtime    Last Run
---------------------------------  -----  ---------  --------  ----------  --------------  -------------------
/opt/airflow/dags/pipeline_dag.py   2436  0.01s             1           0  0.15s           2026-05-01T20:04:04
================================================================================
[2026-05-01T20:05:01.589+0000] {manager.py:737} INFO - Searching for files in /opt/airflow/dags
[2026-05-01T20:05:01.591+0000] {manager.py:740} INFO - There are 1 files in /opt/airflow/dags
[2026-05-01T20:05:04.628+0000] {manager.py:878} INFO - 
================================================================================
DAG File Processing Stats

File Path                            PID  Runtime      # DAGs    # Errors  Last Runtime    Last Run
---------------------------------  -----  ---------  --------  ----------  --------------  -------------------
/opt/airflow/dags/pipeline_dag.py   2441  0.01s             1           0  0.15s           2026-05-01T20:04:34
================================================================================
[2026-05-01T20:05:34.823+0000] {manager.py:878} INFO - 
================================================================================
DAG File Processing Stats

File Path                            PID  Runtime      # DAGs    # Errors  Last Runtime    Last Run
---------------------------------  -----  ---------  --------  ----------  --------------  -------------------
/opt/airflow/dags/pipeline_dag.py   2446  0.01s             1           0  0.16s           2026-05-01T20:05:04
================================================================================
[2026-05-01T20:06:05.115+0000] {manager.py:878} INFO - 
================================================================================
DAG File Processing Stats

File Path                            PID  Runtime      # DAGs    # Errors  Last Runtime    Last Run
---------------------------------  -----  ---------  --------  ----------  --------------  -------------------
/opt/airflow/dags/pipeline_dag.py   2451  0.01s             1           0  0.14s           2026-05-01T20:05:34
================================================================================
[2026-05-01T20:06:35.318+0000] {manager.py:878} INFO - 
================================================================================
DAG File Processing Stats

File Path                            PID  Runtime      # DAGs    # Errors  Last Runtime    Last Run
---------------------------------  -----  ---------  --------  ----------  --------------  -------------------
/opt/airflow/dags/pipeline_dag.py   2456  0.01s             1           0  0.15s           2026-05-01T20:06:05
================================================================================
[2026-05-01T20:07:05.611+0000] {manager.py:878} INFO - 
================================================================================
DAG File Processing Stats

File Path                            PID  Runtime      # DAGs    # Errors  Last Runtime    Last Run
---------------------------------  -----  ---------  --------  ----------  --------------  -------------------
/opt/airflow/dags/pipeline_dag.py   2461  0.01s             1           0  0.14s           2026-05-01T20:06:35
================================================================================
[2026-05-01T20:07:35.807+0000] {manager.py:878} INFO - 
================================================================================
DAG File Processing Stats

File Path                            PID  Runtime      # DAGs    # Errors  Last Runtime    Last Run
---------------------------------  -----  ---------  --------  ----------  --------------  -------------------
/opt/airflow/dags/pipeline_dag.py   2466  0.01s             1           0  0.15s           2026-05-01T20:07:05
================================================================================
[2026-05-01T20:08:06.083+0000] {manager.py:878} INFO - 
================================================================================
DAG File Processing Stats

File Path                            PID  Runtime      # DAGs    # Errors  Last Runtime    Last Run
---------------------------------  -----  ---------  --------  ----------  --------------  -------------------
/opt/airflow/dags/pipeline_dag.py   2471  0.01s             1           0  0.14s           2026-05-01T20:07:35
================================================================================
[2026-05-01T20:08:36.260+0000] {manager.py:878} INFO - 
================================================================================
DAG File Processing Stats

File Path                            PID  Runtime      # DAGs    # Errors  Last Runtime    Last Run
---------------------------------  -----  ---------  --------  ----------  --------------  -------------------
/opt/airflow/dags/pipeline_dag.py   2476  0.01s             1           0  0.14s           2026-05-01T20:08:06
================================================================================
[2026-05-01T20:09:06.532+0000] {manager.py:878} INFO - 
================================================================================
DAG File Processing Stats

File Path                            PID  Runtime      # DAGs    # Errors  Last Runtime    Last Run
---------------------------------  -----  ---------  --------  ----------  --------------  -------------------
/opt/airflow/dags/pipeline_dag.py   2481  0.01s             1           0  0.14s           2026-05-01T20:08:36
================================================================================
[2026-05-01T20:09:36.736+0000] {manager.py:878} INFO - 
================================================================================
DAG File Processing Stats

File Path                            PID  Runtime      # DAGs    # Errors  Last Runtime    Last Run
---------------------------------  -----  ---------  --------  ----------  --------------  -------------------
/opt/airflow/dags/pipeline_dag.py   2486  0.01s             1           0  0.15s           2026-05-01T20:09:06
================================================================================
[2026-05-01T20:10:01.981+0000] {manager.py:737} INFO - Searching for files in /opt/airflow/dags
[2026-05-01T20:10:01.982+0000] {manager.py:740} INFO - There are 1 files in /opt/airflow/dags
[2026-05-01T20:10:07.033+0000] {manager.py:878} INFO - 
================================================================================
DAG File Processing Stats

File Path                            PID  Runtime      # DAGs    # Errors  Last Runtime    Last Run
---------------------------------  -----  ---------  --------  ----------  --------------  -------------------
/opt/airflow/dags/pipeline_dag.py   2491  0.01s             1           0  0.15s           2026-05-01T20:09:36
================================================================================
[2026-05-01T20:10:37.231+0000] {manager.py:878} INFO - 
================================================================================
DAG File Processing Stats

File Path                            PID  Runtime      # DAGs    # Errors  Last Runtime    Last Run
---------------------------------  -----  ---------  --------  ----------  --------------  -------------------
/opt/airflow/dags/pipeline_dag.py   2496  0.01s             1           0  0.14s           2026-05-01T20:10:07
================================================================================
[2026-05-01T20:11:07.531+0000] {manager.py:878} INFO - 
================================================================================
DAG File Processing Stats

File Path                            PID  Runtime      # DAGs    # Errors  Last Runtime    Last Run
---------------------------------  -----  ---------  --------  ----------  --------------  -------------------
/opt/airflow/dags/pipeline_dag.py   2501  0.01s             1           0  0.14s           2026-05-01T20:10:37
================================================================================
[2026-05-01T20:11:37.717+0000] {manager.py:878} INFO - 
================================================================================
DAG File Processing Stats

File Path                            PID  Runtime      # DAGs    # Errors  Last Runtime    Last Run
---------------------------------  -----  ---------  --------  ----------  --------------  -------------------
/opt/airflow/dags/pipeline_dag.py   2506  0.01s             1           0  0.14s           2026-05-01T20:11:07
================================================================================
[2026-05-01T20:12:08.015+0000] {manager.py:878} INFO - 
================================================================================
DAG File Processing Stats

File Path                            PID  Runtime      # DAGs    # Errors  Last Runtime    Last Run
---------------------------------  -----  ---------  --------  ----------  --------------  -------------------
/opt/airflow/dags/pipeline_dag.py   2511  0.01s             1           0  0.15s           2026-05-01T20:11:37
================================================================================
[2026-05-01T20:12:38.215+0000] {manager.py:878} INFO - 
================================================================================
DAG File Processing Stats

File Path                            PID  Runtime      # DAGs    # Errors  Last Runtime    Last Run
---------------------------------  -----  ---------  --------  ----------  --------------  -------------------
/opt/airflow/dags/pipeline_dag.py   2516  0.01s             1           0  0.15s           2026-05-01T20:12:08
================================================================================
[2026-05-01T20:13:08.504+0000] {manager.py:878} INFO - 
================================================================================
DAG File Processing Stats

File Path                            PID  Runtime      # DAGs    # Errors  Last Runtime    Last Run
---------------------------------  -----  ---------  --------  ----------  --------------  -------------------
/opt/airflow/dags/pipeline_dag.py   2521  0.01s             1           0  0.14s           2026-05-01T20:12:38
================================================================================
[2026-05-01T20:13:38.688+0000] {manager.py:878} INFO - 
================================================================================
DAG File Processing Stats

File Path                            PID  Runtime      # DAGs    # Errors  Last Runtime    Last Run
---------------------------------  -----  ---------  --------  ----------  --------------  -------------------
/opt/airflow/dags/pipeline_dag.py   2526  0.01s             1           0  0.15s           2026-05-01T20:13:08
================================================================================
[2026-05-01T20:14:09.000+0000] {manager.py:878} INFO - 
================================================================================
DAG File Processing Stats

File Path                            PID  Runtime      # DAGs    # Errors  Last Runtime    Last Run
---------------------------------  -----  ---------  --------  ----------  --------------  -------------------
/opt/airflow/dags/pipeline_dag.py   2531  0.01s             1           0  0.15s           2026-05-01T20:13:38
================================================================================
[2026-05-01T20:14:39.184+0000] {manager.py:878} INFO - 
================================================================================
DAG File Processing Stats

File Path                            PID  Runtime      # DAGs    # Errors  Last Runtime    Last Run
---------------------------------  -----  ---------  --------  ----------  --------------  -------------------
/opt/airflow/dags/pipeline_dag.py   2536  0.01s             1           0  0.15s           2026-05-01T20:14:09
================================================================================
[2026-05-01T20:15:02.442+0000] {manager.py:737} INFO - Searching for files in /opt/airflow/dags
[2026-05-01T20:15:02.444+0000] {manager.py:740} INFO - There are 1 files in /opt/airflow/dags
[2026-05-01T20:15:09.503+0000] {manager.py:878} INFO - 
================================================================================
DAG File Processing Stats

File Path                            PID  Runtime      # DAGs    # Errors  Last Runtime    Last Run
---------------------------------  -----  ---------  --------  ----------  --------------  -------------------
/opt/airflow/dags/pipeline_dag.py   2541  0.01s             1           0  0.14s           2026-05-01T20:14:39
================================================================================
[2026-05-01T21:33:44.721+0000] {manager.py:737} INFO - Searching for files in /opt/airflow/dags
[2026-05-01T21:33:44.723+0000] {manager.py:740} INFO - There are 1 files in /opt/airflow/dags
[2026-05-01T21:33:50.782+0000] {manager.py:878} INFO - 
================================================================================
DAG File Processing Stats

File Path                          PID    Runtime      # DAGs    # Errors  Last Runtime    Last Run
---------------------------------  -----  ---------  --------  ----------  --------------  -------------------
/opt/airflow/dags/pipeline_dag.py                           1           0  0.19s           2026-05-01T21:33:44
================================================================================
[2026-05-01T21:34:21.105+0000] {manager.py:878} INFO - 
================================================================================
DAG File Processing Stats

File Path                          PID    Runtime      # DAGs    # Errors  Last Runtime    Last Run
---------------------------------  -----  ---------  --------  ----------  --------------  -------------------
/opt/airflow/dags/pipeline_dag.py                           1           0  0.15s           2026-05-01T21:34:15
================================================================================
[2026-05-01T21:34:51.405+0000] {manager.py:878} INFO - 
================================================================================
DAG File Processing Stats

File Path                          PID    Runtime      # DAGs    # Errors  Last Runtime    Last Run
---------------------------------  -----  ---------  --------  ----------  --------------  -------------------
/opt/airflow/dags/pipeline_dag.py                           1           0  0.15s           2026-05-01T21:34:45
================================================================================
[2026-05-01T21:35:21.612+0000] {manager.py:878} INFO - 
================================================================================
DAG File Processing Stats

File Path                          PID    Runtime      # DAGs    # Errors  Last Runtime    Last Run
---------------------------------  -----  ---------  --------  ----------  --------------  -------------------
/opt/airflow/dags/pipeline_dag.py                           1           0  0.21s           2026-05-01T21:35:15
================================================================================
[2026-05-01T21:35:51.965+0000] {manager.py:878} INFO - 
================================================================================
DAG File Processing Stats

File Path                          PID    Runtime      # DAGs    # Errors  Last Runtime    Last Run
---------------------------------  -----  ---------  --------  ----------  --------------  -------------------
/opt/airflow/dags/pipeline_dag.py                           1           0  0.19s           2026-05-01T21:35:46
================================================================================
[2026-05-01T21:36:22.314+0000] {manager.py:878} INFO - 
================================================================================
DAG File Processing Stats

File Path                          PID    Runtime      # DAGs    # Errors  Last Runtime    Last Run
---------------------------------  -----  ---------  --------  ----------  --------------  -------------------
/opt/airflow/dags/pipeline_dag.py                           1           0  0.20s           2026-05-01T21:36:16
================================================================================
[2026-05-01T21:36:52.695+0000] {manager.py:878} INFO - 
================================================================================
DAG File Processing Stats

File Path                          PID    Runtime      # DAGs    # Errors  Last Runtime    Last Run
---------------------------------  -----  ---------  --------  ----------  --------------  -------------------
/opt/airflow/dags/pipeline_dag.py                           1           0  0.21s           2026-05-01T21:36:46
================================================================================
[2026-05-01T21:37:23.059+0000] {manager.py:878} INFO - 
================================================================================
DAG File Processing Stats

File Path                          PID    Runtime      # DAGs    # Errors  Last Runtime    Last Run
---------------------------------  -----  ---------  --------  ----------  --------------  -------------------
/opt/airflow/dags/pipeline_dag.py                           1           0  0.19s           2026-05-01T21:37:17
================================================================================
[2026-05-01T21:37:53.428+0000] {manager.py:878} INFO - 
================================================================================
DAG File Processing Stats

File Path                          PID    Runtime      # DAGs    # Errors  Last Runtime    Last Run
---------------------------------  -----  ---------  --------  ----------  --------------  -------------------
/opt/airflow/dags/pipeline_dag.py                           1           0  0.20s           2026-05-01T21:37:47
================================================================================
[2026-05-01T21:38:23.783+0000] {manager.py:878} INFO - 
================================================================================
DAG File Processing Stats

File Path                          PID    Runtime      # DAGs    # Errors  Last Runtime    Last Run
---------------------------------  -----  ---------  --------  ----------  --------------  -------------------
/opt/airflow/dags/pipeline_dag.py                           1           0  0.20s           2026-05-01T21:38:17
================================================================================
[2026-05-01T21:38:44.901+0000] {manager.py:737} INFO - Searching for files in /opt/airflow/dags
[2026-05-01T21:38:44.904+0000] {manager.py:740} INFO - There are 1 files in /opt/airflow/dags
[2026-05-01T21:38:54.133+0000] {manager.py:878} INFO - 
================================================================================
DAG File Processing Stats

File Path                          PID    Runtime      # DAGs    # Errors  Last Runtime    Last Run
---------------------------------  -----  ---------  --------  ----------  --------------  -------------------
/opt/airflow/dags/pipeline_dag.py                           1           0  0.18s           2026-05-01T21:38:48
================================================================================
[2026-05-01T21:39:24.319+0000] {manager.py:878} INFO - 
================================================================================
DAG File Processing Stats

File Path                          PID    Runtime      # DAGs    # Errors  Last Runtime    Last Run
---------------------------------  -----  ---------  --------  ----------  --------------  -------------------
/opt/airflow/dags/pipeline_dag.py                           1           0  0.19s           2026-05-01T21:39:18
================================================================================
[2026-05-01T21:39:54.663+0000] {manager.py:878} INFO - 
================================================================================
DAG File Processing Stats

File Path                          PID    Runtime      # DAGs    # Errors  Last Runtime    Last Run
---------------------------------  -----  ---------  --------  ----------  --------------  -------------------
/opt/airflow/dags/pipeline_dag.py                           1           0  0.19s           2026-05-01T21:39:48
================================================================================
[2026-05-01T21:40:25.015+0000] {manager.py:878} INFO - 
================================================================================
DAG File Processing Stats

File Path                          PID    Runtime      # DAGs    # Errors  Last Runtime    Last Run
---------------------------------  -----  ---------  --------  ----------  --------------  -------------------
/opt/airflow/dags/pipeline_dag.py                           1           0  0.18s           2026-05-01T21:40:19
================================================================================
[2026-05-01T21:40:55.345+0000] {manager.py:878} INFO - 
================================================================================
DAG File Processing Stats

File Path                          PID    Runtime      # DAGs    # Errors  Last Runtime    Last Run
---------------------------------  -----  ---------  --------  ----------  --------------  -------------------
/opt/airflow/dags/pipeline_dag.py                           1           0  0.19s           2026-05-01T21:40:49
================================================================================
[2026-05-01T21:41:25.540+0000] {manager.py:878} INFO - 
================================================================================
DAG File Processing Stats

File Path                          PID    Runtime      # DAGs    # Errors  Last Runtime    Last Run
---------------------------------  -----  ---------  --------  ----------  --------------  -------------------
/opt/airflow/dags/pipeline_dag.py                           1           0  0.19s           2026-05-01T21:41:19
================================================================================
[2026-05-01T21:41:55.867+0000] {manager.py:878} INFO - 
================================================================================
DAG File Processing Stats

File Path                          PID    Runtime      # DAGs    # Errors  Last Runtime    Last Run
---------------------------------  -----  ---------  --------  ----------  --------------  -------------------
/opt/airflow/dags/pipeline_dag.py                           1           0  0.20s           2026-05-01T21:41:50
================================================================================
[2026-05-01T21:42:26.206+0000] {manager.py:878} INFO - 
================================================================================
DAG File Processing Stats

File Path                          PID    Runtime      # DAGs    # Errors  Last Runtime    Last Run
---------------------------------  -----  ---------  --------  ----------  --------------  -------------------
/opt/airflow/dags/pipeline_dag.py                           1           0  0.18s           2026-05-01T21:42:20
================================================================================
[2026-05-01T21:42:56.550+0000] {manager.py:878} INFO - 
================================================================================
DAG File Processing Stats

File Path                          PID    Runtime      # DAGs    # Errors  Last Runtime    Last Run
---------------------------------  -----  ---------  --------  ----------  --------------  -------------------
/opt/airflow/dags/pipeline_dag.py                           1           0  0.22s           2026-05-01T21:42:50
================================================================================
[2026-05-01T21:43:26.910+0000] {manager.py:878} INFO - 
================================================================================
DAG File Processing Stats

File Path                          PID    Runtime      # DAGs    # Errors  Last Runtime    Last Run
---------------------------------  -----  ---------  --------  ----------  --------------  -------------------
/opt/airflow/dags/pipeline_dag.py                           1           0  0.18s           2026-05-01T21:43:21
================================================================================
[2026-05-01T21:43:45.009+0000] {manager.py:737} INFO - Searching for files in /opt/airflow/dags
[2026-05-01T21:43:45.011+0000] {manager.py:740} INFO - There are 1 files in /opt/airflow/dags
[2026-05-01T21:43:57.242+0000] {manager.py:878} INFO - 
================================================================================
DAG File Processing Stats

File Path                          PID    Runtime      # DAGs    # Errors  Last Runtime    Last Run
---------------------------------  -----  ---------  --------  ----------  --------------  -------------------
/opt/airflow/dags/pipeline_dag.py                           1           0  0.20s           2026-05-01T21:43:51
================================================================================
[2026-05-01T21:44:27.445+0000] {manager.py:878} INFO - 
================================================================================
DAG File Processing Stats

File Path                          PID    Runtime      # DAGs    # Errors  Last Runtime    Last Run
---------------------------------  -----  ---------  --------  ----------  --------------  -------------------
/opt/airflow/dags/pipeline_dag.py                           1           0  0.20s           2026-05-01T21:44:21
================================================================================
[2026-05-01T21:44:57.768+0000] {manager.py:878} INFO - 
================================================================================
DAG File Processing Stats

File Path                          PID    Runtime      # DAGs    # Errors  Last Runtime    Last Run
---------------------------------  -----  ---------  --------  ----------  --------------  -------------------
/opt/airflow/dags/pipeline_dag.py                           1           0  0.20s           2026-05-01T21:44:51
================================================================================
[2026-05-01T21:45:28.124+0000] {manager.py:878} INFO - 
================================================================================
DAG File Processing Stats

File Path                          PID    Runtime      # DAGs    # Errors  Last Runtime    Last Run
---------------------------------  -----  ---------  --------  ----------  --------------  -------------------
/opt/airflow/dags/pipeline_dag.py                           1           0  0.24s           2026-05-01T21:45:22
================================================================================
[2026-05-01T21:45:58.526+0000] {manager.py:878} INFO - 
================================================================================
DAG File Processing Stats

File Path                          PID    Runtime      # DAGs    # Errors  Last Runtime    Last Run
---------------------------------  -----  ---------  --------  ----------  --------------  -------------------
/opt/airflow/dags/pipeline_dag.py                           1           0  0.19s           2026-05-01T21:45:52
================================================================================
[2026-05-01T21:46:28.863+0000] {manager.py:878} INFO - 
================================================================================
DAG File Processing Stats

File Path                          PID    Runtime      # DAGs    # Errors  Last Runtime    Last Run
---------------------------------  -----  ---------  --------  ----------  --------------  -------------------
/opt/airflow/dags/pipeline_dag.py                           1           0  0.19s           2026-05-01T21:46:23
================================================================================
[2026-05-01T21:46:59.204+0000] {manager.py:878} INFO - 
================================================================================
DAG File Processing Stats

File Path                          PID    Runtime      # DAGs    # Errors  Last Runtime    Last Run
---------------------------------  -----  ---------  --------  ----------  --------------  -------------------
/opt/airflow/dags/pipeline_dag.py                           1           0  0.22s           2026-05-01T21:46:53
================================================================================
[2026-05-01T21:47:29.575+0000] {manager.py:878} INFO - 
================================================================================
DAG File Processing Stats

File Path                          PID    Runtime      # DAGs    # Errors  Last Runtime    Last Run
---------------------------------  -----  ---------  --------  ----------  --------------  -------------------
/opt/airflow/dags/pipeline_dag.py                           1           0  0.20s           2026-05-01T21:47:23
================================================================================
[2026-05-01T21:47:59.935+0000] {manager.py:878} INFO - 
================================================================================
DAG File Processing Stats

File Path                          PID    Runtime      # DAGs    # Errors  Last Runtime    Last Run
---------------------------------  -----  ---------  --------  ----------  --------------  -------------------
/opt/airflow/dags/pipeline_dag.py                           1           0  0.19s           2026-05-01T21:47:54
================================================================================
[2026-05-01T21:48:30.283+0000] {manager.py:878} INFO - 
================================================================================
DAG File Processing Stats

File Path                          PID    Runtime      # DAGs    # Errors  Last Runtime    Last Run
---------------------------------  -----  ---------  --------  ----------  --------------  -------------------
/opt/airflow/dags/pipeline_dag.py                           1           0  0.20s           2026-05-01T21:48:24
================================================================================
[2026-05-01T21:48:45.365+0000] {manager.py:737} INFO - Searching for files in /opt/airflow/dags
[2026-05-01T21:48:45.376+0000] {manager.py:740} INFO - There are 1 files in /opt/airflow/dags
[2026-05-01T21:49:00.635+0000] {manager.py:878} INFO - 
================================================================================
DAG File Processing Stats

File Path                          PID    Runtime      # DAGs    # Errors  Last Runtime    Last Run
---------------------------------  -----  ---------  --------  ----------  --------------  -------------------
/opt/airflow/dags/pipeline_dag.py                           1           0  0.27s           2026-05-01T21:48:54
================================================================================
[2026-05-01T21:49:30.910+0000] {manager.py:878} INFO - 
================================================================================
DAG File Processing Stats

File Path                          PID    Runtime      # DAGs    # Errors  Last Runtime    Last Run
---------------------------------  -----  ---------  --------  ----------  --------------  -------------------
/opt/airflow/dags/pipeline_dag.py                           1           0  0.14s           2026-05-01T21:49:24
================================================================================
[2026-05-01T21:50:01.115+0000] {manager.py:878} INFO - 
================================================================================
DAG File Processing Stats

File Path                          PID    Runtime      # DAGs    # Errors  Last Runtime    Last Run
---------------------------------  -----  ---------  --------  ----------  --------------  -------------------
/opt/airflow/dags/pipeline_dag.py                           1           0  0.16s           2026-05-01T21:49:55
================================================================================
[2026-05-01T21:50:31.426+0000] {manager.py:878} INFO - 
================================================================================
DAG File Processing Stats

File Path                          PID    Runtime      # DAGs    # Errors  Last Runtime    Last Run
---------------------------------  -----  ---------  --------  ----------  --------------  -------------------
/opt/airflow/dags/pipeline_dag.py                           1           0  0.15s           2026-05-01T21:50:25
================================================================================
[2026-05-01T21:51:01.641+0000] {manager.py:878} INFO - 
================================================================================
DAG File Processing Stats

File Path                          PID    Runtime      # DAGs    # Errors  Last Runtime    Last Run
---------------------------------  -----  ---------  --------  ----------  --------------  -------------------
/opt/airflow/dags/pipeline_dag.py                           1           0  0.16s           2026-05-01T21:50:55
================================================================================
[2026-05-01T21:51:31.810+0000] {manager.py:878} INFO - 
================================================================================
DAG File Processing Stats

File Path                          PID    Runtime      # DAGs    # Errors  Last Runtime    Last Run
---------------------------------  -----  ---------  --------  ----------  --------------  -------------------
/opt/airflow/dags/pipeline_dag.py                           1           0  0.13s           2026-05-01T21:51:25
================================================================================
[2026-05-01T21:52:02.061+0000] {manager.py:878} INFO - 
================================================================================
DAG File Processing Stats

File Path                          PID    Runtime      # DAGs    # Errors  Last Runtime    Last Run
---------------------------------  -----  ---------  --------  ----------  --------------  -------------------
/opt/airflow/dags/pipeline_dag.py                           1           0  0.20s           2026-05-01T21:51:56
================================================================================
[2026-05-01T21:52:32.310+0000] {manager.py:878} INFO - 
================================================================================
DAG File Processing Stats

File Path                          PID    Runtime      # DAGs    # Errors  Last Runtime    Last Run
---------------------------------  -----  ---------  --------  ----------  --------------  -------------------
/opt/airflow/dags/pipeline_dag.py                           1           0  0.22s           2026-05-01T21:52:26
================================================================================
[2026-05-01T21:53:02.601+0000] {manager.py:878} INFO - 
================================================================================
DAG File Processing Stats

File Path                          PID    Runtime      # DAGs    # Errors  Last Runtime    Last Run
---------------------------------  -----  ---------  --------  ----------  --------------  -------------------
/opt/airflow/dags/pipeline_dag.py                           1           0  0.16s           2026-05-01T21:52:56
================================================================================
[2026-05-01T21:53:12.922+0000] {manager.py:452} INFO - Exiting gracefully upon receiving signal 15
[2026-05-01T21:58:17.470+0000] {manager.py:470} INFO - Processing files using up to 2 processes at a time 
[2026-05-01T21:58:17.479+0000] {manager.py:471} INFO - Process each file at most once every 30 seconds
[2026-05-01T21:58:17.479+0000] {manager.py:472} INFO - Checking for new files in /opt/airflow/dags every 300 seconds
[2026-05-01T21:58:17.479+0000] {manager.py:737} INFO - Searching for files in /opt/airflow/dags
[2026-05-01T21:58:17.481+0000] {manager.py:740} INFO - There are 1 files in /opt/airflow/dags
[2026-05-01T21:58:17.572+0000] {manager.py:878} INFO - 
================================================================================
DAG File Processing Stats

File Path                            PID  Runtime      # DAGs    # Errors  Last Runtime    Last Run
---------------------------------  -----  ---------  --------  ----------  --------------  ----------
/opt/airflow/dags/pipeline_dag.py    171  0.05s             0           0
================================================================================
[2026-05-01T21:58:47.720+0000] {manager.py:878} INFO - 
================================================================================
DAG File Processing Stats

File Path                            PID  Runtime      # DAGs    # Errors  Last Runtime    Last Run
---------------------------------  -----  ---------  --------  ----------  --------------  -------------------
/opt/airflow/dags/pipeline_dag.py    189  0.01s             1           0  0.18s           2026-05-01T21:58:17
================================================================================
[2026-05-01T21:59:17.993+0000] {manager.py:878} INFO - 
================================================================================
DAG File Processing Stats

File Path                            PID  Runtime      # DAGs    # Errors  Last Runtime    Last Run
---------------------------------  -----  ---------  --------  ----------  --------------  -------------------
/opt/airflow/dags/pipeline_dag.py    206  0.01s             1           0  0.15s           2026-05-01T21:58:47
================================================================================
[2026-05-01T21:59:48.151+0000] {manager.py:878} INFO - 
================================================================================
DAG File Processing Stats

File Path                          PID    Runtime      # DAGs    # Errors  Last Runtime    Last Run
---------------------------------  -----  ---------  --------  ----------  --------------  -------------------
/opt/airflow/dags/pipeline_dag.py                           1           0  0.26s           2026-05-01T21:59:18
================================================================================
[2026-05-01T22:00:18.571+0000] {manager.py:878} INFO - 
================================================================================
DAG File Processing Stats

File Path                            PID  Runtime      # DAGs    # Errors  Last Runtime    Last Run
---------------------------------  -----  ---------  --------  ----------  --------------  -------------------
/opt/airflow/dags/pipeline_dag.py    216  0.01s             1           0  0.16s           2026-05-01T21:59:48
================================================================================
[2026-05-01T22:00:48.845+0000] {manager.py:878} INFO - 
================================================================================
DAG File Processing Stats

File Path                            PID  Runtime      # DAGs    # Errors  Last Runtime    Last Run
---------------------------------  -----  ---------  --------  ----------  --------------  -------------------
/opt/airflow/dags/pipeline_dag.py    221  0.01s             1           0  0.16s           2026-05-01T22:00:18
================================================================================
[2026-05-01T22:01:19.004+0000] {manager.py:878} INFO - 
================================================================================
DAG File Processing Stats

File Path                          PID    Runtime      # DAGs    # Errors  Last Runtime    Last Run
---------------------------------  -----  ---------  --------  ----------  --------------  -------------------
/opt/airflow/dags/pipeline_dag.py                           1           0  0.21s           2026-05-01T22:00:49
================================================================================
[2026-05-01T22:01:49.350+0000] {manager.py:878} INFO - 
================================================================================
DAG File Processing Stats

File Path                            PID  Runtime      # DAGs    # Errors  Last Runtime    Last Run
---------------------------------  -----  ---------  --------  ----------  --------------  -------------------
/opt/airflow/dags/pipeline_dag.py    231  0.01s             1           0  0.14s           2026-05-01T22:01:19
================================================================================
[2026-05-01T22:02:19.637+0000] {manager.py:878} INFO - 
================================================================================
DAG File Processing Stats

File Path                            PID  Runtime      # DAGs    # Errors  Last Runtime    Last Run
---------------------------------  -----  ---------  --------  ----------  --------------  -------------------
/opt/airflow/dags/pipeline_dag.py    236  0.01s             1           0  0.21s           2026-05-01T22:01:49
================================================================================
[2026-05-01T22:02:49.843+0000] {manager.py:878} INFO - 
================================================================================
DAG File Processing Stats

File Path                          PID    Runtime      # DAGs    # Errors  Last Runtime    Last Run
---------------------------------  -----  ---------  --------  ----------  --------------  -------------------
/opt/airflow/dags/pipeline_dag.py                           1           0  0.22s           2026-05-01T22:02:19
================================================================================
[2026-05-01T22:03:18.119+0000] {manager.py:737} INFO - Searching for files in /opt/airflow/dags
[2026-05-01T22:03:18.121+0000] {manager.py:740} INFO - There are 1 files in /opt/airflow/dags
[2026-05-01T22:03:20.147+0000] {manager.py:878} INFO - 
================================================================================
DAG File Processing Stats

File Path                          PID    Runtime      # DAGs    # Errors  Last Runtime    Last Run
---------------------------------  -----  ---------  --------  ----------  --------------  -------------------
/opt/airflow/dags/pipeline_dag.py                           1           0  0.20s           2026-05-01T22:02:50
================================================================================
[2026-05-01T22:03:50.508+0000] {manager.py:878} INFO - 
================================================================================
DAG File Processing Stats

File Path                          PID    Runtime      # DAGs    # Errors  Last Runtime    Last Run
---------------------------------  -----  ---------  --------  ----------  --------------  -------------------
/opt/airflow/dags/pipeline_dag.py                           1           0  0.19s           2026-05-01T22:03:20
================================================================================
[2026-05-01T22:04:20.815+0000] {manager.py:878} INFO - 
================================================================================
DAG File Processing Stats

File Path                          PID    Runtime      # DAGs    # Errors  Last Runtime    Last Run
---------------------------------  -----  ---------  --------  ----------  --------------  -------------------
/opt/airflow/dags/pipeline_dag.py                           1           0  0.21s           2026-05-01T22:03:50
================================================================================
[2026-05-01T22:04:51.170+0000] {manager.py:878} INFO - 
================================================================================
DAG File Processing Stats

File Path                          PID    Runtime      # DAGs    # Errors  Last Runtime    Last Run
---------------------------------  -----  ---------  --------  ----------  --------------  -------------------
/opt/airflow/dags/pipeline_dag.py                           1           0  0.18s           2026-05-01T22:04:21
================================================================================
[2026-05-01T22:05:21.497+0000] {manager.py:878} INFO - 
================================================================================
DAG File Processing Stats

File Path                            PID  Runtime      # DAGs    # Errors  Last Runtime    Last Run
---------------------------------  -----  ---------  --------  ----------  --------------  -------------------
/opt/airflow/dags/pipeline_dag.py    278  0.01s             1           0  0.15s           2026-05-01T22:04:51
================================================================================
[2026-05-01T22:05:51.788+0000] {manager.py:878} INFO - 
================================================================================
DAG File Processing Stats

File Path                            PID  Runtime      # DAGs    # Errors  Last Runtime    Last Run
---------------------------------  -----  ---------  --------  ----------  --------------  -------------------
/opt/airflow/dags/pipeline_dag.py    283  0.01s             1           0  0.15s           2026-05-01T22:05:21
================================================================================
[2026-05-01T22:06:21.932+0000] {manager.py:878} INFO - 
================================================================================
DAG File Processing Stats

File Path                          PID    Runtime      # DAGs    # Errors  Last Runtime    Last Run
---------------------------------  -----  ---------  --------  ----------  --------------  -------------------
/opt/airflow/dags/pipeline_dag.py                           1           0  0.20s           2026-05-01T22:05:51
================================================================================
[2026-05-01T22:06:52.239+0000] {manager.py:878} INFO - 
================================================================================
DAG File Processing Stats

File Path                          PID    Runtime      # DAGs    # Errors  Last Runtime    Last Run
---------------------------------  -----  ---------  --------  ----------  --------------  -------------------
/opt/airflow/dags/pipeline_dag.py                           1           0  0.18s           2026-05-01T22:06:22
================================================================================
[2026-05-01T22:07:22.604+0000] {manager.py:878} INFO - 
================================================================================
DAG File Processing Stats

File Path                            PID  Runtime      # DAGs    # Errors  Last Runtime    Last Run
---------------------------------  -----  ---------  --------  ----------  --------------  -------------------
/opt/airflow/dags/pipeline_dag.py    298  0.01s             1           0  0.15s           2026-05-01T22:06:52
================================================================================
[2026-05-01T22:07:52.864+0000] {manager.py:878} INFO - 
================================================================================
DAG File Processing Stats

File Path                            PID  Runtime      # DAGs    # Errors  Last Runtime    Last Run
---------------------------------  -----  ---------  --------  ----------  --------------  -------------------
/opt/airflow/dags/pipeline_dag.py    303  0.01s             1           0  0.18s           2026-05-01T22:07:22
================================================================================
[2026-05-01T22:08:18.170+0000] {manager.py:737} INFO - Searching for files in /opt/airflow/dags
[2026-05-01T22:08:18.174+0000] {manager.py:740} INFO - There are 1 files in /opt/airflow/dags
[2026-05-01T22:08:23.090+0000] {manager.py:878} INFO - 
================================================================================
DAG File Processing Stats

File Path                            PID  Runtime      # DAGs    # Errors  Last Runtime    Last Run
---------------------------------  -----  ---------  --------  ----------  --------------  -------------------
/opt/airflow/dags/pipeline_dag.py    308  0.01s             1           0  0.20s           2026-05-01T22:07:53
================================================================================
[2026-05-01T22:08:53.388+0000] {manager.py:878} INFO - 
================================================================================
DAG File Processing Stats

File Path                            PID  Runtime      # DAGs    # Errors  Last Runtime    Last Run
---------------------------------  -----  ---------  --------  ----------  --------------  -------------------
/opt/airflow/dags/pipeline_dag.py    325  0.01s             1           0  0.20s           2026-05-01T22:08:23
================================================================================
[2026-05-01T22:09:23.596+0000] {manager.py:878} INFO - 
================================================================================
DAG File Processing Stats

File Path                            PID  Runtime      # DAGs    # Errors  Last Runtime    Last Run
---------------------------------  -----  ---------  --------  ----------  --------------  -------------------
/opt/airflow/dags/pipeline_dag.py    330  0.00s             1           0  0.20s           2026-05-01T22:08:53
================================================================================
[2026-05-01T22:09:53.741+0000] {manager.py:878} INFO - 
================================================================================
DAG File Processing Stats

File Path                            PID  Runtime      # DAGs    # Errors  Last Runtime    Last Run
---------------------------------  -----  ---------  --------  ----------  --------------  -------------------
/opt/airflow/dags/pipeline_dag.py    335  0.01s             1           0  0.09s           2026-05-01T22:09:23
================================================================================
[2026-05-01T22:10:23.979+0000] {manager.py:878} INFO - 
================================================================================
DAG File Processing Stats

File Path                            PID  Runtime      # DAGs    # Errors  Last Runtime    Last Run
---------------------------------  -----  ---------  --------  ----------  --------------  -------------------
/opt/airflow/dags/pipeline_dag.py    340  0.00s             1           0  0.08s           2026-05-01T22:09:53
================================================================================
[2026-05-01T22:10:54.157+0000] {manager.py:878} INFO - 
================================================================================
DAG File Processing Stats

File Path                            PID  Runtime      # DAGs    # Errors  Last Runtime    Last Run
---------------------------------  -----  ---------  --------  ----------  --------------  -------------------
/opt/airflow/dags/pipeline_dag.py    345  0.00s             1           0  0.08s           2026-05-01T22:10:24
================================================================================
[2026-05-01T22:11:24.359+0000] {manager.py:878} INFO - 
================================================================================
DAG File Processing Stats

File Path                            PID  Runtime      # DAGs    # Errors  Last Runtime    Last Run
---------------------------------  -----  ---------  --------  ----------  --------------  -------------------
/opt/airflow/dags/pipeline_dag.py    350  0.00s             1           0  0.09s           2026-05-01T22:10:54
================================================================================
[2026-05-01T22:11:54.545+0000] {manager.py:878} INFO - 
================================================================================
DAG File Processing Stats

File Path                            PID  Runtime      # DAGs    # Errors  Last Runtime    Last Run
---------------------------------  -----  ---------  --------  ----------  --------------  -------------------
/opt/airflow/dags/pipeline_dag.py    355  0.00s             1           0  0.08s           2026-05-01T22:11:24
================================================================================
[2026-05-01T22:12:24.752+0000] {manager.py:878} INFO - 
================================================================================
DAG File Processing Stats

File Path                            PID  Runtime      # DAGs    # Errors  Last Runtime    Last Run
---------------------------------  -----  ---------  --------  ----------  --------------  -------------------
/opt/airflow/dags/pipeline_dag.py    360  0.00s             1           0  0.08s           2026-05-01T22:11:54
================================================================================
[2026-05-01T22:12:54.935+0000] {manager.py:878} INFO - 
================================================================================
DAG File Processing Stats

File Path                            PID  Runtime      # DAGs    # Errors  Last Runtime    Last Run
---------------------------------  -----  ---------  --------  ----------  --------------  -------------------
/opt/airflow/dags/pipeline_dag.py    365  0.00s             1           0  0.07s           2026-05-01T22:12:24
================================================================================
[2026-05-01T22:13:19.091+0000] {manager.py:737} INFO - Searching for files in /opt/airflow/dags
[2026-05-01T22:13:19.093+0000] {manager.py:740} INFO - There are 1 files in /opt/airflow/dags
[2026-05-01T22:13:25.142+0000] {manager.py:878} INFO - 
================================================================================
DAG File Processing Stats

File Path                            PID  Runtime      # DAGs    # Errors  Last Runtime    Last Run
---------------------------------  -----  ---------  --------  ----------  --------------  -------------------
/opt/airflow/dags/pipeline_dag.py    370  0.00s             1           0  0.08s           2026-05-01T22:12:55
================================================================================
[2026-05-01T22:13:55.312+0000] {manager.py:878} INFO - 
================================================================================
DAG File Processing Stats

File Path                            PID  Runtime      # DAGs    # Errors  Last Runtime    Last Run
---------------------------------  -----  ---------  --------  ----------  --------------  -------------------
/opt/airflow/dags/pipeline_dag.py    375  0.00s             1           0  0.07s           2026-05-01T22:13:25
================================================================================
[2026-05-01T22:14:25.527+0000] {manager.py:878} INFO - 
================================================================================
DAG File Processing Stats

File Path                            PID  Runtime      # DAGs    # Errors  Last Runtime    Last Run
---------------------------------  -----  ---------  --------  ----------  --------------  -------------------
/opt/airflow/dags/pipeline_dag.py    380  0.01s             1           0  0.08s           2026-05-01T22:13:55
================================================================================
[2026-05-01T22:14:55.709+0000] {manager.py:878} INFO - 
================================================================================
DAG File Processing Stats

File Path                            PID  Runtime      # DAGs    # Errors  Last Runtime    Last Run
---------------------------------  -----  ---------  --------  ----------  --------------  -------------------
/opt/airflow/dags/pipeline_dag.py    385  0.00s             1           0  0.08s           2026-05-01T22:14:25
================================================================================
[2026-05-01T22:15:25.940+0000] {manager.py:878} INFO - 
================================================================================
DAG File Processing Stats

File Path                            PID  Runtime      # DAGs    # Errors  Last Runtime    Last Run
---------------------------------  -----  ---------  --------  ----------  --------------  -------------------
/opt/airflow/dags/pipeline_dag.py    390  0.00s             1           0  0.08s           2026-05-01T22:14:55
================================================================================
[2026-05-01T22:15:56.162+0000] {manager.py:878} INFO - 
================================================================================
DAG File Processing Stats

File Path                            PID  Runtime      # DAGs    # Errors  Last Runtime    Last Run
---------------------------------  -----  ---------  --------  ----------  --------------  -------------------
/opt/airflow/dags/pipeline_dag.py    395  0.01s             1           0  0.06s           2026-05-01T22:15:26
================================================================================
[2026-05-01T22:16:26.384+0000] {manager.py:878} INFO - 
================================================================================
DAG File Processing Stats

File Path                            PID  Runtime      # DAGs    # Errors  Last Runtime    Last Run
---------------------------------  -----  ---------  --------  ----------  --------------  -------------------
/opt/airflow/dags/pipeline_dag.py    400  0.00s             1           0  0.08s           2026-05-01T22:15:56
================================================================================
[2026-05-01T22:16:56.584+0000] {manager.py:878} INFO - 
================================================================================
DAG File Processing Stats

File Path                            PID  Runtime      # DAGs    # Errors  Last Runtime    Last Run
---------------------------------  -----  ---------  --------  ----------  --------------  -------------------
/opt/airflow/dags/pipeline_dag.py    405  0.00s             1           0  0.07s           2026-05-01T22:16:26
================================================================================
[2026-05-01T22:17:26.810+0000] {manager.py:878} INFO - 
================================================================================
DAG File Processing Stats

File Path                            PID  Runtime      # DAGs    # Errors  Last Runtime    Last Run
---------------------------------  -----  ---------  --------  ----------  --------------  -------------------
/opt/airflow/dags/pipeline_dag.py    410  0.00s             1           0  0.08s           2026-05-01T22:16:56
================================================================================
[2026-05-01T22:17:56.953+0000] {manager.py:878} INFO - 
================================================================================
DAG File Processing Stats

File Path                            PID  Runtime      # DAGs    # Errors  Last Runtime    Last Run
---------------------------------  -----  ---------  --------  ----------  --------------  -------------------
/opt/airflow/dags/pipeline_dag.py    415  0.00s             1           0  0.07s           2026-05-01T22:17:26
================================================================================
[2026-05-01T22:18:19.130+0000] {manager.py:737} INFO - Searching for files in /opt/airflow/dags
[2026-05-01T22:18:19.132+0000] {manager.py:740} INFO - There are 1 files in /opt/airflow/dags
[2026-05-01T22:18:27.137+0000] {manager.py:878} INFO - 
================================================================================
DAG File Processing Stats

File Path                            PID  Runtime      # DAGs    # Errors  Last Runtime    Last Run
---------------------------------  -----  ---------  --------  ----------  --------------  -------------------
/opt/airflow/dags/pipeline_dag.py    420  0.00s             1           0  0.09s           2026-05-01T22:17:57
================================================================================
[2026-05-01T22:18:57.328+0000] {manager.py:878} INFO - 
================================================================================
DAG File Processing Stats

File Path                            PID  Runtime      # DAGs    # Errors  Last Runtime    Last Run
---------------------------------  -----  ---------  --------  ----------  --------------  -------------------
/opt/airflow/dags/pipeline_dag.py    425  0.00s             1           0  0.07s           2026-05-01T22:18:27
================================================================================
[2026-05-01T22:19:27.501+0000] {manager.py:878} INFO - 
================================================================================
DAG File Processing Stats

File Path                            PID  Runtime      # DAGs    # Errors  Last Runtime    Last Run
---------------------------------  -----  ---------  --------  ----------  --------------  -------------------
/opt/airflow/dags/pipeline_dag.py    430  0.00s             1           0  0.08s           2026-05-01T22:18:57
================================================================================
[2026-05-01T22:19:57.657+0000] {manager.py:878} INFO - 
================================================================================
DAG File Processing Stats

File Path                            PID  Runtime      # DAGs    # Errors  Last Runtime    Last Run
---------------------------------  -----  ---------  --------  ----------  --------------  -------------------
/opt/airflow/dags/pipeline_dag.py    435  0.00s             1           0  0.08s           2026-05-01T22:19:27
================================================================================
[2026-05-01T22:20:27.757+0000] {manager.py:878} INFO - 
================================================================================
DAG File Processing Stats

File Path                            PID  Runtime      # DAGs    # Errors  Last Runtime    Last Run
---------------------------------  -----  ---------  --------  ----------  --------------  -------------------
/opt/airflow/dags/pipeline_dag.py    440  0.00s             1           0  0.08s           2026-05-01T22:19:57
================================================================================
[2026-05-01T22:20:57.878+0000] {manager.py:878} INFO - 
================================================================================
DAG File Processing Stats

File Path                            PID  Runtime      # DAGs    # Errors  Last Runtime    Last Run
---------------------------------  -----  ---------  --------  ----------  --------------  -------------------
/opt/airflow/dags/pipeline_dag.py    445  0.00s             1           0  0.07s           2026-05-01T22:20:27
================================================================================
[2026-05-01T22:21:27.978+0000] {manager.py:878} INFO - 
================================================================================
DAG File Processing Stats

File Path                            PID  Runtime      # DAGs    # Errors  Last Runtime    Last Run
---------------------------------  -----  ---------  --------  ----------  --------------  -------------------
/opt/airflow/dags/pipeline_dag.py    450  0.00s             1           0  0.08s           2026-05-01T22:20:57
================================================================================
[2026-05-01T22:21:58.126+0000] {manager.py:878} INFO - 
================================================================================
DAG File Processing Stats

File Path                            PID  Runtime      # DAGs    # Errors  Last Runtime    Last Run
---------------------------------  -----  ---------  --------  ----------  --------------  -------------------
/opt/airflow/dags/pipeline_dag.py    455  0.00s             1           0  0.07s           2026-05-01T22:21:28
================================================================================
[2026-05-01T22:22:28.240+0000] {manager.py:878} INFO - 
================================================================================
DAG File Processing Stats

File Path                            PID  Runtime      # DAGs    # Errors  Last Runtime    Last Run
---------------------------------  -----  ---------  --------  ----------  --------------  -------------------
/opt/airflow/dags/pipeline_dag.py    460  0.00s             1           0  0.08s           2026-05-01T22:21:58
================================================================================
[2026-05-01T22:22:58.455+0000] {manager.py:878} INFO - 
================================================================================
DAG File Processing Stats

File Path                            PID  Runtime      # DAGs    # Errors  Last Runtime    Last Run
---------------------------------  -----  ---------  --------  ----------  --------------  -------------------
/opt/airflow/dags/pipeline_dag.py    465  0.00s             1           0  0.07s           2026-05-01T22:22:28
================================================================================
[2026-05-01T22:23:19.565+0000] {manager.py:737} INFO - Searching for files in /opt/airflow/dags
[2026-05-01T22:23:19.568+0000] {manager.py:740} INFO - There are 1 files in /opt/airflow/dags
[2026-05-01T22:23:28.628+0000] {manager.py:878} INFO - 
================================================================================
DAG File Processing Stats

File Path                            PID  Runtime      # DAGs    # Errors  Last Runtime    Last Run
---------------------------------  -----  ---------  --------  ----------  --------------  -------------------
/opt/airflow/dags/pipeline_dag.py    470  0.00s             1           0  0.08s           2026-05-01T22:22:58
================================================================================
[2026-05-01T22:23:58.735+0000] {manager.py:878} INFO - 
================================================================================
DAG File Processing Stats

File Path                            PID  Runtime      # DAGs    # Errors  Last Runtime    Last Run
---------------------------------  -----  ---------  --------  ----------  --------------  -------------------
/opt/airflow/dags/pipeline_dag.py    475  0.00s             1           0  0.07s           2026-05-01T22:23:28
================================================================================
[2026-05-01T22:24:28.862+0000] {manager.py:878} INFO - 
================================================================================
DAG File Processing Stats

File Path                            PID  Runtime      # DAGs    # Errors  Last Runtime    Last Run
---------------------------------  -----  ---------  --------  ----------  --------------  -------------------
/opt/airflow/dags/pipeline_dag.py    480  0.00s             1           0  0.07s           2026-05-01T22:23:58
================================================================================
[2026-05-01T22:24:58.959+0000] {manager.py:878} INFO - 
================================================================================
DAG File Processing Stats

File Path                            PID  Runtime      # DAGs    # Errors  Last Runtime    Last Run
---------------------------------  -----  ---------  --------  ----------  --------------  -------------------
/opt/airflow/dags/pipeline_dag.py    485  0.00s             1           0  0.07s           2026-05-01T22:24:28
================================================================================
[2026-05-01T22:25:29.120+0000] {manager.py:878} INFO - 
================================================================================
DAG File Processing Stats

File Path                            PID  Runtime      # DAGs    # Errors  Last Runtime    Last Run
---------------------------------  -----  ---------  --------  ----------  --------------  -------------------
/opt/airflow/dags/pipeline_dag.py    490  0.00s             1           0  0.08s           2026-05-01T22:24:59
================================================================================
[2026-05-01T22:25:59.215+0000] {manager.py:878} INFO - 
================================================================================
DAG File Processing Stats

File Path                            PID  Runtime      # DAGs    # Errors  Last Runtime    Last Run
---------------------------------  -----  ---------  --------  ----------  --------------  -------------------
/opt/airflow/dags/pipeline_dag.py    495  0.00s             1           0  0.07s           2026-05-01T22:25:29
================================================================================
[2026-05-01T22:26:29.356+0000] {manager.py:878} INFO - 
================================================================================
DAG File Processing Stats

File Path                            PID  Runtime      # DAGs    # Errors  Last Runtime    Last Run
---------------------------------  -----  ---------  --------  ----------  --------------  -------------------
/opt/airflow/dags/pipeline_dag.py    500  0.00s             1           0  0.08s           2026-05-01T22:25:59
================================================================================
[2026-05-01T22:26:59.522+0000] {manager.py:878} INFO - 
================================================================================
DAG File Processing Stats

File Path                            PID  Runtime      # DAGs    # Errors  Last Runtime    Last Run
---------------------------------  -----  ---------  --------  ----------  --------------  -------------------
/opt/airflow/dags/pipeline_dag.py    505  0.00s             1           0  0.07s           2026-05-01T22:26:29
================================================================================
[2026-05-01T22:27:29.695+0000] {manager.py:878} INFO - 
================================================================================
DAG File Processing Stats

File Path                            PID  Runtime      # DAGs    # Errors  Last Runtime    Last Run
---------------------------------  -----  ---------  --------  ----------  --------------  -------------------
/opt/airflow/dags/pipeline_dag.py    510  0.00s             1           0  0.09s           2026-05-01T22:26:59
================================================================================
[2026-05-01T22:27:59.886+0000] {manager.py:878} INFO - 
================================================================================
DAG File Processing Stats

File Path                            PID  Runtime      # DAGs    # Errors  Last Runtime    Last Run
---------------------------------  -----  ---------  --------  ----------  --------------  -------------------
/opt/airflow/dags/pipeline_dag.py    515  0.01s             1           0  0.07s           2026-05-01T22:27:29
================================================================================
[2026-05-01T22:28:19.955+0000] {manager.py:737} INFO - Searching for files in /opt/airflow/dags
[2026-05-01T22:28:19.956+0000] {manager.py:740} INFO - There are 1 files in /opt/airflow/dags
[2026-05-01T22:28:30.002+0000] {manager.py:878} INFO - 
================================================================================
DAG File Processing Stats

File Path                            PID  Runtime      # DAGs    # Errors  Last Runtime    Last Run
---------------------------------  -----  ---------  --------  ----------  --------------  -------------------
/opt/airflow/dags/pipeline_dag.py    520  0.01s             1           0  0.07s           2026-05-01T22:27:59
================================================================================
[2026-05-01T22:29:00.117+0000] {manager.py:878} INFO - 
================================================================================
DAG File Processing Stats

File Path                            PID  Runtime      # DAGs    # Errors  Last Runtime    Last Run
---------------------------------  -----  ---------  --------  ----------  --------------  -------------------
/opt/airflow/dags/pipeline_dag.py    525  0.00s             1           0  0.09s           2026-05-01T22:28:30
================================================================================
[2026-05-01T22:29:30.243+0000] {manager.py:878} INFO - 
================================================================================
DAG File Processing Stats

File Path                            PID  Runtime      # DAGs    # Errors  Last Runtime    Last Run
---------------------------------  -----  ---------  --------  ----------  --------------  -------------------
/opt/airflow/dags/pipeline_dag.py    530  0.00s             1           0  0.08s           2026-05-01T22:29:00
================================================================================
[2026-05-01T22:30:00.394+0000] {manager.py:878} INFO - 
================================================================================
DAG File Processing Stats

File Path                          PID    Runtime      # DAGs    # Errors  Last Runtime    Last Run
---------------------------------  -----  ---------  --------  ----------  --------------  -------------------
/opt/airflow/dags/pipeline_dag.py                           1           0  0.12s           2026-05-01T22:29:50
================================================================================
[2026-05-01T22:30:30.612+0000] {manager.py:878} INFO - 
================================================================================
DAG File Processing Stats

File Path                          PID    Runtime      # DAGs    # Errors  Last Runtime    Last Run
---------------------------------  -----  ---------  --------  ----------  --------------  -------------------
/opt/airflow/dags/pipeline_dag.py                           1           0  0.07s           2026-05-01T22:30:20
================================================================================
[2026-05-01T22:31:00.742+0000] {manager.py:878} INFO - 
================================================================================
DAG File Processing Stats

File Path                          PID    Runtime      # DAGs    # Errors  Last Runtime    Last Run
---------------------------------  -----  ---------  --------  ----------  --------------  -------------------
/opt/airflow/dags/pipeline_dag.py                           1           0  0.07s           2026-05-01T22:30:50
================================================================================
[2026-05-01T22:31:30.914+0000] {manager.py:878} INFO - 
================================================================================
DAG File Processing Stats

File Path                          PID    Runtime      # DAGs    # Errors  Last Runtime    Last Run
---------------------------------  -----  ---------  --------  ----------  --------------  -------------------
/opt/airflow/dags/pipeline_dag.py                           1           0  0.07s           2026-05-01T22:31:20
================================================================================
[2026-05-01T22:32:01.046+0000] {manager.py:878} INFO - 
================================================================================
DAG File Processing Stats

File Path                          PID    Runtime      # DAGs    # Errors  Last Runtime    Last Run
---------------------------------  -----  ---------  --------  ----------  --------------  -------------------
/opt/airflow/dags/pipeline_dag.py                           1           0  0.07s           2026-05-01T22:31:51
================================================================================
[2026-05-01T22:32:31.217+0000] {manager.py:878} INFO - 
================================================================================
DAG File Processing Stats

File Path                          PID    Runtime      # DAGs    # Errors  Last Runtime    Last Run
---------------------------------  -----  ---------  --------  ----------  --------------  -------------------
/opt/airflow/dags/pipeline_dag.py                           1           0  0.08s           2026-05-01T22:32:21
================================================================================
[2026-05-01T22:33:01.382+0000] {manager.py:878} INFO - 
================================================================================
DAG File Processing Stats

File Path                          PID    Runtime      # DAGs    # Errors  Last Runtime    Last Run
---------------------------------  -----  ---------  --------  ----------  --------------  -------------------
/opt/airflow/dags/pipeline_dag.py                           1           0  0.09s           2026-05-01T22:32:51
================================================================================
[2026-05-01T22:33:20.478+0000] {manager.py:737} INFO - Searching for files in /opt/airflow/dags
[2026-05-01T22:33:20.480+0000] {manager.py:740} INFO - There are 1 files in /opt/airflow/dags
[2026-05-01T22:33:31.584+0000] {manager.py:878} INFO - 
================================================================================
DAG File Processing Stats

File Path                          PID    Runtime      # DAGs    # Errors  Last Runtime    Last Run
---------------------------------  -----  ---------  --------  ----------  --------------  -------------------
/opt/airflow/dags/pipeline_dag.py                           1           0  0.08s           2026-05-01T22:33:21
================================================================================
[2026-05-01T22:34:01.744+0000] {manager.py:878} INFO - 
================================================================================
DAG File Processing Stats

File Path                          PID    Runtime      # DAGs    # Errors  Last Runtime    Last Run
---------------------------------  -----  ---------  --------  ----------  --------------  -------------------
/opt/airflow/dags/pipeline_dag.py                           1           0  0.10s           2026-05-01T22:33:51
================================================================================
[2026-05-01T22:34:31.950+0000] {manager.py:878} INFO - 
================================================================================
DAG File Processing Stats

File Path                          PID    Runtime      # DAGs    # Errors  Last Runtime    Last Run
---------------------------------  -----  ---------  --------  ----------  --------------  -------------------
/opt/airflow/dags/pipeline_dag.py                           1           0  0.08s           2026-05-01T22:34:21
================================================================================
[2026-05-01T22:35:02.100+0000] {manager.py:878} INFO - 
================================================================================
DAG File Processing Stats

File Path                          PID    Runtime      # DAGs    # Errors  Last Runtime    Last Run
---------------------------------  -----  ---------  --------  ----------  --------------  -------------------
/opt/airflow/dags/pipeline_dag.py                           1           0  0.08s           2026-05-01T22:34:52
================================================================================
[2026-05-01T22:35:32.258+0000] {manager.py:878} INFO - 
================================================================================
DAG File Processing Stats

File Path                          PID    Runtime      # DAGs    # Errors  Last Runtime    Last Run
---------------------------------  -----  ---------  --------  ----------  --------------  -------------------
/opt/airflow/dags/pipeline_dag.py                           1           0  0.10s           2026-05-01T22:35:22
================================================================================
[2026-05-01T22:36:02.350+0000] {manager.py:878} INFO - 
================================================================================
DAG File Processing Stats

File Path                          PID    Runtime      # DAGs    # Errors  Last Runtime    Last Run
---------------------------------  -----  ---------  --------  ----------  --------------  -------------------
/opt/airflow/dags/pipeline_dag.py                           1           0  0.08s           2026-05-01T22:35:52
================================================================================
[2026-05-01T22:36:32.470+0000] {manager.py:878} INFO - 
================================================================================
DAG File Processing Stats

File Path                          PID    Runtime      # DAGs    # Errors  Last Runtime    Last Run
---------------------------------  -----  ---------  --------  ----------  --------------  -------------------
/opt/airflow/dags/pipeline_dag.py                           1           0  0.08s           2026-05-01T22:36:22
================================================================================
[2026-05-01T22:37:02.664+0000] {manager.py:878} INFO - 
================================================================================
DAG File Processing Stats

File Path                          PID    Runtime      # DAGs    # Errors  Last Runtime    Last Run
---------------------------------  -----  ---------  --------  ----------  --------------  -------------------
/opt/airflow/dags/pipeline_dag.py                           1           0  0.09s           2026-05-01T22:36:52
================================================================================
[2026-05-01T22:37:32.822+0000] {manager.py:878} INFO - 
================================================================================
DAG File Processing Stats

File Path                          PID    Runtime      # DAGs    # Errors  Last Runtime    Last Run
---------------------------------  -----  ---------  --------  ----------  --------------  -------------------
/opt/airflow/dags/pipeline_dag.py                           1           0  0.07s           2026-05-01T22:37:22
================================================================================
[2026-05-01T22:38:02.997+0000] {manager.py:878} INFO - 
================================================================================
DAG File Processing Stats

File Path                          PID    Runtime      # DAGs    # Errors  Last Runtime    Last Run
---------------------------------  -----  ---------  --------  ----------  --------------  -------------------
/opt/airflow/dags/pipeline_dag.py                           1           0  0.10s           2026-05-01T22:37:53
================================================================================
[2026-05-01T22:38:21.078+0000] {manager.py:737} INFO - Searching for files in /opt/airflow/dags
[2026-05-01T22:38:21.080+0000] {manager.py:740} INFO - There are 1 files in /opt/airflow/dags
[2026-05-01T22:38:33.187+0000] {manager.py:878} INFO - 
================================================================================
DAG File Processing Stats

File Path                          PID    Runtime      # DAGs    # Errors  Last Runtime    Last Run
---------------------------------  -----  ---------  --------  ----------  --------------  -------------------
/opt/airflow/dags/pipeline_dag.py                           1           0  0.08s           2026-05-01T22:38:23
================================================================================
[2026-05-01T22:39:03.341+0000] {manager.py:878} INFO - 
================================================================================
DAG File Processing Stats

File Path                          PID    Runtime      # DAGs    # Errors  Last Runtime    Last Run
---------------------------------  -----  ---------  --------  ----------  --------------  -------------------
/opt/airflow/dags/pipeline_dag.py                           1           0  0.09s           2026-05-01T22:38:53
================================================================================
[2026-05-01T22:39:33.533+0000] {manager.py:878} INFO - 
================================================================================
DAG File Processing Stats

File Path                          PID    Runtime      # DAGs    # Errors  Last Runtime    Last Run
---------------------------------  -----  ---------  --------  ----------  --------------  -------------------
/opt/airflow/dags/pipeline_dag.py                           1           0  0.08s           2026-05-01T22:39:23
================================================================================
[2026-05-01T22:40:03.686+0000] {manager.py:878} INFO - 
================================================================================
DAG File Processing Stats

File Path                          PID    Runtime      # DAGs    # Errors  Last Runtime    Last Run
---------------------------------  -----  ---------  --------  ----------  --------------  -------------------
/opt/airflow/dags/pipeline_dag.py                           1           0  0.09s           2026-05-01T22:39:53
================================================================================
[2026-05-01T22:40:33.884+0000] {manager.py:878} INFO - 
================================================================================
DAG File Processing Stats

File Path                          PID    Runtime      # DAGs    # Errors  Last Runtime    Last Run
---------------------------------  -----  ---------  --------  ----------  --------------  -------------------
/opt/airflow/dags/pipeline_dag.py                           1           0  0.07s           2026-05-01T22:40:23
================================================================================
[2026-05-01T22:41:04.006+0000] {manager.py:878} INFO - 
================================================================================
DAG File Processing Stats

File Path                          PID    Runtime      # DAGs    # Errors  Last Runtime    Last Run
---------------------------------  -----  ---------  --------  ----------  --------------  -------------------
/opt/airflow/dags/pipeline_dag.py                           1           0  0.08s           2026-05-01T22:40:54
================================================================================
[2026-05-01T22:41:34.163+0000] {manager.py:878} INFO - 
================================================================================
DAG File Processing Stats

File Path                          PID    Runtime      # DAGs    # Errors  Last Runtime    Last Run
---------------------------------  -----  ---------  --------  ----------  --------------  -------------------
/opt/airflow/dags/pipeline_dag.py                           1           0  0.07s           2026-05-01T22:41:24
================================================================================
[2026-05-01T22:42:04.263+0000] {manager.py:878} INFO - 
================================================================================
DAG File Processing Stats

File Path                          PID    Runtime      # DAGs    # Errors  Last Runtime    Last Run
---------------------------------  -----  ---------  --------  ----------  --------------  -------------------
/opt/airflow/dags/pipeline_dag.py                           1           0  0.07s           2026-05-01T22:41:54
================================================================================
[2026-05-01T22:42:34.395+0000] {manager.py:878} INFO - 
================================================================================
DAG File Processing Stats

File Path                          PID    Runtime      # DAGs    # Errors  Last Runtime    Last Run
---------------------------------  -----  ---------  --------  ----------  --------------  -------------------
/opt/airflow/dags/pipeline_dag.py                           1           0  0.07s           2026-05-01T22:42:24
================================================================================
[2026-05-01T22:43:04.551+0000] {manager.py:878} INFO - 
================================================================================
DAG File Processing Stats

File Path                          PID    Runtime      # DAGs    # Errors  Last Runtime    Last Run
---------------------------------  -----  ---------  --------  ----------  --------------  -------------------
/opt/airflow/dags/pipeline_dag.py                           1           0  0.08s           2026-05-01T22:42:54
================================================================================
[2026-05-01T22:43:21.624+0000] {manager.py:737} INFO - Searching for files in /opt/airflow/dags
[2026-05-01T22:43:21.626+0000] {manager.py:740} INFO - There are 1 files in /opt/airflow/dags
[2026-05-01T22:43:34.691+0000] {manager.py:878} INFO - 
================================================================================
DAG File Processing Stats

File Path                          PID    Runtime      # DAGs    # Errors  Last Runtime    Last Run
---------------------------------  -----  ---------  --------  ----------  --------------  -------------------
/opt/airflow/dags/pipeline_dag.py                           1           0  0.08s           2026-05-01T22:43:24
================================================================================
[2026-05-01T22:44:04.826+0000] {manager.py:878} INFO - 
================================================================================
DAG File Processing Stats

File Path                          PID    Runtime      # DAGs    # Errors  Last Runtime    Last Run
---------------------------------  -----  ---------  --------  ----------  --------------  -------------------
/opt/airflow/dags/pipeline_dag.py                           1           0  0.09s           2026-05-01T22:43:54
================================================================================
[2026-05-01T22:44:34.937+0000] {manager.py:878} INFO - 
================================================================================
DAG File Processing Stats

File Path                          PID    Runtime      # DAGs    # Errors  Last Runtime    Last Run
---------------------------------  -----  ---------  --------  ----------  --------------  -------------------
/opt/airflow/dags/pipeline_dag.py                           1           0  0.07s           2026-05-01T22:44:24
================================================================================
[2026-05-01T22:45:05.089+0000] {manager.py:878} INFO - 
================================================================================
DAG File Processing Stats

File Path                          PID    Runtime      # DAGs    # Errors  Last Runtime    Last Run
---------------------------------  -----  ---------  --------  ----------  --------------  -------------------
/opt/airflow/dags/pipeline_dag.py                           1           0  0.12s           2026-05-01T22:44:38
================================================================================
[2026-05-01T22:45:35.238+0000] {manager.py:878} INFO - 
================================================================================
DAG File Processing Stats

File Path                          PID    Runtime      # DAGs    # Errors  Last Runtime    Last Run
---------------------------------  -----  ---------  --------  ----------  --------------  -------------------
/opt/airflow/dags/pipeline_dag.py                           1           0  0.09s           2026-05-01T22:45:08
================================================================================
[2026-05-01T22:46:05.339+0000] {manager.py:878} INFO - 
================================================================================
DAG File Processing Stats

File Path                          PID    Runtime      # DAGs    # Errors  Last Runtime    Last Run
---------------------------------  -----  ---------  --------  ----------  --------------  -------------------
/opt/airflow/dags/pipeline_dag.py                           1           0  0.09s           2026-05-01T22:45:38
================================================================================
[2026-05-01T22:46:35.562+0000] {manager.py:878} INFO - 
================================================================================
DAG File Processing Stats

File Path                          PID    Runtime      # DAGs    # Errors  Last Runtime    Last Run
---------------------------------  -----  ---------  --------  ----------  --------------  -------------------
/opt/airflow/dags/pipeline_dag.py                           1           0  0.07s           2026-05-01T22:46:08
================================================================================
[2026-05-01T22:47:05.692+0000] {manager.py:878} INFO - 
================================================================================
DAG File Processing Stats

File Path                          PID    Runtime      # DAGs    # Errors  Last Runtime    Last Run
---------------------------------  -----  ---------  --------  ----------  --------------  -------------------
/opt/airflow/dags/pipeline_dag.py                           1           0  0.09s           2026-05-01T22:46:38
================================================================================
[2026-05-01T22:47:35.823+0000] {manager.py:878} INFO - 
================================================================================
DAG File Processing Stats

File Path                          PID    Runtime      # DAGs    # Errors  Last Runtime    Last Run
---------------------------------  -----  ---------  --------  ----------  --------------  -------------------
/opt/airflow/dags/pipeline_dag.py                           1           0  0.08s           2026-05-01T22:47:08
================================================================================
[2026-05-01T22:48:05.933+0000] {manager.py:878} INFO - 
================================================================================
DAG File Processing Stats

File Path                          PID    Runtime      # DAGs    # Errors  Last Runtime    Last Run
---------------------------------  -----  ---------  --------  ----------  --------------  -------------------
/opt/airflow/dags/pipeline_dag.py                           1           0  0.08s           2026-05-01T22:47:38
================================================================================
[2026-05-01T22:48:22.021+0000] {manager.py:737} INFO - Searching for files in /opt/airflow/dags
[2026-05-01T22:48:22.022+0000] {manager.py:740} INFO - There are 1 files in /opt/airflow/dags
[2026-05-01T22:48:36.070+0000] {manager.py:878} INFO - 
================================================================================
DAG File Processing Stats

File Path                          PID    Runtime      # DAGs    # Errors  Last Runtime    Last Run
---------------------------------  -----  ---------  --------  ----------  --------------  -------------------
/opt/airflow/dags/pipeline_dag.py                           1           0  0.07s           2026-05-01T22:48:09
================================================================================
[2026-05-01T22:49:06.168+0000] {manager.py:878} INFO - 
================================================================================
DAG File Processing Stats

File Path                          PID    Runtime      # DAGs    # Errors  Last Runtime    Last Run
---------------------------------  -----  ---------  --------  ----------  --------------  -------------------
/opt/airflow/dags/pipeline_dag.py                           1           0  0.09s           2026-05-01T22:48:39
================================================================================
[2026-05-01T22:49:36.300+0000] {manager.py:878} INFO - 
================================================================================
DAG File Processing Stats

File Path                          PID    Runtime      # DAGs    # Errors  Last Runtime    Last Run
---------------------------------  -----  ---------  --------  ----------  --------------  -------------------
/opt/airflow/dags/pipeline_dag.py                           1           0  0.07s           2026-05-01T22:49:09
================================================================================
[2026-05-01T22:50:06.396+0000] {manager.py:878} INFO - 
================================================================================
DAG File Processing Stats

File Path                          PID    Runtime      # DAGs    # Errors  Last Runtime    Last Run
---------------------------------  -----  ---------  --------  ----------  --------------  -------------------
/opt/airflow/dags/pipeline_dag.py                           1           0  0.08s           2026-05-01T22:49:39
================================================================================
[2026-05-01T22:50:36.547+0000] {manager.py:878} INFO - 
================================================================================
DAG File Processing Stats

File Path                          PID    Runtime      # DAGs    # Errors  Last Runtime    Last Run
---------------------------------  -----  ---------  --------  ----------  --------------  -------------------
/opt/airflow/dags/pipeline_dag.py                           1           0  0.08s           2026-05-01T22:50:09
================================================================================
[2026-05-01T22:51:06.701+0000] {manager.py:878} INFO - 
================================================================================
DAG File Processing Stats

File Path                          PID    Runtime      # DAGs    # Errors  Last Runtime    Last Run
---------------------------------  -----  ---------  --------  ----------  --------------  -------------------
/opt/airflow/dags/pipeline_dag.py                           1           0  0.09s           2026-05-01T22:50:39
================================================================================
[2026-05-01T22:51:36.806+0000] {manager.py:878} INFO - 
================================================================================
DAG File Processing Stats

File Path                          PID    Runtime      # DAGs    # Errors  Last Runtime    Last Run
---------------------------------  -----  ---------  --------  ----------  --------------  -------------------
/opt/airflow/dags/pipeline_dag.py                           1           0  0.08s           2026-05-01T22:51:09
================================================================================
[2026-05-01T22:52:06.939+0000] {manager.py:878} INFO - 
================================================================================
DAG File Processing Stats

File Path                          PID    Runtime      # DAGs    # Errors  Last Runtime    Last Run
---------------------------------  -----  ---------  --------  ----------  --------------  -------------------
/opt/airflow/dags/pipeline_dag.py                           1           0  0.08s           2026-05-01T22:51:39
================================================================================
[2026-05-01T22:52:37.049+0000] {manager.py:878} INFO - 
================================================================================
DAG File Processing Stats

File Path                          PID    Runtime      # DAGs    # Errors  Last Runtime    Last Run
---------------------------------  -----  ---------  --------  ----------  --------------  -------------------
/opt/airflow/dags/pipeline_dag.py                           1           0  0.08s           2026-05-01T22:52:10
================================================================================
[2026-05-01T22:53:07.173+0000] {manager.py:878} INFO - 
================================================================================
DAG File Processing Stats

File Path                          PID    Runtime      # DAGs    # Errors  Last Runtime    Last Run
---------------------------------  -----  ---------  --------  ----------  --------------  -------------------
/opt/airflow/dags/pipeline_dag.py                           1           0  0.08s           2026-05-01T22:52:40
================================================================================
[2026-05-01T22:53:22.243+0000] {manager.py:737} INFO - Searching for files in /opt/airflow/dags
[2026-05-01T22:53:22.245+0000] {manager.py:740} INFO - There are 1 files in /opt/airflow/dags
[2026-05-01T22:53:37.299+0000] {manager.py:878} INFO - 
================================================================================
DAG File Processing Stats

File Path                          PID    Runtime      # DAGs    # Errors  Last Runtime    Last Run
---------------------------------  -----  ---------  --------  ----------  --------------  -------------------
/opt/airflow/dags/pipeline_dag.py                           1           0  0.07s           2026-05-01T22:53:10
================================================================================
[2026-05-01T22:54:07.470+0000] {manager.py:878} INFO - 
================================================================================
DAG File Processing Stats

File Path                          PID    Runtime      # DAGs    # Errors  Last Runtime    Last Run
---------------------------------  -----  ---------  --------  ----------  --------------  -------------------
/opt/airflow/dags/pipeline_dag.py                           1           0  0.07s           2026-05-01T22:53:40
================================================================================
[2026-05-01T22:54:37.644+0000] {manager.py:878} INFO - 
================================================================================
DAG File Processing Stats

File Path                          PID    Runtime      # DAGs    # Errors  Last Runtime    Last Run
---------------------------------  -----  ---------  --------  ----------  --------------  -------------------
/opt/airflow/dags/pipeline_dag.py                           1           0  0.08s           2026-05-01T22:54:10
================================================================================
[2026-05-01T22:55:07.744+0000] {manager.py:878} INFO - 
================================================================================
DAG File Processing Stats

File Path                          PID    Runtime      # DAGs    # Errors  Last Runtime    Last Run
---------------------------------  -----  ---------  --------  ----------  --------------  -------------------
/opt/airflow/dags/pipeline_dag.py                           1           0  0.08s           2026-05-01T22:54:40
================================================================================
[2026-05-01T22:55:37.890+0000] {manager.py:878} INFO - 
================================================================================
DAG File Processing Stats

File Path                          PID    Runtime      # DAGs    # Errors  Last Runtime    Last Run
---------------------------------  -----  ---------  --------  ----------  --------------  -------------------
/opt/airflow/dags/pipeline_dag.py                           1           0  0.09s           2026-05-01T22:55:10
================================================================================
[2026-05-01T22:56:08.006+0000] {manager.py:878} INFO - 
================================================================================
DAG File Processing Stats

File Path                          PID    Runtime      # DAGs    # Errors  Last Runtime    Last Run
---------------------------------  -----  ---------  --------  ----------  --------------  -------------------
/opt/airflow/dags/pipeline_dag.py                           1           0  0.08s           2026-05-01T22:55:40
================================================================================
[2026-05-01T22:56:38.128+0000] {manager.py:878} INFO - 
================================================================================
DAG File Processing Stats

File Path                          PID    Runtime      # DAGs    # Errors  Last Runtime    Last Run
---------------------------------  -----  ---------  --------  ----------  --------------  -------------------
/opt/airflow/dags/pipeline_dag.py                           1           0  0.07s           2026-05-01T22:56:11
================================================================================
[2026-05-01T22:57:08.229+0000] {manager.py:878} INFO - 
================================================================================
DAG File Processing Stats

File Path                          PID    Runtime      # DAGs    # Errors  Last Runtime    Last Run
---------------------------------  -----  ---------  --------  ----------  --------------  -------------------
/opt/airflow/dags/pipeline_dag.py                           1           0  0.08s           2026-05-01T22:56:41
================================================================================
[2026-05-01T22:57:38.405+0000] {manager.py:878} INFO - 
================================================================================
DAG File Processing Stats

File Path                          PID    Runtime      # DAGs    # Errors  Last Runtime    Last Run
---------------------------------  -----  ---------  --------  ----------  --------------  -------------------
/opt/airflow/dags/pipeline_dag.py                           1           0  0.07s           2026-05-01T22:57:11
================================================================================
[2026-05-01T22:58:08.569+0000] {manager.py:878} INFO - 
================================================================================
DAG File Processing Stats

File Path                          PID    Runtime      # DAGs    # Errors  Last Runtime    Last Run
---------------------------------  -----  ---------  --------  ----------  --------------  -------------------
/opt/airflow/dags/pipeline_dag.py                           1           0  0.09s           2026-05-01T22:57:41
================================================================================
[2026-05-01T22:58:22.709+0000] {manager.py:737} INFO - Searching for files in /opt/airflow/dags
[2026-05-01T22:58:22.711+0000] {manager.py:740} INFO - There are 1 files in /opt/airflow/dags
[2026-05-01T22:58:38.807+0000] {manager.py:878} INFO - 
================================================================================
DAG File Processing Stats

File Path                          PID    Runtime      # DAGs    # Errors  Last Runtime    Last Run
---------------------------------  -----  ---------  --------  ----------  --------------  -------------------
/opt/airflow/dags/pipeline_dag.py                           1           0  0.08s           2026-05-01T22:58:11
================================================================================
[2026-05-01T22:59:08.975+0000] {manager.py:878} INFO - 
================================================================================
DAG File Processing Stats

File Path                          PID    Runtime      # DAGs    # Errors  Last Runtime    Last Run
---------------------------------  -----  ---------  --------  ----------  --------------  -------------------
/opt/airflow/dags/pipeline_dag.py                           1           0  0.09s           2026-05-01T22:58:41
================================================================================
[2026-05-01T22:59:39.166+0000] {manager.py:878} INFO - 
================================================================================
DAG File Processing Stats

File Path                          PID    Runtime      # DAGs    # Errors  Last Runtime    Last Run
---------------------------------  -----  ---------  --------  ----------  --------------  -------------------
/opt/airflow/dags/pipeline_dag.py                           1           0  0.08s           2026-05-01T22:59:12
================================================================================
[2026-05-01T23:00:09.287+0000] {manager.py:878} INFO - 
================================================================================
DAG File Processing Stats

File Path                          PID    Runtime      # DAGs    # Errors  Last Runtime    Last Run
---------------------------------  -----  ---------  --------  ----------  --------------  -------------------
/opt/airflow/dags/pipeline_dag.py                           1           0  0.08s           2026-05-01T22:59:42
================================================================================
[2026-05-01T23:00:39.509+0000] {manager.py:878} INFO - 
================================================================================
DAG File Processing Stats

File Path                          PID    Runtime      # DAGs    # Errors  Last Runtime    Last Run
---------------------------------  -----  ---------  --------  ----------  --------------  -------------------
/opt/airflow/dags/pipeline_dag.py                           1           0  0.08s           2026-05-01T23:00:12
================================================================================
[2026-05-01T23:01:09.666+0000] {manager.py:878} INFO - 
================================================================================
DAG File Processing Stats

File Path                          PID    Runtime      # DAGs    # Errors  Last Runtime    Last Run
---------------------------------  -----  ---------  --------  ----------  --------------  -------------------
/opt/airflow/dags/pipeline_dag.py                           1           0  0.10s           2026-05-01T23:00:42
================================================================================
[2026-05-01T23:01:39.876+0000] {manager.py:878} INFO - 
================================================================================
DAG File Processing Stats

File Path                          PID    Runtime      # DAGs    # Errors  Last Runtime    Last Run
---------------------------------  -----  ---------  --------  ----------  --------------  -------------------
/opt/airflow/dags/pipeline_dag.py                           1           0  0.09s           2026-05-01T23:01:12
================================================================================
[2026-05-01T23:02:10.019+0000] {manager.py:878} INFO - 
================================================================================
DAG File Processing Stats

File Path                          PID    Runtime      # DAGs    # Errors  Last Runtime    Last Run
---------------------------------  -----  ---------  --------  ----------  --------------  -------------------
/opt/airflow/dags/pipeline_dag.py                           1           0  0.09s           2026-05-01T23:01:42
================================================================================
[2026-05-01T23:02:40.211+0000] {manager.py:878} INFO - 
================================================================================
DAG File Processing Stats

File Path                          PID    Runtime      # DAGs    # Errors  Last Runtime    Last Run
---------------------------------  -----  ---------  --------  ----------  --------------  -------------------
/opt/airflow/dags/pipeline_dag.py                           1           0  0.07s           2026-05-01T23:02:13
================================================================================
[2026-05-01T23:03:10.363+0000] {manager.py:878} INFO - 
================================================================================
DAG File Processing Stats

File Path                          PID    Runtime      # DAGs    # Errors  Last Runtime    Last Run
---------------------------------  -----  ---------  --------  ----------  --------------  -------------------
/opt/airflow/dags/pipeline_dag.py                           1           0  0.08s           2026-05-01T23:02:43
================================================================================
[2026-05-01T23:03:23.449+0000] {manager.py:737} INFO - Searching for files in /opt/airflow/dags
[2026-05-01T23:03:23.450+0000] {manager.py:740} INFO - There are 1 files in /opt/airflow/dags
[2026-05-01T23:03:40.538+0000] {manager.py:878} INFO - 
================================================================================
DAG File Processing Stats

File Path                          PID    Runtime      # DAGs    # Errors  Last Runtime    Last Run
---------------------------------  -----  ---------  --------  ----------  --------------  -------------------
/opt/airflow/dags/pipeline_dag.py                           1           0  0.08s           2026-05-01T23:03:13
================================================================================
[2026-05-01T23:04:10.662+0000] {manager.py:878} INFO - 
================================================================================
DAG File Processing Stats

File Path                          PID    Runtime      # DAGs    # Errors  Last Runtime    Last Run
---------------------------------  -----  ---------  --------  ----------  --------------  -------------------
/opt/airflow/dags/pipeline_dag.py                           1           0  0.09s           2026-05-01T23:03:43
================================================================================
[2026-05-01T23:04:40.795+0000] {manager.py:878} INFO - 
================================================================================
DAG File Processing Stats

File Path                          PID    Runtime      # DAGs    # Errors  Last Runtime    Last Run
---------------------------------  -----  ---------  --------  ----------  --------------  -------------------
/opt/airflow/dags/pipeline_dag.py                           1           0  0.08s           2026-05-01T23:04:13
================================================================================
[2026-05-01T23:05:10.900+0000] {manager.py:878} INFO - 
================================================================================
DAG File Processing Stats

File Path                          PID    Runtime      # DAGs    # Errors  Last Runtime    Last Run
---------------------------------  -----  ---------  --------  ----------  --------------  -------------------
/opt/airflow/dags/pipeline_dag.py                           1           0  0.07s           2026-05-01T23:04:43
================================================================================
[2026-05-01T23:05:41.027+0000] {manager.py:878} INFO - 
================================================================================
DAG File Processing Stats

File Path                          PID    Runtime      # DAGs    # Errors  Last Runtime    Last Run
---------------------------------  -----  ---------  --------  ----------  --------------  -------------------
/opt/airflow/dags/pipeline_dag.py                           1           0  0.07s           2026-05-01T23:05:13
================================================================================
[2026-05-01T23:06:11.122+0000] {manager.py:878} INFO - 
================================================================================
DAG File Processing Stats

File Path                          PID    Runtime      # DAGs    # Errors  Last Runtime    Last Run
---------------------------------  -----  ---------  --------  ----------  --------------  -------------------
/opt/airflow/dags/pipeline_dag.py                           1           0  0.07s           2026-05-01T23:05:44
================================================================================
[2026-05-01T23:06:41.252+0000] {manager.py:878} INFO - 
================================================================================
DAG File Processing Stats

File Path                          PID    Runtime      # DAGs    # Errors  Last Runtime    Last Run
---------------------------------  -----  ---------  --------  ----------  --------------  -------------------
/opt/airflow/dags/pipeline_dag.py                           1           0  0.07s           2026-05-01T23:06:14
================================================================================
[2026-05-01T23:07:11.350+0000] {manager.py:878} INFO - 
================================================================================
DAG File Processing Stats

File Path                          PID    Runtime      # DAGs    # Errors  Last Runtime    Last Run
---------------------------------  -----  ---------  --------  ----------  --------------  -------------------
/opt/airflow/dags/pipeline_dag.py                           1           0  0.08s           2026-05-01T23:06:44
================================================================================
[2026-05-01T23:07:41.473+0000] {manager.py:878} INFO - 
================================================================================
DAG File Processing Stats

File Path                          PID    Runtime      # DAGs    # Errors  Last Runtime    Last Run
---------------------------------  -----  ---------  --------  ----------  --------------  -------------------
/opt/airflow/dags/pipeline_dag.py                           1           0  0.07s           2026-05-01T23:07:14
================================================================================
[2026-05-01T23:08:11.667+0000] {manager.py:878} INFO - 
================================================================================
DAG File Processing Stats

File Path                          PID    Runtime      # DAGs    # Errors  Last Runtime    Last Run
---------------------------------  -----  ---------  --------  ----------  --------------  -------------------
/opt/airflow/dags/pipeline_dag.py                           1           0  0.08s           2026-05-01T23:07:44
================================================================================
[2026-05-01T23:08:23.705+0000] {manager.py:737} INFO - Searching for files in /opt/airflow/dags
[2026-05-01T23:08:23.706+0000] {manager.py:740} INFO - There are 1 files in /opt/airflow/dags
[2026-05-01T23:08:41.870+0000] {manager.py:878} INFO - 
================================================================================
DAG File Processing Stats

File Path                          PID    Runtime      # DAGs    # Errors  Last Runtime    Last Run
---------------------------------  -----  ---------  --------  ----------  --------------  -------------------
/opt/airflow/dags/pipeline_dag.py                           1           0  0.12s           2026-05-01T23:08:24
================================================================================
[2026-05-01T23:09:12.017+0000] {manager.py:878} INFO - 
================================================================================
DAG File Processing Stats

File Path                          PID    Runtime      # DAGs    # Errors  Last Runtime    Last Run
---------------------------------  -----  ---------  --------  ----------  --------------  -------------------
/opt/airflow/dags/pipeline_dag.py                           1           0  0.07s           2026-05-01T23:08:55
================================================================================
[2026-05-01T23:09:42.198+0000] {manager.py:878} INFO - 
================================================================================
DAG File Processing Stats

File Path                          PID    Runtime      # DAGs    # Errors  Last Runtime    Last Run
---------------------------------  -----  ---------  --------  ----------  --------------  -------------------
/opt/airflow/dags/pipeline_dag.py                           1           0  0.08s           2026-05-01T23:09:25
================================================================================
[2026-05-01T23:10:12.341+0000] {manager.py:878} INFO - 
================================================================================
DAG File Processing Stats

File Path                          PID    Runtime      # DAGs    # Errors  Last Runtime    Last Run
---------------------------------  -----  ---------  --------  ----------  --------------  -------------------
/opt/airflow/dags/pipeline_dag.py                           1           0  0.07s           2026-05-01T23:09:55
================================================================================
[2026-05-01T23:10:42.478+0000] {manager.py:878} INFO - 
================================================================================
DAG File Processing Stats

File Path                          PID    Runtime      # DAGs    # Errors  Last Runtime    Last Run
---------------------------------  -----  ---------  --------  ----------  --------------  -------------------
/opt/airflow/dags/pipeline_dag.py                           1           0  0.08s           2026-05-01T23:10:25
================================================================================
[2026-05-01T23:11:12.591+0000] {manager.py:878} INFO - 
================================================================================
DAG File Processing Stats

File Path                          PID    Runtime      # DAGs    # Errors  Last Runtime    Last Run
---------------------------------  -----  ---------  --------  ----------  --------------  -------------------
/opt/airflow/dags/pipeline_dag.py                           1           0  0.07s           2026-05-01T23:10:55
================================================================================
[2026-05-01T23:11:42.757+0000] {manager.py:878} INFO - 
================================================================================
DAG File Processing Stats

File Path                          PID    Runtime      # DAGs    # Errors  Last Runtime    Last Run
---------------------------------  -----  ---------  --------  ----------  --------------  -------------------
/opt/airflow/dags/pipeline_dag.py                           1           0  0.09s           2026-05-01T23:11:25
================================================================================
[2026-05-01T23:12:12.915+0000] {manager.py:878} INFO - 
================================================================================
DAG File Processing Stats

File Path                          PID    Runtime      # DAGs    # Errors  Last Runtime    Last Run
---------------------------------  -----  ---------  --------  ----------  --------------  -------------------
/opt/airflow/dags/pipeline_dag.py                           1           0  0.07s           2026-05-01T23:11:55
================================================================================
[2026-05-01T23:12:43.012+0000] {manager.py:878} INFO - 
================================================================================
DAG File Processing Stats

File Path                          PID    Runtime      # DAGs    # Errors  Last Runtime    Last Run
---------------------------------  -----  ---------  --------  ----------  --------------  -------------------
/opt/airflow/dags/pipeline_dag.py                           1           0  0.09s           2026-05-01T23:12:26
================================================================================
[2026-05-01T23:13:13.162+0000] {manager.py:878} INFO - 
================================================================================
DAG File Processing Stats

File Path                          PID    Runtime      # DAGs    # Errors  Last Runtime    Last Run
---------------------------------  -----  ---------  --------  ----------  --------------  -------------------
/opt/airflow/dags/pipeline_dag.py                           1           0  0.07s           2026-05-01T23:12:56
================================================================================
[2026-05-01T23:13:24.193+0000] {manager.py:737} INFO - Searching for files in /opt/airflow/dags
[2026-05-01T23:13:24.194+0000] {manager.py:740} INFO - There are 1 files in /opt/airflow/dags
[2026-05-01T23:13:43.265+0000] {manager.py:878} INFO - 
================================================================================
DAG File Processing Stats

File Path                          PID    Runtime      # DAGs    # Errors  Last Runtime    Last Run
---------------------------------  -----  ---------  --------  ----------  --------------  -------------------
/opt/airflow/dags/pipeline_dag.py                           1           0  0.07s           2026-05-01T23:13:26
================================================================================
[2026-05-01T23:14:13.404+0000] {manager.py:878} INFO - 
================================================================================
DAG File Processing Stats

File Path                          PID    Runtime      # DAGs    # Errors  Last Runtime    Last Run
---------------------------------  -----  ---------  --------  ----------  --------------  -------------------
/opt/airflow/dags/pipeline_dag.py                           1           0  0.08s           2026-05-01T23:13:56
================================================================================
[2026-05-01T23:14:43.492+0000] {manager.py:878} INFO - 
================================================================================
DAG File Processing Stats

File Path                          PID    Runtime      # DAGs    # Errors  Last Runtime    Last Run
---------------------------------  -----  ---------  --------  ----------  --------------  -------------------
/opt/airflow/dags/pipeline_dag.py                           1           0  0.08s           2026-05-01T23:14:26
================================================================================
[2026-05-01T23:15:13.625+0000] {manager.py:878} INFO - 
================================================================================
DAG File Processing Stats

File Path                          PID    Runtime      # DAGs    # Errors  Last Runtime    Last Run
---------------------------------  -----  ---------  --------  ----------  --------------  -------------------
/opt/airflow/dags/pipeline_dag.py                           1           0  0.07s           2026-05-01T23:14:56
================================================================================
[2026-05-01T23:15:43.724+0000] {manager.py:878} INFO - 
================================================================================
DAG File Processing Stats

File Path                          PID    Runtime      # DAGs    # Errors  Last Runtime    Last Run
---------------------------------  -----  ---------  --------  ----------  --------------  -------------------
/opt/airflow/dags/pipeline_dag.py                           1           0  0.08s           2026-05-01T23:15:26
================================================================================
[2026-05-01T23:16:13.861+0000] {manager.py:878} INFO - 
================================================================================
DAG File Processing Stats

File Path                          PID    Runtime      # DAGs    # Errors  Last Runtime    Last Run
---------------------------------  -----  ---------  --------  ----------  --------------  -------------------
/opt/airflow/dags/pipeline_dag.py                           1           0  0.07s           2026-05-01T23:15:56
================================================================================
[2026-05-01T23:16:43.967+0000] {manager.py:878} INFO - 
================================================================================
DAG File Processing Stats

File Path                          PID    Runtime      # DAGs    # Errors  Last Runtime    Last Run
---------------------------------  -----  ---------  --------  ----------  --------------  -------------------
/opt/airflow/dags/pipeline_dag.py                           1           0  0.08s           2026-05-01T23:16:26
================================================================================
[2026-05-01T23:17:14.096+0000] {manager.py:878} INFO - 
================================================================================
DAG File Processing Stats

File Path                          PID    Runtime      # DAGs    # Errors  Last Runtime    Last Run
---------------------------------  -----  ---------  --------  ----------  --------------  -------------------
/opt/airflow/dags/pipeline_dag.py                           1           0  0.07s           2026-05-01T23:16:57
================================================================================
[2026-05-01T23:17:44.190+0000] {manager.py:878} INFO - 
================================================================================
DAG File Processing Stats

File Path                          PID    Runtime      # DAGs    # Errors  Last Runtime    Last Run
---------------------------------  -----  ---------  --------  ----------  --------------  -------------------
/opt/airflow/dags/pipeline_dag.py                           1           0  0.08s           2026-05-01T23:17:27
================================================================================
[2026-05-01T23:18:14.332+0000] {manager.py:878} INFO - 
================================================================================
DAG File Processing Stats

File Path                          PID    Runtime      # DAGs    # Errors  Last Runtime    Last Run
---------------------------------  -----  ---------  --------  ----------  --------------  -------------------
/opt/airflow/dags/pipeline_dag.py                           1           0  0.07s           2026-05-01T23:17:57
================================================================================
[2026-05-01T23:18:24.362+0000] {manager.py:737} INFO - Searching for files in /opt/airflow/dags
[2026-05-01T23:18:24.362+0000] {manager.py:740} INFO - There are 1 files in /opt/airflow/dags
[2026-05-01T23:18:44.442+0000] {manager.py:878} INFO - 
================================================================================
DAG File Processing Stats

File Path                          PID    Runtime      # DAGs    # Errors  Last Runtime    Last Run
---------------------------------  -----  ---------  --------  ----------  --------------  -------------------
/opt/airflow/dags/pipeline_dag.py                           1           0  0.08s           2026-05-01T23:18:27
================================================================================
[2026-05-01T23:19:14.642+0000] {manager.py:878} INFO - 
================================================================================
DAG File Processing Stats

File Path                          PID    Runtime      # DAGs    # Errors  Last Runtime    Last Run
---------------------------------  -----  ---------  --------  ----------  --------------  -------------------
/opt/airflow/dags/pipeline_dag.py                           1           0  0.08s           2026-05-01T23:18:57
================================================================================
[2026-05-01T23:19:44.750+0000] {manager.py:878} INFO - 
================================================================================
DAG File Processing Stats

File Path                          PID    Runtime      # DAGs    # Errors  Last Runtime    Last Run
---------------------------------  -----  ---------  --------  ----------  --------------  -------------------
/opt/airflow/dags/pipeline_dag.py                           1           0  0.09s           2026-05-01T23:19:27
================================================================================
[2026-05-01T23:20:14.947+0000] {manager.py:878} INFO - 
================================================================================
DAG File Processing Stats

File Path                          PID    Runtime      # DAGs    # Errors  Last Runtime    Last Run
---------------------------------  -----  ---------  --------  ----------  --------------  -------------------
/opt/airflow/dags/pipeline_dag.py                           1           0  0.12s           2026-05-01T23:19:46
================================================================================
[2026-05-01T23:20:45.101+0000] {manager.py:878} INFO - 
================================================================================
DAG File Processing Stats

File Path                          PID    Runtime      # DAGs    # Errors  Last Runtime    Last Run
---------------------------------  -----  ---------  --------  ----------  --------------  -------------------
/opt/airflow/dags/pipeline_dag.py                           1           0  0.08s           2026-05-01T23:20:17
================================================================================
[2026-05-01T23:21:15.279+0000] {manager.py:878} INFO - 
================================================================================
DAG File Processing Stats

File Path                          PID    Runtime      # DAGs    # Errors  Last Runtime    Last Run
---------------------------------  -----  ---------  --------  ----------  --------------  -------------------
/opt/airflow/dags/pipeline_dag.py                           1           0  0.08s           2026-05-01T23:20:47
================================================================================
[2026-05-01T23:21:45.507+0000] {manager.py:878} INFO - 
================================================================================
DAG File Processing Stats

File Path                          PID    Runtime      # DAGs    # Errors  Last Runtime    Last Run
---------------------------------  -----  ---------  --------  ----------  --------------  -------------------
/opt/airflow/dags/pipeline_dag.py                           1           0  0.54s           2026-05-01T23:21:17
================================================================================
[2026-05-01T23:22:16.172+0000] {manager.py:878} INFO - 
================================================================================
DAG File Processing Stats

File Path                          PID    Runtime      # DAGs    # Errors  Last Runtime    Last Run
---------------------------------  -----  ---------  --------  ----------  --------------  -------------------
/opt/airflow/dags/pipeline_dag.py                           1           0  0.17s           2026-05-01T23:21:48
================================================================================
[2026-05-01T23:22:46.500+0000] {manager.py:878} INFO - 
================================================================================
DAG File Processing Stats

File Path                          PID    Runtime      # DAGs    # Errors  Last Runtime    Last Run
---------------------------------  -----  ---------  --------  ----------  --------------  -------------------
/opt/airflow/dags/pipeline_dag.py                           1           0  0.10s           2026-05-01T23:22:18
================================================================================
[2026-05-01T23:23:16.736+0000] {manager.py:878} INFO - 
================================================================================
DAG File Processing Stats

File Path                          PID    Runtime      # DAGs    # Errors  Last Runtime    Last Run
---------------------------------  -----  ---------  --------  ----------  --------------  -------------------
/opt/airflow/dags/pipeline_dag.py                           1           0  0.08s           2026-05-01T23:22:48
================================================================================
[2026-05-01T23:23:24.794+0000] {manager.py:737} INFO - Searching for files in /opt/airflow/dags
[2026-05-01T23:23:24.796+0000] {manager.py:740} INFO - There are 1 files in /opt/airflow/dags
[2026-05-01T23:23:46.917+0000] {manager.py:878} INFO - 
================================================================================
DAG File Processing Stats

File Path                          PID    Runtime      # DAGs    # Errors  Last Runtime    Last Run
---------------------------------  -----  ---------  --------  ----------  --------------  -------------------
/opt/airflow/dags/pipeline_dag.py                           1           0  0.08s           2026-05-01T23:23:18
================================================================================
[2026-05-01T23:24:17.119+0000] {manager.py:878} INFO - 
================================================================================
DAG File Processing Stats

File Path                          PID    Runtime      # DAGs    # Errors  Last Runtime    Last Run
---------------------------------  -----  ---------  --------  ----------  --------------  -------------------
/opt/airflow/dags/pipeline_dag.py                           1           0  0.07s           2026-05-01T23:23:49
================================================================================
[2026-05-01T23:24:47.317+0000] {manager.py:878} INFO - 
================================================================================
DAG File Processing Stats

File Path                          PID    Runtime      # DAGs    # Errors  Last Runtime    Last Run
---------------------------------  -----  ---------  --------  ----------  --------------  -------------------
/opt/airflow/dags/pipeline_dag.py                           1           0  0.10s           2026-05-01T23:24:19
================================================================================
[2026-05-01T23:25:17.544+0000] {manager.py:878} INFO - 
================================================================================
DAG File Processing Stats

File Path                          PID    Runtime      # DAGs    # Errors  Last Runtime    Last Run
---------------------------------  -----  ---------  --------  ----------  --------------  -------------------
/opt/airflow/dags/pipeline_dag.py                           1           0  0.08s           2026-05-01T23:24:49
================================================================================
[2026-05-01T23:25:47.724+0000] {manager.py:878} INFO - 
================================================================================
DAG File Processing Stats

File Path                          PID    Runtime      # DAGs    # Errors  Last Runtime    Last Run
---------------------------------  -----  ---------  --------  ----------  --------------  -------------------
/opt/airflow/dags/pipeline_dag.py                           1           0  0.10s           2026-05-01T23:25:19
================================================================================
[2026-05-01T23:26:17.966+0000] {manager.py:878} INFO - 
================================================================================
DAG File Processing Stats

File Path                          PID    Runtime      # DAGs    # Errors  Last Runtime    Last Run
---------------------------------  -----  ---------  --------  ----------  --------------  -------------------
/opt/airflow/dags/pipeline_dag.py                           1           0  0.08s           2026-05-01T23:25:49
================================================================================
[2026-05-01T23:26:48.132+0000] {manager.py:878} INFO - 
================================================================================
DAG File Processing Stats

File Path                          PID    Runtime      # DAGs    # Errors  Last Runtime    Last Run
---------------------------------  -----  ---------  --------  ----------  --------------  -------------------
/opt/airflow/dags/pipeline_dag.py                           1           0  0.09s           2026-05-01T23:26:20
================================================================================
[2026-05-01T23:27:18.351+0000] {manager.py:878} INFO - 
================================================================================
DAG File Processing Stats

File Path                          PID    Runtime      # DAGs    # Errors  Last Runtime    Last Run
---------------------------------  -----  ---------  --------  ----------  --------------  -------------------
/opt/airflow/dags/pipeline_dag.py                           1           0  0.07s           2026-05-01T23:26:50
================================================================================
[2026-05-01T23:27:48.533+0000] {manager.py:878} INFO - 
================================================================================
DAG File Processing Stats

File Path                          PID    Runtime      # DAGs    # Errors  Last Runtime    Last Run
---------------------------------  -----  ---------  --------  ----------  --------------  -------------------
/opt/airflow/dags/pipeline_dag.py                           1           0  0.08s           2026-05-01T23:27:20
================================================================================
[2026-05-01T23:28:18.754+0000] {manager.py:878} INFO - 
================================================================================
DAG File Processing Stats

File Path                          PID    Runtime      # DAGs    # Errors  Last Runtime    Last Run
---------------------------------  -----  ---------  --------  ----------  --------------  -------------------
/opt/airflow/dags/pipeline_dag.py                           1           0  0.08s           2026-05-01T23:27:50
================================================================================
[2026-05-01T23:28:24.798+0000] {manager.py:737} INFO - Searching for files in /opt/airflow/dags
[2026-05-01T23:28:24.800+0000] {manager.py:740} INFO - There are 1 files in /opt/airflow/dags
[2026-05-01T23:28:48.949+0000] {manager.py:878} INFO - 
================================================================================
DAG File Processing Stats

File Path                          PID    Runtime      # DAGs    # Errors  Last Runtime    Last Run
---------------------------------  -----  ---------  --------  ----------  --------------  -------------------
/opt/airflow/dags/pipeline_dag.py                           1           0  0.08s           2026-05-01T23:28:20
================================================================================
[2026-05-01T23:29:19.146+0000] {manager.py:878} INFO - 
================================================================================
DAG File Processing Stats

File Path                          PID    Runtime      # DAGs    # Errors  Last Runtime    Last Run
---------------------------------  -----  ---------  --------  ----------  --------------  -------------------
/opt/airflow/dags/pipeline_dag.py                           1           0  0.09s           2026-05-01T23:28:51
================================================================================
[2026-05-01T23:29:25.120+0000] {manager.py:452} INFO - Exiting gracefully upon receiving signal 15
[2026-05-01T23:30:22.086+0000] {manager.py:470} INFO - Processing files using up to 2 processes at a time 
[2026-05-01T23:30:22.086+0000] {manager.py:471} INFO - Process each file at most once every 30 seconds
[2026-05-01T23:30:22.087+0000] {manager.py:472} INFO - Checking for new files in /opt/airflow/dags every 300 seconds
[2026-05-01T23:30:22.087+0000] {manager.py:737} INFO - Searching for files in /opt/airflow/dags
[2026-05-01T23:30:22.087+0000] {manager.py:740} INFO - There are 1 files in /opt/airflow/dags
[2026-05-01T23:30:22.148+0000] {manager.py:878} INFO - 
================================================================================
DAG File Processing Stats

File Path                            PID  Runtime      # DAGs    # Errors  Last Runtime    Last Run
---------------------------------  -----  ---------  --------  ----------  --------------  ----------
/opt/airflow/dags/pipeline_dag.py    172  0.02s             0           0
================================================================================
[2026-05-01T23:30:52.289+0000] {manager.py:878} INFO - 
================================================================================
DAG File Processing Stats

File Path                            PID  Runtime      # DAGs    # Errors  Last Runtime    Last Run
---------------------------------  -----  ---------  --------  ----------  --------------  -------------------
/opt/airflow/dags/pipeline_dag.py    190  0.00s             1           0  0.11s           2026-05-01T23:30:22
================================================================================
[2026-05-01T23:31:22.506+0000] {manager.py:878} INFO - 
================================================================================
DAG File Processing Stats

File Path                          PID    Runtime      # DAGs    # Errors  Last Runtime    Last Run
---------------------------------  -----  ---------  --------  ----------  --------------  -------------------
/opt/airflow/dags/pipeline_dag.py                           1           0  0.30s           2026-05-01T23:30:52
================================================================================
[2026-05-01T23:31:52.906+0000] {manager.py:878} INFO - 
================================================================================
DAG File Processing Stats

File Path                            PID  Runtime      # DAGs    # Errors  Last Runtime    Last Run
---------------------------------  -----  ---------  --------  ----------  --------------  -------------------
/opt/airflow/dags/pipeline_dag.py    200  0.01s             1           0  0.09s           2026-05-01T23:31:22
================================================================================
[2026-05-01T23:32:23.132+0000] {manager.py:878} INFO - 
================================================================================
DAG File Processing Stats

File Path                            PID  Runtime      # DAGs    # Errors  Last Runtime    Last Run
---------------------------------  -----  ---------  --------  ----------  --------------  -------------------
/opt/airflow/dags/pipeline_dag.py    217  0.00s             1           0  0.08s           2026-05-01T23:31:52
================================================================================
[2026-05-01T23:32:53.312+0000] {manager.py:878} INFO - 
================================================================================
DAG File Processing Stats

File Path                            PID  Runtime      # DAGs    # Errors  Last Runtime    Last Run
---------------------------------  -----  ---------  --------  ----------  --------------  -------------------
/opt/airflow/dags/pipeline_dag.py    222  0.00s             1           0  0.09s           2026-05-01T23:32:23
================================================================================
[2026-05-01T23:33:23.542+0000] {manager.py:878} INFO - 
================================================================================
DAG File Processing Stats

File Path                            PID  Runtime      # DAGs    # Errors  Last Runtime    Last Run
---------------------------------  -----  ---------  --------  ----------  --------------  -------------------
/opt/airflow/dags/pipeline_dag.py    227  0.00s             1           0  0.08s           2026-05-01T23:32:53
================================================================================
[2026-05-01T23:33:53.729+0000] {manager.py:878} INFO - 
================================================================================
DAG File Processing Stats

File Path                            PID  Runtime      # DAGs    # Errors  Last Runtime    Last Run
---------------------------------  -----  ---------  --------  ----------  --------------  -------------------
/opt/airflow/dags/pipeline_dag.py    232  0.00s             1           0  0.09s           2026-05-01T23:33:23
================================================================================
[2026-05-01T23:34:23.944+0000] {manager.py:878} INFO - 
================================================================================
DAG File Processing Stats

File Path                            PID  Runtime      # DAGs    # Errors  Last Runtime    Last Run
---------------------------------  -----  ---------  --------  ----------  --------------  -------------------
/opt/airflow/dags/pipeline_dag.py    237  0.00s             1           0  0.08s           2026-05-01T23:33:53
================================================================================
[2026-05-01T23:34:54.113+0000] {manager.py:878} INFO - 
================================================================================
DAG File Processing Stats

File Path                            PID  Runtime      # DAGs    # Errors  Last Runtime    Last Run
---------------------------------  -----  ---------  --------  ----------  --------------  -------------------
/opt/airflow/dags/pipeline_dag.py    242  0.00s             1           0  0.08s           2026-05-01T23:34:24
================================================================================
[2026-05-01T23:35:22.313+0000] {manager.py:737} INFO - Searching for files in /opt/airflow/dags
[2026-05-01T23:35:22.314+0000] {manager.py:740} INFO - There are 1 files in /opt/airflow/dags
[2026-05-01T23:35:24.336+0000] {manager.py:878} INFO - 
================================================================================
DAG File Processing Stats

File Path                            PID  Runtime      # DAGs    # Errors  Last Runtime    Last Run
---------------------------------  -----  ---------  --------  ----------  --------------  -------------------
/opt/airflow/dags/pipeline_dag.py    247  0.00s             1           0  0.08s           2026-05-01T23:34:54
================================================================================
[2026-05-01T23:35:54.519+0000] {manager.py:878} INFO - 
================================================================================
DAG File Processing Stats

File Path                            PID  Runtime      # DAGs    # Errors  Last Runtime    Last Run
---------------------------------  -----  ---------  --------  ----------  --------------  -------------------
/opt/airflow/dags/pipeline_dag.py    252  0.01s             1           0  0.07s           2026-05-01T23:35:24
================================================================================
[2026-05-01T23:36:24.731+0000] {manager.py:878} INFO - 
================================================================================
DAG File Processing Stats

File Path                            PID  Runtime      # DAGs    # Errors  Last Runtime    Last Run
---------------------------------  -----  ---------  --------  ----------  --------------  -------------------
/opt/airflow/dags/pipeline_dag.py    257  0.01s             1           0  0.09s           2026-05-01T23:35:54
================================================================================
[2026-05-01T23:36:54.927+0000] {manager.py:878} INFO - 
================================================================================
DAG File Processing Stats

File Path                            PID  Runtime      # DAGs    # Errors  Last Runtime    Last Run
---------------------------------  -----  ---------  --------  ----------  --------------  -------------------
/opt/airflow/dags/pipeline_dag.py    262  0.01s             1           0  0.09s           2026-05-01T23:36:24
================================================================================
[2026-05-01T23:37:25.120+0000] {manager.py:878} INFO - 
================================================================================
DAG File Processing Stats

File Path                            PID  Runtime      # DAGs    # Errors  Last Runtime    Last Run
---------------------------------  -----  ---------  --------  ----------  --------------  -------------------
/opt/airflow/dags/pipeline_dag.py    279  0.01s             1           0  0.09s           2026-05-01T23:36:55
================================================================================
[2026-05-01T23:37:55.318+0000] {manager.py:878} INFO - 
================================================================================
DAG File Processing Stats

File Path                            PID  Runtime      # DAGs    # Errors  Last Runtime    Last Run
---------------------------------  -----  ---------  --------  ----------  --------------  -------------------
/opt/airflow/dags/pipeline_dag.py    284  0.01s             1           0  0.07s           2026-05-01T23:37:25
================================================================================
[2026-05-01T23:38:25.507+0000] {manager.py:878} INFO - 
================================================================================
DAG File Processing Stats

File Path                            PID  Runtime      # DAGs    # Errors  Last Runtime    Last Run
---------------------------------  -----  ---------  --------  ----------  --------------  -------------------
/opt/airflow/dags/pipeline_dag.py    289  0.01s             1           0  0.10s           2026-05-01T23:37:55
================================================================================
[2026-05-01T23:38:55.735+0000] {manager.py:878} INFO - 
================================================================================
DAG File Processing Stats

File Path                            PID  Runtime      # DAGs    # Errors  Last Runtime    Last Run
---------------------------------  -----  ---------  --------  ----------  --------------  -------------------
/opt/airflow/dags/pipeline_dag.py    294  0.00s             1           0  0.07s           2026-05-01T23:38:25
================================================================================
[2026-05-01T23:39:25.921+0000] {manager.py:878} INFO - 
================================================================================
DAG File Processing Stats

File Path                            PID  Runtime      # DAGs    # Errors  Last Runtime    Last Run
---------------------------------  -----  ---------  --------  ----------  --------------  -------------------
/opt/airflow/dags/pipeline_dag.py    299  0.01s             1           0  0.08s           2026-05-01T23:38:55
================================================================================
[2026-05-01T23:39:56.126+0000] {manager.py:878} INFO - 
================================================================================
DAG File Processing Stats

File Path                            PID  Runtime      # DAGs    # Errors  Last Runtime    Last Run
---------------------------------  -----  ---------  --------  ----------  --------------  -------------------
/opt/airflow/dags/pipeline_dag.py    304  0.01s             1           0  0.08s           2026-05-01T23:39:25
================================================================================
[2026-05-01T23:40:22.332+0000] {manager.py:737} INFO - Searching for files in /opt/airflow/dags
[2026-05-01T23:40:22.333+0000] {manager.py:740} INFO - There are 1 files in /opt/airflow/dags
[2026-05-01T23:40:26.318+0000] {manager.py:878} INFO - 
================================================================================
DAG File Processing Stats

File Path                            PID  Runtime      # DAGs    # Errors  Last Runtime    Last Run
---------------------------------  -----  ---------  --------  ----------  --------------  -------------------
/opt/airflow/dags/pipeline_dag.py    309  0.01s             1           0  0.09s           2026-05-01T23:39:56
================================================================================
[2026-05-01T23:40:56.535+0000] {manager.py:878} INFO - 
================================================================================
DAG File Processing Stats

File Path                            PID  Runtime      # DAGs    # Errors  Last Runtime    Last Run
---------------------------------  -----  ---------  --------  ----------  --------------  -------------------
/opt/airflow/dags/pipeline_dag.py    314  0.01s             1           0  0.08s           2026-05-01T23:40:26
================================================================================
[2026-05-01T23:41:26.715+0000] {manager.py:878} INFO - 
================================================================================
DAG File Processing Stats

File Path                            PID  Runtime      # DAGs    # Errors  Last Runtime    Last Run
---------------------------------  -----  ---------  --------  ----------  --------------  -------------------
/opt/airflow/dags/pipeline_dag.py    319  0.00s             1           0  0.08s           2026-05-01T23:40:56
================================================================================
[2026-05-01T23:41:56.934+0000] {manager.py:878} INFO - 
================================================================================
DAG File Processing Stats

File Path                            PID  Runtime      # DAGs    # Errors  Last Runtime    Last Run
---------------------------------  -----  ---------  --------  ----------  --------------  -------------------
/opt/airflow/dags/pipeline_dag.py    324  0.00s             1           0  0.08s           2026-05-01T23:41:26
================================================================================
[2026-05-01T23:42:27.120+0000] {manager.py:878} INFO - 
================================================================================
DAG File Processing Stats

File Path                            PID  Runtime      # DAGs    # Errors  Last Runtime    Last Run
---------------------------------  -----  ---------  --------  ----------  --------------  -------------------
/opt/airflow/dags/pipeline_dag.py    341  0.00s             1           0  0.09s           2026-05-01T23:41:57
================================================================================
[2026-05-01T23:42:57.358+0000] {manager.py:878} INFO - 
================================================================================
DAG File Processing Stats

File Path                            PID  Runtime      # DAGs    # Errors  Last Runtime    Last Run
---------------------------------  -----  ---------  --------  ----------  --------------  -------------------
/opt/airflow/dags/pipeline_dag.py    346  0.01s             1           0  0.09s           2026-05-01T23:42:27
================================================================================
[2026-05-01T23:43:27.548+0000] {manager.py:878} INFO - 
================================================================================
DAG File Processing Stats

File Path                            PID  Runtime      # DAGs    # Errors  Last Runtime    Last Run
---------------------------------  -----  ---------  --------  ----------  --------------  -------------------
/opt/airflow/dags/pipeline_dag.py    351  0.00s             1           0  0.08s           2026-05-01T23:42:57
================================================================================
[2026-05-01T23:43:57.738+0000] {manager.py:878} INFO - 
================================================================================
DAG File Processing Stats

File Path                            PID  Runtime      # DAGs    # Errors  Last Runtime    Last Run
---------------------------------  -----  ---------  --------  ----------  --------------  -------------------
/opt/airflow/dags/pipeline_dag.py    356  0.00s             1           0  0.07s           2026-05-01T23:43:27
================================================================================
[2026-05-01T23:44:27.919+0000] {manager.py:878} INFO - 
================================================================================
DAG File Processing Stats

File Path                            PID  Runtime      # DAGs    # Errors  Last Runtime    Last Run
---------------------------------  -----  ---------  --------  ----------  --------------  -------------------
/opt/airflow/dags/pipeline_dag.py    361  0.00s             1           0  0.08s           2026-05-01T23:43:57
================================================================================
[2026-05-01T23:44:58.122+0000] {manager.py:878} INFO - 
================================================================================
DAG File Processing Stats

File Path                            PID  Runtime      # DAGs    # Errors  Last Runtime    Last Run
---------------------------------  -----  ---------  --------  ----------  --------------  -------------------
/opt/airflow/dags/pipeline_dag.py    366  0.00s             1           0  0.08s           2026-05-01T23:44:27
================================================================================
[2026-05-01T23:45:23.266+0000] {manager.py:737} INFO - Searching for files in /opt/airflow/dags
[2026-05-01T23:45:23.268+0000] {manager.py:740} INFO - There are 1 files in /opt/airflow/dags
[2026-05-01T23:45:28.305+0000] {manager.py:878} INFO - 
================================================================================
DAG File Processing Stats

File Path                            PID  Runtime      # DAGs    # Errors  Last Runtime    Last Run
---------------------------------  -----  ---------  --------  ----------  --------------  -------------------
/opt/airflow/dags/pipeline_dag.py    371  0.00s             1           0  0.09s           2026-05-01T23:44:58
================================================================================
[2026-05-01T23:45:58.520+0000] {manager.py:878} INFO - 
================================================================================
DAG File Processing Stats

File Path                            PID  Runtime      # DAGs    # Errors  Last Runtime    Last Run
---------------------------------  -----  ---------  --------  ----------  --------------  -------------------
/opt/airflow/dags/pipeline_dag.py    376  0.01s             1           0  0.08s           2026-05-01T23:45:28
================================================================================
[2026-05-01T23:46:28.689+0000] {manager.py:878} INFO - 
================================================================================
DAG File Processing Stats

File Path                            PID  Runtime      # DAGs    # Errors  Last Runtime    Last Run
---------------------------------  -----  ---------  --------  ----------  --------------  -------------------
/opt/airflow/dags/pipeline_dag.py    381  0.01s             1           0  0.08s           2026-05-01T23:45:58
================================================================================
[2026-05-01T23:46:58.876+0000] {manager.py:878} INFO - 
================================================================================
DAG File Processing Stats

File Path                            PID  Runtime      # DAGs    # Errors  Last Runtime    Last Run
---------------------------------  -----  ---------  --------  ----------  --------------  -------------------
/opt/airflow/dags/pipeline_dag.py    386  0.00s             1           0  0.08s           2026-05-01T23:46:28
================================================================================
[2026-05-01T23:47:29.035+0000] {manager.py:878} INFO - 
================================================================================
DAG File Processing Stats

File Path                            PID  Runtime      # DAGs    # Errors  Last Runtime    Last Run
---------------------------------  -----  ---------  --------  ----------  --------------  -------------------
/opt/airflow/dags/pipeline_dag.py    391  0.01s             1           0  0.08s           2026-05-01T23:46:58
================================================================================
[2026-05-01T23:47:59.233+0000] {manager.py:878} INFO - 
================================================================================
DAG File Processing Stats

File Path                            PID  Runtime      # DAGs    # Errors  Last Runtime    Last Run
---------------------------------  -----  ---------  --------  ----------  --------------  -------------------
/opt/airflow/dags/pipeline_dag.py    396  0.01s             1           0  0.08s           2026-05-01T23:47:29
================================================================================
[2026-05-01T23:48:29.407+0000] {manager.py:878} INFO - 
================================================================================
DAG File Processing Stats

File Path                            PID  Runtime      # DAGs    # Errors  Last Runtime    Last Run
---------------------------------  -----  ---------  --------  ----------  --------------  -------------------
/opt/airflow/dags/pipeline_dag.py    401  0.00s             1           0  0.08s           2026-05-01T23:47:59
================================================================================
[2026-05-01T23:48:59.625+0000] {manager.py:878} INFO - 
================================================================================
DAG File Processing Stats

File Path                            PID  Runtime      # DAGs    # Errors  Last Runtime    Last Run
---------------------------------  -----  ---------  --------  ----------  --------------  -------------------
/opt/airflow/dags/pipeline_dag.py    406  0.00s             1           0  0.08s           2026-05-01T23:48:29
================================================================================
[2026-05-01T23:49:29.795+0000] {manager.py:878} INFO - 
================================================================================
DAG File Processing Stats

File Path                            PID  Runtime      # DAGs    # Errors  Last Runtime    Last Run
---------------------------------  -----  ---------  --------  ----------  --------------  -------------------
/opt/airflow/dags/pipeline_dag.py    411  0.00s             1           0  0.09s           2026-05-01T23:48:59
================================================================================
[2026-05-01T23:50:00.015+0000] {manager.py:878} INFO - 
================================================================================
DAG File Processing Stats

File Path                            PID  Runtime      # DAGs    # Errors  Last Runtime    Last Run
---------------------------------  -----  ---------  --------  ----------  --------------  -------------------
/opt/airflow/dags/pipeline_dag.py    416  0.01s             1           0  0.08s           2026-05-01T23:49:29
================================================================================
[2026-05-01T23:50:07.874+0000] {manager.py:452} INFO - Exiting gracefully upon receiving signal 15
[2026-05-01T23:50:33.473+0000] {manager.py:470} INFO - Processing files using up to 2 processes at a time 
[2026-05-01T23:50:33.481+0000] {manager.py:471} INFO - Process each file at most once every 30 seconds
[2026-05-01T23:50:33.482+0000] {manager.py:472} INFO - Checking for new files in /opt/airflow/dags every 300 seconds
[2026-05-01T23:50:33.482+0000] {manager.py:737} INFO - Searching for files in /opt/airflow/dags
[2026-05-01T23:50:33.483+0000] {manager.py:740} INFO - There are 1 files in /opt/airflow/dags
[2026-05-01T23:50:33.542+0000] {manager.py:878} INFO - 
================================================================================
DAG File Processing Stats

File Path                            PID  Runtime      # DAGs    # Errors  Last Runtime    Last Run
---------------------------------  -----  ---------  --------  ----------  --------------  ----------
/opt/airflow/dags/pipeline_dag.py    189  0.02s             0           0
================================================================================
[2026-05-01T23:51:03.679+0000] {manager.py:878} INFO - 
================================================================================
DAG File Processing Stats

File Path                            PID  Runtime      # DAGs    # Errors  Last Runtime    Last Run
---------------------------------  -----  ---------  --------  ----------  --------------  -------------------
/opt/airflow/dags/pipeline_dag.py    194  0.00s             1           0  0.11s           2026-05-01T23:50:33
================================================================================
[2026-05-01T23:51:33.886+0000] {manager.py:878} INFO - 
================================================================================
DAG File Processing Stats

File Path                          PID    Runtime      # DAGs    # Errors  Last Runtime    Last Run
---------------------------------  -----  ---------  --------  ----------  --------------  -------------------
/opt/airflow/dags/pipeline_dag.py                           1           0  0.31s           2026-05-01T23:51:03
================================================================================
[2026-05-01T23:52:04.304+0000] {manager.py:878} INFO - 
================================================================================
DAG File Processing Stats

File Path                            PID  Runtime      # DAGs    # Errors  Last Runtime    Last Run
---------------------------------  -----  ---------  --------  ----------  --------------  -------------------
/opt/airflow/dags/pipeline_dag.py    216  0.00s             1           0  0.09s           2026-05-01T23:51:34
================================================================================
[2026-05-01T23:52:34.541+0000] {manager.py:878} INFO - 
================================================================================
DAG File Processing Stats

File Path                            PID  Runtime      # DAGs    # Errors  Last Runtime    Last Run
---------------------------------  -----  ---------  --------  ----------  --------------  -------------------
/opt/airflow/dags/pipeline_dag.py    221  0.01s             1           0  0.08s           2026-05-01T23:52:04
================================================================================
[2026-05-01T23:53:04.718+0000] {manager.py:878} INFO - 
================================================================================
DAG File Processing Stats

File Path                            PID  Runtime      # DAGs    # Errors  Last Runtime    Last Run
---------------------------------  -----  ---------  --------  ----------  --------------  -------------------
/opt/airflow/dags/pipeline_dag.py    226  0.00s             1           0  0.09s           2026-05-01T23:52:34
================================================================================
[2026-05-01T23:53:34.934+0000] {manager.py:878} INFO - 
================================================================================
DAG File Processing Stats

File Path                            PID  Runtime      # DAGs    # Errors  Last Runtime    Last Run
---------------------------------  -----  ---------  --------  ----------  --------------  -------------------
/opt/airflow/dags/pipeline_dag.py    231  0.00s             1           0  0.09s           2026-05-01T23:53:04
================================================================================
[2026-05-01T23:54:05.097+0000] {manager.py:878} INFO - 
================================================================================
DAG File Processing Stats

File Path                            PID  Runtime      # DAGs    # Errors  Last Runtime    Last Run
---------------------------------  -----  ---------  --------  ----------  --------------  -------------------
/opt/airflow/dags/pipeline_dag.py    236  0.00s             1           0  0.08s           2026-05-01T23:53:35
================================================================================
[2026-05-01T23:54:35.320+0000] {manager.py:878} INFO - 
================================================================================
DAG File Processing Stats

File Path                            PID  Runtime      # DAGs    # Errors  Last Runtime    Last Run
---------------------------------  -----  ---------  --------  ----------  --------------  -------------------
/opt/airflow/dags/pipeline_dag.py    241  0.01s             1           0  0.08s           2026-05-01T23:54:05
================================================================================
[2026-05-01T23:55:05.496+0000] {manager.py:878} INFO - 
================================================================================
DAG File Processing Stats

File Path                            PID  Runtime      # DAGs    # Errors  Last Runtime    Last Run
---------------------------------  -----  ---------  --------  ----------  --------------  -------------------
/opt/airflow/dags/pipeline_dag.py    246  0.01s             1           0  0.08s           2026-05-01T23:54:35
================================================================================
[2026-05-01T23:55:33.692+0000] {manager.py:737} INFO - Searching for files in /opt/airflow/dags
[2026-05-01T23:55:33.695+0000] {manager.py:740} INFO - There are 1 files in /opt/airflow/dags
[2026-05-01T23:55:35.730+0000] {manager.py:878} INFO - 
================================================================================
DAG File Processing Stats

File Path                            PID  Runtime      # DAGs    # Errors  Last Runtime    Last Run
---------------------------------  -----  ---------  --------  ----------  --------------  -------------------
/opt/airflow/dags/pipeline_dag.py    251  0.01s             1           0  0.09s           2026-05-01T23:55:05
================================================================================
[2026-05-01T23:56:05.916+0000] {manager.py:878} INFO - 
================================================================================
DAG File Processing Stats

File Path                            PID  Runtime      # DAGs    # Errors  Last Runtime    Last Run
---------------------------------  -----  ---------  --------  ----------  --------------  -------------------
/opt/airflow/dags/pipeline_dag.py    256  0.00s             1           0  0.08s           2026-05-01T23:55:35
================================================================================
[2026-05-01T23:56:36.109+0000] {manager.py:878} INFO - 
================================================================================
DAG File Processing Stats

File Path                            PID  Runtime      # DAGs    # Errors  Last Runtime    Last Run
---------------------------------  -----  ---------  --------  ----------  --------------  -------------------
/opt/airflow/dags/pipeline_dag.py    273  0.01s             1           0  0.09s           2026-05-01T23:56:05
================================================================================
[2026-05-01T23:57:06.300+0000] {manager.py:878} INFO - 
================================================================================
DAG File Processing Stats

File Path                            PID  Runtime      # DAGs    # Errors  Last Runtime    Last Run
---------------------------------  -----  ---------  --------  ----------  --------------  -------------------
/opt/airflow/dags/pipeline_dag.py    278  0.01s             1           0  0.08s           2026-05-01T23:56:36
================================================================================
[2026-05-01T23:57:36.483+0000] {manager.py:878} INFO - 
================================================================================
DAG File Processing Stats

File Path                            PID  Runtime      # DAGs    # Errors  Last Runtime    Last Run
---------------------------------  -----  ---------  --------  ----------  --------------  -------------------
/opt/airflow/dags/pipeline_dag.py    283  0.00s             1           0  0.09s           2026-05-01T23:57:06
================================================================================
[2026-05-01T23:58:06.693+0000] {manager.py:878} INFO - 
================================================================================
DAG File Processing Stats

File Path                            PID  Runtime      # DAGs    # Errors  Last Runtime    Last Run
---------------------------------  -----  ---------  --------  ----------  --------------  -------------------
/opt/airflow/dags/pipeline_dag.py    288  0.01s             1           0  0.08s           2026-05-01T23:57:36
================================================================================
[2026-05-01T23:58:36.872+0000] {manager.py:878} INFO - 
================================================================================
DAG File Processing Stats

File Path                            PID  Runtime      # DAGs    # Errors  Last Runtime    Last Run
---------------------------------  -----  ---------  --------  ----------  --------------  -------------------
/opt/airflow/dags/pipeline_dag.py    293  0.00s             1           0  0.09s           2026-05-01T23:58:06
================================================================================
[2026-05-01T23:59:07.103+0000] {manager.py:878} INFO - 
================================================================================
DAG File Processing Stats

File Path                            PID  Runtime      # DAGs    # Errors  Last Runtime    Last Run
---------------------------------  -----  ---------  --------  ----------  --------------  -------------------
/opt/airflow/dags/pipeline_dag.py    298  0.01s             1           0  0.07s           2026-05-01T23:58:36
================================================================================
[2026-05-01T23:59:37.286+0000] {manager.py:878} INFO - 
================================================================================
DAG File Processing Stats

File Path                            PID  Runtime      # DAGs    # Errors  Last Runtime    Last Run
---------------------------------  -----  ---------  --------  ----------  --------------  -------------------
/opt/airflow/dags/pipeline_dag.py    303  0.01s             1           0  0.09s           2026-05-01T23:59:07
================================================================================
[2026-05-02T00:00:07.515+0000] {manager.py:878} INFO - 
================================================================================
DAG File Processing Stats

File Path                            PID  Runtime      # DAGs    # Errors  Last Runtime    Last Run
---------------------------------  -----  ---------  --------  ----------  --------------  -------------------
/opt/airflow/dags/pipeline_dag.py    308  0.01s             1           0  0.08s           2026-05-01T23:59:37
================================================================================
[2026-05-02T00:00:33.719+0000] {manager.py:737} INFO - Searching for files in /opt/airflow/dags
[2026-05-02T00:00:33.722+0000] {manager.py:740} INFO - There are 1 files in /opt/airflow/dags
[2026-05-02T00:00:37.696+0000] {manager.py:878} INFO - 
================================================================================
DAG File Processing Stats

File Path                            PID  Runtime      # DAGs    # Errors  Last Runtime    Last Run
---------------------------------  -----  ---------  --------  ----------  --------------  -------------------
/opt/airflow/dags/pipeline_dag.py    313  0.01s             1           0  0.09s           2026-05-02T00:00:07
================================================================================
[2026-05-02T00:01:07.911+0000] {manager.py:878} INFO - 
================================================================================
DAG File Processing Stats

File Path                            PID  Runtime      # DAGs    # Errors  Last Runtime    Last Run
---------------------------------  -----  ---------  --------  ----------  --------------  -------------------
/opt/airflow/dags/pipeline_dag.py    318  0.01s             1           0  0.08s           2026-05-02T00:00:37
================================================================================
[2026-05-02T00:01:38.078+0000] {manager.py:878} INFO - 
================================================================================
DAG File Processing Stats

File Path                            PID  Runtime      # DAGs    # Errors  Last Runtime    Last Run
---------------------------------  -----  ---------  --------  ----------  --------------  -------------------
/opt/airflow/dags/pipeline_dag.py    335  0.01s             1           0  0.09s           2026-05-02T00:01:07
================================================================================
[2026-05-02T00:02:08.305+0000] {manager.py:878} INFO - 
================================================================================
DAG File Processing Stats

File Path                            PID  Runtime      # DAGs    # Errors  Last Runtime    Last Run
---------------------------------  -----  ---------  --------  ----------  --------------  -------------------
/opt/airflow/dags/pipeline_dag.py    340  0.00s             1           0  0.08s           2026-05-02T00:01:38
================================================================================
[2026-05-02T00:02:38.481+0000] {manager.py:878} INFO - 
================================================================================
DAG File Processing Stats

File Path                            PID  Runtime      # DAGs    # Errors  Last Runtime    Last Run
---------------------------------  -----  ---------  --------  ----------  --------------  -------------------
/opt/airflow/dags/pipeline_dag.py    345  0.00s             1           0  0.09s           2026-05-02T00:02:08
================================================================================
[2026-05-02T00:03:08.698+0000] {manager.py:878} INFO - 
================================================================================
DAG File Processing Stats

File Path                            PID  Runtime      # DAGs    # Errors  Last Runtime    Last Run
---------------------------------  -----  ---------  --------  ----------  --------------  -------------------
/opt/airflow/dags/pipeline_dag.py    350  0.00s             1           0  0.08s           2026-05-02T00:02:38
================================================================================
[2026-05-02T00:03:38.864+0000] {manager.py:878} INFO - 
================================================================================
DAG File Processing Stats

File Path                            PID  Runtime      # DAGs    # Errors  Last Runtime    Last Run
---------------------------------  -----  ---------  --------  ----------  --------------  -------------------
/opt/airflow/dags/pipeline_dag.py    355  0.01s             1           0  0.08s           2026-05-02T00:03:08
================================================================================
[2026-05-02T00:04:09.032+0000] {manager.py:878} INFO - 
================================================================================
DAG File Processing Stats

File Path                            PID  Runtime      # DAGs    # Errors  Last Runtime    Last Run
---------------------------------  -----  ---------  --------  ----------  --------------  -------------------
/opt/airflow/dags/pipeline_dag.py    360  0.00s             1           0  0.08s           2026-05-02T00:03:38
================================================================================
[2026-05-02T00:04:39.223+0000] {manager.py:878} INFO - 
================================================================================
DAG File Processing Stats

File Path                            PID  Runtime      # DAGs    # Errors  Last Runtime    Last Run
---------------------------------  -----  ---------  --------  ----------  --------------  -------------------
/opt/airflow/dags/pipeline_dag.py    365  0.00s             1           0  0.09s           2026-05-02T00:04:09
================================================================================
[2026-05-02T00:05:09.400+0000] {manager.py:878} INFO - 
================================================================================
DAG File Processing Stats

File Path                            PID  Runtime      # DAGs    # Errors  Last Runtime    Last Run
---------------------------------  -----  ---------  --------  ----------  --------------  -------------------
/opt/airflow/dags/pipeline_dag.py    370  0.01s             1           0  0.09s           2026-05-02T00:04:39
================================================================================
[2026-05-02T00:05:34.568+0000] {manager.py:737} INFO - Searching for files in /opt/airflow/dags
[2026-05-02T00:05:34.570+0000] {manager.py:740} INFO - There are 1 files in /opt/airflow/dags
[2026-05-02T00:05:39.618+0000] {manager.py:878} INFO - 
================================================================================
DAG File Processing Stats

File Path                            PID  Runtime      # DAGs    # Errors  Last Runtime    Last Run
---------------------------------  -----  ---------  --------  ----------  --------------  -------------------
/opt/airflow/dags/pipeline_dag.py    375  0.01s             1           0  0.09s           2026-05-02T00:05:09
================================================================================
[2026-05-02T00:06:09.776+0000] {manager.py:878} INFO - 
================================================================================
DAG File Processing Stats

File Path                            PID  Runtime      # DAGs    # Errors  Last Runtime    Last Run
---------------------------------  -----  ---------  --------  ----------  --------------  -------------------
/opt/airflow/dags/pipeline_dag.py    380  0.01s             1           0  0.08s           2026-05-02T00:05:39
================================================================================
[2026-05-02T00:06:39.974+0000] {manager.py:878} INFO - 
================================================================================
DAG File Processing Stats

File Path                            PID  Runtime      # DAGs    # Errors  Last Runtime    Last Run
---------------------------------  -----  ---------  --------  ----------  --------------  -------------------
/opt/airflow/dags/pipeline_dag.py    385  0.00s             1           0  0.09s           2026-05-02T00:06:09
================================================================================
[2026-05-02T00:07:10.136+0000] {manager.py:878} INFO - 
================================================================================
DAG File Processing Stats

File Path                            PID  Runtime      # DAGs    # Errors  Last Runtime    Last Run
---------------------------------  -----  ---------  --------  ----------  --------------  -------------------
/opt/airflow/dags/pipeline_dag.py    390  0.01s             1           0  0.08s           2026-05-02T00:06:40
================================================================================
[2026-05-02T00:07:40.321+0000] {manager.py:878} INFO - 
================================================================================
DAG File Processing Stats

File Path                            PID  Runtime      # DAGs    # Errors  Last Runtime    Last Run
---------------------------------  -----  ---------  --------  ----------  --------------  -------------------
/opt/airflow/dags/pipeline_dag.py    395  0.00s             1           0  0.09s           2026-05-02T00:07:10
================================================================================
[2026-05-02T00:08:10.499+0000] {manager.py:878} INFO - 
================================================================================
DAG File Processing Stats

File Path                            PID  Runtime      # DAGs    # Errors  Last Runtime    Last Run
---------------------------------  -----  ---------  --------  ----------  --------------  -------------------
/opt/airflow/dags/pipeline_dag.py    400  0.01s             1           0  0.08s           2026-05-02T00:07:40
================================================================================
[2026-05-02T00:08:40.692+0000] {manager.py:878} INFO - 
================================================================================
DAG File Processing Stats

File Path                            PID  Runtime      # DAGs    # Errors  Last Runtime    Last Run
---------------------------------  -----  ---------  --------  ----------  --------------  -------------------
/opt/airflow/dags/pipeline_dag.py    405  0.00s             1           0  0.08s           2026-05-02T00:08:10
================================================================================
[2026-05-02T00:09:10.871+0000] {manager.py:878} INFO - 
================================================================================
DAG File Processing Stats

File Path                            PID  Runtime      # DAGs    # Errors  Last Runtime    Last Run
---------------------------------  -----  ---------  --------  ----------  --------------  -------------------
/opt/airflow/dags/pipeline_dag.py    410  0.01s             1           0  0.08s           2026-05-02T00:08:40
================================================================================
[2026-05-02T00:09:41.074+0000] {manager.py:878} INFO - 
================================================================================
DAG File Processing Stats

File Path                            PID  Runtime      # DAGs    # Errors  Last Runtime    Last Run
---------------------------------  -----  ---------  --------  ----------  --------------  -------------------
/opt/airflow/dags/pipeline_dag.py    415  0.00s             1           0  0.08s           2026-05-02T00:09:10
================================================================================
[2026-05-02T00:10:11.246+0000] {manager.py:878} INFO - 
================================================================================
DAG File Processing Stats

File Path                            PID  Runtime      # DAGs    # Errors  Last Runtime    Last Run
---------------------------------  -----  ---------  --------  ----------  --------------  -------------------
/opt/airflow/dags/pipeline_dag.py    420  0.01s             1           0  0.09s           2026-05-02T00:09:41
================================================================================
[2026-05-02T00:10:35.410+0000] {manager.py:737} INFO - Searching for files in /opt/airflow/dags
[2026-05-02T00:10:35.411+0000] {manager.py:740} INFO - There are 1 files in /opt/airflow/dags
[2026-05-02T00:10:41.464+0000] {manager.py:878} INFO - 
================================================================================
DAG File Processing Stats

File Path                            PID  Runtime      # DAGs    # Errors  Last Runtime    Last Run
---------------------------------  -----  ---------  --------  ----------  --------------  -------------------
/opt/airflow/dags/pipeline_dag.py    425  0.01s             1           0  0.08s           2026-05-02T00:10:11
================================================================================
[2026-05-02T00:11:11.631+0000] {manager.py:878} INFO - 
================================================================================
DAG File Processing Stats

File Path                            PID  Runtime      # DAGs    # Errors  Last Runtime    Last Run
---------------------------------  -----  ---------  --------  ----------  --------------  -------------------
/opt/airflow/dags/pipeline_dag.py    430  0.01s             1           0  0.09s           2026-05-02T00:10:41
================================================================================
[2026-05-02T00:11:41.847+0000] {manager.py:878} INFO - 
================================================================================
DAG File Processing Stats

File Path                            PID  Runtime      # DAGs    # Errors  Last Runtime    Last Run
---------------------------------  -----  ---------  --------  ----------  --------------  -------------------
/opt/airflow/dags/pipeline_dag.py    435  0.00s             1           0  0.09s           2026-05-02T00:11:11
================================================================================
[2026-05-02T00:12:12.025+0000] {manager.py:878} INFO - 
================================================================================
DAG File Processing Stats

File Path                            PID  Runtime      # DAGs    # Errors  Last Runtime    Last Run
---------------------------------  -----  ---------  --------  ----------  --------------  -------------------
/opt/airflow/dags/pipeline_dag.py    440  0.00s             1           0  0.08s           2026-05-02T00:11:41
================================================================================
[2026-05-02T00:12:15.305+0000] {manager.py:452} INFO - Exiting gracefully upon receiving signal 15
[2026-05-02T00:12:48.255+0000] {manager.py:470} INFO - Processing files using up to 2 processes at a time 
[2026-05-02T00:12:48.263+0000] {manager.py:471} INFO - Process each file at most once every 30 seconds
[2026-05-02T00:12:48.264+0000] {manager.py:472} INFO - Checking for new files in /opt/airflow/dags every 300 seconds
[2026-05-02T00:12:48.264+0000] {manager.py:737} INFO - Searching for files in /opt/airflow/dags
[2026-05-02T00:12:48.264+0000] {manager.py:740} INFO - There are 1 files in /opt/airflow/dags
[2026-05-02T00:12:48.326+0000] {manager.py:878} INFO - 
================================================================================
DAG File Processing Stats

File Path                            PID  Runtime      # DAGs    # Errors  Last Runtime    Last Run
---------------------------------  -----  ---------  --------  ----------  --------------  ----------
/opt/airflow/dags/pipeline_dag.py    189  0.03s             0           0
================================================================================
[2026-05-02T00:13:18.460+0000] {manager.py:878} INFO - 
================================================================================
DAG File Processing Stats

File Path                            PID  Runtime      # DAGs    # Errors  Last Runtime    Last Run
---------------------------------  -----  ---------  --------  ----------  --------------  -------------------
/opt/airflow/dags/pipeline_dag.py    208  0.00s             1           0  0.10s           2026-05-02T00:12:48
================================================================================
[2026-05-02T00:13:48.668+0000] {manager.py:878} INFO - 
================================================================================
DAG File Processing Stats

File Path                          PID    Runtime      # DAGs    # Errors  Last Runtime    Last Run
---------------------------------  -----  ---------  --------  ----------  --------------  -------------------
/opt/airflow/dags/pipeline_dag.py                           1           0  0.33s           2026-05-02T00:13:18
================================================================================
[2026-05-02T00:14:19.127+0000] {manager.py:878} INFO - 
================================================================================
DAG File Processing Stats

File Path                            PID  Runtime      # DAGs    # Errors  Last Runtime    Last Run
---------------------------------  -----  ---------  --------  ----------  --------------  -------------------
/opt/airflow/dags/pipeline_dag.py    218  0.01s             1           0  0.09s           2026-05-02T00:13:49
================================================================================
[2026-05-02T00:14:49.373+0000] {manager.py:878} INFO - 
================================================================================
DAG File Processing Stats

File Path                            PID  Runtime      # DAGs    # Errors  Last Runtime    Last Run
---------------------------------  -----  ---------  --------  ----------  --------------  -------------------
/opt/airflow/dags/pipeline_dag.py    223  0.01s             1           0  0.18s           2026-05-02T00:14:19
================================================================================
[2026-05-02T00:15:19.658+0000] {manager.py:878} INFO - 
================================================================================
DAG File Processing Stats

File Path                            PID  Runtime      # DAGs    # Errors  Last Runtime    Last Run
---------------------------------  -----  ---------  --------  ----------  --------------  -------------------
/opt/airflow/dags/pipeline_dag.py    228  0.01s             1           0  0.22s           2026-05-02T00:14:49
================================================================================
[2026-05-02T00:15:49.938+0000] {manager.py:878} INFO - 
================================================================================
DAG File Processing Stats

File Path                            PID  Runtime      # DAGs    # Errors  Last Runtime    Last Run
---------------------------------  -----  ---------  --------  ----------  --------------  -------------------
/opt/airflow/dags/pipeline_dag.py    233  0.01s             1           0  0.18s           2026-05-02T00:15:19
================================================================================
[2026-05-02T00:16:20.170+0000] {manager.py:878} INFO - 
================================================================================
DAG File Processing Stats

File Path                            PID  Runtime      # DAGs    # Errors  Last Runtime    Last Run
---------------------------------  -----  ---------  --------  ----------  --------------  -------------------
/opt/airflow/dags/pipeline_dag.py    238  0.01s             1           0  0.19s           2026-05-02T00:15:50
================================================================================
[2026-05-02T00:16:50.467+0000] {manager.py:878} INFO - 
================================================================================
DAG File Processing Stats

File Path                            PID  Runtime      # DAGs    # Errors  Last Runtime    Last Run
---------------------------------  -----  ---------  --------  ----------  --------------  -------------------
/opt/airflow/dags/pipeline_dag.py    243  0.01s             1           0  0.16s           2026-05-02T00:16:20
================================================================================
[2026-05-02T00:17:20.668+0000] {manager.py:878} INFO - 
================================================================================
DAG File Processing Stats

File Path                            PID  Runtime      # DAGs    # Errors  Last Runtime    Last Run
---------------------------------  -----  ---------  --------  ----------  --------------  -------------------
/opt/airflow/dags/pipeline_dag.py    248  0.01s             1           0  0.17s           2026-05-02T00:16:50
================================================================================
[2026-05-02T00:17:48.961+0000] {manager.py:737} INFO - Searching for files in /opt/airflow/dags
[2026-05-02T00:17:48.963+0000] {manager.py:740} INFO - There are 1 files in /opt/airflow/dags
[2026-05-02T00:17:51.002+0000] {manager.py:878} INFO - 
================================================================================
DAG File Processing Stats

File Path                            PID  Runtime      # DAGs    # Errors  Last Runtime    Last Run
---------------------------------  -----  ---------  --------  ----------  --------------  -------------------
/opt/airflow/dags/pipeline_dag.py    253  0.01s             1           0  0.17s           2026-05-02T00:17:20
================================================================================
[2026-05-02T00:18:21.195+0000] {manager.py:878} INFO - 
================================================================================
DAG File Processing Stats

File Path                            PID  Runtime      # DAGs    # Errors  Last Runtime    Last Run
---------------------------------  -----  ---------  --------  ----------  --------------  -------------------
/opt/airflow/dags/pipeline_dag.py    264  0.01s             1           0  0.19s           2026-05-02T00:17:51
================================================================================
[2026-05-02T00:18:51.538+0000] {manager.py:878} INFO - 
================================================================================
DAG File Processing Stats

File Path                            PID  Runtime      # DAGs    # Errors  Last Runtime    Last Run
---------------------------------  -----  ---------  --------  ----------  --------------  -------------------
/opt/airflow/dags/pipeline_dag.py    269  0.01s             1           0  0.19s           2026-05-02T00:18:21
================================================================================
[2026-05-02T00:19:21.744+0000] {manager.py:878} INFO - 
================================================================================
DAG File Processing Stats

File Path                            PID  Runtime      # DAGs    # Errors  Last Runtime    Last Run
---------------------------------  -----  ---------  --------  ----------  --------------  -------------------
/opt/airflow/dags/pipeline_dag.py    281  0.01s             1           0  0.18s           2026-05-02T00:18:51
================================================================================
[2026-05-02T00:19:52.075+0000] {manager.py:878} INFO - 
================================================================================
DAG File Processing Stats

File Path                            PID  Runtime      # DAGs    # Errors  Last Runtime    Last Run
---------------------------------  -----  ---------  --------  ----------  --------------  -------------------
/opt/airflow/dags/pipeline_dag.py    287  0.01s             1           0  0.20s           2026-05-02T00:19:21
================================================================================
[2026-05-02T00:20:22.295+0000] {manager.py:878} INFO - 
================================================================================
DAG File Processing Stats

File Path                            PID  Runtime      # DAGs    # Errors  Last Runtime    Last Run
---------------------------------  -----  ---------  --------  ----------  --------------  -------------------
/opt/airflow/dags/pipeline_dag.py    292  0.01s             1           0  0.20s           2026-05-02T00:19:52
================================================================================
[2026-05-02T00:20:52.616+0000] {manager.py:878} INFO - 
================================================================================
DAG File Processing Stats

File Path                            PID  Runtime      # DAGs    # Errors  Last Runtime    Last Run
---------------------------------  -----  ---------  --------  ----------  --------------  -------------------
/opt/airflow/dags/pipeline_dag.py    297  0.01s             1           0  0.24s           2026-05-02T00:20:22
================================================================================
[2026-05-02T00:21:22.857+0000] {manager.py:878} INFO - 
================================================================================
DAG File Processing Stats

File Path                            PID  Runtime      # DAGs    # Errors  Last Runtime    Last Run
---------------------------------  -----  ---------  --------  ----------  --------------  -------------------
/opt/airflow/dags/pipeline_dag.py    302  0.01s             1           0  0.18s           2026-05-02T00:20:52
================================================================================
[2026-05-02T00:21:53.115+0000] {manager.py:878} INFO - 
================================================================================
DAG File Processing Stats

File Path                            PID  Runtime      # DAGs    # Errors  Last Runtime    Last Run
---------------------------------  -----  ---------  --------  ----------  --------------  -------------------
/opt/airflow/dags/pipeline_dag.py    307  0.01s             1           0  0.19s           2026-05-02T00:21:23
================================================================================
[2026-05-02T00:22:23.365+0000] {manager.py:878} INFO - 
================================================================================
DAG File Processing Stats

File Path                            PID  Runtime      # DAGs    # Errors  Last Runtime    Last Run
---------------------------------  -----  ---------  --------  ----------  --------------  -------------------
/opt/airflow/dags/pipeline_dag.py    312  0.01s             1           0  0.16s           2026-05-02T00:21:53
================================================================================
[2026-05-02T00:22:49.591+0000] {manager.py:737} INFO - Searching for files in /opt/airflow/dags
[2026-05-02T00:22:49.593+0000] {manager.py:740} INFO - There are 1 files in /opt/airflow/dags
[2026-05-02T00:22:53.649+0000] {manager.py:878} INFO - 
================================================================================
DAG File Processing Stats

File Path                            PID  Runtime      # DAGs    # Errors  Last Runtime    Last Run
---------------------------------  -----  ---------  --------  ----------  --------------  -------------------
/opt/airflow/dags/pipeline_dag.py    317  0.01s             1           0  0.18s           2026-05-02T00:22:23
================================================================================
[2026-05-02T00:23:23.876+0000] {manager.py:878} INFO - 
================================================================================
DAG File Processing Stats

File Path                            PID  Runtime      # DAGs    # Errors  Last Runtime    Last Run
---------------------------------  -----  ---------  --------  ----------  --------------  -------------------
/opt/airflow/dags/pipeline_dag.py    328  0.01s             1           0  0.19s           2026-05-02T00:22:53
================================================================================
[2026-05-02T00:23:54.188+0000] {manager.py:878} INFO - 
================================================================================
DAG File Processing Stats

File Path                            PID  Runtime      # DAGs    # Errors  Last Runtime    Last Run
---------------------------------  -----  ---------  --------  ----------  --------------  -------------------
/opt/airflow/dags/pipeline_dag.py    333  0.01s             1           0  0.20s           2026-05-02T00:23:24
================================================================================
[2026-05-02T00:24:24.434+0000] {manager.py:878} INFO - 
================================================================================
DAG File Processing Stats

File Path                            PID  Runtime      # DAGs    # Errors  Last Runtime    Last Run
---------------------------------  -----  ---------  --------  ----------  --------------  -------------------
/opt/airflow/dags/pipeline_dag.py    338  0.01s             1           0  0.18s           2026-05-02T00:23:54
================================================================================
[2026-05-02T00:24:54.719+0000] {manager.py:878} INFO - 
================================================================================
DAG File Processing Stats

File Path                            PID  Runtime      # DAGs    # Errors  Last Runtime    Last Run
---------------------------------  -----  ---------  --------  ----------  --------------  -------------------
/opt/airflow/dags/pipeline_dag.py    343  0.01s             1           0  0.17s           2026-05-02T00:24:24
================================================================================
[2026-05-02T00:25:24.947+0000] {manager.py:878} INFO - 
================================================================================
DAG File Processing Stats

File Path                            PID  Runtime      # DAGs    # Errors  Last Runtime    Last Run
---------------------------------  -----  ---------  --------  ----------  --------------  -------------------
/opt/airflow/dags/pipeline_dag.py    352  0.01s             1           0  0.18s           2026-05-02T00:24:54
================================================================================
[2026-05-02T00:25:55.229+0000] {manager.py:878} INFO - 
================================================================================
DAG File Processing Stats

File Path                            PID  Runtime      # DAGs    # Errors  Last Runtime    Last Run
---------------------------------  -----  ---------  --------  ----------  --------------  -------------------
/opt/airflow/dags/pipeline_dag.py    361  0.01s             1           0  0.17s           2026-05-02T00:25:25
================================================================================
[2026-05-02T00:26:25.539+0000] {manager.py:878} INFO - 
================================================================================
DAG File Processing Stats

File Path                          PID    Runtime      # DAGs    # Errors  Last Runtime    Last Run
---------------------------------  -----  ---------  --------  ----------  --------------  -------------------
/opt/airflow/dags/pipeline_dag.py                           1           0  0.28s           2026-05-02T00:26:04
================================================================================
[2026-05-02T00:26:55.873+0000] {manager.py:878} INFO - 
================================================================================
DAG File Processing Stats

File Path                          PID    Runtime      # DAGs    # Errors  Last Runtime    Last Run
---------------------------------  -----  ---------  --------  ----------  --------------  -------------------
/opt/airflow/dags/pipeline_dag.py                           1           0  0.20s           2026-05-02T00:26:34
================================================================================
[2026-05-02T00:27:26.248+0000] {manager.py:878} INFO - 
================================================================================
DAG File Processing Stats

File Path                          PID    Runtime      # DAGs    # Errors  Last Runtime    Last Run
---------------------------------  -----  ---------  --------  ----------  --------------  -------------------
/opt/airflow/dags/pipeline_dag.py                           1           0  0.19s           2026-05-02T00:27:05
================================================================================
[2026-05-02T00:27:49.744+0000] {manager.py:737} INFO - Searching for files in /opt/airflow/dags
[2026-05-02T00:27:49.755+0000] {manager.py:740} INFO - There are 1 files in /opt/airflow/dags
[2026-05-02T00:27:56.604+0000] {manager.py:878} INFO - 
================================================================================
DAG File Processing Stats

File Path                          PID    Runtime      # DAGs    # Errors  Last Runtime    Last Run
---------------------------------  -----  ---------  --------  ----------  --------------  -------------------
/opt/airflow/dags/pipeline_dag.py                           1           0  0.19s           2026-05-02T00:27:35
================================================================================
[2026-05-02T00:28:26.969+0000] {manager.py:878} INFO - 
================================================================================
DAG File Processing Stats

File Path                          PID    Runtime      # DAGs    # Errors  Last Runtime    Last Run
---------------------------------  -----  ---------  --------  ----------  --------------  -------------------
/opt/airflow/dags/pipeline_dag.py                           1           0  0.19s           2026-05-02T00:28:06
================================================================================
[2026-05-02T00:28:57.338+0000] {manager.py:878} INFO - 
================================================================================
DAG File Processing Stats

File Path                          PID    Runtime      # DAGs    # Errors  Last Runtime    Last Run
---------------------------------  -----  ---------  --------  ----------  --------------  -------------------
/opt/airflow/dags/pipeline_dag.py                           1           0  0.20s           2026-05-02T00:28:36
================================================================================
[2026-05-02T00:29:27.719+0000] {manager.py:878} INFO - 
================================================================================
DAG File Processing Stats

File Path                          PID    Runtime      # DAGs    # Errors  Last Runtime    Last Run
---------------------------------  -----  ---------  --------  ----------  --------------  -------------------
/opt/airflow/dags/pipeline_dag.py                           1           0  0.19s           2026-05-02T00:29:06
================================================================================
[2026-05-02T00:29:58.077+0000] {manager.py:878} INFO - 
================================================================================
DAG File Processing Stats

File Path                          PID    Runtime      # DAGs    # Errors  Last Runtime    Last Run
---------------------------------  -----  ---------  --------  ----------  --------------  -------------------
/opt/airflow/dags/pipeline_dag.py                           1           0  0.18s           2026-05-02T00:29:36
================================================================================
[2026-05-02T00:30:28.272+0000] {manager.py:878} INFO - 
================================================================================
DAG File Processing Stats

File Path                          PID    Runtime      # DAGs    # Errors  Last Runtime    Last Run
---------------------------------  -----  ---------  --------  ----------  --------------  -------------------
/opt/airflow/dags/pipeline_dag.py                           1           0  0.10s           2026-05-02T00:30:07
================================================================================
[2026-05-02T00:30:58.526+0000] {manager.py:878} INFO - 
================================================================================
DAG File Processing Stats

File Path                          PID    Runtime      # DAGs    # Errors  Last Runtime    Last Run
---------------------------------  -----  ---------  --------  ----------  --------------  -------------------
/opt/airflow/dags/pipeline_dag.py                           1           0  0.20s           2026-05-02T00:30:37
================================================================================
[2026-05-02T00:31:28.837+0000] {manager.py:878} INFO - 
================================================================================
DAG File Processing Stats

File Path                          PID    Runtime      # DAGs    # Errors  Last Runtime    Last Run
---------------------------------  -----  ---------  --------  ----------  --------------  -------------------
/opt/airflow/dags/pipeline_dag.py                           1           0  0.19s           2026-05-02T00:31:07
================================================================================
[2026-05-02T00:31:59.091+0000] {manager.py:878} INFO - 
================================================================================
DAG File Processing Stats

File Path                          PID    Runtime      # DAGs    # Errors  Last Runtime    Last Run
---------------------------------  -----  ---------  --------  ----------  --------------  -------------------
/opt/airflow/dags/pipeline_dag.py                           1           0  0.17s           2026-05-02T00:31:38
================================================================================
[2026-05-02T00:32:29.358+0000] {manager.py:878} INFO - 
================================================================================
DAG File Processing Stats

File Path                          PID    Runtime      # DAGs    # Errors  Last Runtime    Last Run
---------------------------------  -----  ---------  --------  ----------  --------------  -------------------
/opt/airflow/dags/pipeline_dag.py                           1           0  0.19s           2026-05-02T00:32:08
================================================================================
[2026-05-02T00:32:50.563+0000] {manager.py:737} INFO - Searching for files in /opt/airflow/dags
[2026-05-02T00:32:50.566+0000] {manager.py:740} INFO - There are 1 files in /opt/airflow/dags
[2026-05-02T00:32:59.638+0000] {manager.py:878} INFO - 
================================================================================
DAG File Processing Stats

File Path                          PID    Runtime      # DAGs    # Errors  Last Runtime    Last Run
---------------------------------  -----  ---------  --------  ----------  --------------  -------------------
/opt/airflow/dags/pipeline_dag.py                           1           0  0.18s           2026-05-02T00:32:38
================================================================================
[2026-05-02T00:33:29.896+0000] {manager.py:878} INFO - 
================================================================================
DAG File Processing Stats

File Path                          PID    Runtime      # DAGs    # Errors  Last Runtime    Last Run
---------------------------------  -----  ---------  --------  ----------  --------------  -------------------
/opt/airflow/dags/pipeline_dag.py                           1           0  0.18s           2026-05-02T00:33:08
================================================================================
[2026-05-02T00:34:00.186+0000] {manager.py:878} INFO - 
================================================================================
DAG File Processing Stats

File Path                          PID    Runtime      # DAGs    # Errors  Last Runtime    Last Run
---------------------------------  -----  ---------  --------  ----------  --------------  -------------------
/opt/airflow/dags/pipeline_dag.py                           1           0  0.15s           2026-05-02T00:33:39
================================================================================
[2026-05-02T00:34:30.408+0000] {manager.py:878} INFO - 
================================================================================
DAG File Processing Stats

File Path                          PID    Runtime      # DAGs    # Errors  Last Runtime    Last Run
---------------------------------  -----  ---------  --------  ----------  --------------  -------------------
/opt/airflow/dags/pipeline_dag.py                           1           0  0.19s           2026-05-02T00:34:09
================================================================================
[2026-05-02T00:35:00.742+0000] {manager.py:878} INFO - 
================================================================================
DAG File Processing Stats

File Path                          PID    Runtime      # DAGs    # Errors  Last Runtime    Last Run
---------------------------------  -----  ---------  --------  ----------  --------------  -------------------
/opt/airflow/dags/pipeline_dag.py                           1           0  0.17s           2026-05-02T00:34:39
================================================================================
[2026-05-02T00:35:30.949+0000] {manager.py:878} INFO - 
================================================================================
DAG File Processing Stats

File Path                          PID    Runtime      # DAGs    # Errors  Last Runtime    Last Run
---------------------------------  -----  ---------  --------  ----------  --------------  -------------------
/opt/airflow/dags/pipeline_dag.py                           1           0  0.19s           2026-05-02T00:35:09
================================================================================
[2026-05-02T00:36:01.302+0000] {manager.py:878} INFO - 
================================================================================
DAG File Processing Stats

File Path                          PID    Runtime      # DAGs    # Errors  Last Runtime    Last Run
---------------------------------  -----  ---------  --------  ----------  --------------  -------------------
/opt/airflow/dags/pipeline_dag.py                           1           0  0.17s           2026-05-02T00:35:40
================================================================================
[2026-05-02T00:36:31.509+0000] {manager.py:878} INFO - 
================================================================================
DAG File Processing Stats

File Path                          PID    Runtime      # DAGs    # Errors  Last Runtime    Last Run
---------------------------------  -----  ---------  --------  ----------  --------------  -------------------
/opt/airflow/dags/pipeline_dag.py                           1           0  0.19s           2026-05-02T00:36:10
================================================================================
[2026-05-02T00:37:01.858+0000] {manager.py:878} INFO - 
================================================================================
DAG File Processing Stats

File Path                          PID    Runtime      # DAGs    # Errors  Last Runtime    Last Run
---------------------------------  -----  ---------  --------  ----------  --------------  -------------------
/opt/airflow/dags/pipeline_dag.py                           1           0  0.17s           2026-05-02T00:36:40
================================================================================
[2026-05-02T00:37:32.065+0000] {manager.py:878} INFO - 
================================================================================
DAG File Processing Stats

File Path                          PID    Runtime      # DAGs    # Errors  Last Runtime    Last Run
---------------------------------  -----  ---------  --------  ----------  --------------  -------------------
/opt/airflow/dags/pipeline_dag.py                           1           0  0.18s           2026-05-02T00:37:11
================================================================================
[2026-05-02T00:37:51.324+0000] {manager.py:737} INFO - Searching for files in /opt/airflow/dags
[2026-05-02T00:37:51.326+0000] {manager.py:740} INFO - There are 1 files in /opt/airflow/dags
[2026-05-02T00:38:02.411+0000] {manager.py:878} INFO - 
================================================================================
DAG File Processing Stats

File Path                          PID    Runtime      # DAGs    # Errors  Last Runtime    Last Run
---------------------------------  -----  ---------  --------  ----------  --------------  -------------------
/opt/airflow/dags/pipeline_dag.py                           1           0  0.19s           2026-05-02T00:37:41
================================================================================
[2026-05-02T00:38:32.603+0000] {manager.py:878} INFO - 
================================================================================
DAG File Processing Stats

File Path                          PID    Runtime      # DAGs    # Errors  Last Runtime    Last Run
---------------------------------  -----  ---------  --------  ----------  --------------  -------------------
/opt/airflow/dags/pipeline_dag.py                           1           0  0.18s           2026-05-02T00:38:11
================================================================================
[2026-05-02T00:39:02.948+0000] {manager.py:878} INFO - 
================================================================================
DAG File Processing Stats

File Path                          PID    Runtime      # DAGs    # Errors  Last Runtime    Last Run
---------------------------------  -----  ---------  --------  ----------  --------------  -------------------
/opt/airflow/dags/pipeline_dag.py                           1           0  0.17s           2026-05-02T00:38:41
================================================================================
[2026-05-02T00:39:33.160+0000] {manager.py:878} INFO - 
================================================================================
DAG File Processing Stats

File Path                          PID    Runtime      # DAGs    # Errors  Last Runtime    Last Run
---------------------------------  -----  ---------  --------  ----------  --------------  -------------------
/opt/airflow/dags/pipeline_dag.py                           1           0  0.16s           2026-05-02T00:39:12
================================================================================
[2026-05-02T00:40:03.463+0000] {manager.py:878} INFO - 
================================================================================
DAG File Processing Stats

File Path                          PID    Runtime      # DAGs    # Errors  Last Runtime    Last Run
---------------------------------  -----  ---------  --------  ----------  --------------  -------------------
/opt/airflow/dags/pipeline_dag.py                           1           0  0.18s           2026-05-02T00:39:42
================================================================================
[2026-05-02T00:40:33.702+0000] {manager.py:878} INFO - 
================================================================================
DAG File Processing Stats

File Path                          PID    Runtime      # DAGs    # Errors  Last Runtime    Last Run
---------------------------------  -----  ---------  --------  ----------  --------------  -------------------
/opt/airflow/dags/pipeline_dag.py                           1           0  0.15s           2026-05-02T00:40:12
================================================================================
[2026-05-02T00:41:03.975+0000] {manager.py:878} INFO - 
================================================================================
DAG File Processing Stats

File Path                          PID    Runtime      # DAGs    # Errors  Last Runtime    Last Run
---------------------------------  -----  ---------  --------  ----------  --------------  -------------------
/opt/airflow/dags/pipeline_dag.py                           1           0  0.21s           2026-05-02T00:40:42
================================================================================
[2026-05-02T00:41:34.298+0000] {manager.py:878} INFO - 
================================================================================
DAG File Processing Stats

File Path                          PID    Runtime      # DAGs    # Errors  Last Runtime    Last Run
---------------------------------  -----  ---------  --------  ----------  --------------  -------------------
/opt/airflow/dags/pipeline_dag.py                           1           0  0.16s           2026-05-02T00:41:13
================================================================================
[2026-05-02T00:42:04.501+0000] {manager.py:878} INFO - 
================================================================================
DAG File Processing Stats

File Path                          PID    Runtime      # DAGs    # Errors  Last Runtime    Last Run
---------------------------------  -----  ---------  --------  ----------  --------------  -------------------
/opt/airflow/dags/pipeline_dag.py                           1           0  0.16s           2026-05-02T00:41:43
================================================================================
[2026-05-02T00:42:34.818+0000] {manager.py:878} INFO - 
================================================================================
DAG File Processing Stats

File Path                          PID    Runtime      # DAGs    # Errors  Last Runtime    Last Run
---------------------------------  -----  ---------  --------  ----------  --------------  -------------------
/opt/airflow/dags/pipeline_dag.py                           1           0  0.17s           2026-05-02T00:42:13
================================================================================
[2026-05-02T00:42:51.957+0000] {manager.py:737} INFO - Searching for files in /opt/airflow/dags
[2026-05-02T00:42:51.959+0000] {manager.py:740} INFO - There are 1 files in /opt/airflow/dags
[2026-05-02T00:43:05.058+0000] {manager.py:878} INFO - 
================================================================================
DAG File Processing Stats

File Path                          PID    Runtime      # DAGs    # Errors  Last Runtime    Last Run
---------------------------------  -----  ---------  --------  ----------  --------------  -------------------
/opt/airflow/dags/pipeline_dag.py                           1           0  0.16s           2026-05-02T00:42:44
================================================================================
[2026-05-02T00:43:35.330+0000] {manager.py:878} INFO - 
================================================================================
DAG File Processing Stats

File Path                          PID    Runtime      # DAGs    # Errors  Last Runtime    Last Run
---------------------------------  -----  ---------  --------  ----------  --------------  -------------------
/opt/airflow/dags/pipeline_dag.py                           1           0  0.14s           2026-05-02T00:43:14
================================================================================
[2026-05-02T00:44:05.551+0000] {manager.py:878} INFO - 
================================================================================
DAG File Processing Stats

File Path                          PID    Runtime      # DAGs    # Errors  Last Runtime    Last Run
---------------------------------  -----  ---------  --------  ----------  --------------  -------------------
/opt/airflow/dags/pipeline_dag.py                           1           0  0.15s           2026-05-02T00:43:44
================================================================================
[2026-05-02T00:44:35.848+0000] {manager.py:878} INFO - 
================================================================================
DAG File Processing Stats

File Path                          PID    Runtime      # DAGs    # Errors  Last Runtime    Last Run
---------------------------------  -----  ---------  --------  ----------  --------------  -------------------
/opt/airflow/dags/pipeline_dag.py                           1           0  0.14s           2026-05-02T00:44:14
================================================================================
[2026-05-02T00:45:06.048+0000] {manager.py:878} INFO - 
================================================================================
DAG File Processing Stats

File Path                          PID    Runtime      # DAGs    # Errors  Last Runtime    Last Run
---------------------------------  -----  ---------  --------  ----------  --------------  -------------------
/opt/airflow/dags/pipeline_dag.py                           1           0  0.16s           2026-05-02T00:44:45
================================================================================
[2026-05-02T00:45:36.393+0000] {manager.py:878} INFO - 
================================================================================
DAG File Processing Stats

File Path                          PID    Runtime      # DAGs    # Errors  Last Runtime    Last Run
---------------------------------  -----  ---------  --------  ----------  --------------  -------------------
/opt/airflow/dags/pipeline_dag.py                           1           0  0.15s           2026-05-02T00:45:15
================================================================================
[2026-05-02T00:46:06.591+0000] {manager.py:878} INFO - 
================================================================================
DAG File Processing Stats

File Path                          PID    Runtime      # DAGs    # Errors  Last Runtime    Last Run
---------------------------------  -----  ---------  --------  ----------  --------------  -------------------
/opt/airflow/dags/pipeline_dag.py                           1           0  0.16s           2026-05-02T00:45:45
================================================================================
[2026-05-02T00:46:36.896+0000] {manager.py:878} INFO - 
================================================================================
DAG File Processing Stats

File Path                          PID    Runtime      # DAGs    # Errors  Last Runtime    Last Run
---------------------------------  -----  ---------  --------  ----------  --------------  -------------------
/opt/airflow/dags/pipeline_dag.py                           1           0  0.21s           2026-05-02T00:46:15
================================================================================
[2026-05-02T00:47:07.132+0000] {manager.py:878} INFO - 
================================================================================
DAG File Processing Stats

File Path                          PID    Runtime      # DAGs    # Errors  Last Runtime    Last Run
---------------------------------  -----  ---------  --------  ----------  --------------  -------------------
/opt/airflow/dags/pipeline_dag.py                           1           0  0.19s           2026-05-02T00:46:46
================================================================================
[2026-05-02T00:47:37.419+0000] {manager.py:878} INFO - 
================================================================================
DAG File Processing Stats

File Path                          PID    Runtime      # DAGs    # Errors  Last Runtime    Last Run
---------------------------------  -----  ---------  --------  ----------  --------------  -------------------
/opt/airflow/dags/pipeline_dag.py                           1           0  0.19s           2026-05-02T00:47:16
================================================================================
[2026-05-02T00:47:52.589+0000] {manager.py:737} INFO - Searching for files in /opt/airflow/dags
[2026-05-02T00:47:52.592+0000] {manager.py:740} INFO - There are 1 files in /opt/airflow/dags
[2026-05-02T00:48:07.694+0000] {manager.py:878} INFO - 
================================================================================
DAG File Processing Stats

File Path                          PID    Runtime      # DAGs    # Errors  Last Runtime    Last Run
---------------------------------  -----  ---------  --------  ----------  --------------  -------------------
/opt/airflow/dags/pipeline_dag.py                           1           0  0.15s           2026-05-02T00:47:46
================================================================================
[2026-05-02T00:48:37.892+0000] {manager.py:878} INFO - 
================================================================================
DAG File Processing Stats

File Path                          PID    Runtime      # DAGs    # Errors  Last Runtime    Last Run
---------------------------------  -----  ---------  --------  ----------  --------------  -------------------
/opt/airflow/dags/pipeline_dag.py                           1           0  0.20s           2026-05-02T00:48:16
================================================================================
[2026-05-02T00:49:08.213+0000] {manager.py:878} INFO - 
================================================================================
DAG File Processing Stats

File Path                          PID    Runtime      # DAGs    # Errors  Last Runtime    Last Run
---------------------------------  -----  ---------  --------  ----------  --------------  -------------------
/opt/airflow/dags/pipeline_dag.py                           1           0  0.18s           2026-05-02T00:48:47
================================================================================
[2026-05-02T00:49:38.589+0000] {manager.py:878} INFO - 
================================================================================
DAG File Processing Stats

File Path                          PID    Runtime      # DAGs    # Errors  Last Runtime    Last Run
---------------------------------  -----  ---------  --------  ----------  --------------  -------------------
/opt/airflow/dags/pipeline_dag.py                           1           0  0.17s           2026-05-02T00:49:17
================================================================================
[2026-05-02T00:50:08.894+0000] {manager.py:878} INFO - 
================================================================================
DAG File Processing Stats

File Path                          PID    Runtime      # DAGs    # Errors  Last Runtime    Last Run
---------------------------------  -----  ---------  --------  ----------  --------------  -------------------
/opt/airflow/dags/pipeline_dag.py                           1           0  0.19s           2026-05-02T00:49:47
================================================================================
[2026-05-02T00:50:39.098+0000] {manager.py:878} INFO - 
================================================================================
DAG File Processing Stats

File Path                          PID    Runtime      # DAGs    # Errors  Last Runtime    Last Run
---------------------------------  -----  ---------  --------  ----------  --------------  -------------------
/opt/airflow/dags/pipeline_dag.py                           1           0  0.21s           2026-05-02T00:50:18
================================================================================
[2026-05-02T00:51:09.438+0000] {manager.py:878} INFO - 
================================================================================
DAG File Processing Stats

File Path                          PID    Runtime      # DAGs    # Errors  Last Runtime    Last Run
---------------------------------  -----  ---------  --------  ----------  --------------  -------------------
/opt/airflow/dags/pipeline_dag.py                           1           0  0.14s           2026-05-02T00:50:48
================================================================================
[2026-05-02T00:51:39.716+0000] {manager.py:878} INFO - 
================================================================================
DAG File Processing Stats

File Path                          PID    Runtime      # DAGs    # Errors  Last Runtime    Last Run
---------------------------------  -----  ---------  --------  ----------  --------------  -------------------
/opt/airflow/dags/pipeline_dag.py                           1           0  0.17s           2026-05-02T00:51:18
================================================================================
                                                                                                                                                                                                                                                                                                                                                                                                                                                                                                                                                                                                                                                                                                                                                                                     