[2026-05-02T00:00:07.523+0000] {processor.py:161} INFO - Started process (PID=308) to work on /opt/airflow/dags/pipeline_dag.py
[2026-05-02T00:00:07.524+0000] {processor.py:830} INFO - Processing file /opt/airflow/dags/pipeline_dag.py for tasks to queue
[2026-05-02T00:00:07.525+0000] {logging_mixin.py:188} INFO - [2026-05-02T00:00:07.525+0000] {dagbag.py:545} INFO - Filling up the DagBag from /opt/airflow/dags/pipeline_dag.py
[2026-05-02T00:00:07.532+0000] {processor.py:840} INFO - DAG(s) 'data_pipeline' retrieved from /opt/airflow/dags/pipeline_dag.py
[2026-05-02T00:00:07.553+0000] {logging_mixin.py:188} INFO - [2026-05-02T00:00:07.553+0000] {dag.py:3089} INFO - Sync 1 DAGs
[2026-05-02T00:00:07.566+0000] {logging_mixin.py:188} INFO - [2026-05-02T00:00:07.566+0000] {dag.py:3947} INFO - Setting next_dagrun for data_pipeline to 2026-05-01 06:00:00+00:00, run_after=2026-05-02 06:00:00+00:00
[2026-05-02T00:00:07.587+0000] {processor.py:183} INFO - Processing /opt/airflow/dags/pipeline_dag.py took 0.068 seconds
[2026-05-02T00:00:37.709+0000] {processor.py:161} INFO - Started process (PID=313) to work on /opt/airflow/dags/pipeline_dag.py
[2026-05-02T00:00:37.709+0000] {processor.py:830} INFO - Processing file /opt/airflow/dags/pipeline_dag.py for tasks to queue
[2026-05-02T00:00:37.710+0000] {logging_mixin.py:188} INFO - [2026-05-02T00:00:37.710+0000] {dagbag.py:545} INFO - Filling up the DagBag from /opt/airflow/dags/pipeline_dag.py
[2026-05-02T00:00:37.718+0000] {processor.py:840} INFO - DAG(s) 'data_pipeline' retrieved from /opt/airflow/dags/pipeline_dag.py
[2026-05-02T00:00:37.738+0000] {logging_mixin.py:188} INFO - [2026-05-02T00:00:37.738+0000] {dag.py:3089} INFO - Sync 1 DAGs
[2026-05-02T00:00:37.752+0000] {logging_mixin.py:188} INFO - [2026-05-02T00:00:37.751+0000] {dag.py:3947} INFO - Setting next_dagrun for data_pipeline to 2026-05-01 06:00:00+00:00, run_after=2026-05-02 06:00:00+00:00
[2026-05-02T00:00:37.763+0000] {processor.py:183} INFO - Processing /opt/airflow/dags/pipeline_dag.py took 0.060 seconds
[2026-05-02T00:01:07.919+0000] {processor.py:161} INFO - Started process (PID=318) to work on /opt/airflow/dags/pipeline_dag.py
[2026-05-02T00:01:07.928+0000] {processor.py:830} INFO - Processing file /opt/airflow/dags/pipeline_dag.py for tasks to queue
[2026-05-02T00:01:07.930+0000] {logging_mixin.py:188} INFO - [2026-05-02T00:01:07.930+0000] {dagbag.py:545} INFO - Filling up the DagBag from /opt/airflow/dags/pipeline_dag.py
[2026-05-02T00:01:07.936+0000] {processor.py:840} INFO - DAG(s) 'data_pipeline' retrieved from /opt/airflow/dags/pipeline_dag.py
[2026-05-02T00:01:07.957+0000] {logging_mixin.py:188} INFO - [2026-05-02T00:01:07.957+0000] {dag.py:3089} INFO - Sync 1 DAGs
[2026-05-02T00:01:07.970+0000] {logging_mixin.py:188} INFO - [2026-05-02T00:01:07.969+0000] {dag.py:3947} INFO - Setting next_dagrun for data_pipeline to 2026-05-01 06:00:00+00:00, run_after=2026-05-02 06:00:00+00:00
[2026-05-02T00:01:07.981+0000] {processor.py:183} INFO - Processing /opt/airflow/dags/pipeline_dag.py took 0.066 seconds
[2026-05-02T00:01:38.087+0000] {processor.py:161} INFO - Started process (PID=335) to work on /opt/airflow/dags/pipeline_dag.py
[2026-05-02T00:01:38.088+0000] {processor.py:830} INFO - Processing file /opt/airflow/dags/pipeline_dag.py for tasks to queue
[2026-05-02T00:01:38.089+0000] {logging_mixin.py:188} INFO - [2026-05-02T00:01:38.089+0000] {dagbag.py:545} INFO - Filling up the DagBag from /opt/airflow/dags/pipeline_dag.py
[2026-05-02T00:01:38.096+0000] {processor.py:840} INFO - DAG(s) 'data_pipeline' retrieved from /opt/airflow/dags/pipeline_dag.py
[2026-05-02T00:01:38.119+0000] {logging_mixin.py:188} INFO - [2026-05-02T00:01:38.119+0000] {dag.py:3089} INFO - Sync 1 DAGs
[2026-05-02T00:01:38.132+0000] {logging_mixin.py:188} INFO - [2026-05-02T00:01:38.132+0000] {dag.py:3947} INFO - Setting next_dagrun for data_pipeline to 2026-05-01 06:00:00+00:00, run_after=2026-05-02 06:00:00+00:00
[2026-05-02T00:01:38.143+0000] {processor.py:183} INFO - Processing /opt/airflow/dags/pipeline_dag.py took 0.061 seconds
[2026-05-02T00:02:08.314+0000] {processor.py:161} INFO - Started process (PID=340) to work on /opt/airflow/dags/pipeline_dag.py
[2026-05-02T00:02:08.323+0000] {processor.py:830} INFO - Processing file /opt/airflow/dags/pipeline_dag.py for tasks to queue
[2026-05-02T00:02:08.324+0000] {logging_mixin.py:188} INFO - [2026-05-02T00:02:08.324+0000] {dagbag.py:545} INFO - Filling up the DagBag from /opt/airflow/dags/pipeline_dag.py
[2026-05-02T00:02:08.330+0000] {processor.py:840} INFO - DAG(s) 'data_pipeline' retrieved from /opt/airflow/dags/pipeline_dag.py
[2026-05-02T00:02:08.353+0000] {logging_mixin.py:188} INFO - [2026-05-02T00:02:08.353+0000] {dag.py:3089} INFO - Sync 1 DAGs
[2026-05-02T00:02:08.365+0000] {logging_mixin.py:188} INFO - [2026-05-02T00:02:08.365+0000] {dag.py:3947} INFO - Setting next_dagrun for data_pipeline to 2026-05-01 06:00:00+00:00, run_after=2026-05-02 06:00:00+00:00
[2026-05-02T00:02:08.377+0000] {processor.py:183} INFO - Processing /opt/airflow/dags/pipeline_dag.py took 0.068 seconds
[2026-05-02T00:02:38.492+0000] {processor.py:161} INFO - Started process (PID=345) to work on /opt/airflow/dags/pipeline_dag.py
[2026-05-02T00:02:38.493+0000] {processor.py:830} INFO - Processing file /opt/airflow/dags/pipeline_dag.py for tasks to queue
[2026-05-02T00:02:38.494+0000] {logging_mixin.py:188} INFO - [2026-05-02T00:02:38.494+0000] {dagbag.py:545} INFO - Filling up the DagBag from /opt/airflow/dags/pipeline_dag.py
[2026-05-02T00:02:38.503+0000] {processor.py:840} INFO - DAG(s) 'data_pipeline' retrieved from /opt/airflow/dags/pipeline_dag.py
[2026-05-02T00:02:38.524+0000] {logging_mixin.py:188} INFO - [2026-05-02T00:02:38.524+0000] {dag.py:3089} INFO - Sync 1 DAGs
[2026-05-02T00:02:38.540+0000] {logging_mixin.py:188} INFO - [2026-05-02T00:02:38.539+0000] {dag.py:3947} INFO - Setting next_dagrun for data_pipeline to 2026-05-01 06:00:00+00:00, run_after=2026-05-02 06:00:00+00:00
[2026-05-02T00:02:38.553+0000] {processor.py:183} INFO - Processing /opt/airflow/dags/pipeline_dag.py took 0.068 seconds
[2026-05-02T00:03:08.706+0000] {processor.py:161} INFO - Started process (PID=350) to work on /opt/airflow/dags/pipeline_dag.py
[2026-05-02T00:03:08.707+0000] {processor.py:830} INFO - Processing file /opt/airflow/dags/pipeline_dag.py for tasks to queue
[2026-05-02T00:03:08.708+0000] {logging_mixin.py:188} INFO - [2026-05-02T00:03:08.708+0000] {dagbag.py:545} INFO - Filling up the DagBag from /opt/airflow/dags/pipeline_dag.py
[2026-05-02T00:03:08.715+0000] {processor.py:840} INFO - DAG(s) 'data_pipeline' retrieved from /opt/airflow/dags/pipeline_dag.py
[2026-05-02T00:03:08.732+0000] {logging_mixin.py:188} INFO - [2026-05-02T00:03:08.731+0000] {dag.py:3089} INFO - Sync 1 DAGs
[2026-05-02T00:03:08.744+0000] {logging_mixin.py:188} INFO - [2026-05-02T00:03:08.744+0000] {dag.py:3947} INFO - Setting next_dagrun for data_pipeline to 2026-05-01 06:00:00+00:00, run_after=2026-05-02 06:00:00+00:00
[2026-05-02T00:03:08.758+0000] {processor.py:183} INFO - Processing /opt/airflow/dags/pipeline_dag.py took 0.056 seconds
[2026-05-02T00:03:38.873+0000] {processor.py:161} INFO - Started process (PID=355) to work on /opt/airflow/dags/pipeline_dag.py
[2026-05-02T00:03:38.873+0000] {processor.py:830} INFO - Processing file /opt/airflow/dags/pipeline_dag.py for tasks to queue
[2026-05-02T00:03:38.875+0000] {logging_mixin.py:188} INFO - [2026-05-02T00:03:38.874+0000] {dagbag.py:545} INFO - Filling up the DagBag from /opt/airflow/dags/pipeline_dag.py
[2026-05-02T00:03:38.881+0000] {processor.py:840} INFO - DAG(s) 'data_pipeline' retrieved from /opt/airflow/dags/pipeline_dag.py
[2026-05-02T00:03:38.905+0000] {logging_mixin.py:188} INFO - [2026-05-02T00:03:38.904+0000] {dag.py:3089} INFO - Sync 1 DAGs
[2026-05-02T00:03:38.918+0000] {logging_mixin.py:188} INFO - [2026-05-02T00:03:38.918+0000] {dag.py:3947} INFO - Setting next_dagrun for data_pipeline to 2026-05-01 06:00:00+00:00, run_after=2026-05-02 06:00:00+00:00
[2026-05-02T00:03:38.930+0000] {processor.py:183} INFO - Processing /opt/airflow/dags/pipeline_dag.py took 0.062 seconds
[2026-05-02T00:04:09.039+0000] {processor.py:161} INFO - Started process (PID=360) to work on /opt/airflow/dags/pipeline_dag.py
[2026-05-02T00:04:09.048+0000] {processor.py:830} INFO - Processing file /opt/airflow/dags/pipeline_dag.py for tasks to queue
[2026-05-02T00:04:09.050+0000] {logging_mixin.py:188} INFO - [2026-05-02T00:04:09.049+0000] {dagbag.py:545} INFO - Filling up the DagBag from /opt/airflow/dags/pipeline_dag.py
[2026-05-02T00:04:09.057+0000] {processor.py:840} INFO - DAG(s) 'data_pipeline' retrieved from /opt/airflow/dags/pipeline_dag.py
[2026-05-02T00:04:09.077+0000] {logging_mixin.py:188} INFO - [2026-05-02T00:04:09.077+0000] {dag.py:3089} INFO - Sync 1 DAGs
[2026-05-02T00:04:09.092+0000] {logging_mixin.py:188} INFO - [2026-05-02T00:04:09.091+0000] {dag.py:3947} INFO - Setting next_dagrun for data_pipeline to 2026-05-01 06:00:00+00:00, run_after=2026-05-02 06:00:00+00:00
[2026-05-02T00:04:09.105+0000] {processor.py:183} INFO - Processing /opt/airflow/dags/pipeline_dag.py took 0.070 seconds
[2026-05-02T00:04:39.233+0000] {processor.py:161} INFO - Started process (PID=365) to work on /opt/airflow/dags/pipeline_dag.py
[2026-05-02T00:04:39.234+0000] {processor.py:830} INFO - Processing file /opt/airflow/dags/pipeline_dag.py for tasks to queue
[2026-05-02T00:04:39.235+0000] {logging_mixin.py:188} INFO - [2026-05-02T00:04:39.235+0000] {dagbag.py:545} INFO - Filling up the DagBag from /opt/airflow/dags/pipeline_dag.py
[2026-05-02T00:04:39.243+0000] {processor.py:840} INFO - DAG(s) 'data_pipeline' retrieved from /opt/airflow/dags/pipeline_dag.py
[2026-05-02T00:04:39.267+0000] {logging_mixin.py:188} INFO - [2026-05-02T00:04:39.266+0000] {dag.py:3089} INFO - Sync 1 DAGs
[2026-05-02T00:04:39.282+0000] {logging_mixin.py:188} INFO - [2026-05-02T00:04:39.282+0000] {dag.py:3947} INFO - Setting next_dagrun for data_pipeline to 2026-05-01 06:00:00+00:00, run_after=2026-05-02 06:00:00+00:00
[2026-05-02T00:04:39.294+0000] {processor.py:183} INFO - Processing /opt/airflow/dags/pipeline_dag.py took 0.066 seconds
[2026-05-02T00:05:09.411+0000] {processor.py:161} INFO - Started process (PID=370) to work on /opt/airflow/dags/pipeline_dag.py
[2026-05-02T00:05:09.420+0000] {processor.py:830} INFO - Processing file /opt/airflow/dags/pipeline_dag.py for tasks to queue
[2026-05-02T00:05:09.424+0000] {logging_mixin.py:188} INFO - [2026-05-02T00:05:09.423+0000] {dagbag.py:545} INFO - Filling up the DagBag from /opt/airflow/dags/pipeline_dag.py
[2026-05-02T00:05:09.431+0000] {processor.py:840} INFO - DAG(s) 'data_pipeline' retrieved from /opt/airflow/dags/pipeline_dag.py
[2026-05-02T00:05:09.449+0000] {logging_mixin.py:188} INFO - [2026-05-02T00:05:09.449+0000] {dag.py:3089} INFO - Sync 1 DAGs
[2026-05-02T00:05:09.461+0000] {logging_mixin.py:188} INFO - [2026-05-02T00:05:09.461+0000] {dag.py:3947} INFO - Setting next_dagrun for data_pipeline to 2026-05-01 06:00:00+00:00, run_after=2026-05-02 06:00:00+00:00
[2026-05-02T00:05:09.473+0000] {processor.py:183} INFO - Processing /opt/airflow/dags/pipeline_dag.py took 0.069 seconds
[2026-05-02T00:05:39.625+0000] {processor.py:161} INFO - Started process (PID=375) to work on /opt/airflow/dags/pipeline_dag.py
[2026-05-02T00:05:39.626+0000] {processor.py:830} INFO - Processing file /opt/airflow/dags/pipeline_dag.py for tasks to queue
[2026-05-02T00:05:39.628+0000] {logging_mixin.py:188} INFO - [2026-05-02T00:05:39.627+0000] {dagbag.py:545} INFO - Filling up the DagBag from /opt/airflow/dags/pipeline_dag.py
[2026-05-02T00:05:39.635+0000] {processor.py:840} INFO - DAG(s) 'data_pipeline' retrieved from /opt/airflow/dags/pipeline_dag.py
[2026-05-02T00:05:39.656+0000] {logging_mixin.py:188} INFO - [2026-05-02T00:05:39.655+0000] {dag.py:3089} INFO - Sync 1 DAGs
[2026-05-02T00:05:39.668+0000] {logging_mixin.py:188} INFO - [2026-05-02T00:05:39.668+0000] {dag.py:3947} INFO - Setting next_dagrun for data_pipeline to 2026-05-01 06:00:00+00:00, run_after=2026-05-02 06:00:00+00:00
[2026-05-02T00:05:39.685+0000] {processor.py:183} INFO - Processing /opt/airflow/dags/pipeline_dag.py took 0.064 seconds
[2026-05-02T00:06:09.790+0000] {processor.py:161} INFO - Started process (PID=380) to work on /opt/airflow/dags/pipeline_dag.py
[2026-05-02T00:06:09.799+0000] {processor.py:830} INFO - Processing file /opt/airflow/dags/pipeline_dag.py for tasks to queue
[2026-05-02T00:06:09.802+0000] {logging_mixin.py:188} INFO - [2026-05-02T00:06:09.801+0000] {dagbag.py:545} INFO - Filling up the DagBag from /opt/airflow/dags/pipeline_dag.py
[2026-05-02T00:06:09.809+0000] {processor.py:840} INFO - DAG(s) 'data_pipeline' retrieved from /opt/airflow/dags/pipeline_dag.py
[2026-05-02T00:06:09.828+0000] {logging_mixin.py:188} INFO - [2026-05-02T00:06:09.828+0000] {dag.py:3089} INFO - Sync 1 DAGs
[2026-05-02T00:06:09.842+0000] {logging_mixin.py:188} INFO - [2026-05-02T00:06:09.841+0000] {dag.py:3947} INFO - Setting next_dagrun for data_pipeline to 2026-05-01 06:00:00+00:00, run_after=2026-05-02 06:00:00+00:00
[2026-05-02T00:06:09.855+0000] {processor.py:183} INFO - Processing /opt/airflow/dags/pipeline_dag.py took 0.073 seconds
[2026-05-02T00:06:39.983+0000] {processor.py:161} INFO - Started process (PID=385) to work on /opt/airflow/dags/pipeline_dag.py
[2026-05-02T00:06:39.983+0000] {processor.py:830} INFO - Processing file /opt/airflow/dags/pipeline_dag.py for tasks to queue
[2026-05-02T00:06:39.985+0000] {logging_mixin.py:188} INFO - [2026-05-02T00:06:39.984+0000] {dagbag.py:545} INFO - Filling up the DagBag from /opt/airflow/dags/pipeline_dag.py
[2026-05-02T00:06:39.992+0000] {processor.py:840} INFO - DAG(s) 'data_pipeline' retrieved from /opt/airflow/dags/pipeline_dag.py
[2026-05-02T00:06:40.013+0000] {logging_mixin.py:188} INFO - [2026-05-02T00:06:40.013+0000] {dag.py:3089} INFO - Sync 1 DAGs
[2026-05-02T00:06:40.027+0000] {logging_mixin.py:188} INFO - [2026-05-02T00:06:40.027+0000] {dag.py:3947} INFO - Setting next_dagrun for data_pipeline to 2026-05-01 06:00:00+00:00, run_after=2026-05-02 06:00:00+00:00
[2026-05-02T00:06:40.040+0000] {processor.py:183} INFO - Processing /opt/airflow/dags/pipeline_dag.py took 0.063 seconds
[2026-05-02T00:07:10.144+0000] {processor.py:161} INFO - Started process (PID=390) to work on /opt/airflow/dags/pipeline_dag.py
[2026-05-02T00:07:10.153+0000] {processor.py:830} INFO - Processing file /opt/airflow/dags/pipeline_dag.py for tasks to queue
[2026-05-02T00:07:10.154+0000] {logging_mixin.py:188} INFO - [2026-05-02T00:07:10.154+0000] {dagbag.py:545} INFO - Filling up the DagBag from /opt/airflow/dags/pipeline_dag.py
[2026-05-02T00:07:10.160+0000] {processor.py:840} INFO - DAG(s) 'data_pipeline' retrieved from /opt/airflow/dags/pipeline_dag.py
[2026-05-02T00:07:10.181+0000] {logging_mixin.py:188} INFO - [2026-05-02T00:07:10.180+0000] {dag.py:3089} INFO - Sync 1 DAGs
[2026-05-02T00:07:10.194+0000] {logging_mixin.py:188} INFO - [2026-05-02T00:07:10.194+0000] {dag.py:3947} INFO - Setting next_dagrun for data_pipeline to 2026-05-01 06:00:00+00:00, run_after=2026-05-02 06:00:00+00:00
[2026-05-02T00:07:10.207+0000] {processor.py:183} INFO - Processing /opt/airflow/dags/pipeline_dag.py took 0.067 seconds
[2026-05-02T00:07:40.328+0000] {processor.py:161} INFO - Started process (PID=395) to work on /opt/airflow/dags/pipeline_dag.py
[2026-05-02T00:07:40.328+0000] {processor.py:830} INFO - Processing file /opt/airflow/dags/pipeline_dag.py for tasks to queue
[2026-05-02T00:07:40.329+0000] {logging_mixin.py:188} INFO - [2026-05-02T00:07:40.329+0000] {dagbag.py:545} INFO - Filling up the DagBag from /opt/airflow/dags/pipeline_dag.py
[2026-05-02T00:07:40.335+0000] {processor.py:840} INFO - DAG(s) 'data_pipeline' retrieved from /opt/airflow/dags/pipeline_dag.py
[2026-05-02T00:07:40.357+0000] {logging_mixin.py:188} INFO - [2026-05-02T00:07:40.357+0000] {dag.py:3089} INFO - Sync 1 DAGs
[2026-05-02T00:07:40.370+0000] {logging_mixin.py:188} INFO - [2026-05-02T00:07:40.370+0000] {dag.py:3947} INFO - Setting next_dagrun for data_pipeline to 2026-05-01 06:00:00+00:00, run_after=2026-05-02 06:00:00+00:00
[2026-05-02T00:07:40.383+0000] {processor.py:183} INFO - Processing /opt/airflow/dags/pipeline_dag.py took 0.059 seconds
[2026-05-02T00:08:10.511+0000] {processor.py:161} INFO - Started process (PID=400) to work on /opt/airflow/dags/pipeline_dag.py
[2026-05-02T00:08:10.511+0000] {processor.py:830} INFO - Processing file /opt/airflow/dags/pipeline_dag.py for tasks to queue
[2026-05-02T00:08:10.513+0000] {logging_mixin.py:188} INFO - [2026-05-02T00:08:10.512+0000] {dagbag.py:545} INFO - Filling up the DagBag from /opt/airflow/dags/pipeline_dag.py
[2026-05-02T00:08:10.520+0000] {processor.py:840} INFO - DAG(s) 'data_pipeline' retrieved from /opt/airflow/dags/pipeline_dag.py
[2026-05-02T00:08:10.542+0000] {logging_mixin.py:188} INFO - [2026-05-02T00:08:10.542+0000] {dag.py:3089} INFO - Sync 1 DAGs
[2026-05-02T00:08:10.556+0000] {logging_mixin.py:188} INFO - [2026-05-02T00:08:10.555+0000] {dag.py:3947} INFO - Setting next_dagrun for data_pipeline to 2026-05-01 06:00:00+00:00, run_after=2026-05-02 06:00:00+00:00
[2026-05-02T00:08:10.568+0000] {processor.py:183} INFO - Processing /opt/airflow/dags/pipeline_dag.py took 0.063 seconds
[2026-05-02T00:08:40.699+0000] {processor.py:161} INFO - Started process (PID=405) to work on /opt/airflow/dags/pipeline_dag.py
[2026-05-02T00:08:40.708+0000] {processor.py:830} INFO - Processing file /opt/airflow/dags/pipeline_dag.py for tasks to queue
[2026-05-02T00:08:40.709+0000] {logging_mixin.py:188} INFO - [2026-05-02T00:08:40.709+0000] {dagbag.py:545} INFO - Filling up the DagBag from /opt/airflow/dags/pipeline_dag.py
[2026-05-02T00:08:40.716+0000] {processor.py:840} INFO - DAG(s) 'data_pipeline' retrieved from /opt/airflow/dags/pipeline_dag.py
[2026-05-02T00:08:40.735+0000] {logging_mixin.py:188} INFO - [2026-05-02T00:08:40.735+0000] {dag.py:3089} INFO - Sync 1 DAGs
[2026-05-02T00:08:40.749+0000] {logging_mixin.py:188} INFO - [2026-05-02T00:08:40.748+0000] {dag.py:3947} INFO - Setting next_dagrun for data_pipeline to 2026-05-01 06:00:00+00:00, run_after=2026-05-02 06:00:00+00:00
[2026-05-02T00:08:40.761+0000] {processor.py:183} INFO - Processing /opt/airflow/dags/pipeline_dag.py took 0.066 seconds
[2026-05-02T00:09:10.879+0000] {processor.py:161} INFO - Started process (PID=410) to work on /opt/airflow/dags/pipeline_dag.py
[2026-05-02T00:09:10.880+0000] {processor.py:830} INFO - Processing file /opt/airflow/dags/pipeline_dag.py for tasks to queue
[2026-05-02T00:09:10.880+0000] {logging_mixin.py:188} INFO - [2026-05-02T00:09:10.880+0000] {dagbag.py:545} INFO - Filling up the DagBag from /opt/airflow/dags/pipeline_dag.py
[2026-05-02T00:09:10.887+0000] {processor.py:840} INFO - DAG(s) 'data_pipeline' retrieved from /opt/airflow/dags/pipeline_dag.py
[2026-05-02T00:09:10.907+0000] {logging_mixin.py:188} INFO - [2026-05-02T00:09:10.907+0000] {dag.py:3089} INFO - Sync 1 DAGs
[2026-05-02T00:09:10.922+0000] {logging_mixin.py:188} INFO - [2026-05-02T00:09:10.922+0000] {dag.py:3947} INFO - Setting next_dagrun for data_pipeline to 2026-05-01 06:00:00+00:00, run_after=2026-05-02 06:00:00+00:00
[2026-05-02T00:09:10.938+0000] {processor.py:183} INFO - Processing /opt/airflow/dags/pipeline_dag.py took 0.063 seconds
[2026-05-02T00:09:41.084+0000] {processor.py:161} INFO - Started process (PID=415) to work on /opt/airflow/dags/pipeline_dag.py
[2026-05-02T00:09:41.094+0000] {processor.py:830} INFO - Processing file /opt/airflow/dags/pipeline_dag.py for tasks to queue
[2026-05-02T00:09:41.095+0000] {logging_mixin.py:188} INFO - [2026-05-02T00:09:41.095+0000] {dagbag.py:545} INFO - Filling up the DagBag from /opt/airflow/dags/pipeline_dag.py
[2026-05-02T00:09:41.103+0000] {processor.py:840} INFO - DAG(s) 'data_pipeline' retrieved from /opt/airflow/dags/pipeline_dag.py
[2026-05-02T00:09:41.122+0000] {logging_mixin.py:188} INFO - [2026-05-02T00:09:41.122+0000] {dag.py:3089} INFO - Sync 1 DAGs
[2026-05-02T00:09:41.135+0000] {logging_mixin.py:188} INFO - [2026-05-02T00:09:41.134+0000] {dag.py:3947} INFO - Setting next_dagrun for data_pipeline to 2026-05-01 06:00:00+00:00, run_after=2026-05-02 06:00:00+00:00
[2026-05-02T00:09:41.145+0000] {processor.py:183} INFO - Processing /opt/airflow/dags/pipeline_dag.py took 0.067 seconds
[2026-05-02T00:10:11.255+0000] {processor.py:161} INFO - Started process (PID=420) to work on /opt/airflow/dags/pipeline_dag.py
[2026-05-02T00:10:11.255+0000] {processor.py:830} INFO - Processing file /opt/airflow/dags/pipeline_dag.py for tasks to queue
[2026-05-02T00:10:11.256+0000] {logging_mixin.py:188} INFO - [2026-05-02T00:10:11.256+0000] {dagbag.py:545} INFO - Filling up the DagBag from /opt/airflow/dags/pipeline_dag.py
[2026-05-02T00:10:11.262+0000] {processor.py:840} INFO - DAG(s) 'data_pipeline' retrieved from /opt/airflow/dags/pipeline_dag.py
[2026-05-02T00:10:11.280+0000] {logging_mixin.py:188} INFO - [2026-05-02T00:10:11.279+0000] {dag.py:3089} INFO - Sync 1 DAGs
[2026-05-02T00:10:11.293+0000] {logging_mixin.py:188} INFO - [2026-05-02T00:10:11.292+0000] {dag.py:3947} INFO - Setting next_dagrun for data_pipeline to 2026-05-01 06:00:00+00:00, run_after=2026-05-02 06:00:00+00:00
[2026-05-02T00:10:11.306+0000] {processor.py:183} INFO - Processing /opt/airflow/dags/pipeline_dag.py took 0.055 seconds
[2026-05-02T00:10:41.473+0000] {processor.py:161} INFO - Started process (PID=425) to work on /opt/airflow/dags/pipeline_dag.py
[2026-05-02T00:10:41.483+0000] {processor.py:830} INFO - Processing file /opt/airflow/dags/pipeline_dag.py for tasks to queue
[2026-05-02T00:10:41.485+0000] {logging_mixin.py:188} INFO - [2026-05-02T00:10:41.484+0000] {dagbag.py:545} INFO - Filling up the DagBag from /opt/airflow/dags/pipeline_dag.py
[2026-05-02T00:10:41.494+0000] {processor.py:840} INFO - DAG(s) 'data_pipeline' retrieved from /opt/airflow/dags/pipeline_dag.py
[2026-05-02T00:10:41.515+0000] {logging_mixin.py:188} INFO - [2026-05-02T00:10:41.515+0000] {dag.py:3089} INFO - Sync 1 DAGs
[2026-05-02T00:10:41.530+0000] {logging_mixin.py:188} INFO - [2026-05-02T00:10:41.530+0000] {dag.py:3947} INFO - Setting next_dagrun for data_pipeline to 2026-05-01 06:00:00+00:00, run_after=2026-05-02 06:00:00+00:00
[2026-05-02T00:10:41.543+0000] {processor.py:183} INFO - Processing /opt/airflow/dags/pipeline_dag.py took 0.075 seconds
[2026-05-02T00:11:11.645+0000] {processor.py:161} INFO - Started process (PID=430) to work on /opt/airflow/dags/pipeline_dag.py
[2026-05-02T00:11:11.646+0000] {processor.py:830} INFO - Processing file /opt/airflow/dags/pipeline_dag.py for tasks to queue
[2026-05-02T00:11:11.647+0000] {logging_mixin.py:188} INFO - [2026-05-02T00:11:11.647+0000] {dagbag.py:545} INFO - Filling up the DagBag from /opt/airflow/dags/pipeline_dag.py
[2026-05-02T00:11:11.654+0000] {processor.py:840} INFO - DAG(s) 'data_pipeline' retrieved from /opt/airflow/dags/pipeline_dag.py
[2026-05-02T00:11:11.676+0000] {logging_mixin.py:188} INFO - [2026-05-02T00:11:11.675+0000] {dag.py:3089} INFO - Sync 1 DAGs
[2026-05-02T00:11:11.690+0000] {logging_mixin.py:188} INFO - [2026-05-02T00:11:11.690+0000] {dag.py:3947} INFO - Setting next_dagrun for data_pipeline to 2026-05-01 06:00:00+00:00, run_after=2026-05-02 06:00:00+00:00
[2026-05-02T00:11:11.702+0000] {processor.py:183} INFO - Processing /opt/airflow/dags/pipeline_dag.py took 0.066 seconds
[2026-05-02T00:11:41.854+0000] {processor.py:161} INFO - Started process (PID=435) to work on /opt/airflow/dags/pipeline_dag.py
[2026-05-02T00:11:41.863+0000] {processor.py:830} INFO - Processing file /opt/airflow/dags/pipeline_dag.py for tasks to queue
[2026-05-02T00:11:41.864+0000] {logging_mixin.py:188} INFO - [2026-05-02T00:11:41.864+0000] {dagbag.py:545} INFO - Filling up the DagBag from /opt/airflow/dags/pipeline_dag.py
[2026-05-02T00:11:41.872+0000] {processor.py:840} INFO - DAG(s) 'data_pipeline' retrieved from /opt/airflow/dags/pipeline_dag.py
[2026-05-02T00:11:41.891+0000] {logging_mixin.py:188} INFO - [2026-05-02T00:11:41.891+0000] {dag.py:3089} INFO - Sync 1 DAGs
[2026-05-02T00:11:41.903+0000] {logging_mixin.py:188} INFO - [2026-05-02T00:11:41.903+0000] {dag.py:3947} INFO - Setting next_dagrun for data_pipeline to 2026-05-01 06:00:00+00:00, run_after=2026-05-02 06:00:00+00:00
[2026-05-02T00:11:41.915+0000] {processor.py:183} INFO - Processing /opt/airflow/dags/pipeline_dag.py took 0.064 seconds
[2026-05-02T00:12:12.036+0000] {processor.py:161} INFO - Started process (PID=440) to work on /opt/airflow/dags/pipeline_dag.py
[2026-05-02T00:12:12.036+0000] {processor.py:830} INFO - Processing file /opt/airflow/dags/pipeline_dag.py for tasks to queue
[2026-05-02T00:12:12.038+0000] {logging_mixin.py:188} INFO - [2026-05-02T00:12:12.037+0000] {dagbag.py:545} INFO - Filling up the DagBag from /opt/airflow/dags/pipeline_dag.py
[2026-05-02T00:12:12.044+0000] {processor.py:840} INFO - DAG(s) 'data_pipeline' retrieved from /opt/airflow/dags/pipeline_dag.py
[2026-05-02T00:12:12.067+0000] {logging_mixin.py:188} INFO - [2026-05-02T00:12:12.066+0000] {dag.py:3089} INFO - Sync 1 DAGs
[2026-05-02T00:12:12.079+0000] {logging_mixin.py:188} INFO - [2026-05-02T00:12:12.079+0000] {dag.py:3947} INFO - Setting next_dagrun for data_pipeline to 2026-05-01 06:00:00+00:00, run_after=2026-05-02 06:00:00+00:00
[2026-05-02T00:12:12.092+0000] {processor.py:183} INFO - Processing /opt/airflow/dags/pipeline_dag.py took 0.062 seconds
[2026-05-02T00:12:48.309+0000] {processor.py:161} INFO - Started process (PID=189) to work on /opt/airflow/dags/pipeline_dag.py
[2026-05-02T00:12:48.310+0000] {processor.py:830} INFO - Processing file /opt/airflow/dags/pipeline_dag.py for tasks to queue
[2026-05-02T00:12:48.311+0000] {logging_mixin.py:188} INFO - [2026-05-02T00:12:48.311+0000] {dagbag.py:545} INFO - Filling up the DagBag from /opt/airflow/dags/pipeline_dag.py
[2026-05-02T00:12:48.349+0000] {processor.py:840} INFO - DAG(s) 'data_pipeline' retrieved from /opt/airflow/dags/pipeline_dag.py
[2026-05-02T00:12:48.367+0000] {logging_mixin.py:188} INFO - [2026-05-02T00:12:48.367+0000] {dag.py:3089} INFO - Sync 1 DAGs
[2026-05-02T00:12:48.380+0000] {logging_mixin.py:188} INFO - [2026-05-02T00:12:48.380+0000] {dag.py:3947} INFO - Setting next_dagrun for data_pipeline to 2026-05-01 06:00:00+00:00, run_after=2026-05-02 06:00:00+00:00
[2026-05-02T00:12:48.390+0000] {processor.py:183} INFO - Processing /opt/airflow/dags/pipeline_dag.py took 0.084 seconds
[2026-05-02T00:13:18.468+0000] {processor.py:161} INFO - Started process (PID=208) to work on /opt/airflow/dags/pipeline_dag.py
[2026-05-02T00:13:18.468+0000] {processor.py:830} INFO - Processing file /opt/airflow/dags/pipeline_dag.py for tasks to queue
[2026-05-02T00:13:18.469+0000] {logging_mixin.py:188} INFO - [2026-05-02T00:13:18.469+0000] {dagbag.py:545} INFO - Filling up the DagBag from /opt/airflow/dags/pipeline_dag.py
[2026-05-02T00:13:18.475+0000] {processor.py:840} INFO - DAG(s) 'data_pipeline' retrieved from /opt/airflow/dags/pipeline_dag.py
[2026-05-02T00:13:18.753+0000] {logging_mixin.py:188} INFO - [2026-05-02T00:13:18.753+0000] {dag.py:3089} INFO - Sync 1 DAGs
[2026-05-02T00:13:18.764+0000] {logging_mixin.py:188} INFO - [2026-05-02T00:13:18.764+0000] {dag.py:3947} INFO - Setting next_dagrun for data_pipeline to 2026-05-01 06:00:00+00:00, run_after=2026-05-02 06:00:00+00:00
[2026-05-02T00:13:18.779+0000] {processor.py:183} INFO - Processing /opt/airflow/dags/pipeline_dag.py took 0.315 seconds
[2026-05-02T00:13:48.953+0000] {processor.py:161} INFO - Started process (PID=213) to work on /opt/airflow/dags/pipeline_dag.py
[2026-05-02T00:13:48.954+0000] {processor.py:830} INFO - Processing file /opt/airflow/dags/pipeline_dag.py for tasks to queue
[2026-05-02T00:13:48.955+0000] {logging_mixin.py:188} INFO - [2026-05-02T00:13:48.955+0000] {dagbag.py:545} INFO - Filling up the DagBag from /opt/airflow/dags/pipeline_dag.py
[2026-05-02T00:13:48.962+0000] {processor.py:840} INFO - DAG(s) 'data_pipeline' retrieved from /opt/airflow/dags/pipeline_dag.py
[2026-05-02T00:13:48.985+0000] {logging_mixin.py:188} INFO - [2026-05-02T00:13:48.985+0000] {dag.py:3089} INFO - Sync 1 DAGs
[2026-05-02T00:13:48.998+0000] {logging_mixin.py:188} INFO - [2026-05-02T00:13:48.998+0000] {dag.py:3947} INFO - Setting next_dagrun for data_pipeline to 2026-05-01 06:00:00+00:00, run_after=2026-05-02 06:00:00+00:00
[2026-05-02T00:13:49.011+0000] {processor.py:183} INFO - Processing /opt/airflow/dags/pipeline_dag.py took 0.065 seconds
[2026-05-02T00:14:19.144+0000] {processor.py:161} INFO - Started process (PID=218) to work on /opt/airflow/dags/pipeline_dag.py
[2026-05-02T00:14:19.145+0000] {processor.py:830} INFO - Processing file /opt/airflow/dags/pipeline_dag.py for tasks to queue
[2026-05-02T00:14:19.148+0000] {logging_mixin.py:188} INFO - [2026-05-02T00:14:19.147+0000] {dagbag.py:545} INFO - Filling up the DagBag from /opt/airflow/dags/pipeline_dag.py
[2026-05-02T00:14:19.164+0000] {processor.py:840} INFO - DAG(s) 'data_pipeline' retrieved from /opt/airflow/dags/pipeline_dag.py
[2026-05-02T00:14:19.215+0000] {logging_mixin.py:188} INFO - [2026-05-02T00:14:19.214+0000] {dag.py:3089} INFO - Sync 1 DAGs
[2026-05-02T00:14:19.248+0000] {logging_mixin.py:188} INFO - [2026-05-02T00:14:19.248+0000] {dag.py:3947} INFO - Setting next_dagrun for data_pipeline to 2026-05-01 06:00:00+00:00, run_after=2026-05-02 06:00:00+00:00
[2026-05-02T00:14:19.285+0000] {processor.py:183} INFO - Processing /opt/airflow/dags/pipeline_dag.py took 0.151 seconds
[2026-05-02T00:14:49.393+0000] {processor.py:161} INFO - Started process (PID=223) to work on /opt/airflow/dags/pipeline_dag.py
[2026-05-02T00:14:49.395+0000] {processor.py:830} INFO - Processing file /opt/airflow/dags/pipeline_dag.py for tasks to queue
[2026-05-02T00:14:49.398+0000] {logging_mixin.py:188} INFO - [2026-05-02T00:14:49.397+0000] {dagbag.py:545} INFO - Filling up the DagBag from /opt/airflow/dags/pipeline_dag.py
[2026-05-02T00:14:49.420+0000] {processor.py:840} INFO - DAG(s) 'data_pipeline' retrieved from /opt/airflow/dags/pipeline_dag.py
[2026-05-02T00:14:49.491+0000] {logging_mixin.py:188} INFO - [2026-05-02T00:14:49.491+0000] {dag.py:3089} INFO - Sync 1 DAGs
[2026-05-02T00:14:49.531+0000] {logging_mixin.py:188} INFO - [2026-05-02T00:14:49.531+0000] {dag.py:3947} INFO - Setting next_dagrun for data_pipeline to 2026-05-01 06:00:00+00:00, run_after=2026-05-02 06:00:00+00:00
[2026-05-02T00:14:49.571+0000] {processor.py:183} INFO - Processing /opt/airflow/dags/pipeline_dag.py took 0.190 seconds
[2026-05-02T00:15:19.676+0000] {processor.py:161} INFO - Started process (PID=228) to work on /opt/airflow/dags/pipeline_dag.py
[2026-05-02T00:15:19.677+0000] {processor.py:830} INFO - Processing file /opt/airflow/dags/pipeline_dag.py for tasks to queue
[2026-05-02T00:15:19.680+0000] {logging_mixin.py:188} INFO - [2026-05-02T00:15:19.679+0000] {dagbag.py:545} INFO - Filling up the DagBag from /opt/airflow/dags/pipeline_dag.py
[2026-05-02T00:15:19.699+0000] {processor.py:840} INFO - DAG(s) 'data_pipeline' retrieved from /opt/airflow/dags/pipeline_dag.py
[2026-05-02T00:15:19.748+0000] {logging_mixin.py:188} INFO - [2026-05-02T00:15:19.748+0000] {dag.py:3089} INFO - Sync 1 DAGs
[2026-05-02T00:15:19.781+0000] {logging_mixin.py:188} INFO - [2026-05-02T00:15:19.780+0000] {dag.py:3947} INFO - Setting next_dagrun for data_pipeline to 2026-05-01 06:00:00+00:00, run_after=2026-05-02 06:00:00+00:00
[2026-05-02T00:15:19.814+0000] {processor.py:183} INFO - Processing /opt/airflow/dags/pipeline_dag.py took 0.149 seconds
[2026-05-02T00:15:49.954+0000] {processor.py:161} INFO - Started process (PID=233) to work on /opt/airflow/dags/pipeline_dag.py
[2026-05-02T00:15:49.964+0000] {processor.py:830} INFO - Processing file /opt/airflow/dags/pipeline_dag.py for tasks to queue
[2026-05-02T00:15:49.967+0000] {logging_mixin.py:188} INFO - [2026-05-02T00:15:49.966+0000] {dagbag.py:545} INFO - Filling up the DagBag from /opt/airflow/dags/pipeline_dag.py
[2026-05-02T00:15:49.984+0000] {processor.py:840} INFO - DAG(s) 'data_pipeline' retrieved from /opt/airflow/dags/pipeline_dag.py
[2026-05-02T00:15:50.036+0000] {logging_mixin.py:188} INFO - [2026-05-02T00:15:50.035+0000] {dag.py:3089} INFO - Sync 1 DAGs
[2026-05-02T00:15:50.068+0000] {logging_mixin.py:188} INFO - [2026-05-02T00:15:50.068+0000] {dag.py:3947} INFO - Setting next_dagrun for data_pipeline to 2026-05-01 06:00:00+00:00, run_after=2026-05-02 06:00:00+00:00
[2026-05-02T00:15:50.106+0000] {processor.py:183} INFO - Processing /opt/airflow/dags/pipeline_dag.py took 0.161 seconds
[2026-05-02T00:16:20.187+0000] {processor.py:161} INFO - Started process (PID=238) to work on /opt/airflow/dags/pipeline_dag.py
[2026-05-02T00:16:20.188+0000] {processor.py:830} INFO - Processing file /opt/airflow/dags/pipeline_dag.py for tasks to queue
[2026-05-02T00:16:20.190+0000] {logging_mixin.py:188} INFO - [2026-05-02T00:16:20.190+0000] {dagbag.py:545} INFO - Filling up the DagBag from /opt/airflow/dags/pipeline_dag.py
[2026-05-02T00:16:20.207+0000] {processor.py:840} INFO - DAG(s) 'data_pipeline' retrieved from /opt/airflow/dags/pipeline_dag.py
[2026-05-02T00:16:20.256+0000] {logging_mixin.py:188} INFO - [2026-05-02T00:16:20.255+0000] {dag.py:3089} INFO - Sync 1 DAGs
[2026-05-02T00:16:20.282+0000] {logging_mixin.py:188} INFO - [2026-05-02T00:16:20.282+0000] {dag.py:3947} INFO - Setting next_dagrun for data_pipeline to 2026-05-01 06:00:00+00:00, run_after=2026-05-02 06:00:00+00:00
[2026-05-02T00:16:20.303+0000] {processor.py:183} INFO - Processing /opt/airflow/dags/pipeline_dag.py took 0.126 seconds
[2026-05-02T00:16:50.483+0000] {processor.py:161} INFO - Started process (PID=243) to work on /opt/airflow/dags/pipeline_dag.py
[2026-05-02T00:16:50.493+0000] {processor.py:830} INFO - Processing file /opt/airflow/dags/pipeline_dag.py for tasks to queue
[2026-05-02T00:16:50.496+0000] {logging_mixin.py:188} INFO - [2026-05-02T00:16:50.495+0000] {dagbag.py:545} INFO - Filling up the DagBag from /opt/airflow/dags/pipeline_dag.py
[2026-05-02T00:16:50.513+0000] {processor.py:840} INFO - DAG(s) 'data_pipeline' retrieved from /opt/airflow/dags/pipeline_dag.py
[2026-05-02T00:16:50.560+0000] {logging_mixin.py:188} INFO - [2026-05-02T00:16:50.559+0000] {dag.py:3089} INFO - Sync 1 DAGs
[2026-05-02T00:16:50.584+0000] {logging_mixin.py:188} INFO - [2026-05-02T00:16:50.584+0000] {dag.py:3947} INFO - Setting next_dagrun for data_pipeline to 2026-05-01 06:00:00+00:00, run_after=2026-05-02 06:00:00+00:00
[2026-05-02T00:16:50.608+0000] {processor.py:183} INFO - Processing /opt/airflow/dags/pipeline_dag.py took 0.134 seconds
[2026-05-02T00:17:20.685+0000] {processor.py:161} INFO - Started process (PID=248) to work on /opt/airflow/dags/pipeline_dag.py
[2026-05-02T00:17:20.686+0000] {processor.py:830} INFO - Processing file /opt/airflow/dags/pipeline_dag.py for tasks to queue
[2026-05-02T00:17:20.689+0000] {logging_mixin.py:188} INFO - [2026-05-02T00:17:20.688+0000] {dagbag.py:545} INFO - Filling up the DagBag from /opt/airflow/dags/pipeline_dag.py
[2026-05-02T00:17:20.706+0000] {processor.py:840} INFO - DAG(s) 'data_pipeline' retrieved from /opt/airflow/dags/pipeline_dag.py
[2026-05-02T00:17:20.754+0000] {logging_mixin.py:188} INFO - [2026-05-02T00:17:20.754+0000] {dag.py:3089} INFO - Sync 1 DAGs
[2026-05-02T00:17:20.780+0000] {logging_mixin.py:188} INFO - [2026-05-02T00:17:20.780+0000] {dag.py:3947} INFO - Setting next_dagrun for data_pipeline to 2026-05-01 06:00:00+00:00, run_after=2026-05-02 06:00:00+00:00
[2026-05-02T00:17:20.812+0000] {processor.py:183} INFO - Processing /opt/airflow/dags/pipeline_dag.py took 0.137 seconds
[2026-05-02T00:17:51.020+0000] {processor.py:161} INFO - Started process (PID=253) to work on /opt/airflow/dags/pipeline_dag.py
[2026-05-02T00:17:51.021+0000] {processor.py:830} INFO - Processing file /opt/airflow/dags/pipeline_dag.py for tasks to queue
[2026-05-02T00:17:51.024+0000] {logging_mixin.py:188} INFO - [2026-05-02T00:17:51.023+0000] {dagbag.py:545} INFO - Filling up the DagBag from /opt/airflow/dags/pipeline_dag.py
[2026-05-02T00:17:51.041+0000] {processor.py:840} INFO - DAG(s) 'data_pipeline' retrieved from /opt/airflow/dags/pipeline_dag.py
[2026-05-02T00:17:51.094+0000] {logging_mixin.py:188} INFO - [2026-05-02T00:17:51.094+0000] {dag.py:3089} INFO - Sync 1 DAGs
[2026-05-02T00:17:51.129+0000] {logging_mixin.py:188} INFO - [2026-05-02T00:17:51.128+0000] {dag.py:3947} INFO - Setting next_dagrun for data_pipeline to 2026-05-01 06:00:00+00:00, run_after=2026-05-02 06:00:00+00:00
[2026-05-02T00:17:51.166+0000] {processor.py:183} INFO - Processing /opt/airflow/dags/pipeline_dag.py took 0.156 seconds
[2026-05-02T00:18:21.212+0000] {processor.py:161} INFO - Started process (PID=264) to work on /opt/airflow/dags/pipeline_dag.py
[2026-05-02T00:18:21.221+0000] {processor.py:830} INFO - Processing file /opt/airflow/dags/pipeline_dag.py for tasks to queue
[2026-05-02T00:18:21.225+0000] {logging_mixin.py:188} INFO - [2026-05-02T00:18:21.224+0000] {dagbag.py:545} INFO - Filling up the DagBag from /opt/airflow/dags/pipeline_dag.py
[2026-05-02T00:18:21.242+0000] {processor.py:840} INFO - DAG(s) 'data_pipeline' retrieved from /opt/airflow/dags/pipeline_dag.py
[2026-05-02T00:18:21.289+0000] {logging_mixin.py:188} INFO - [2026-05-02T00:18:21.288+0000] {dag.py:3089} INFO - Sync 1 DAGs
[2026-05-02T00:18:21.326+0000] {logging_mixin.py:188} INFO - [2026-05-02T00:18:21.326+0000] {dag.py:3947} INFO - Setting next_dagrun for data_pipeline to 2026-05-01 06:00:00+00:00, run_after=2026-05-02 06:00:00+00:00
[2026-05-02T00:18:21.367+0000] {processor.py:183} INFO - Processing /opt/airflow/dags/pipeline_dag.py took 0.164 seconds
[2026-05-02T00:18:51.555+0000] {processor.py:161} INFO - Started process (PID=269) to work on /opt/airflow/dags/pipeline_dag.py
[2026-05-02T00:18:51.556+0000] {processor.py:830} INFO - Processing file /opt/airflow/dags/pipeline_dag.py for tasks to queue
[2026-05-02T00:18:51.559+0000] {logging_mixin.py:188} INFO - [2026-05-02T00:18:51.559+0000] {dagbag.py:545} INFO - Filling up the DagBag from /opt/airflow/dags/pipeline_dag.py
[2026-05-02T00:18:51.576+0000] {processor.py:840} INFO - DAG(s) 'data_pipeline' retrieved from /opt/airflow/dags/pipeline_dag.py
[2026-05-02T00:18:51.623+0000] {logging_mixin.py:188} INFO - [2026-05-02T00:18:51.622+0000] {dag.py:3089} INFO - Sync 1 DAGs
[2026-05-02T00:18:51.657+0000] {logging_mixin.py:188} INFO - [2026-05-02T00:18:51.656+0000] {dag.py:3947} INFO - Setting next_dagrun for data_pipeline to 2026-05-01 06:00:00+00:00, run_after=2026-05-02 06:00:00+00:00
[2026-05-02T00:18:51.697+0000] {processor.py:183} INFO - Processing /opt/airflow/dags/pipeline_dag.py took 0.152 seconds
[2026-05-02T00:19:21.760+0000] {processor.py:161} INFO - Started process (PID=281) to work on /opt/airflow/dags/pipeline_dag.py
[2026-05-02T00:19:21.770+0000] {processor.py:830} INFO - Processing file /opt/airflow/dags/pipeline_dag.py for tasks to queue
[2026-05-02T00:19:21.773+0000] {logging_mixin.py:188} INFO - [2026-05-02T00:19:21.772+0000] {dagbag.py:545} INFO - Filling up the DagBag from /opt/airflow/dags/pipeline_dag.py
[2026-05-02T00:19:21.791+0000] {processor.py:840} INFO - DAG(s) 'data_pipeline' retrieved from /opt/airflow/dags/pipeline_dag.py
[2026-05-02T00:19:21.841+0000] {logging_mixin.py:188} INFO - [2026-05-02T00:19:21.841+0000] {dag.py:3089} INFO - Sync 1 DAGs
[2026-05-02T00:19:21.875+0000] {logging_mixin.py:188} INFO - [2026-05-02T00:19:21.875+0000] {dag.py:3947} INFO - Setting next_dagrun for data_pipeline to 2026-05-01 06:00:00+00:00, run_after=2026-05-02 06:00:00+00:00
[2026-05-02T00:19:21.913+0000] {processor.py:183} INFO - Processing /opt/airflow/dags/pipeline_dag.py took 0.163 seconds
[2026-05-02T00:19:52.090+0000] {processor.py:161} INFO - Started process (PID=287) to work on /opt/airflow/dags/pipeline_dag.py
[2026-05-02T00:19:52.091+0000] {processor.py:830} INFO - Processing file /opt/airflow/dags/pipeline_dag.py for tasks to queue
[2026-05-02T00:19:52.093+0000] {logging_mixin.py:188} INFO - [2026-05-02T00:19:52.093+0000] {dagbag.py:545} INFO - Filling up the DagBag from /opt/airflow/dags/pipeline_dag.py
[2026-05-02T00:19:52.114+0000] {processor.py:840} INFO - DAG(s) 'data_pipeline' retrieved from /opt/airflow/dags/pipeline_dag.py
[2026-05-02T00:19:52.168+0000] {logging_mixin.py:188} INFO - [2026-05-02T00:19:52.167+0000] {dag.py:3089} INFO - Sync 1 DAGs
[2026-05-02T00:19:52.203+0000] {logging_mixin.py:188} INFO - [2026-05-02T00:19:52.203+0000] {dag.py:3947} INFO - Setting next_dagrun for data_pipeline to 2026-05-01 06:00:00+00:00, run_after=2026-05-02 06:00:00+00:00
[2026-05-02T00:19:52.246+0000] {processor.py:183} INFO - Processing /opt/airflow/dags/pipeline_dag.py took 0.165 seconds
[2026-05-02T00:20:22.312+0000] {processor.py:161} INFO - Started process (PID=292) to work on /opt/airflow/dags/pipeline_dag.py
[2026-05-02T00:20:22.322+0000] {processor.py:830} INFO - Processing file /opt/airflow/dags/pipeline_dag.py for tasks to queue
[2026-05-02T00:20:22.324+0000] {logging_mixin.py:188} INFO - [2026-05-02T00:20:22.324+0000] {dagbag.py:545} INFO - Filling up the DagBag from /opt/airflow/dags/pipeline_dag.py
[2026-05-02T00:20:22.342+0000] {processor.py:840} INFO - DAG(s) 'data_pipeline' retrieved from /opt/airflow/dags/pipeline_dag.py
[2026-05-02T00:20:22.392+0000] {logging_mixin.py:188} INFO - [2026-05-02T00:20:22.392+0000] {dag.py:3089} INFO - Sync 1 DAGs
[2026-05-02T00:20:22.444+0000] {logging_mixin.py:188} INFO - [2026-05-02T00:20:22.444+0000] {dag.py:3947} INFO - Setting next_dagrun for data_pipeline to 2026-05-01 06:00:00+00:00, run_after=2026-05-02 06:00:00+00:00
[2026-05-02T00:20:22.499+0000] {processor.py:183} INFO - Processing /opt/airflow/dags/pipeline_dag.py took 0.196 seconds
[2026-05-02T00:20:52.635+0000] {processor.py:161} INFO - Started process (PID=297) to work on /opt/airflow/dags/pipeline_dag.py
[2026-05-02T00:20:52.637+0000] {processor.py:830} INFO - Processing file /opt/airflow/dags/pipeline_dag.py for tasks to queue
[2026-05-02T00:20:52.639+0000] {logging_mixin.py:188} INFO - [2026-05-02T00:20:52.639+0000] {dagbag.py:545} INFO - Filling up the DagBag from /opt/airflow/dags/pipeline_dag.py
[2026-05-02T00:20:52.658+0000] {processor.py:840} INFO - DAG(s) 'data_pipeline' retrieved from /opt/airflow/dags/pipeline_dag.py
[2026-05-02T00:20:52.714+0000] {logging_mixin.py:188} INFO - [2026-05-02T00:20:52.714+0000] {dag.py:3089} INFO - Sync 1 DAGs
[2026-05-02T00:20:52.746+0000] {logging_mixin.py:188} INFO - [2026-05-02T00:20:52.745+0000] {dag.py:3947} INFO - Setting next_dagrun for data_pipeline to 2026-05-01 06:00:00+00:00, run_after=2026-05-02 06:00:00+00:00
[2026-05-02T00:20:52.774+0000] {processor.py:183} INFO - Processing /opt/airflow/dags/pipeline_dag.py took 0.150 seconds
[2026-05-02T00:21:22.875+0000] {processor.py:161} INFO - Started process (PID=302) to work on /opt/airflow/dags/pipeline_dag.py
[2026-05-02T00:21:22.880+0000] {processor.py:830} INFO - Processing file /opt/airflow/dags/pipeline_dag.py for tasks to queue
[2026-05-02T00:21:22.884+0000] {logging_mixin.py:188} INFO - [2026-05-02T00:21:22.883+0000] {dagbag.py:545} INFO - Filling up the DagBag from /opt/airflow/dags/pipeline_dag.py
[2026-05-02T00:21:22.905+0000] {processor.py:840} INFO - DAG(s) 'data_pipeline' retrieved from /opt/airflow/dags/pipeline_dag.py
[2026-05-02T00:21:22.957+0000] {logging_mixin.py:188} INFO - [2026-05-02T00:21:22.957+0000] {dag.py:3089} INFO - Sync 1 DAGs
[2026-05-02T00:21:22.990+0000] {logging_mixin.py:188} INFO - [2026-05-02T00:21:22.990+0000] {dag.py:3947} INFO - Setting next_dagrun for data_pipeline to 2026-05-01 06:00:00+00:00, run_after=2026-05-02 06:00:00+00:00
[2026-05-02T00:21:23.017+0000] {processor.py:183} INFO - Processing /opt/airflow/dags/pipeline_dag.py took 0.152 seconds
[2026-05-02T00:21:53.132+0000] {processor.py:161} INFO - Started process (PID=307) to work on /opt/airflow/dags/pipeline_dag.py
[2026-05-02T00:21:53.133+0000] {processor.py:830} INFO - Processing file /opt/airflow/dags/pipeline_dag.py for tasks to queue
[2026-05-02T00:21:53.136+0000] {logging_mixin.py:188} INFO - [2026-05-02T00:21:53.135+0000] {dagbag.py:545} INFO - Filling up the DagBag from /opt/airflow/dags/pipeline_dag.py
[2026-05-02T00:21:53.152+0000] {processor.py:840} INFO - DAG(s) 'data_pipeline' retrieved from /opt/airflow/dags/pipeline_dag.py
[2026-05-02T00:21:53.199+0000] {logging_mixin.py:188} INFO - [2026-05-02T00:21:53.199+0000] {dag.py:3089} INFO - Sync 1 DAGs
[2026-05-02T00:21:53.224+0000] {logging_mixin.py:188} INFO - [2026-05-02T00:21:53.223+0000] {dag.py:3947} INFO - Setting next_dagrun for data_pipeline to 2026-05-01 06:00:00+00:00, run_after=2026-05-02 06:00:00+00:00
[2026-05-02T00:21:53.255+0000] {processor.py:183} INFO - Processing /opt/airflow/dags/pipeline_dag.py took 0.133 seconds
[2026-05-02T00:22:23.379+0000] {processor.py:161} INFO - Started process (PID=312) to work on /opt/airflow/dags/pipeline_dag.py
[2026-05-02T00:22:23.380+0000] {processor.py:830} INFO - Processing file /opt/airflow/dags/pipeline_dag.py for tasks to queue
[2026-05-02T00:22:23.383+0000] {logging_mixin.py:188} INFO - [2026-05-02T00:22:23.383+0000] {dagbag.py:545} INFO - Filling up the DagBag from /opt/airflow/dags/pipeline_dag.py
[2026-05-02T00:22:23.400+0000] {processor.py:840} INFO - DAG(s) 'data_pipeline' retrieved from /opt/airflow/dags/pipeline_dag.py
[2026-05-02T00:22:23.450+0000] {logging_mixin.py:188} INFO - [2026-05-02T00:22:23.449+0000] {dag.py:3089} INFO - Sync 1 DAGs
[2026-05-02T00:22:23.486+0000] {logging_mixin.py:188} INFO - [2026-05-02T00:22:23.486+0000] {dag.py:3947} INFO - Setting next_dagrun for data_pipeline to 2026-05-01 06:00:00+00:00, run_after=2026-05-02 06:00:00+00:00
[2026-05-02T00:22:23.517+0000] {processor.py:183} INFO - Processing /opt/airflow/dags/pipeline_dag.py took 0.146 seconds
[2026-05-02T00:22:53.667+0000] {processor.py:161} INFO - Started process (PID=317) to work on /opt/airflow/dags/pipeline_dag.py
[2026-05-02T00:22:53.668+0000] {processor.py:830} INFO - Processing file /opt/airflow/dags/pipeline_dag.py for tasks to queue
[2026-05-02T00:22:53.671+0000] {logging_mixin.py:188} INFO - [2026-05-02T00:22:53.671+0000] {dagbag.py:545} INFO - Filling up the DagBag from /opt/airflow/dags/pipeline_dag.py
[2026-05-02T00:22:53.690+0000] {processor.py:840} INFO - DAG(s) 'data_pipeline' retrieved from /opt/airflow/dags/pipeline_dag.py
[2026-05-02T00:22:53.745+0000] {logging_mixin.py:188} INFO - [2026-05-02T00:22:53.745+0000] {dag.py:3089} INFO - Sync 1 DAGs
[2026-05-02T00:22:53.781+0000] {logging_mixin.py:188} INFO - [2026-05-02T00:22:53.781+0000] {dag.py:3947} INFO - Setting next_dagrun for data_pipeline to 2026-05-01 06:00:00+00:00, run_after=2026-05-02 06:00:00+00:00
[2026-05-02T00:22:53.806+0000] {processor.py:183} INFO - Processing /opt/airflow/dags/pipeline_dag.py took 0.149 seconds
[2026-05-02T00:23:23.893+0000] {processor.py:161} INFO - Started process (PID=328) to work on /opt/airflow/dags/pipeline_dag.py
[2026-05-02T00:23:23.903+0000] {processor.py:830} INFO - Processing file /opt/airflow/dags/pipeline_dag.py for tasks to queue
[2026-05-02T00:23:23.906+0000] {logging_mixin.py:188} INFO - [2026-05-02T00:23:23.905+0000] {dagbag.py:545} INFO - Filling up the DagBag from /opt/airflow/dags/pipeline_dag.py
[2026-05-02T00:23:23.925+0000] {processor.py:840} INFO - DAG(s) 'data_pipeline' retrieved from /opt/airflow/dags/pipeline_dag.py
[2026-05-02T00:23:23.977+0000] {logging_mixin.py:188} INFO - [2026-05-02T00:23:23.977+0000] {dag.py:3089} INFO - Sync 1 DAGs
[2026-05-02T00:23:24.008+0000] {logging_mixin.py:188} INFO - [2026-05-02T00:23:24.008+0000] {dag.py:3947} INFO - Setting next_dagrun for data_pipeline to 2026-05-01 06:00:00+00:00, run_after=2026-05-02 06:00:00+00:00
[2026-05-02T00:23:24.048+0000] {processor.py:183} INFO - Processing /opt/airflow/dags/pipeline_dag.py took 0.165 seconds
[2026-05-02T00:23:54.205+0000] {processor.py:161} INFO - Started process (PID=333) to work on /opt/airflow/dags/pipeline_dag.py
[2026-05-02T00:23:54.206+0000] {processor.py:830} INFO - Processing file /opt/airflow/dags/pipeline_dag.py for tasks to queue
[2026-05-02T00:23:54.209+0000] {logging_mixin.py:188} INFO - [2026-05-02T00:23:54.208+0000] {dagbag.py:545} INFO - Filling up the DagBag from /opt/airflow/dags/pipeline_dag.py
[2026-05-02T00:23:54.225+0000] {processor.py:840} INFO - DAG(s) 'data_pipeline' retrieved from /opt/airflow/dags/pipeline_dag.py
[2026-05-02T00:23:54.274+0000] {logging_mixin.py:188} INFO - [2026-05-02T00:23:54.274+0000] {dag.py:3089} INFO - Sync 1 DAGs
[2026-05-02T00:23:54.308+0000] {logging_mixin.py:188} INFO - [2026-05-02T00:23:54.308+0000] {dag.py:3947} INFO - Setting next_dagrun for data_pipeline to 2026-05-01 06:00:00+00:00, run_after=2026-05-02 06:00:00+00:00
[2026-05-02T00:23:54.345+0000] {processor.py:183} INFO - Processing /opt/airflow/dags/pipeline_dag.py took 0.150 seconds
[2026-05-02T00:24:24.452+0000] {processor.py:161} INFO - Started process (PID=338) to work on /opt/airflow/dags/pipeline_dag.py
[2026-05-02T00:24:24.461+0000] {processor.py:830} INFO - Processing file /opt/airflow/dags/pipeline_dag.py for tasks to queue
[2026-05-02T00:24:24.465+0000] {logging_mixin.py:188} INFO - [2026-05-02T00:24:24.464+0000] {dagbag.py:545} INFO - Filling up the DagBag from /opt/airflow/dags/pipeline_dag.py
[2026-05-02T00:24:24.481+0000] {processor.py:840} INFO - DAG(s) 'data_pipeline' retrieved from /opt/airflow/dags/pipeline_dag.py
[2026-05-02T00:24:24.523+0000] {logging_mixin.py:188} INFO - [2026-05-02T00:24:24.523+0000] {dag.py:3089} INFO - Sync 1 DAGs
[2026-05-02T00:24:24.553+0000] {logging_mixin.py:188} INFO - [2026-05-02T00:24:24.553+0000] {dag.py:3947} INFO - Setting next_dagrun for data_pipeline to 2026-05-01 06:00:00+00:00, run_after=2026-05-02 06:00:00+00:00
[2026-05-02T00:24:24.580+0000] {processor.py:183} INFO - Processing /opt/airflow/dags/pipeline_dag.py took 0.138 seconds
[2026-05-02T00:24:54.735+0000] {processor.py:161} INFO - Started process (PID=343) to work on /opt/airflow/dags/pipeline_dag.py
[2026-05-02T00:24:54.736+0000] {processor.py:830} INFO - Processing file /opt/airflow/dags/pipeline_dag.py for tasks to queue
[2026-05-02T00:24:54.738+0000] {logging_mixin.py:188} INFO - [2026-05-02T00:24:54.737+0000] {dagbag.py:545} INFO - Filling up the DagBag from /opt/airflow/dags/pipeline_dag.py
[2026-05-02T00:24:54.754+0000] {processor.py:840} INFO - DAG(s) 'data_pipeline' retrieved from /opt/airflow/dags/pipeline_dag.py
[2026-05-02T00:24:54.805+0000] {logging_mixin.py:188} INFO - [2026-05-02T00:24:54.805+0000] {dag.py:3089} INFO - Sync 1 DAGs
[2026-05-02T00:24:54.838+0000] {logging_mixin.py:188} INFO - [2026-05-02T00:24:54.838+0000] {dag.py:3947} INFO - Setting next_dagrun for data_pipeline to 2026-05-01 06:00:00+00:00, run_after=2026-05-02 06:00:00+00:00
[2026-05-02T00:24:54.875+0000] {processor.py:183} INFO - Processing /opt/airflow/dags/pipeline_dag.py took 0.149 seconds
[2026-05-02T00:25:24.960+0000] {processor.py:161} INFO - Started process (PID=352) to work on /opt/airflow/dags/pipeline_dag.py
[2026-05-02T00:25:24.970+0000] {processor.py:830} INFO - Processing file /opt/airflow/dags/pipeline_dag.py for tasks to queue
[2026-05-02T00:25:24.973+0000] {logging_mixin.py:188} INFO - [2026-05-02T00:25:24.972+0000] {dagbag.py:545} INFO - Filling up the DagBag from /opt/airflow/dags/pipeline_dag.py
[2026-05-02T00:25:24.995+0000] {processor.py:840} INFO - DAG(s) 'data_pipeline' retrieved from /opt/airflow/dags/pipeline_dag.py
[2026-05-02T00:25:25.045+0000] {logging_mixin.py:188} INFO - [2026-05-02T00:25:25.045+0000] {dag.py:3089} INFO - Sync 1 DAGs
[2026-05-02T00:25:25.073+0000] {logging_mixin.py:188} INFO - [2026-05-02T00:25:25.073+0000] {dag.py:3947} INFO - Setting next_dagrun for data_pipeline to 2026-05-01 06:00:00+00:00, run_after=2026-05-02 06:00:00+00:00
[2026-05-02T00:25:25.093+0000] {processor.py:183} INFO - Processing /opt/airflow/dags/pipeline_dag.py took 0.140 seconds
[2026-05-02T00:25:55.244+0000] {processor.py:161} INFO - Started process (PID=361) to work on /opt/airflow/dags/pipeline_dag.py
[2026-05-02T00:25:55.244+0000] {processor.py:830} INFO - Processing file /opt/airflow/dags/pipeline_dag.py for tasks to queue
[2026-05-02T00:25:55.246+0000] {logging_mixin.py:188} INFO - [2026-05-02T00:25:55.246+0000] {dagbag.py:545} INFO - Filling up the DagBag from /opt/airflow/dags/pipeline_dag.py
[2026-05-02T00:25:55.261+0000] {processor.py:840} INFO - DAG(s) 'data_pipeline' retrieved from /opt/airflow/dags/pipeline_dag.py
[2026-05-02T00:25:55.304+0000] {logging_mixin.py:188} INFO - [2026-05-02T00:25:55.304+0000] {dag.py:3089} INFO - Sync 1 DAGs
[2026-05-02T00:25:55.335+0000] {logging_mixin.py:188} INFO - [2026-05-02T00:25:55.334+0000] {dag.py:3947} INFO - Setting next_dagrun for data_pipeline to 2026-05-01 06:00:00+00:00, run_after=2026-05-02 06:00:00+00:00
[2026-05-02T00:25:55.360+0000] {processor.py:183} INFO - Processing /opt/airflow/dags/pipeline_dag.py took 0.124 seconds
[2026-05-02T00:26:04.345+0000] {processor.py:161} INFO - Started process (PID=366) to work on /opt/airflow/dags/pipeline_dag.py
[2026-05-02T00:26:04.355+0000] {processor.py:830} INFO - Processing file /opt/airflow/dags/pipeline_dag.py for tasks to queue
[2026-05-02T00:26:04.359+0000] {logging_mixin.py:188} INFO - [2026-05-02T00:26:04.358+0000] {dagbag.py:545} INFO - Filling up the DagBag from /opt/airflow/dags/pipeline_dag.py
[2026-05-02T00:26:04.381+0000] {processor.py:840} INFO - DAG(s) 'data_pipeline' retrieved from /opt/airflow/dags/pipeline_dag.py
[2026-05-02T00:26:04.518+0000] {logging_mixin.py:188} INFO - [2026-05-02T00:26:04.518+0000] {dag.py:3089} INFO - Sync 1 DAGs
[2026-05-02T00:26:04.542+0000] {logging_mixin.py:188} INFO - [2026-05-02T00:26:04.542+0000] {dag.py:3947} INFO - Setting next_dagrun for data_pipeline to 2026-05-01 06:00:00+00:00, run_after=2026-05-02 06:00:00+00:00
[2026-05-02T00:26:04.577+0000] {processor.py:183} INFO - Processing /opt/airflow/dags/pipeline_dag.py took 0.242 seconds
[2026-05-02T00:26:34.780+0000] {processor.py:161} INFO - Started process (PID=387) to work on /opt/airflow/dags/pipeline_dag.py
[2026-05-02T00:26:34.782+0000] {processor.py:830} INFO - Processing file /opt/airflow/dags/pipeline_dag.py for tasks to queue
[2026-05-02T00:26:34.784+0000] {logging_mixin.py:188} INFO - [2026-05-02T00:26:34.784+0000] {dagbag.py:545} INFO - Filling up the DagBag from /opt/airflow/dags/pipeline_dag.py
[2026-05-02T00:26:34.803+0000] {processor.py:840} INFO - DAG(s) 'data_pipeline' retrieved from /opt/airflow/dags/pipeline_dag.py
[2026-05-02T00:26:34.857+0000] {logging_mixin.py:188} INFO - [2026-05-02T00:26:34.856+0000] {dag.py:3089} INFO - Sync 1 DAGs
[2026-05-02T00:26:34.895+0000] {logging_mixin.py:188} INFO - [2026-05-02T00:26:34.895+0000] {dag.py:3947} INFO - Setting next_dagrun for data_pipeline to 2026-05-01 06:00:00+00:00, run_after=2026-05-02 06:00:00+00:00
[2026-05-02T00:26:34.934+0000] {processor.py:183} INFO - Processing /opt/airflow/dags/pipeline_dag.py took 0.164 seconds
[2026-05-02T00:27:05.143+0000] {processor.py:161} INFO - Started process (PID=392) to work on /opt/airflow/dags/pipeline_dag.py
[2026-05-02T00:27:05.144+0000] {processor.py:830} INFO - Processing file /opt/airflow/dags/pipeline_dag.py for tasks to queue
[2026-05-02T00:27:05.147+0000] {logging_mixin.py:188} INFO - [2026-05-02T00:27:05.146+0000] {dagbag.py:545} INFO - Filling up the DagBag from /opt/airflow/dags/pipeline_dag.py
[2026-05-02T00:27:05.164+0000] {processor.py:840} INFO - DAG(s) 'data_pipeline' retrieved from /opt/airflow/dags/pipeline_dag.py
[2026-05-02T00:27:05.215+0000] {logging_mixin.py:188} INFO - [2026-05-02T00:27:05.215+0000] {dag.py:3089} INFO - Sync 1 DAGs
[2026-05-02T00:27:05.250+0000] {logging_mixin.py:188} INFO - [2026-05-02T00:27:05.250+0000] {dag.py:3947} INFO - Setting next_dagrun for data_pipeline to 2026-05-01 06:00:00+00:00, run_after=2026-05-02 06:00:00+00:00
[2026-05-02T00:27:05.290+0000] {processor.py:183} INFO - Processing /opt/airflow/dags/pipeline_dag.py took 0.157 seconds
[2026-05-02T00:27:35.502+0000] {processor.py:161} INFO - Started process (PID=397) to work on /opt/airflow/dags/pipeline_dag.py
[2026-05-02T00:27:35.503+0000] {processor.py:830} INFO - Processing file /opt/airflow/dags/pipeline_dag.py for tasks to queue
[2026-05-02T00:27:35.505+0000] {logging_mixin.py:188} INFO - [2026-05-02T00:27:35.505+0000] {dagbag.py:545} INFO - Filling up the DagBag from /opt/airflow/dags/pipeline_dag.py
[2026-05-02T00:27:35.521+0000] {processor.py:840} INFO - DAG(s) 'data_pipeline' retrieved from /opt/airflow/dags/pipeline_dag.py
[2026-05-02T00:27:35.572+0000] {logging_mixin.py:188} INFO - [2026-05-02T00:27:35.572+0000] {dag.py:3089} INFO - Sync 1 DAGs
[2026-05-02T00:27:35.607+0000] {logging_mixin.py:188} INFO - [2026-05-02T00:27:35.606+0000] {dag.py:3947} INFO - Setting next_dagrun for data_pipeline to 2026-05-01 06:00:00+00:00, run_after=2026-05-02 06:00:00+00:00
[2026-05-02T00:27:35.647+0000] {processor.py:183} INFO - Processing /opt/airflow/dags/pipeline_dag.py took 0.154 seconds
[2026-05-02T00:28:05.873+0000] {processor.py:161} INFO - Started process (PID=402) to work on /opt/airflow/dags/pipeline_dag.py
[2026-05-02T00:28:05.883+0000] {processor.py:830} INFO - Processing file /opt/airflow/dags/pipeline_dag.py for tasks to queue
[2026-05-02T00:28:05.885+0000] {logging_mixin.py:188} INFO - [2026-05-02T00:28:05.885+0000] {dagbag.py:545} INFO - Filling up the DagBag from /opt/airflow/dags/pipeline_dag.py
[2026-05-02T00:28:05.904+0000] {processor.py:840} INFO - DAG(s) 'data_pipeline' retrieved from /opt/airflow/dags/pipeline_dag.py
[2026-05-02T00:28:05.962+0000] {logging_mixin.py:188} INFO - [2026-05-02T00:28:05.961+0000] {dag.py:3089} INFO - Sync 1 DAGs
[2026-05-02T00:28:05.994+0000] {logging_mixin.py:188} INFO - [2026-05-02T00:28:05.994+0000] {dag.py:3947} INFO - Setting next_dagrun for data_pipeline to 2026-05-01 06:00:00+00:00, run_after=2026-05-02 06:00:00+00:00
[2026-05-02T00:28:06.016+0000] {processor.py:183} INFO - Processing /opt/airflow/dags/pipeline_dag.py took 0.154 seconds
[2026-05-02T00:28:36.225+0000] {processor.py:161} INFO - Started process (PID=407) to work on /opt/airflow/dags/pipeline_dag.py
[2026-05-02T00:28:36.226+0000] {processor.py:830} INFO - Processing file /opt/airflow/dags/pipeline_dag.py for tasks to queue
[2026-05-02T00:28:36.229+0000] {logging_mixin.py:188} INFO - [2026-05-02T00:28:36.228+0000] {dagbag.py:545} INFO - Filling up the DagBag from /opt/airflow/dags/pipeline_dag.py
[2026-05-02T00:28:36.246+0000] {processor.py:840} INFO - DAG(s) 'data_pipeline' retrieved from /opt/airflow/dags/pipeline_dag.py
[2026-05-02T00:28:36.297+0000] {logging_mixin.py:188} INFO - [2026-05-02T00:28:36.296+0000] {dag.py:3089} INFO - Sync 1 DAGs
[2026-05-02T00:28:36.331+0000] {logging_mixin.py:188} INFO - [2026-05-02T00:28:36.330+0000] {dag.py:3947} INFO - Setting next_dagrun for data_pipeline to 2026-05-01 06:00:00+00:00, run_after=2026-05-02 06:00:00+00:00
[2026-05-02T00:28:36.377+0000] {processor.py:183} INFO - Processing /opt/airflow/dags/pipeline_dag.py took 0.163 seconds
[2026-05-02T00:29:06.603+0000] {processor.py:161} INFO - Started process (PID=412) to work on /opt/airflow/dags/pipeline_dag.py
[2026-05-02T00:29:06.613+0000] {processor.py:830} INFO - Processing file /opt/airflow/dags/pipeline_dag.py for tasks to queue
[2026-05-02T00:29:06.617+0000] {logging_mixin.py:188} INFO - [2026-05-02T00:29:06.616+0000] {dagbag.py:545} INFO - Filling up the DagBag from /opt/airflow/dags/pipeline_dag.py
[2026-05-02T00:29:06.634+0000] {processor.py:840} INFO - DAG(s) 'data_pipeline' retrieved from /opt/airflow/dags/pipeline_dag.py
[2026-05-02T00:29:06.679+0000] {logging_mixin.py:188} INFO - [2026-05-02T00:29:06.679+0000] {dag.py:3089} INFO - Sync 1 DAGs
[2026-05-02T00:29:06.714+0000] {logging_mixin.py:188} INFO - [2026-05-02T00:29:06.714+0000] {dag.py:3947} INFO - Setting next_dagrun for data_pipeline to 2026-05-01 06:00:00+00:00, run_after=2026-05-02 06:00:00+00:00
[2026-05-02T00:29:06.752+0000] {processor.py:183} INFO - Processing /opt/airflow/dags/pipeline_dag.py took 0.158 seconds
[2026-05-02T00:29:36.807+0000] {processor.py:161} INFO - Started process (PID=417) to work on /opt/airflow/dags/pipeline_dag.py
[2026-05-02T00:29:36.808+0000] {processor.py:830} INFO - Processing file /opt/airflow/dags/pipeline_dag.py for tasks to queue
[2026-05-02T00:29:36.811+0000] {logging_mixin.py:188} INFO - [2026-05-02T00:29:36.810+0000] {dagbag.py:545} INFO - Filling up the DagBag from /opt/airflow/dags/pipeline_dag.py
[2026-05-02T00:29:36.829+0000] {processor.py:840} INFO - DAG(s) 'data_pipeline' retrieved from /opt/airflow/dags/pipeline_dag.py
[2026-05-02T00:29:36.878+0000] {logging_mixin.py:188} INFO - [2026-05-02T00:29:36.877+0000] {dag.py:3089} INFO - Sync 1 DAGs
[2026-05-02T00:29:36.911+0000] {logging_mixin.py:188} INFO - [2026-05-02T00:29:36.911+0000] {dag.py:3947} INFO - Setting next_dagrun for data_pipeline to 2026-05-01 06:00:00+00:00, run_after=2026-05-02 06:00:00+00:00
[2026-05-02T00:29:36.947+0000] {processor.py:183} INFO - Processing /opt/airflow/dags/pipeline_dag.py took 0.151 seconds
[2026-05-02T00:30:07.149+0000] {processor.py:161} INFO - Started process (PID=422) to work on /opt/airflow/dags/pipeline_dag.py
[2026-05-02T00:30:07.158+0000] {processor.py:830} INFO - Processing file /opt/airflow/dags/pipeline_dag.py for tasks to queue
[2026-05-02T00:30:07.161+0000] {logging_mixin.py:188} INFO - [2026-05-02T00:30:07.160+0000] {dagbag.py:545} INFO - Filling up the DagBag from /opt/airflow/dags/pipeline_dag.py
[2026-05-02T00:30:07.170+0000] {processor.py:840} INFO - DAG(s) 'data_pipeline' retrieved from /opt/airflow/dags/pipeline_dag.py
[2026-05-02T00:30:07.194+0000] {logging_mixin.py:188} INFO - [2026-05-02T00:30:07.194+0000] {dag.py:3089} INFO - Sync 1 DAGs
[2026-05-02T00:30:07.206+0000] {logging_mixin.py:188} INFO - [2026-05-02T00:30:07.206+0000] {dag.py:3947} INFO - Setting next_dagrun for data_pipeline to 2026-05-01 06:00:00+00:00, run_after=2026-05-02 06:00:00+00:00
[2026-05-02T00:30:07.219+0000] {processor.py:183} INFO - Processing /opt/airflow/dags/pipeline_dag.py took 0.075 seconds
[2026-05-02T00:30:37.360+0000] {processor.py:161} INFO - Started process (PID=427) to work on /opt/airflow/dags/pipeline_dag.py
[2026-05-02T00:30:37.361+0000] {processor.py:830} INFO - Processing file /opt/airflow/dags/pipeline_dag.py for tasks to queue
[2026-05-02T00:30:37.365+0000] {logging_mixin.py:188} INFO - [2026-05-02T00:30:37.364+0000] {dagbag.py:545} INFO - Filling up the DagBag from /opt/airflow/dags/pipeline_dag.py
[2026-05-02T00:30:37.384+0000] {processor.py:840} INFO - DAG(s) 'data_pipeline' retrieved from /opt/airflow/dags/pipeline_dag.py
[2026-05-02T00:30:37.440+0000] {logging_mixin.py:188} INFO - [2026-05-02T00:30:37.439+0000] {dag.py:3089} INFO - Sync 1 DAGs
[2026-05-02T00:30:37.475+0000] {logging_mixin.py:188} INFO - [2026-05-02T00:30:37.475+0000] {dag.py:3947} INFO - Setting next_dagrun for data_pipeline to 2026-05-01 06:00:00+00:00, run_after=2026-05-02 06:00:00+00:00
[2026-05-02T00:30:37.515+0000] {processor.py:183} INFO - Processing /opt/airflow/dags/pipeline_dag.py took 0.168 seconds
[2026-05-02T00:31:07.612+0000] {processor.py:161} INFO - Started process (PID=432) to work on /opt/airflow/dags/pipeline_dag.py
[2026-05-02T00:31:07.622+0000] {processor.py:830} INFO - Processing file /opt/airflow/dags/pipeline_dag.py for tasks to queue
[2026-05-02T00:31:07.625+0000] {logging_mixin.py:188} INFO - [2026-05-02T00:31:07.625+0000] {dagbag.py:545} INFO - Filling up the DagBag from /opt/airflow/dags/pipeline_dag.py
[2026-05-02T00:31:07.644+0000] {processor.py:840} INFO - DAG(s) 'data_pipeline' retrieved from /opt/airflow/dags/pipeline_dag.py
[2026-05-02T00:31:07.695+0000] {logging_mixin.py:188} INFO - [2026-05-02T00:31:07.695+0000] {dag.py:3089} INFO - Sync 1 DAGs
[2026-05-02T00:31:07.728+0000] {logging_mixin.py:188} INFO - [2026-05-02T00:31:07.727+0000] {dag.py:3947} INFO - Setting next_dagrun for data_pipeline to 2026-05-01 06:00:00+00:00, run_after=2026-05-02 06:00:00+00:00
[2026-05-02T00:31:07.764+0000] {processor.py:183} INFO - Processing /opt/airflow/dags/pipeline_dag.py took 0.162 seconds
[2026-05-02T00:31:37.926+0000] {processor.py:161} INFO - Started process (PID=437) to work on /opt/airflow/dags/pipeline_dag.py
[2026-05-02T00:31:37.927+0000] {processor.py:830} INFO - Processing file /opt/airflow/dags/pipeline_dag.py for tasks to queue
[2026-05-02T00:31:37.930+0000] {logging_mixin.py:188} INFO - [2026-05-02T00:31:37.929+0000] {dagbag.py:545} INFO - Filling up the DagBag from /opt/airflow/dags/pipeline_dag.py
[2026-05-02T00:31:37.947+0000] {processor.py:840} INFO - DAG(s) 'data_pipeline' retrieved from /opt/airflow/dags/pipeline_dag.py
[2026-05-02T00:31:37.997+0000] {logging_mixin.py:188} INFO - [2026-05-02T00:31:37.997+0000] {dag.py:3089} INFO - Sync 1 DAGs
[2026-05-02T00:31:38.023+0000] {logging_mixin.py:188} INFO - [2026-05-02T00:31:38.022+0000] {dag.py:3947} INFO - Setting next_dagrun for data_pipeline to 2026-05-01 06:00:00+00:00, run_after=2026-05-02 06:00:00+00:00
[2026-05-02T00:31:38.056+0000] {processor.py:183} INFO - Processing /opt/airflow/dags/pipeline_dag.py took 0.141 seconds
[2026-05-02T00:32:08.170+0000] {processor.py:161} INFO - Started process (PID=442) to work on /opt/airflow/dags/pipeline_dag.py
[2026-05-02T00:32:08.180+0000] {processor.py:830} INFO - Processing file /opt/airflow/dags/pipeline_dag.py for tasks to queue
[2026-05-02T00:32:08.183+0000] {logging_mixin.py:188} INFO - [2026-05-02T00:32:08.182+0000] {dagbag.py:545} INFO - Filling up the DagBag from /opt/airflow/dags/pipeline_dag.py
[2026-05-02T00:32:08.200+0000] {processor.py:840} INFO - DAG(s) 'data_pipeline' retrieved from /opt/airflow/dags/pipeline_dag.py
[2026-05-02T00:32:08.248+0000] {logging_mixin.py:188} INFO - [2026-05-02T00:32:08.248+0000] {dag.py:3089} INFO - Sync 1 DAGs
[2026-05-02T00:32:08.282+0000] {logging_mixin.py:188} INFO - [2026-05-02T00:32:08.282+0000] {dag.py:3947} INFO - Setting next_dagrun for data_pipeline to 2026-05-01 06:00:00+00:00, run_after=2026-05-02 06:00:00+00:00
[2026-05-02T00:32:08.319+0000] {processor.py:183} INFO - Processing /opt/airflow/dags/pipeline_dag.py took 0.158 seconds
[2026-05-02T00:32:38.448+0000] {processor.py:161} INFO - Started process (PID=463) to work on /opt/airflow/dags/pipeline_dag.py
[2026-05-02T00:32:38.449+0000] {processor.py:830} INFO - Processing file /opt/airflow/dags/pipeline_dag.py for tasks to queue
[2026-05-02T00:32:38.451+0000] {logging_mixin.py:188} INFO - [2026-05-02T00:32:38.450+0000] {dagbag.py:545} INFO - Filling up the DagBag from /opt/airflow/dags/pipeline_dag.py
[2026-05-02T00:32:38.468+0000] {processor.py:840} INFO - DAG(s) 'data_pipeline' retrieved from /opt/airflow/dags/pipeline_dag.py
[2026-05-02T00:32:38.517+0000] {logging_mixin.py:188} INFO - [2026-05-02T00:32:38.517+0000] {dag.py:3089} INFO - Sync 1 DAGs
[2026-05-02T00:32:38.548+0000] {logging_mixin.py:188} INFO - [2026-05-02T00:32:38.547+0000] {dag.py:3947} INFO - Setting next_dagrun for data_pipeline to 2026-05-01 06:00:00+00:00, run_after=2026-05-02 06:00:00+00:00
[2026-05-02T00:32:38.582+0000] {processor.py:183} INFO - Processing /opt/airflow/dags/pipeline_dag.py took 0.144 seconds
[2026-05-02T00:33:08.716+0000] {processor.py:161} INFO - Started process (PID=468) to work on /opt/airflow/dags/pipeline_dag.py
[2026-05-02T00:33:08.718+0000] {processor.py:830} INFO - Processing file /opt/airflow/dags/pipeline_dag.py for tasks to queue
[2026-05-02T00:33:08.721+0000] {logging_mixin.py:188} INFO - [2026-05-02T00:33:08.720+0000] {dagbag.py:545} INFO - Filling up the DagBag from /opt/airflow/dags/pipeline_dag.py
[2026-05-02T00:33:08.737+0000] {processor.py:840} INFO - DAG(s) 'data_pipeline' retrieved from /opt/airflow/dags/pipeline_dag.py
[2026-05-02T00:33:08.786+0000] {logging_mixin.py:188} INFO - [2026-05-02T00:33:08.785+0000] {dag.py:3089} INFO - Sync 1 DAGs
[2026-05-02T00:33:08.819+0000] {logging_mixin.py:188} INFO - [2026-05-02T00:33:08.819+0000] {dag.py:3947} INFO - Setting next_dagrun for data_pipeline to 2026-05-01 06:00:00+00:00, run_after=2026-05-02 06:00:00+00:00
[2026-05-02T00:33:08.856+0000] {processor.py:183} INFO - Processing /opt/airflow/dags/pipeline_dag.py took 0.149 seconds
[2026-05-02T00:33:38.984+0000] {processor.py:161} INFO - Started process (PID=473) to work on /opt/airflow/dags/pipeline_dag.py
[2026-05-02T00:33:38.985+0000] {processor.py:830} INFO - Processing file /opt/airflow/dags/pipeline_dag.py for tasks to queue
[2026-05-02T00:33:38.988+0000] {logging_mixin.py:188} INFO - [2026-05-02T00:33:38.987+0000] {dagbag.py:545} INFO - Filling up the DagBag from /opt/airflow/dags/pipeline_dag.py
[2026-05-02T00:33:39.004+0000] {processor.py:840} INFO - DAG(s) 'data_pipeline' retrieved from /opt/airflow/dags/pipeline_dag.py
[2026-05-02T00:33:39.049+0000] {logging_mixin.py:188} INFO - [2026-05-02T00:33:39.049+0000] {dag.py:3089} INFO - Sync 1 DAGs
[2026-05-02T00:33:39.079+0000] {logging_mixin.py:188} INFO - [2026-05-02T00:33:39.078+0000] {dag.py:3947} INFO - Setting next_dagrun for data_pipeline to 2026-05-01 06:00:00+00:00, run_after=2026-05-02 06:00:00+00:00
[2026-05-02T00:33:39.100+0000] {processor.py:183} INFO - Processing /opt/airflow/dags/pipeline_dag.py took 0.124 seconds
[2026-05-02T00:34:09.266+0000] {processor.py:161} INFO - Started process (PID=478) to work on /opt/airflow/dags/pipeline_dag.py
[2026-05-02T00:34:09.275+0000] {processor.py:830} INFO - Processing file /opt/airflow/dags/pipeline_dag.py for tasks to queue
[2026-05-02T00:34:09.279+0000] {logging_mixin.py:188} INFO - [2026-05-02T00:34:09.279+0000] {dagbag.py:545} INFO - Filling up the DagBag from /opt/airflow/dags/pipeline_dag.py
[2026-05-02T00:34:09.297+0000] {processor.py:840} INFO - DAG(s) 'data_pipeline' retrieved from /opt/airflow/dags/pipeline_dag.py
[2026-05-02T00:34:09.349+0000] {logging_mixin.py:188} INFO - [2026-05-02T00:34:09.348+0000] {dag.py:3089} INFO - Sync 1 DAGs
[2026-05-02T00:34:09.384+0000] {logging_mixin.py:188} INFO - [2026-05-02T00:34:09.384+0000] {dag.py:3947} INFO - Setting next_dagrun for data_pipeline to 2026-05-01 06:00:00+00:00, run_after=2026-05-02 06:00:00+00:00
[2026-05-02T00:34:09.414+0000] {processor.py:183} INFO - Processing /opt/airflow/dags/pipeline_dag.py took 0.157 seconds
[2026-05-02T00:34:39.485+0000] {processor.py:161} INFO - Started process (PID=483) to work on /opt/airflow/dags/pipeline_dag.py
[2026-05-02T00:34:39.486+0000] {processor.py:830} INFO - Processing file /opt/airflow/dags/pipeline_dag.py for tasks to queue
[2026-05-02T00:34:39.489+0000] {logging_mixin.py:188} INFO - [2026-05-02T00:34:39.488+0000] {dagbag.py:545} INFO - Filling up the DagBag from /opt/airflow/dags/pipeline_dag.py
[2026-05-02T00:34:39.505+0000] {processor.py:840} INFO - DAG(s) 'data_pipeline' retrieved from /opt/airflow/dags/pipeline_dag.py
[2026-05-02T00:34:39.551+0000] {logging_mixin.py:188} INFO - [2026-05-02T00:34:39.551+0000] {dag.py:3089} INFO - Sync 1 DAGs
[2026-05-02T00:34:39.579+0000] {logging_mixin.py:188} INFO - [2026-05-02T00:34:39.578+0000] {dag.py:3947} INFO - Setting next_dagrun for data_pipeline to 2026-05-01 06:00:00+00:00, run_after=2026-05-02 06:00:00+00:00
[2026-05-02T00:34:39.617+0000] {processor.py:183} INFO - Processing /opt/airflow/dags/pipeline_dag.py took 0.142 seconds
[2026-05-02T00:35:09.827+0000] {processor.py:161} INFO - Started process (PID=488) to work on /opt/airflow/dags/pipeline_dag.py
[2026-05-02T00:35:09.837+0000] {processor.py:830} INFO - Processing file /opt/airflow/dags/pipeline_dag.py for tasks to queue
[2026-05-02T00:35:09.841+0000] {logging_mixin.py:188} INFO - [2026-05-02T00:35:09.840+0000] {dagbag.py:545} INFO - Filling up the DagBag from /opt/airflow/dags/pipeline_dag.py
[2026-05-02T00:35:09.858+0000] {processor.py:840} INFO - DAG(s) 'data_pipeline' retrieved from /opt/airflow/dags/pipeline_dag.py
[2026-05-02T00:35:09.906+0000] {logging_mixin.py:188} INFO - [2026-05-02T00:35:09.905+0000] {dag.py:3089} INFO - Sync 1 DAGs
[2026-05-02T00:35:09.940+0000] {logging_mixin.py:188} INFO - [2026-05-02T00:35:09.939+0000] {dag.py:3947} INFO - Setting next_dagrun for data_pipeline to 2026-05-01 06:00:00+00:00, run_after=2026-05-02 06:00:00+00:00
[2026-05-02T00:35:09.976+0000] {processor.py:183} INFO - Processing /opt/airflow/dags/pipeline_dag.py took 0.160 seconds
[2026-05-02T00:35:40.034+0000] {processor.py:161} INFO - Started process (PID=493) to work on /opt/airflow/dags/pipeline_dag.py
[2026-05-02T00:35:40.035+0000] {processor.py:830} INFO - Processing file /opt/airflow/dags/pipeline_dag.py for tasks to queue
[2026-05-02T00:35:40.038+0000] {logging_mixin.py:188} INFO - [2026-05-02T00:35:40.037+0000] {dagbag.py:545} INFO - Filling up the DagBag from /opt/airflow/dags/pipeline_dag.py
[2026-05-02T00:35:40.053+0000] {processor.py:840} INFO - DAG(s) 'data_pipeline' retrieved from /opt/airflow/dags/pipeline_dag.py
[2026-05-02T00:35:40.097+0000] {logging_mixin.py:188} INFO - [2026-05-02T00:35:40.097+0000] {dag.py:3089} INFO - Sync 1 DAGs
[2026-05-02T00:35:40.123+0000] {logging_mixin.py:188} INFO - [2026-05-02T00:35:40.123+0000] {dag.py:3947} INFO - Setting next_dagrun for data_pipeline to 2026-05-01 06:00:00+00:00, run_after=2026-05-02 06:00:00+00:00
[2026-05-02T00:35:40.158+0000] {processor.py:183} INFO - Processing /opt/airflow/dags/pipeline_dag.py took 0.136 seconds
[2026-05-02T00:36:10.389+0000] {processor.py:161} INFO - Started process (PID=498) to work on /opt/airflow/dags/pipeline_dag.py
[2026-05-02T00:36:10.399+0000] {processor.py:830} INFO - Processing file /opt/airflow/dags/pipeline_dag.py for tasks to queue
[2026-05-02T00:36:10.402+0000] {logging_mixin.py:188} INFO - [2026-05-02T00:36:10.401+0000] {dagbag.py:545} INFO - Filling up the DagBag from /opt/airflow/dags/pipeline_dag.py
[2026-05-02T00:36:10.418+0000] {processor.py:840} INFO - DAG(s) 'data_pipeline' retrieved from /opt/airflow/dags/pipeline_dag.py
[2026-05-02T00:36:10.470+0000] {logging_mixin.py:188} INFO - [2026-05-02T00:36:10.469+0000] {dag.py:3089} INFO - Sync 1 DAGs
[2026-05-02T00:36:10.507+0000] {logging_mixin.py:188} INFO - [2026-05-02T00:36:10.507+0000] {dag.py:3947} INFO - Setting next_dagrun for data_pipeline to 2026-05-01 06:00:00+00:00, run_after=2026-05-02 06:00:00+00:00
[2026-05-02T00:36:10.534+0000] {processor.py:183} INFO - Processing /opt/airflow/dags/pipeline_dag.py took 0.155 seconds
[2026-05-02T00:36:40.594+0000] {processor.py:161} INFO - Started process (PID=503) to work on /opt/airflow/dags/pipeline_dag.py
[2026-05-02T00:36:40.595+0000] {processor.py:830} INFO - Processing file /opt/airflow/dags/pipeline_dag.py for tasks to queue
[2026-05-02T00:36:40.598+0000] {logging_mixin.py:188} INFO - [2026-05-02T00:36:40.597+0000] {dagbag.py:545} INFO - Filling up the DagBag from /opt/airflow/dags/pipeline_dag.py
[2026-05-02T00:36:40.613+0000] {processor.py:840} INFO - DAG(s) 'data_pipeline' retrieved from /opt/airflow/dags/pipeline_dag.py
[2026-05-02T00:36:40.658+0000] {logging_mixin.py:188} INFO - [2026-05-02T00:36:40.658+0000] {dag.py:3089} INFO - Sync 1 DAGs
[2026-05-02T00:36:40.690+0000] {logging_mixin.py:188} INFO - [2026-05-02T00:36:40.689+0000] {dag.py:3947} INFO - Setting next_dagrun for data_pipeline to 2026-05-01 06:00:00+00:00, run_after=2026-05-02 06:00:00+00:00
[2026-05-02T00:36:40.726+0000] {processor.py:183} INFO - Processing /opt/airflow/dags/pipeline_dag.py took 0.142 seconds
[2026-05-02T00:37:10.946+0000] {processor.py:161} INFO - Started process (PID=508) to work on /opt/airflow/dags/pipeline_dag.py
[2026-05-02T00:37:10.956+0000] {processor.py:830} INFO - Processing file /opt/airflow/dags/pipeline_dag.py for tasks to queue
[2026-05-02T00:37:10.960+0000] {logging_mixin.py:188} INFO - [2026-05-02T00:37:10.959+0000] {dagbag.py:545} INFO - Filling up the DagBag from /opt/airflow/dags/pipeline_dag.py
[2026-05-02T00:37:10.978+0000] {processor.py:840} INFO - DAG(s) 'data_pipeline' retrieved from /opt/airflow/dags/pipeline_dag.py
[2026-05-02T00:37:11.026+0000] {logging_mixin.py:188} INFO - [2026-05-02T00:37:11.026+0000] {dag.py:3089} INFO - Sync 1 DAGs
[2026-05-02T00:37:11.052+0000] {logging_mixin.py:188} INFO - [2026-05-02T00:37:11.052+0000] {dag.py:3947} INFO - Setting next_dagrun for data_pipeline to 2026-05-01 06:00:00+00:00, run_after=2026-05-02 06:00:00+00:00
[2026-05-02T00:37:11.088+0000] {processor.py:183} INFO - Processing /opt/airflow/dags/pipeline_dag.py took 0.154 seconds
[2026-05-02T00:37:41.150+0000] {processor.py:161} INFO - Started process (PID=513) to work on /opt/airflow/dags/pipeline_dag.py
[2026-05-02T00:37:41.160+0000] {processor.py:830} INFO - Processing file /opt/airflow/dags/pipeline_dag.py for tasks to queue
[2026-05-02T00:37:41.163+0000] {logging_mixin.py:188} INFO - [2026-05-02T00:37:41.162+0000] {dagbag.py:545} INFO - Filling up the DagBag from /opt/airflow/dags/pipeline_dag.py
[2026-05-02T00:37:41.179+0000] {processor.py:840} INFO - DAG(s) 'data_pipeline' retrieved from /opt/airflow/dags/pipeline_dag.py
[2026-05-02T00:37:41.222+0000] {logging_mixin.py:188} INFO - [2026-05-02T00:37:41.222+0000] {dag.py:3089} INFO - Sync 1 DAGs
[2026-05-02T00:37:41.254+0000] {logging_mixin.py:188} INFO - [2026-05-02T00:37:41.254+0000] {dag.py:3947} INFO - Setting next_dagrun for data_pipeline to 2026-05-01 06:00:00+00:00, run_after=2026-05-02 06:00:00+00:00
[2026-05-02T00:37:41.293+0000] {processor.py:183} INFO - Processing /opt/airflow/dags/pipeline_dag.py took 0.153 seconds
[2026-05-02T00:38:11.494+0000] {processor.py:161} INFO - Started process (PID=518) to work on /opt/airflow/dags/pipeline_dag.py
[2026-05-02T00:38:11.495+0000] {processor.py:830} INFO - Processing file /opt/airflow/dags/pipeline_dag.py for tasks to queue
[2026-05-02T00:38:11.498+0000] {logging_mixin.py:188} INFO - [2026-05-02T00:38:11.497+0000] {dagbag.py:545} INFO - Filling up the DagBag from /opt/airflow/dags/pipeline_dag.py
[2026-05-02T00:38:11.513+0000] {processor.py:840} INFO - DAG(s) 'data_pipeline' retrieved from /opt/airflow/dags/pipeline_dag.py
[2026-05-02T00:38:11.570+0000] {logging_mixin.py:188} INFO - [2026-05-02T00:38:11.570+0000] {dag.py:3089} INFO - Sync 1 DAGs
[2026-05-02T00:38:11.608+0000] {logging_mixin.py:188} INFO - [2026-05-02T00:38:11.608+0000] {dag.py:3947} INFO - Setting next_dagrun for data_pipeline to 2026-05-01 06:00:00+00:00, run_after=2026-05-02 06:00:00+00:00
[2026-05-02T00:38:11.634+0000] {processor.py:183} INFO - Processing /opt/airflow/dags/pipeline_dag.py took 0.148 seconds
[2026-05-02T00:38:41.680+0000] {processor.py:161} INFO - Started process (PID=539) to work on /opt/airflow/dags/pipeline_dag.py
[2026-05-02T00:38:41.690+0000] {processor.py:830} INFO - Processing file /opt/airflow/dags/pipeline_dag.py for tasks to queue
[2026-05-02T00:38:41.692+0000] {logging_mixin.py:188} INFO - [2026-05-02T00:38:41.691+0000] {dagbag.py:545} INFO - Filling up the DagBag from /opt/airflow/dags/pipeline_dag.py
[2026-05-02T00:38:41.711+0000] {processor.py:840} INFO - DAG(s) 'data_pipeline' retrieved from /opt/airflow/dags/pipeline_dag.py
[2026-05-02T00:38:41.761+0000] {logging_mixin.py:188} INFO - [2026-05-02T00:38:41.760+0000] {dag.py:3089} INFO - Sync 1 DAGs
[2026-05-02T00:38:41.787+0000] {logging_mixin.py:188} INFO - [2026-05-02T00:38:41.787+0000] {dag.py:3947} INFO - Setting next_dagrun for data_pipeline to 2026-05-01 06:00:00+00:00, run_after=2026-05-02 06:00:00+00:00
[2026-05-02T00:38:41.808+0000] {processor.py:183} INFO - Processing /opt/airflow/dags/pipeline_dag.py took 0.138 seconds
[2026-05-02T00:39:12.034+0000] {processor.py:161} INFO - Started process (PID=544) to work on /opt/airflow/dags/pipeline_dag.py
[2026-05-02T00:39:12.035+0000] {processor.py:830} INFO - Processing file /opt/airflow/dags/pipeline_dag.py for tasks to queue
[2026-05-02T00:39:12.038+0000] {logging_mixin.py:188} INFO - [2026-05-02T00:39:12.037+0000] {dagbag.py:545} INFO - Filling up the DagBag from /opt/airflow/dags/pipeline_dag.py
[2026-05-02T00:39:12.055+0000] {processor.py:840} INFO - DAG(s) 'data_pipeline' retrieved from /opt/airflow/dags/pipeline_dag.py
[2026-05-02T00:39:12.103+0000] {logging_mixin.py:188} INFO - [2026-05-02T00:39:12.103+0000] {dag.py:3089} INFO - Sync 1 DAGs
[2026-05-02T00:39:12.128+0000] {logging_mixin.py:188} INFO - [2026-05-02T00:39:12.127+0000] {dag.py:3947} INFO - Setting next_dagrun for data_pipeline to 2026-05-01 06:00:00+00:00, run_after=2026-05-02 06:00:00+00:00
[2026-05-02T00:39:12.150+0000] {processor.py:183} INFO - Processing /opt/airflow/dags/pipeline_dag.py took 0.125 seconds
[2026-05-02T00:39:42.237+0000] {processor.py:161} INFO - Started process (PID=549) to work on /opt/airflow/dags/pipeline_dag.py
[2026-05-02T00:39:42.238+0000] {processor.py:830} INFO - Processing file /opt/airflow/dags/pipeline_dag.py for tasks to queue
[2026-05-02T00:39:42.241+0000] {logging_mixin.py:188} INFO - [2026-05-02T00:39:42.240+0000] {dagbag.py:545} INFO - Filling up the DagBag from /opt/airflow/dags/pipeline_dag.py
[2026-05-02T00:39:42.257+0000] {processor.py:840} INFO - DAG(s) 'data_pipeline' retrieved from /opt/airflow/dags/pipeline_dag.py
[2026-05-02T00:39:42.305+0000] {logging_mixin.py:188} INFO - [2026-05-02T00:39:42.304+0000] {dag.py:3089} INFO - Sync 1 DAGs
[2026-05-02T00:39:42.339+0000] {logging_mixin.py:188} INFO - [2026-05-02T00:39:42.338+0000] {dag.py:3947} INFO - Setting next_dagrun for data_pipeline to 2026-05-01 06:00:00+00:00, run_after=2026-05-02 06:00:00+00:00
[2026-05-02T00:39:42.380+0000] {processor.py:183} INFO - Processing /opt/airflow/dags/pipeline_dag.py took 0.153 seconds
[2026-05-02T00:40:12.557+0000] {processor.py:161} INFO - Started process (PID=554) to work on /opt/airflow/dags/pipeline_dag.py
[2026-05-02T00:40:12.558+0000] {processor.py:830} INFO - Processing file /opt/airflow/dags/pipeline_dag.py for tasks to queue
[2026-05-02T00:40:12.561+0000] {logging_mixin.py:188} INFO - [2026-05-02T00:40:12.560+0000] {dagbag.py:545} INFO - Filling up the DagBag from /opt/airflow/dags/pipeline_dag.py
[2026-05-02T00:40:12.576+0000] {processor.py:840} INFO - DAG(s) 'data_pipeline' retrieved from /opt/airflow/dags/pipeline_dag.py
[2026-05-02T00:40:12.618+0000] {logging_mixin.py:188} INFO - [2026-05-02T00:40:12.618+0000] {dag.py:3089} INFO - Sync 1 DAGs
[2026-05-02T00:40:12.646+0000] {logging_mixin.py:188} INFO - [2026-05-02T00:40:12.646+0000] {dag.py:3947} INFO - Setting next_dagrun for data_pipeline to 2026-05-01 06:00:00+00:00, run_after=2026-05-02 06:00:00+00:00
[2026-05-02T00:40:12.673+0000] {processor.py:183} INFO - Processing /opt/airflow/dags/pipeline_dag.py took 0.125 seconds
[2026-05-02T00:40:42.786+0000] {processor.py:161} INFO - Started process (PID=559) to work on /opt/airflow/dags/pipeline_dag.py
[2026-05-02T00:40:42.796+0000] {processor.py:830} INFO - Processing file /opt/airflow/dags/pipeline_dag.py for tasks to queue
[2026-05-02T00:40:42.799+0000] {logging_mixin.py:188} INFO - [2026-05-02T00:40:42.799+0000] {dagbag.py:545} INFO - Filling up the DagBag from /opt/airflow/dags/pipeline_dag.py
[2026-05-02T00:40:42.817+0000] {processor.py:840} INFO - DAG(s) 'data_pipeline' retrieved from /opt/airflow/dags/pipeline_dag.py
[2026-05-02T00:40:42.871+0000] {logging_mixin.py:188} INFO - [2026-05-02T00:40:42.870+0000] {dag.py:3089} INFO - Sync 1 DAGs
[2026-05-02T00:40:42.913+0000] {logging_mixin.py:188} INFO - [2026-05-02T00:40:42.913+0000] {dag.py:3947} INFO - Setting next_dagrun for data_pipeline to 2026-05-01 06:00:00+00:00, run_after=2026-05-02 06:00:00+00:00
[2026-05-02T00:40:42.955+0000] {processor.py:183} INFO - Processing /opt/airflow/dags/pipeline_dag.py took 0.179 seconds
[2026-05-02T00:41:13.059+0000] {processor.py:161} INFO - Started process (PID=564) to work on /opt/airflow/dags/pipeline_dag.py
[2026-05-02T00:41:13.060+0000] {processor.py:830} INFO - Processing file /opt/airflow/dags/pipeline_dag.py for tasks to queue
[2026-05-02T00:41:13.062+0000] {logging_mixin.py:188} INFO - [2026-05-02T00:41:13.062+0000] {dagbag.py:545} INFO - Filling up the DagBag from /opt/airflow/dags/pipeline_dag.py
[2026-05-02T00:41:13.076+0000] {processor.py:840} INFO - DAG(s) 'data_pipeline' retrieved from /opt/airflow/dags/pipeline_dag.py
[2026-05-02T00:41:13.116+0000] {logging_mixin.py:188} INFO - [2026-05-02T00:41:13.116+0000] {dag.py:3089} INFO - Sync 1 DAGs
[2026-05-02T00:41:13.154+0000] {logging_mixin.py:188} INFO - [2026-05-02T00:41:13.154+0000] {dag.py:3947} INFO - Setting next_dagrun for data_pipeline to 2026-05-01 06:00:00+00:00, run_after=2026-05-02 06:00:00+00:00
[2026-05-02T00:41:13.179+0000] {processor.py:183} INFO - Processing /opt/airflow/dags/pipeline_dag.py took 0.130 seconds
[2026-05-02T00:41:43.382+0000] {processor.py:161} INFO - Started process (PID=569) to work on /opt/airflow/dags/pipeline_dag.py
[2026-05-02T00:41:43.393+0000] {processor.py:830} INFO - Processing file /opt/airflow/dags/pipeline_dag.py for tasks to queue
[2026-05-02T00:41:43.396+0000] {logging_mixin.py:188} INFO - [2026-05-02T00:41:43.395+0000] {dagbag.py:545} INFO - Filling up the DagBag from /opt/airflow/dags/pipeline_dag.py
[2026-05-02T00:41:43.411+0000] {processor.py:840} INFO - DAG(s) 'data_pipeline' retrieved from /opt/airflow/dags/pipeline_dag.py
[2026-05-02T00:41:43.452+0000] {logging_mixin.py:188} INFO - [2026-05-02T00:41:43.452+0000] {dag.py:3089} INFO - Sync 1 DAGs
[2026-05-02T00:41:43.483+0000] {logging_mixin.py:188} INFO - [2026-05-02T00:41:43.483+0000] {dag.py:3947} INFO - Setting next_dagrun for data_pipeline to 2026-05-01 06:00:00+00:00, run_after=2026-05-02 06:00:00+00:00
[2026-05-02T00:41:43.505+0000] {processor.py:183} INFO - Processing /opt/airflow/dags/pipeline_dag.py took 0.132 seconds
[2026-05-02T00:42:13.590+0000] {processor.py:161} INFO - Started process (PID=574) to work on /opt/airflow/dags/pipeline_dag.py
[2026-05-02T00:42:13.591+0000] {processor.py:830} INFO - Processing file /opt/airflow/dags/pipeline_dag.py for tasks to queue
[2026-05-02T00:42:13.594+0000] {logging_mixin.py:188} INFO - [2026-05-02T00:42:13.593+0000] {dagbag.py:545} INFO - Filling up the DagBag from /opt/airflow/dags/pipeline_dag.py
[2026-05-02T00:42:13.611+0000] {processor.py:840} INFO - DAG(s) 'data_pipeline' retrieved from /opt/airflow/dags/pipeline_dag.py
[2026-05-02T00:42:13.655+0000] {logging_mixin.py:188} INFO - [2026-05-02T00:42:13.655+0000] {dag.py:3089} INFO - Sync 1 DAGs
[2026-05-02T00:42:13.694+0000] {logging_mixin.py:188} INFO - [2026-05-02T00:42:13.694+0000] {dag.py:3947} INFO - Setting next_dagrun for data_pipeline to 2026-05-01 06:00:00+00:00, run_after=2026-05-02 06:00:00+00:00
[2026-05-02T00:42:13.724+0000] {processor.py:183} INFO - Processing /opt/airflow/dags/pipeline_dag.py took 0.143 seconds
[2026-05-02T00:42:43.898+0000] {processor.py:161} INFO - Started process (PID=579) to work on /opt/airflow/dags/pipeline_dag.py
[2026-05-02T00:42:43.908+0000] {processor.py:830} INFO - Processing file /opt/airflow/dags/pipeline_dag.py for tasks to queue
[2026-05-02T00:42:43.911+0000] {logging_mixin.py:188} INFO - [2026-05-02T00:42:43.910+0000] {dagbag.py:545} INFO - Filling up the DagBag from /opt/airflow/dags/pipeline_dag.py
[2026-05-02T00:42:43.926+0000] {processor.py:840} INFO - DAG(s) 'data_pipeline' retrieved from /opt/airflow/dags/pipeline_dag.py
[2026-05-02T00:42:43.968+0000] {logging_mixin.py:188} INFO - [2026-05-02T00:42:43.968+0000] {dag.py:3089} INFO - Sync 1 DAGs
[2026-05-02T00:42:43.994+0000] {logging_mixin.py:188} INFO - [2026-05-02T00:42:43.994+0000] {dag.py:3947} INFO - Setting next_dagrun for data_pipeline to 2026-05-01 06:00:00+00:00, run_after=2026-05-02 06:00:00+00:00
[2026-05-02T00:42:44.017+0000] {processor.py:183} INFO - Processing /opt/airflow/dags/pipeline_dag.py took 0.128 seconds
[2026-05-02T00:43:14.144+0000] {processor.py:161} INFO - Started process (PID=584) to work on /opt/airflow/dags/pipeline_dag.py
[2026-05-02T00:43:14.145+0000] {processor.py:830} INFO - Processing file /opt/airflow/dags/pipeline_dag.py for tasks to queue
[2026-05-02T00:43:14.147+0000] {logging_mixin.py:188} INFO - [2026-05-02T00:43:14.147+0000] {dagbag.py:545} INFO - Filling up the DagBag from /opt/airflow/dags/pipeline_dag.py
[2026-05-02T00:43:14.164+0000] {processor.py:840} INFO - DAG(s) 'data_pipeline' retrieved from /opt/airflow/dags/pipeline_dag.py
[2026-05-02T00:43:14.203+0000] {logging_mixin.py:188} INFO - [2026-05-02T00:43:14.203+0000] {dag.py:3089} INFO - Sync 1 DAGs
[2026-05-02T00:43:14.228+0000] {logging_mixin.py:188} INFO - [2026-05-02T00:43:14.228+0000] {dag.py:3947} INFO - Setting next_dagrun for data_pipeline to 2026-05-01 06:00:00+00:00, run_after=2026-05-02 06:00:00+00:00
[2026-05-02T00:43:14.247+0000] {processor.py:183} INFO - Processing /opt/airflow/dags/pipeline_dag.py took 0.111 seconds
[2026-05-02T00:43:44.418+0000] {processor.py:161} INFO - Started process (PID=589) to work on /opt/airflow/dags/pipeline_dag.py
[2026-05-02T00:43:44.428+0000] {processor.py:830} INFO - Processing file /opt/airflow/dags/pipeline_dag.py for tasks to queue
[2026-05-02T00:43:44.430+0000] {logging_mixin.py:188} INFO - [2026-05-02T00:43:44.430+0000] {dagbag.py:545} INFO - Filling up the DagBag from /opt/airflow/dags/pipeline_dag.py
[2026-05-02T00:43:44.447+0000] {processor.py:840} INFO - DAG(s) 'data_pipeline' retrieved from /opt/airflow/dags/pipeline_dag.py
[2026-05-02T00:43:44.488+0000] {logging_mixin.py:188} INFO - [2026-05-02T00:43:44.488+0000] {dag.py:3089} INFO - Sync 1 DAGs
[2026-05-02T00:43:44.513+0000] {logging_mixin.py:188} INFO - [2026-05-02T00:43:44.513+0000] {dag.py:3947} INFO - Setting next_dagrun for data_pipeline to 2026-05-01 06:00:00+00:00, run_after=2026-05-02 06:00:00+00:00
[2026-05-02T00:43:44.535+0000] {processor.py:183} INFO - Processing /opt/airflow/dags/pipeline_dag.py took 0.125 seconds
[2026-05-02T00:44:14.635+0000] {processor.py:161} INFO - Started process (PID=594) to work on /opt/airflow/dags/pipeline_dag.py
[2026-05-02T00:44:14.644+0000] {processor.py:830} INFO - Processing file /opt/airflow/dags/pipeline_dag.py for tasks to queue
[2026-05-02T00:44:14.646+0000] {logging_mixin.py:188} INFO - [2026-05-02T00:44:14.645+0000] {dagbag.py:545} INFO - Filling up the DagBag from /opt/airflow/dags/pipeline_dag.py
[2026-05-02T00:44:14.657+0000] {processor.py:840} INFO - DAG(s) 'data_pipeline' retrieved from /opt/airflow/dags/pipeline_dag.py
[2026-05-02T00:44:14.693+0000] {logging_mixin.py:188} INFO - [2026-05-02T00:44:14.692+0000] {dag.py:3089} INFO - Sync 1 DAGs
[2026-05-02T00:44:14.717+0000] {logging_mixin.py:188} INFO - [2026-05-02T00:44:14.717+0000] {dag.py:3947} INFO - Setting next_dagrun for data_pipeline to 2026-05-01 06:00:00+00:00, run_after=2026-05-02 06:00:00+00:00
[2026-05-02T00:44:14.738+0000] {processor.py:183} INFO - Processing /opt/airflow/dags/pipeline_dag.py took 0.110 seconds
[2026-05-02T00:44:44.931+0000] {processor.py:161} INFO - Started process (PID=599) to work on /opt/airflow/dags/pipeline_dag.py
[2026-05-02T00:44:44.932+0000] {processor.py:830} INFO - Processing file /opt/airflow/dags/pipeline_dag.py for tasks to queue
[2026-05-02T00:44:44.934+0000] {logging_mixin.py:188} INFO - [2026-05-02T00:44:44.934+0000] {dagbag.py:545} INFO - Filling up the DagBag from /opt/airflow/dags/pipeline_dag.py
[2026-05-02T00:44:44.951+0000] {processor.py:840} INFO - DAG(s) 'data_pipeline' retrieved from /opt/airflow/dags/pipeline_dag.py
[2026-05-02T00:44:44.994+0000] {logging_mixin.py:188} INFO - [2026-05-02T00:44:44.993+0000] {dag.py:3089} INFO - Sync 1 DAGs
[2026-05-02T00:44:45.021+0000] {logging_mixin.py:188} INFO - [2026-05-02T00:44:45.021+0000] {dag.py:3947} INFO - Setting next_dagrun for data_pipeline to 2026-05-01 06:00:00+00:00, run_after=2026-05-02 06:00:00+00:00
[2026-05-02T00:44:45.048+0000] {processor.py:183} INFO - Processing /opt/airflow/dags/pipeline_dag.py took 0.127 seconds
[2026-05-02T00:45:15.137+0000] {processor.py:161} INFO - Started process (PID=620) to work on /opt/airflow/dags/pipeline_dag.py
[2026-05-02T00:45:15.141+0000] {processor.py:830} INFO - Processing file /opt/airflow/dags/pipeline_dag.py for tasks to queue
[2026-05-02T00:45:15.143+0000] {logging_mixin.py:188} INFO - [2026-05-02T00:45:15.143+0000] {dagbag.py:545} INFO - Filling up the DagBag from /opt/airflow/dags/pipeline_dag.py
[2026-05-02T00:45:15.160+0000] {processor.py:840} INFO - DAG(s) 'data_pipeline' retrieved from /opt/airflow/dags/pipeline_dag.py
[2026-05-02T00:45:15.202+0000] {logging_mixin.py:188} INFO - [2026-05-02T00:45:15.201+0000] {dag.py:3089} INFO - Sync 1 DAGs
[2026-05-02T00:45:15.227+0000] {logging_mixin.py:188} INFO - [2026-05-02T00:45:15.227+0000] {dag.py:3947} INFO - Setting next_dagrun for data_pipeline to 2026-05-01 06:00:00+00:00, run_after=2026-05-02 06:00:00+00:00
[2026-05-02T00:45:15.249+0000] {processor.py:183} INFO - Processing /opt/airflow/dags/pipeline_dag.py took 0.122 seconds
[2026-05-02T00:45:45.474+0000] {processor.py:161} INFO - Started process (PID=625) to work on /opt/airflow/dags/pipeline_dag.py
[2026-05-02T00:45:45.475+0000] {processor.py:830} INFO - Processing file /opt/airflow/dags/pipeline_dag.py for tasks to queue
[2026-05-02T00:45:45.478+0000] {logging_mixin.py:188} INFO - [2026-05-02T00:45:45.477+0000] {dagbag.py:545} INFO - Filling up the DagBag from /opt/airflow/dags/pipeline_dag.py
[2026-05-02T00:45:45.495+0000] {processor.py:840} INFO - DAG(s) 'data_pipeline' retrieved from /opt/airflow/dags/pipeline_dag.py
[2026-05-02T00:45:45.544+0000] {logging_mixin.py:188} INFO - [2026-05-02T00:45:45.544+0000] {dag.py:3089} INFO - Sync 1 DAGs
[2026-05-02T00:45:45.571+0000] {logging_mixin.py:188} INFO - [2026-05-02T00:45:45.571+0000] {dag.py:3947} INFO - Setting next_dagrun for data_pipeline to 2026-05-01 06:00:00+00:00, run_after=2026-05-02 06:00:00+00:00
[2026-05-02T00:45:45.594+0000] {processor.py:183} INFO - Processing /opt/airflow/dags/pipeline_dag.py took 0.129 seconds
[2026-05-02T00:46:15.673+0000] {processor.py:161} INFO - Started process (PID=630) to work on /opt/airflow/dags/pipeline_dag.py
[2026-05-02T00:46:15.683+0000] {processor.py:830} INFO - Processing file /opt/airflow/dags/pipeline_dag.py for tasks to queue
[2026-05-02T00:46:15.686+0000] {logging_mixin.py:188} INFO - [2026-05-02T00:46:15.685+0000] {dagbag.py:545} INFO - Filling up the DagBag from /opt/airflow/dags/pipeline_dag.py
[2026-05-02T00:46:15.706+0000] {processor.py:840} INFO - DAG(s) 'data_pipeline' retrieved from /opt/airflow/dags/pipeline_dag.py
[2026-05-02T00:46:15.765+0000] {logging_mixin.py:188} INFO - [2026-05-02T00:46:15.765+0000] {dag.py:3089} INFO - Sync 1 DAGs
[2026-05-02T00:46:15.800+0000] {logging_mixin.py:188} INFO - [2026-05-02T00:46:15.800+0000] {dag.py:3947} INFO - Setting next_dagrun for data_pipeline to 2026-05-01 06:00:00+00:00, run_after=2026-05-02 06:00:00+00:00
[2026-05-02T00:46:15.837+0000] {processor.py:183} INFO - Processing /opt/airflow/dags/pipeline_dag.py took 0.174 seconds
[2026-05-02T00:46:45.974+0000] {processor.py:161} INFO - Started process (PID=635) to work on /opt/airflow/dags/pipeline_dag.py
[2026-05-02T00:46:45.975+0000] {processor.py:830} INFO - Processing file /opt/airflow/dags/pipeline_dag.py for tasks to queue
[2026-05-02T00:46:45.978+0000] {logging_mixin.py:188} INFO - [2026-05-02T00:46:45.977+0000] {dagbag.py:545} INFO - Filling up the DagBag from /opt/airflow/dags/pipeline_dag.py
[2026-05-02T00:46:45.996+0000] {processor.py:840} INFO - DAG(s) 'data_pipeline' retrieved from /opt/airflow/dags/pipeline_dag.py
[2026-05-02T00:46:46.047+0000] {logging_mixin.py:188} INFO - [2026-05-02T00:46:46.046+0000] {dag.py:3089} INFO - Sync 1 DAGs
[2026-05-02T00:46:46.082+0000] {logging_mixin.py:188} INFO - [2026-05-02T00:46:46.082+0000] {dag.py:3947} INFO - Setting next_dagrun for data_pipeline to 2026-05-01 06:00:00+00:00, run_after=2026-05-02 06:00:00+00:00
[2026-05-02T00:46:46.116+0000] {processor.py:183} INFO - Processing /opt/airflow/dags/pipeline_dag.py took 0.153 seconds
[2026-05-02T00:47:16.211+0000] {processor.py:161} INFO - Started process (PID=640) to work on /opt/airflow/dags/pipeline_dag.py
[2026-05-02T00:47:16.213+0000] {processor.py:830} INFO - Processing file /opt/airflow/dags/pipeline_dag.py for tasks to queue
[2026-05-02T00:47:16.215+0000] {logging_mixin.py:188} INFO - [2026-05-02T00:47:16.215+0000] {dagbag.py:545} INFO - Filling up the DagBag from /opt/airflow/dags/pipeline_dag.py
[2026-05-02T00:47:16.234+0000] {processor.py:840} INFO - DAG(s) 'data_pipeline' retrieved from /opt/airflow/dags/pipeline_dag.py
[2026-05-02T00:47:16.290+0000] {logging_mixin.py:188} INFO - [2026-05-02T00:47:16.290+0000] {dag.py:3089} INFO - Sync 1 DAGs
[2026-05-02T00:47:16.324+0000] {logging_mixin.py:188} INFO - [2026-05-02T00:47:16.324+0000] {dag.py:3947} INFO - Setting next_dagrun for data_pipeline to 2026-05-01 06:00:00+00:00, run_after=2026-05-02 06:00:00+00:00
[2026-05-02T00:47:16.359+0000] {processor.py:183} INFO - Processing /opt/airflow/dags/pipeline_dag.py took 0.157 seconds
[2026-05-02T00:47:46.502+0000] {processor.py:161} INFO - Started process (PID=645) to work on /opt/airflow/dags/pipeline_dag.py
[2026-05-02T00:47:46.503+0000] {processor.py:830} INFO - Processing file /opt/airflow/dags/pipeline_dag.py for tasks to queue
[2026-05-02T00:47:46.506+0000] {logging_mixin.py:188} INFO - [2026-05-02T00:47:46.505+0000] {dagbag.py:545} INFO - Filling up the DagBag from /opt/airflow/dags/pipeline_dag.py
[2026-05-02T00:47:46.520+0000] {processor.py:840} INFO - DAG(s) 'data_pipeline' retrieved from /opt/airflow/dags/pipeline_dag.py
[2026-05-02T00:47:46.559+0000] {logging_mixin.py:188} INFO - [2026-05-02T00:47:46.559+0000] {dag.py:3089} INFO - Sync 1 DAGs
[2026-05-02T00:47:46.587+0000] {logging_mixin.py:188} INFO - [2026-05-02T00:47:46.587+0000] {dag.py:3947} INFO - Setting next_dagrun for data_pipeline to 2026-05-01 06:00:00+00:00, run_after=2026-05-02 06:00:00+00:00
[2026-05-02T00:47:46.612+0000] {processor.py:183} INFO - Processing /opt/airflow/dags/pipeline_dag.py took 0.118 seconds
[2026-05-02T00:48:16.774+0000] {processor.py:161} INFO - Started process (PID=650) to work on /opt/airflow/dags/pipeline_dag.py
[2026-05-02T00:48:16.784+0000] {processor.py:830} INFO - Processing file /opt/airflow/dags/pipeline_dag.py for tasks to queue
[2026-05-02T00:48:16.787+0000] {logging_mixin.py:188} INFO - [2026-05-02T00:48:16.786+0000] {dagbag.py:545} INFO - Filling up the DagBag from /opt/airflow/dags/pipeline_dag.py
[2026-05-02T00:48:16.804+0000] {processor.py:840} INFO - DAG(s) 'data_pipeline' retrieved from /opt/airflow/dags/pipeline_dag.py
[2026-05-02T00:48:16.856+0000] {logging_mixin.py:188} INFO - [2026-05-02T00:48:16.856+0000] {dag.py:3089} INFO - Sync 1 DAGs
[2026-05-02T00:48:16.892+0000] {logging_mixin.py:188} INFO - [2026-05-02T00:48:16.892+0000] {dag.py:3947} INFO - Setting next_dagrun for data_pipeline to 2026-05-01 06:00:00+00:00, run_after=2026-05-02 06:00:00+00:00
[2026-05-02T00:48:16.929+0000] {processor.py:183} INFO - Processing /opt/airflow/dags/pipeline_dag.py took 0.167 seconds
[2026-05-02T00:48:47.115+0000] {processor.py:161} INFO - Started process (PID=655) to work on /opt/airflow/dags/pipeline_dag.py
[2026-05-02T00:48:47.116+0000] {processor.py:830} INFO - Processing file /opt/airflow/dags/pipeline_dag.py for tasks to queue
[2026-05-02T00:48:47.119+0000] {logging_mixin.py:188} INFO - [2026-05-02T00:48:47.118+0000] {dagbag.py:545} INFO - Filling up the DagBag from /opt/airflow/dags/pipeline_dag.py
[2026-05-02T00:48:47.136+0000] {processor.py:840} INFO - DAG(s) 'data_pipeline' retrieved from /opt/airflow/dags/pipeline_dag.py
[2026-05-02T00:48:47.185+0000] {logging_mixin.py:188} INFO - [2026-05-02T00:48:47.185+0000] {dag.py:3089} INFO - Sync 1 DAGs
[2026-05-02T00:48:47.220+0000] {logging_mixin.py:188} INFO - [2026-05-02T00:48:47.219+0000] {dag.py:3947} INFO - Setting next_dagrun for data_pipeline to 2026-05-01 06:00:00+00:00, run_after=2026-05-02 06:00:00+00:00
[2026-05-02T00:48:47.258+0000] {processor.py:183} INFO - Processing /opt/airflow/dags/pipeline_dag.py took 0.153 seconds
[2026-05-02T00:49:17.471+0000] {processor.py:161} INFO - Started process (PID=660) to work on /opt/airflow/dags/pipeline_dag.py
[2026-05-02T00:49:17.480+0000] {processor.py:830} INFO - Processing file /opt/airflow/dags/pipeline_dag.py for tasks to queue
[2026-05-02T00:49:17.484+0000] {logging_mixin.py:188} INFO - [2026-05-02T00:49:17.483+0000] {dagbag.py:545} INFO - Filling up the DagBag from /opt/airflow/dags/pipeline_dag.py
[2026-05-02T00:49:17.499+0000] {processor.py:840} INFO - DAG(s) 'data_pipeline' retrieved from /opt/airflow/dags/pipeline_dag.py
[2026-05-02T00:49:17.540+0000] {logging_mixin.py:188} INFO - [2026-05-02T00:49:17.540+0000] {dag.py:3089} INFO - Sync 1 DAGs
[2026-05-02T00:49:17.569+0000] {logging_mixin.py:188} INFO - [2026-05-02T00:49:17.569+0000] {dag.py:3947} INFO - Setting next_dagrun for data_pipeline to 2026-05-01 06:00:00+00:00, run_after=2026-05-02 06:00:00+00:00
[2026-05-02T00:49:17.600+0000] {processor.py:183} INFO - Processing /opt/airflow/dags/pipeline_dag.py took 0.139 seconds
[2026-05-02T00:49:47.670+0000] {processor.py:161} INFO - Started process (PID=665) to work on /opt/airflow/dags/pipeline_dag.py
[2026-05-02T00:49:47.671+0000] {processor.py:830} INFO - Processing file /opt/airflow/dags/pipeline_dag.py for tasks to queue
[2026-05-02T00:49:47.674+0000] {logging_mixin.py:188} INFO - [2026-05-02T00:49:47.673+0000] {dagbag.py:545} INFO - Filling up the DagBag from /opt/airflow/dags/pipeline_dag.py
[2026-05-02T00:49:47.691+0000] {processor.py:840} INFO - DAG(s) 'data_pipeline' retrieved from /opt/airflow/dags/pipeline_dag.py
[2026-05-02T00:49:47.742+0000] {logging_mixin.py:188} INFO - [2026-05-02T00:49:47.742+0000] {dag.py:3089} INFO - Sync 1 DAGs
[2026-05-02T00:49:47.776+0000] {logging_mixin.py:188} INFO - [2026-05-02T00:49:47.776+0000] {dag.py:3947} INFO - Setting next_dagrun for data_pipeline to 2026-05-01 06:00:00+00:00, run_after=2026-05-02 06:00:00+00:00
[2026-05-02T00:49:47.812+0000] {processor.py:183} INFO - Processing /opt/airflow/dags/pipeline_dag.py took 0.154 seconds
[2026-05-02T00:50:17.974+0000] {processor.py:161} INFO - Started process (PID=670) to work on /opt/airflow/dags/pipeline_dag.py
[2026-05-02T00:50:17.983+0000] {processor.py:830} INFO - Processing file /opt/airflow/dags/pipeline_dag.py for tasks to queue
[2026-05-02T00:50:17.986+0000] {logging_mixin.py:188} INFO - [2026-05-02T00:50:17.985+0000] {dagbag.py:545} INFO - Filling up the DagBag from /opt/airflow/dags/pipeline_dag.py
[2026-05-02T00:50:18.003+0000] {processor.py:840} INFO - DAG(s) 'data_pipeline' retrieved from /opt/airflow/dags/pipeline_dag.py
[2026-05-02T00:50:18.059+0000] {logging_mixin.py:188} INFO - [2026-05-02T00:50:18.058+0000] {dag.py:3089} INFO - Sync 1 DAGs
[2026-05-02T00:50:18.096+0000] {logging_mixin.py:188} INFO - [2026-05-02T00:50:18.095+0000] {dag.py:3947} INFO - Setting next_dagrun for data_pipeline to 2026-05-01 06:00:00+00:00, run_after=2026-05-02 06:00:00+00:00
[2026-05-02T00:50:18.134+0000] {processor.py:183} INFO - Processing /opt/airflow/dags/pipeline_dag.py took 0.172 seconds
[2026-05-02T00:50:48.330+0000] {processor.py:161} INFO - Started process (PID=675) to work on /opt/airflow/dags/pipeline_dag.py
[2026-05-02T00:50:48.330+0000] {processor.py:830} INFO - Processing file /opt/airflow/dags/pipeline_dag.py for tasks to queue
[2026-05-02T00:50:48.332+0000] {logging_mixin.py:188} INFO - [2026-05-02T00:50:48.332+0000] {dagbag.py:545} INFO - Filling up the DagBag from /opt/airflow/dags/pipeline_dag.py
[2026-05-02T00:50:48.344+0000] {processor.py:840} INFO - DAG(s) 'data_pipeline' retrieved from /opt/airflow/dags/pipeline_dag.py
[2026-05-02T00:50:48.383+0000] {logging_mixin.py:188} INFO - [2026-05-02T00:50:48.383+0000] {dag.py:3089} INFO - Sync 1 DAGs
[2026-05-02T00:50:48.409+0000] {logging_mixin.py:188} INFO - [2026-05-02T00:50:48.409+0000] {dag.py:3947} INFO - Setting next_dagrun for data_pipeline to 2026-05-01 06:00:00+00:00, run_after=2026-05-02 06:00:00+00:00
[2026-05-02T00:50:48.429+0000] {processor.py:183} INFO - Processing /opt/airflow/dags/pipeline_dag.py took 0.109 seconds
[2026-05-02T00:51:18.515+0000] {processor.py:161} INFO - Started process (PID=680) to work on /opt/airflow/dags/pipeline_dag.py
[2026-05-02T00:51:18.525+0000] {processor.py:830} INFO - Processing file /opt/airflow/dags/pipeline_dag.py for tasks to queue
[2026-05-02T00:51:18.527+0000] {logging_mixin.py:188} INFO - [2026-05-02T00:51:18.526+0000] {dagbag.py:545} INFO - Filling up the DagBag from /opt/airflow/dags/pipeline_dag.py
[2026-05-02T00:51:18.540+0000] {processor.py:840} INFO - DAG(s) 'data_pipeline' retrieved from /opt/airflow/dags/pipeline_dag.py
[2026-05-02T00:51:18.576+0000] {logging_mixin.py:188} INFO - [2026-05-02T00:51:18.576+0000] {dag.py:3089} INFO - Sync 1 DAGs
[2026-05-02T00:51:18.609+0000] {logging_mixin.py:188} INFO - [2026-05-02T00:51:18.609+0000] {dag.py:3947} INFO - Setting next_dagrun for data_pipeline to 2026-05-01 06:00:00+00:00, run_after=2026-05-02 06:00:00+00:00
[2026-05-02T00:51:18.643+0000] {processor.py:183} INFO - Processing /opt/airflow/dags/pipeline_dag.py took 0.135 seconds
[2026-05-02T00:51:48.796+0000] {processor.py:161} INFO - Started process (PID=685) to work on /opt/airflow/dags/pipeline_dag.py
[2026-05-02T00:51:48.797+0000] {processor.py:830} INFO - Processing file /opt/airflow/dags/pipeline_dag.py for tasks to queue
[2026-05-02T00:51:48.800+0000] {logging_mixin.py:188} INFO - [2026-05-02T00:51:48.799+0000] {dagbag.py:545} INFO - Filling up the DagBag from /opt/airflow/dags/pipeline_dag.py
[2026-05-02T00:51:48.818+0000] {processor.py:840} INFO - DAG(s) 'data_pipeline' retrieved from /opt/airflow/dags/pipeline_dag.py
[2026-05-02T00:51:48.865+0000] {logging_mixin.py:188} INFO - [2026-05-02T00:51:48.865+0000] {dag.py:3089} INFO - Sync 1 DAGs
[2026-05-02T00:51:48.898+0000] {logging_mixin.py:188} INFO - [2026-05-02T00:51:48.898+0000] {dag.py:3947} INFO - Setting next_dagrun for data_pipeline to 2026-05-01 06:00:00+00:00, run_after=2026-05-02 06:00:00+00:00
[2026-05-02T00:51:48.933+0000] {processor.py:183} INFO - Processing /opt/airflow/dags/pipeline_dag.py took 0.148 seconds
[2026-05-02T09:24:02.380+0000] {processor.py:161} INFO - Started process (PID=690) to work on /opt/airflow/dags/pipeline_dag.py
[2026-05-02T09:24:02.381+0000] {processor.py:830} INFO - Processing file /opt/ai