[2026-05-01T14:59:42.181+0000] {processor.py:161} INFO - Started process (PID=172) to work on /opt/airflow/dags/pipeline_dag.py
[2026-05-01T14:59:42.182+0000] {processor.py:830} INFO - Processing file /opt/airflow/dags/pipeline_dag.py for tasks to queue
[2026-05-01T14:59:42.182+0000] {logging_mixin.py:188} INFO - [2026-05-01T14:59:42.182+0000] {dagbag.py:545} INFO - Filling up the DagBag from /opt/airflow/dags/pipeline_dag.py
[2026-05-01T14:59:42.185+0000] {logging_mixin.py:188} INFO - [2026-05-01T14:59:42.183+0000] {dagbag.py:355} ERROR - Failed to import: /opt/airflow/dags/pipeline_dag.py
Traceback (most recent call last):
  File "/home/airflow/.local/lib/python3.12/site-packages/airflow/models/dagbag.py", line 351, in parse
    loader.exec_module(new_module)
  File "<frozen importlib._bootstrap_external>", line 995, in exec_module
  File "<frozen importlib._bootstrap>", line 488, in _call_with_frames_removed
  File "/opt/airflow/dags/pipeline_dag.py", line 2, in <module>
    from airflow.operators.bash import BashOperator ,PythonOperator
ImportError: cannot import name 'PythonOperator' from 'airflow.operators.bash' (/home/airflow/.local/lib/python3.12/site-packages/airflow/operators/bash.py)
[2026-05-01T14:59:42.186+0000] {processor.py:842} WARNING - No viable dags retrieved from /opt/airflow/dags/pipeline_dag.py
[2026-05-01T14:59:42.201+0000] {processor.py:183} INFO - Processing /opt/airflow/dags/pipeline_dag.py took 0.024 seconds
[2026-05-01T15:00:12.338+0000] {processor.py:161} INFO - Started process (PID=177) to work on /opt/airflow/dags/pipeline_dag.py
[2026-05-01T15:00:12.339+0000] {processor.py:830} INFO - Processing file /opt/airflow/dags/pipeline_dag.py for tasks to queue
[2026-05-01T15:00:12.340+0000] {logging_mixin.py:188} INFO - [2026-05-01T15:00:12.340+0000] {dagbag.py:545} INFO - Filling up the DagBag from /opt/airflow/dags/pipeline_dag.py
[2026-05-01T15:00:12.344+0000] {logging_mixin.py:188} INFO - [2026-05-01T15:00:12.342+0000] {dagbag.py:355} ERROR - Failed to import: /opt/airflow/dags/pipeline_dag.py
Traceback (most recent call last):
  File "/home/airflow/.local/lib/python3.12/site-packages/airflow/models/dagbag.py", line 351, in parse
    loader.exec_module(new_module)
  File "<frozen importlib._bootstrap_external>", line 995, in exec_module
  File "<frozen importlib._bootstrap>", line 488, in _call_with_frames_removed
  File "/opt/airflow/dags/pipeline_dag.py", line 2, in <module>
    from airflow.operators.bash import BashOperator ,PythonOperator
ImportError: cannot import name 'PythonOperator' from 'airflow.operators.bash' (/home/airflow/.local/lib/python3.12/site-packages/airflow/operators/bash.py)
[2026-05-01T15:00:12.345+0000] {processor.py:842} WARNING - No viable dags retrieved from /opt/airflow/dags/pipeline_dag.py
[2026-05-01T15:00:12.362+0000] {processor.py:183} INFO - Processing /opt/airflow/dags/pipeline_dag.py took 0.028 seconds
[2026-05-01T15:00:42.506+0000] {processor.py:161} INFO - Started process (PID=182) to work on /opt/airflow/dags/pipeline_dag.py
[2026-05-01T15:00:42.515+0000] {processor.py:830} INFO - Processing file /opt/airflow/dags/pipeline_dag.py for tasks to queue
[2026-05-01T15:00:42.517+0000] {logging_mixin.py:188} INFO - [2026-05-01T15:00:42.517+0000] {dagbag.py:545} INFO - Filling up the DagBag from /opt/airflow/dags/pipeline_dag.py
[2026-05-01T15:00:42.521+0000] {logging_mixin.py:188} INFO - [2026-05-01T15:00:42.519+0000] {dagbag.py:355} ERROR - Failed to import: /opt/airflow/dags/pipeline_dag.py
Traceback (most recent call last):
  File "/home/airflow/.local/lib/python3.12/site-packages/airflow/models/dagbag.py", line 351, in parse
    loader.exec_module(new_module)
  File "<frozen importlib._bootstrap_external>", line 995, in exec_module
  File "<frozen importlib._bootstrap>", line 488, in _call_with_frames_removed
  File "/opt/airflow/dags/pipeline_dag.py", line 2, in <module>
    from airflow.operators.bash import BashOperator ,PythonOperator
ImportError: cannot import name 'PythonOperator' from 'airflow.operators.bash' (/home/airflow/.local/lib/python3.12/site-packages/airflow/operators/bash.py)
[2026-05-01T15:00:42.523+0000] {processor.py:842} WARNING - No viable dags retrieved from /opt/airflow/dags/pipeline_dag.py
[2026-05-01T15:00:42.544+0000] {processor.py:183} INFO - Processing /opt/airflow/dags/pipeline_dag.py took 0.042 seconds
[2026-05-01T15:01:12.668+0000] {processor.py:161} INFO - Started process (PID=187) to work on /opt/airflow/dags/pipeline_dag.py
[2026-05-01T15:01:12.668+0000] {processor.py:830} INFO - Processing file /opt/airflow/dags/pipeline_dag.py for tasks to queue
[2026-05-01T15:01:12.670+0000] {logging_mixin.py:188} INFO - [2026-05-01T15:01:12.669+0000] {dagbag.py:545} INFO - Filling up the DagBag from /opt/airflow/dags/pipeline_dag.py
[2026-05-01T15:01:12.672+0000] {logging_mixin.py:188} INFO - [2026-05-01T15:01:12.671+0000] {dagbag.py:355} ERROR - Failed to import: /opt/airflow/dags/pipeline_dag.py
Traceback (most recent call last):
  File "/home/airflow/.local/lib/python3.12/site-packages/airflow/models/dagbag.py", line 351, in parse
    loader.exec_module(new_module)
  File "<frozen importlib._bootstrap_external>", line 995, in exec_module
  File "<frozen importlib._bootstrap>", line 488, in _call_with_frames_removed
  File "/opt/airflow/dags/pipeline_dag.py", line 2, in <module>
    from airflow.operators.bash import BashOperator ,PythonOperator
ImportError: cannot import name 'PythonOperator' from 'airflow.operators.bash' (/home/airflow/.local/lib/python3.12/site-packages/airflow/operators/bash.py)
[2026-05-01T15:01:12.673+0000] {processor.py:842} WARNING - No viable dags retrieved from /opt/airflow/dags/pipeline_dag.py
[2026-05-01T15:01:12.696+0000] {processor.py:183} INFO - Processing /opt/airflow/dags/pipeline_dag.py took 0.035 seconds
[2026-05-01T15:01:42.809+0000] {processor.py:161} INFO - Started process (PID=192) to work on /opt/airflow/dags/pipeline_dag.py
[2026-05-01T15:01:42.818+0000] {processor.py:830} INFO - Processing file /opt/airflow/dags/pipeline_dag.py for tasks to queue
[2026-05-01T15:01:42.819+0000] {logging_mixin.py:188} INFO - [2026-05-01T15:01:42.819+0000] {dagbag.py:545} INFO - Filling up the DagBag from /opt/airflow/dags/pipeline_dag.py
[2026-05-01T15:01:42.822+0000] {logging_mixin.py:188} INFO - [2026-05-01T15:01:42.821+0000] {dagbag.py:355} ERROR - Failed to import: /opt/airflow/dags/pipeline_dag.py
Traceback (most recent call last):
  File "/home/airflow/.local/lib/python3.12/site-packages/airflow/models/dagbag.py", line 351, in parse
    loader.exec_module(new_module)
  File "<frozen importlib._bootstrap_external>", line 995, in exec_module
  File "<frozen importlib._bootstrap>", line 488, in _call_with_frames_removed
  File "/opt/airflow/dags/pipeline_dag.py", line 2, in <module>
    from airflow.operators.bash import BashOperator ,PythonOperator
ImportError: cannot import name 'PythonOperator' from 'airflow.operators.bash' (/home/airflow/.local/lib/python3.12/site-packages/airflow/operators/bash.py)
[2026-05-01T15:01:42.823+0000] {processor.py:842} WARNING - No viable dags retrieved from /opt/airflow/dags/pipeline_dag.py
[2026-05-01T15:01:42.839+0000] {processor.py:183} INFO - Processing /opt/airflow/dags/pipeline_dag.py took 0.034 seconds
[2026-05-01T15:02:12.958+0000] {processor.py:161} INFO - Started process (PID=197) to work on /opt/airflow/dags/pipeline_dag.py
[2026-05-01T15:02:12.958+0000] {processor.py:830} INFO - Processing file /opt/airflow/dags/pipeline_dag.py for tasks to queue
[2026-05-01T15:02:12.959+0000] {logging_mixin.py:188} INFO - [2026-05-01T15:02:12.959+0000] {dagbag.py:545} INFO - Filling up the DagBag from /opt/airflow/dags/pipeline_dag.py
[2026-05-01T15:02:12.963+0000] {logging_mixin.py:188} INFO - [2026-05-01T15:02:12.961+0000] {dagbag.py:355} ERROR - Failed to import: /opt/airflow/dags/pipeline_dag.py
Traceback (most recent call last):
  File "/home/airflow/.local/lib/python3.12/site-packages/airflow/models/dagbag.py", line 351, in parse
    loader.exec_module(new_module)
  File "<frozen importlib._bootstrap_external>", line 995, in exec_module
  File "<frozen importlib._bootstrap>", line 488, in _call_with_frames_removed
  File "/opt/airflow/dags/pipeline_dag.py", line 2, in <module>
    from airflow.operators.bash import BashOperator ,PythonOperator
ImportError: cannot import name 'PythonOperator' from 'airflow.operators.bash' (/home/airflow/.local/lib/python3.12/site-packages/airflow/operators/bash.py)
[2026-05-01T15:02:12.964+0000] {processor.py:842} WARNING - No viable dags retrieved from /opt/airflow/dags/pipeline_dag.py
[2026-05-01T15:02:12.979+0000] {processor.py:183} INFO - Processing /opt/airflow/dags/pipeline_dag.py took 0.026 seconds
[2026-05-01T15:02:43.147+0000] {processor.py:161} INFO - Started process (PID=202) to work on /opt/airflow/dags/pipeline_dag.py
[2026-05-01T15:02:43.156+0000] {processor.py:830} INFO - Processing file /opt/airflow/dags/pipeline_dag.py for tasks to queue
[2026-05-01T15:02:43.157+0000] {logging_mixin.py:188} INFO - [2026-05-01T15:02:43.157+0000] {dagbag.py:545} INFO - Filling up the DagBag from /opt/airflow/dags/pipeline_dag.py
[2026-05-01T15:02:43.159+0000] {logging_mixin.py:188} INFO - [2026-05-01T15:02:43.158+0000] {dagbag.py:355} ERROR - Failed to import: /opt/airflow/dags/pipeline_dag.py
Traceback (most recent call last):
  File "/home/airflow/.local/lib/python3.12/site-packages/airflow/models/dagbag.py", line 351, in parse
    loader.exec_module(new_module)
  File "<frozen importlib._bootstrap_external>", line 995, in exec_module
  File "<frozen importlib._bootstrap>", line 488, in _call_with_frames_removed
  File "/opt/airflow/dags/pipeline_dag.py", line 2, in <module>
    from airflow.operators.bash import BashOperator ,PythonOperator
ImportError: cannot import name 'PythonOperator' from 'airflow.operators.bash' (/home/airflow/.local/lib/python3.12/site-packages/airflow/operators/bash.py)
[2026-05-01T15:02:43.160+0000] {processor.py:842} WARNING - No viable dags retrieved from /opt/airflow/dags/pipeline_dag.py
[2026-05-01T15:02:43.172+0000] {processor.py:183} INFO - Processing /opt/airflow/dags/pipeline_dag.py took 0.029 seconds
[2026-05-01T15:03:13.339+0000] {processor.py:161} INFO - Started process (PID=207) to work on /opt/airflow/dags/pipeline_dag.py
[2026-05-01T15:03:13.339+0000] {processor.py:830} INFO - Processing file /opt/airflow/dags/pipeline_dag.py for tasks to queue
[2026-05-01T15:03:13.340+0000] {logging_mixin.py:188} INFO - [2026-05-01T15:03:13.340+0000] {dagbag.py:545} INFO - Filling up the DagBag from /opt/airflow/dags/pipeline_dag.py
[2026-05-01T15:03:13.342+0000] {logging_mixin.py:188} INFO - [2026-05-01T15:03:13.341+0000] {dagbag.py:355} ERROR - Failed to import: /opt/airflow/dags/pipeline_dag.py
Traceback (most recent call last):
  File "/home/airflow/.local/lib/python3.12/site-packages/airflow/models/dagbag.py", line 351, in parse
    loader.exec_module(new_module)
  File "<frozen importlib._bootstrap_external>", line 995, in exec_module
  File "<frozen importlib._bootstrap>", line 488, in _call_with_frames_removed
  File "/opt/airflow/dags/pipeline_dag.py", line 2, in <module>
    from airflow.operators.bash import BashOperator ,PythonOperator
ImportError: cannot import name 'PythonOperator' from 'airflow.operators.bash' (/home/airflow/.local/lib/python3.12/site-packages/airflow/operators/bash.py)
[2026-05-01T15:03:13.343+0000] {processor.py:842} WARNING - No viable dags retrieved from /opt/airflow/dags/pipeline_dag.py
[2026-05-01T15:03:13.358+0000] {processor.py:183} INFO - Processing /opt/airflow/dags/pipeline_dag.py took 0.022 seconds
[2026-05-01T15:03:43.536+0000] {processor.py:161} INFO - Started process (PID=212) to work on /opt/airflow/dags/pipeline_dag.py
[2026-05-01T15:03:43.545+0000] {processor.py:830} INFO - Processing file /opt/airflow/dags/pipeline_dag.py for tasks to queue
[2026-05-01T15:03:43.546+0000] {logging_mixin.py:188} INFO - [2026-05-01T15:03:43.546+0000] {dagbag.py:545} INFO - Filling up the DagBag from /opt/airflow/dags/pipeline_dag.py
[2026-05-01T15:03:43.548+0000] {logging_mixin.py:188} INFO - [2026-05-01T15:03:43.547+0000] {dagbag.py:355} ERROR - Failed to import: /opt/airflow/dags/pipeline_dag.py
Traceback (most recent call last):
  File "/home/airflow/.local/lib/python3.12/site-packages/airflow/models/dagbag.py", line 351, in parse
    loader.exec_module(new_module)
  File "<frozen importlib._bootstrap_external>", line 995, in exec_module
  File "<frozen importlib._bootstrap>", line 488, in _call_with_frames_removed
  File "/opt/airflow/dags/pipeline_dag.py", line 2, in <module>
    from airflow.operators.bash import BashOperator ,PythonOperator
ImportError: cannot import name 'PythonOperator' from 'airflow.operators.bash' (/home/airflow/.local/lib/python3.12/site-packages/airflow/operators/bash.py)
[2026-05-01T15:03:43.549+0000] {processor.py:842} WARNING - No viable dags retrieved from /opt/airflow/dags/pipeline_dag.py
[2026-05-01T15:03:43.563+0000] {processor.py:183} INFO - Processing /opt/airflow/dags/pipeline_dag.py took 0.030 seconds
[2026-05-01T15:04:13.675+0000] {processor.py:161} INFO - Started process (PID=217) to work on /opt/airflow/dags/pipeline_dag.py
[2026-05-01T15:04:13.675+0000] {processor.py:830} INFO - Processing file /opt/airflow/dags/pipeline_dag.py for tasks to queue
[2026-05-01T15:04:13.676+0000] {logging_mixin.py:188} INFO - [2026-05-01T15:04:13.676+0000] {dagbag.py:545} INFO - Filling up the DagBag from /opt/airflow/dags/pipeline_dag.py
[2026-05-01T15:04:13.678+0000] {logging_mixin.py:188} INFO - [2026-05-01T15:04:13.677+0000] {dagbag.py:355} ERROR - Failed to import: /opt/airflow/dags/pipeline_dag.py
Traceback (most recent call last):
  File "/home/airflow/.local/lib/python3.12/site-packages/airflow/models/dagbag.py", line 351, in parse
    loader.exec_module(new_module)
  File "<frozen importlib._bootstrap_external>", line 995, in exec_module
  File "<frozen importlib._bootstrap>", line 488, in _call_with_frames_removed
  File "/opt/airflow/dags/pipeline_dag.py", line 2, in <module>
    from airflow.operators.bash import BashOperator ,PythonOperator
ImportError: cannot import name 'PythonOperator' from 'airflow.operators.bash' (/home/airflow/.local/lib/python3.12/site-packages/airflow/operators/bash.py)
[2026-05-01T15:04:13.679+0000] {processor.py:842} WARNING - No viable dags retrieved from /opt/airflow/dags/pipeline_dag.py
[2026-05-01T15:04:13.695+0000] {processor.py:183} INFO - Processing /opt/airflow/dags/pipeline_dag.py took 0.023 seconds
[2026-05-01T15:04:43.842+0000] {processor.py:161} INFO - Started process (PID=222) to work on /opt/airflow/dags/pipeline_dag.py
[2026-05-01T15:04:43.852+0000] {processor.py:830} INFO - Processing file /opt/airflow/dags/pipeline_dag.py for tasks to queue
[2026-05-01T15:04:43.854+0000] {logging_mixin.py:188} INFO - [2026-05-01T15:04:43.853+0000] {dagbag.py:545} INFO - Filling up the DagBag from /opt/airflow/dags/pipeline_dag.py
[2026-05-01T15:04:43.858+0000] {logging_mixin.py:188} INFO - [2026-05-01T15:04:43.856+0000] {dagbag.py:355} ERROR - Failed to import: /opt/airflow/dags/pipeline_dag.py
Traceback (most recent call last):
  File "/home/airflow/.local/lib/python3.12/site-packages/airflow/models/dagbag.py", line 351, in parse
    loader.exec_module(new_module)
  File "<frozen importlib._bootstrap_external>", line 995, in exec_module
  File "<frozen importlib._bootstrap>", line 488, in _call_with_frames_removed
  File "/opt/airflow/dags/pipeline_dag.py", line 2, in <module>
    from airflow.operators.bash import BashOperator ,PythonOperator
ImportError: cannot import name 'PythonOperator' from 'airflow.operators.bash' (/home/airflow/.local/lib/python3.12/site-packages/airflow/operators/bash.py)
[2026-05-01T15:04:43.859+0000] {processor.py:842} WARNING - No viable dags retrieved from /opt/airflow/dags/pipeline_dag.py
[2026-05-01T15:04:43.877+0000] {processor.py:183} INFO - Processing /opt/airflow/dags/pipeline_dag.py took 0.040 seconds
[2026-05-01T15:04:47.877+0000] {processor.py:161} INFO - Started process (PID=227) to work on /opt/airflow/dags/pipeline_dag.py
[2026-05-01T15:04:47.878+0000] {processor.py:830} INFO - Processing file /opt/airflow/dags/pipeline_dag.py for tasks to queue
[2026-05-01T15:04:47.880+0000] {logging_mixin.py:188} INFO - [2026-05-01T15:04:47.879+0000] {dagbag.py:545} INFO - Filling up the DagBag from /opt/airflow/dags/pipeline_dag.py
[2026-05-01T15:04:47.920+0000] {processor.py:840} INFO - DAG(s) 'data_pipeline' retrieved from /opt/airflow/dags/pipeline_dag.py
[2026-05-01T15:04:48.203+0000] {logging_mixin.py:188} INFO - [2026-05-01T15:04:48.202+0000] {override.py:1858} INFO - Created Permission View: can delete on DAG:data_pipeline
[2026-05-01T15:04:48.209+0000] {logging_mixin.py:188} INFO - [2026-05-01T15:04:48.209+0000] {override.py:1858} INFO - Created Permission View: can edit on DAG:data_pipeline
[2026-05-01T15:04:48.213+0000] {logging_mixin.py:188} INFO - [2026-05-01T15:04:48.213+0000] {override.py:1858} INFO - Created Permission View: can read on DAG:data_pipeline
[2026-05-01T15:04:48.214+0000] {logging_mixin.py:188} INFO - [2026-05-01T15:04:48.214+0000] {dag.py:3089} INFO - Sync 1 DAGs
[2026-05-01T15:04:48.219+0000] {logging_mixin.py:188} INFO - [2026-05-01T15:04:48.219+0000] {dag.py:3111} INFO - Creating ORM DAG for data_pipeline
[2026-05-01T15:04:48.225+0000] {logging_mixin.py:188} INFO - [2026-05-01T15:04:48.225+0000] {dag.py:3947} INFO - Setting next_dagrun for data_pipeline to 2026-04-30 06:00:00+00:00, run_after=2026-05-01 06:00:00+00:00
[2026-05-01T15:04:48.235+0000] {processor.py:183} INFO - Processing /opt/airflow/dags/pipeline_dag.py took 0.365 seconds
[2026-05-01T15:05:18.390+0000] {processor.py:161} INFO - Started process (PID=232) to work on /opt/airflow/dags/pipeline_dag.py
[2026-05-01T15:05:18.400+0000] {processor.py:830} INFO - Processing file /opt/airflow/dags/pipeline_dag.py for tasks to queue
[2026-05-01T15:05:18.403+0000] {logging_mixin.py:188} INFO - [2026-05-01T15:05:18.402+0000] {dagbag.py:545} INFO - Filling up the DagBag from /opt/airflow/dags/pipeline_dag.py
[2026-05-01T15:05:18.412+0000] {processor.py:840} INFO - DAG(s) 'data_pipeline' retrieved from /opt/airflow/dags/pipeline_dag.py
[2026-05-01T15:05:18.433+0000] {logging_mixin.py:188} INFO - [2026-05-01T15:05:18.433+0000] {dag.py:3089} INFO - Sync 1 DAGs
[2026-05-01T15:05:18.446+0000] {logging_mixin.py:188} INFO - [2026-05-01T15:05:18.446+0000] {dag.py:3947} INFO - Setting next_dagrun for data_pipeline to 2026-04-30 06:00:00+00:00, run_after=2026-05-01 06:00:00+00:00
[2026-05-01T15:05:18.461+0000] {processor.py:183} INFO - Processing /opt/airflow/dags/pipeline_dag.py took 0.076 seconds
[2026-05-01T15:05:48.560+0000] {processor.py:161} INFO - Started process (PID=249) to work on /opt/airflow/dags/pipeline_dag.py
[2026-05-01T15:05:48.560+0000] {processor.py:830} INFO - Processing file /opt/airflow/dags/pipeline_dag.py for tasks to queue
[2026-05-01T15:05:48.561+0000] {logging_mixin.py:188} INFO - [2026-05-01T15:05:48.561+0000] {dagbag.py:545} INFO - Filling up the DagBag from /opt/airflow/dags/pipeline_dag.py
[2026-05-01T15:05:48.569+0000] {processor.py:840} INFO - DAG(s) 'data_pipeline' retrieved from /opt/airflow/dags/pipeline_dag.py
[2026-05-01T15:05:48.635+0000] {logging_mixin.py:188} INFO - [2026-05-01T15:05:48.635+0000] {dag.py:3089} INFO - Sync 1 DAGs
[2026-05-01T15:05:48.647+0000] {logging_mixin.py:188} INFO - [2026-05-01T15:05:48.647+0000] {dag.py:3947} INFO - Setting next_dagrun for data_pipeline to 2026-05-01 06:00:00+00:00, run_after=2026-05-02 06:00:00+00:00
[2026-05-01T15:05:48.659+0000] {processor.py:183} INFO - Processing /opt/airflow/dags/pipeline_dag.py took 0.106 seconds
[2026-05-01T15:06:18.813+0000] {processor.py:161} INFO - Started process (PID=254) to work on /opt/airflow/dags/pipeline_dag.py
[2026-05-01T15:06:18.822+0000] {processor.py:830} INFO - Processing file /opt/airflow/dags/pipeline_dag.py for tasks to queue
[2026-05-01T15:06:18.823+0000] {logging_mixin.py:188} INFO - [2026-05-01T15:06:18.823+0000] {dagbag.py:545} INFO - Filling up the DagBag from /opt/airflow/dags/pipeline_dag.py
[2026-05-01T15:06:18.829+0000] {processor.py:840} INFO - DAG(s) 'data_pipeline' retrieved from /opt/airflow/dags/pipeline_dag.py
[2026-05-01T15:06:18.848+0000] {logging_mixin.py:188} INFO - [2026-05-01T15:06:18.848+0000] {dag.py:3089} INFO - Sync 1 DAGs
[2026-05-01T15:06:18.860+0000] {logging_mixin.py:188} INFO - [2026-05-01T15:06:18.860+0000] {dag.py:3947} INFO - Setting next_dagrun for data_pipeline to 2026-05-01 06:00:00+00:00, run_after=2026-05-02 06:00:00+00:00
[2026-05-01T15:06:18.872+0000] {processor.py:183} INFO - Processing /opt/airflow/dags/pipeline_dag.py took 0.062 seconds
[2026-05-01T15:06:49.009+0000] {processor.py:161} INFO - Started process (PID=271) to work on /opt/airflow/dags/pipeline_dag.py
[2026-05-01T15:06:49.009+0000] {processor.py:830} INFO - Processing file /opt/airflow/dags/pipeline_dag.py for tasks to queue
[2026-05-01T15:06:49.010+0000] {logging_mixin.py:188} INFO - [2026-05-01T15:06:49.010+0000] {dagbag.py:545} INFO - Filling up the DagBag from /opt/airflow/dags/pipeline_dag.py
[2026-05-01T15:06:49.017+0000] {processor.py:840} INFO - DAG(s) 'data_pipeline' retrieved from /opt/airflow/dags/pipeline_dag.py
[2026-05-01T15:06:49.041+0000] {logging_mixin.py:188} INFO - [2026-05-01T15:06:49.041+0000] {dag.py:3089} INFO - Sync 1 DAGs
[2026-05-01T15:06:49.054+0000] {logging_mixin.py:188} INFO - [2026-05-01T15:06:49.054+0000] {dag.py:3947} INFO - Setting next_dagrun for data_pipeline to 2026-05-01 06:00:00+00:00, run_after=2026-05-02 06:00:00+00:00
[2026-05-01T15:06:49.064+0000] {processor.py:183} INFO - Processing /opt/airflow/dags/pipeline_dag.py took 0.061 seconds
[2026-05-01T15:07:19.192+0000] {processor.py:161} INFO - Started process (PID=276) to work on /opt/airflow/dags/pipeline_dag.py
[2026-05-01T15:07:19.193+0000] {processor.py:830} INFO - Processing file /opt/airflow/dags/pipeline_dag.py for tasks to queue
[2026-05-01T15:07:19.194+0000] {logging_mixin.py:188} INFO - [2026-05-01T15:07:19.193+0000] {dagbag.py:545} INFO - Filling up the DagBag from /opt/airflow/dags/pipeline_dag.py
[2026-05-01T15:07:19.199+0000] {processor.py:840} INFO - DAG(s) 'data_pipeline' retrieved from /opt/airflow/dags/pipeline_dag.py
[2026-05-01T15:07:19.218+0000] {logging_mixin.py:188} INFO - [2026-05-01T15:07:19.217+0000] {dag.py:3089} INFO - Sync 1 DAGs
[2026-05-01T15:07:19.231+0000] {logging_mixin.py:188} INFO - [2026-05-01T15:07:19.231+0000] {dag.py:3947} INFO - Setting next_dagrun for data_pipeline to 2026-05-01 06:00:00+00:00, run_after=2026-05-02 06:00:00+00:00
[2026-05-01T15:07:19.243+0000] {processor.py:183} INFO - Processing /opt/airflow/dags/pipeline_dag.py took 0.055 seconds
[2026-05-01T15:07:49.361+0000] {processor.py:161} INFO - Started process (PID=281) to work on /opt/airflow/dags/pipeline_dag.py
[2026-05-01T15:07:49.361+0000] {processor.py:830} INFO - Processing file /opt/airflow/dags/pipeline_dag.py for tasks to queue
[2026-05-01T15:07:49.362+0000] {logging_mixin.py:188} INFO - [2026-05-01T15:07:49.362+0000] {dagbag.py:545} INFO - Filling up the DagBag from /opt/airflow/dags/pipeline_dag.py
[2026-05-01T15:07:49.368+0000] {processor.py:840} INFO - DAG(s) 'data_pipeline' retrieved from /opt/airflow/dags/pipeline_dag.py
[2026-05-01T15:07:49.385+0000] {logging_mixin.py:188} INFO - [2026-05-01T15:07:49.385+0000] {dag.py:3089} INFO - Sync 1 DAGs
[2026-05-01T15:07:49.397+0000] {logging_mixin.py:188} INFO - [2026-05-01T15:07:49.397+0000] {dag.py:3947} INFO - Setting next_dagrun for data_pipeline to 2026-05-01 06:00:00+00:00, run_after=2026-05-02 06:00:00+00:00
[2026-05-01T15:07:49.409+0000] {processor.py:183} INFO - Processing /opt/airflow/dags/pipeline_dag.py took 0.054 seconds
[2026-05-01T15:08:19.544+0000] {processor.py:161} INFO - Started process (PID=286) to work on /opt/airflow/dags/pipeline_dag.py
[2026-05-01T15:08:19.553+0000] {processor.py:830} INFO - Processing file /opt/airflow/dags/pipeline_dag.py for tasks to queue
[2026-05-01T15:08:19.556+0000] {logging_mixin.py:188} INFO - [2026-05-01T15:08:19.555+0000] {dagbag.py:545} INFO - Filling up the DagBag from /opt/airflow/dags/pipeline_dag.py
[2026-05-01T15:08:19.566+0000] {processor.py:840} INFO - DAG(s) 'data_pipeline' retrieved from /opt/airflow/dags/pipeline_dag.py
[2026-05-01T15:08:19.582+0000] {logging_mixin.py:188} INFO - [2026-05-01T15:08:19.582+0000] {dag.py:3089} INFO - Sync 1 DAGs
[2026-05-01T15:08:19.594+0000] {logging_mixin.py:188} INFO - [2026-05-01T15:08:19.594+0000] {dag.py:3947} INFO - Setting next_dagrun for data_pipeline to 2026-05-01 06:00:00+00:00, run_after=2026-05-02 06:00:00+00:00
[2026-05-01T15:08:19.606+0000] {processor.py:183} INFO - Processing /opt/airflow/dags/pipeline_dag.py took 0.068 seconds
[2026-05-01T15:08:49.734+0000] {processor.py:161} INFO - Started process (PID=291) to work on /opt/airflow/dags/pipeline_dag.py
[2026-05-01T15:08:49.735+0000] {processor.py:830} INFO - Processing file /opt/airflow/dags/pipeline_dag.py for tasks to queue
[2026-05-01T15:08:49.736+0000] {logging_mixin.py:188} INFO - [2026-05-01T15:08:49.736+0000] {dagbag.py:545} INFO - Filling up the DagBag from /opt/airflow/dags/pipeline_dag.py
[2026-05-01T15:08:49.743+0000] {processor.py:840} INFO - DAG(s) 'data_pipeline' retrieved from /opt/airflow/dags/pipeline_dag.py
[2026-05-01T15:08:49.766+0000] {logging_mixin.py:188} INFO - [2026-05-01T15:08:49.766+0000] {dag.py:3089} INFO - Sync 1 DAGs
[2026-05-01T15:08:49.778+0000] {logging_mixin.py:188} INFO - [2026-05-01T15:08:49.778+0000] {dag.py:3947} INFO - Setting next_dagrun for data_pipeline to 2026-05-01 06:00:00+00:00, run_after=2026-05-02 06:00:00+00:00
[2026-05-01T15:08:49.790+0000] {processor.py:183} INFO - Processing /opt/airflow/dags/pipeline_dag.py took 0.061 seconds
[2026-05-01T15:09:19.909+0000] {processor.py:161} INFO - Started process (PID=296) to work on /opt/airflow/dags/pipeline_dag.py
[2026-05-01T15:09:19.910+0000] {processor.py:830} INFO - Processing file /opt/airflow/dags/pipeline_dag.py for tasks to queue
[2026-05-01T15:09:19.911+0000] {logging_mixin.py:188} INFO - [2026-05-01T15:09:19.911+0000] {dagbag.py:545} INFO - Filling up the DagBag from /opt/airflow/dags/pipeline_dag.py
[2026-05-01T15:09:19.917+0000] {processor.py:840} INFO - DAG(s) 'data_pipeline' retrieved from /opt/airflow/dags/pipeline_dag.py
[2026-05-01T15:09:19.939+0000] {logging_mixin.py:188} INFO - [2026-05-01T15:09:19.939+0000] {dag.py:3089} INFO - Sync 1 DAGs
[2026-05-01T15:09:19.951+0000] {logging_mixin.py:188} INFO - [2026-05-01T15:09:19.951+0000] {dag.py:3947} INFO - Setting next_dagrun for data_pipeline to 2026-05-01 06:00:00+00:00, run_after=2026-05-02 06:00:00+00:00
[2026-05-01T15:09:19.962+0000] {processor.py:183} INFO - Processing /opt/airflow/dags/pipeline_dag.py took 0.059 seconds
[2026-05-01T15:09:50.081+0000] {processor.py:161} INFO - Started process (PID=301) to work on /opt/airflow/dags/pipeline_dag.py
[2026-05-01T15:09:50.082+0000] {processor.py:830} INFO - Processing file /opt/airflow/dags/pipeline_dag.py for tasks to queue
[2026-05-01T15:09:50.082+0000] {logging_mixin.py:188} INFO - [2026-05-01T15:09:50.082+0000] {dagbag.py:545} INFO - Filling up the DagBag from /opt/airflow/dags/pipeline_dag.py
[2026-05-01T15:09:50.088+0000] {processor.py:840} INFO - DAG(s) 'data_pipeline' retrieved from /opt/airflow/dags/pipeline_dag.py
[2026-05-01T15:09:50.105+0000] {logging_mixin.py:188} INFO - [2026-05-01T15:09:50.105+0000] {dag.py:3089} INFO - Sync 1 DAGs
[2026-05-01T15:09:50.118+0000] {logging_mixin.py:188} INFO - [2026-05-01T15:09:50.118+0000] {dag.py:3947} INFO - Setting next_dagrun for data_pipeline to 2026-05-01 06:00:00+00:00, run_after=2026-05-02 06:00:00+00:00
[2026-05-01T15:09:50.129+0000] {processor.py:183} INFO - Processing /opt/airflow/dags/pipeline_dag.py took 0.053 seconds
[2026-05-01T15:10:20.238+0000] {processor.py:161} INFO - Started process (PID=306) to work on /opt/airflow/dags/pipeline_dag.py
[2026-05-01T15:10:20.247+0000] {processor.py:830} INFO - Processing file /opt/airflow/dags/pipeline_dag.py for tasks to queue
[2026-05-01T15:10:20.249+0000] {logging_mixin.py:188} INFO - [2026-05-01T15:10:20.249+0000] {dagbag.py:545} INFO - Filling up the DagBag from /opt/airflow/dags/pipeline_dag.py
[2026-05-01T15:10:20.256+0000] {processor.py:840} INFO - DAG(s) 'data_pipeline' retrieved from /opt/airflow/dags/pipeline_dag.py
[2026-05-01T15:10:20.275+0000] {logging_mixin.py:188} INFO - [2026-05-01T15:10:20.275+0000] {dag.py:3089} INFO - Sync 1 DAGs
[2026-05-01T15:10:20.288+0000] {logging_mixin.py:188} INFO - [2026-05-01T15:10:20.288+0000] {dag.py:3947} INFO - Setting next_dagrun for data_pipeline to 2026-05-01 06:00:00+00:00, run_after=2026-05-02 06:00:00+00:00
[2026-05-01T15:10:20.300+0000] {processor.py:183} INFO - Processing /opt/airflow/dags/pipeline_dag.py took 0.070 seconds
[2026-05-01T15:10:50.435+0000] {processor.py:161} INFO - Started process (PID=311) to work on /opt/airflow/dags/pipeline_dag.py
[2026-05-01T15:10:50.436+0000] {processor.py:830} INFO - Processing file /opt/airflow/dags/pipeline_dag.py for tasks to queue
[2026-05-01T15:10:50.437+0000] {logging_mixin.py:188} INFO - [2026-05-01T15:10:50.437+0000] {dagbag.py:545} INFO - Filling up the DagBag from /opt/airflow/dags/pipeline_dag.py
[2026-05-01T15:10:50.443+0000] {processor.py:840} INFO - DAG(s) 'data_pipeline' retrieved from /opt/airflow/dags/pipeline_dag.py
[2026-05-01T15:10:50.467+0000] {logging_mixin.py:188} INFO - [2026-05-01T15:10:50.467+0000] {dag.py:3089} INFO - Sync 1 DAGs
[2026-05-01T15:10:50.482+0000] {logging_mixin.py:188} INFO - [2026-05-01T15:10:50.482+0000] {dag.py:3947} INFO - Setting next_dagrun for data_pipeline to 2026-05-01 06:00:00+00:00, run_after=2026-05-02 06:00:00+00:00
[2026-05-01T15:10:50.494+0000] {processor.py:183} INFO - Processing /opt/airflow/dags/pipeline_dag.py took 0.067 seconds
[2026-05-01T15:11:20.623+0000] {processor.py:161} INFO - Started process (PID=316) to work on /opt/airflow/dags/pipeline_dag.py
[2026-05-01T15:11:20.632+0000] {processor.py:830} INFO - Processing file /opt/airflow/dags/pipeline_dag.py for tasks to queue
[2026-05-01T15:11:20.634+0000] {logging_mixin.py:188} INFO - [2026-05-01T15:11:20.634+0000] {dagbag.py:545} INFO - Filling up the DagBag from /opt/airflow/dags/pipeline_dag.py
[2026-05-01T15:11:20.642+0000] {processor.py:840} INFO - DAG(s) 'data_pipeline' retrieved from /opt/airflow/dags/pipeline_dag.py
[2026-05-01T15:11:20.659+0000] {logging_mixin.py:188} INFO - [2026-05-01T15:11:20.659+0000] {dag.py:3089} INFO - Sync 1 DAGs
[2026-05-01T15:11:20.671+0000] {logging_mixin.py:188} INFO - [2026-05-01T15:11:20.671+0000] {dag.py:3947} INFO - Setting next_dagrun for data_pipeline to 2026-05-01 06:00:00+00:00, run_after=2026-05-02 06:00:00+00:00
[2026-05-01T15:11:20.683+0000] {processor.py:183} INFO - Processing /opt/airflow/dags/pipeline_dag.py took 0.068 seconds
[2026-05-01T15:11:50.798+0000] {processor.py:161} INFO - Started process (PID=321) to work on /opt/airflow/dags/pipeline_dag.py
[2026-05-01T15:11:50.799+0000] {processor.py:830} INFO - Processing file /opt/airflow/dags/pipeline_dag.py for tasks to queue
[2026-05-01T15:11:50.800+0000] {logging_mixin.py:188} INFO - [2026-05-01T15:11:50.800+0000] {dagbag.py:545} INFO - Filling up the DagBag from /opt/airflow/dags/pipeline_dag.py
[2026-05-01T15:11:50.806+0000] {processor.py:840} INFO - DAG(s) 'data_pipeline' retrieved from /opt/airflow/dags/pipeline_dag.py
[2026-05-01T15:11:50.824+0000] {logging_mixin.py:188} INFO - [2026-05-01T15:11:50.824+0000] {dag.py:3089} INFO - Sync 1 DAGs
[2026-05-01T15:11:50.836+0000] {logging_mixin.py:188} INFO - [2026-05-01T15:11:50.836+0000] {dag.py:3947} INFO - Setting next_dagrun for data_pipeline to 2026-05-01 06:00:00+00:00, run_after=2026-05-02 06:00:00+00:00
[2026-05-01T15:11:50.848+0000] {processor.py:183} INFO - Processing /opt/airflow/dags/pipeline_dag.py took 0.058 seconds
[2026-05-01T15:12:20.983+0000] {processor.py:161} INFO - Started process (PID=326) to work on /opt/airflow/dags/pipeline_dag.py
[2026-05-01T15:12:20.992+0000] {processor.py:830} INFO - Processing file /opt/airflow/dags/pipeline_dag.py for tasks to queue
[2026-05-01T15:12:20.993+0000] {logging_mixin.py:188} INFO - [2026-05-01T15:12:20.993+0000] {dagbag.py:545} INFO - Filling up the DagBag from /opt/airflow/dags/pipeline_dag.py
[2026-05-01T15:12:20.999+0000] {processor.py:840} INFO - DAG(s) 'data_pipeline' retrieved from /opt/airflow/dags/pipeline_dag.py
[2026-05-01T15:12:21.018+0000] {logging_mixin.py:188} INFO - [2026-05-01T15:12:21.018+0000] {dag.py:3089} INFO - Sync 1 DAGs
[2026-05-01T15:12:21.032+0000] {logging_mixin.py:188} INFO - [2026-05-01T15:12:21.031+0000] {dag.py:3947} INFO - Setting next_dagrun for data_pipeline to 2026-05-01 06:00:00+00:00, run_after=2026-05-02 06:00:00+00:00
[2026-05-01T15:12:21.043+0000] {processor.py:183} INFO - Processing /opt/airflow/dags/pipeline_dag.py took 0.064 seconds
[2026-05-01T15:12:51.179+0000] {processor.py:161} INFO - Started process (PID=331) to work on /opt/airflow/dags/pipeline_dag.py
[2026-05-01T15:12:51.179+0000] {processor.py:830} INFO - Processing file /opt/airflow/dags/pipeline_dag.py for tasks to queue
[2026-05-01T15:12:51.181+0000] {logging_mixin.py:188} INFO - [2026-05-01T15:12:51.180+0000] {dagbag.py:545} INFO - Filling up the DagBag from /opt/airflow/dags/pipeline_dag.py
[2026-05-01T15:12:51.188+0000] {processor.py:840} INFO - DAG(s) 'data_pipeline' retrieved from /opt/airflow/dags/pipeline_dag.py
[2026-05-01T15:12:51.209+0000] {logging_mixin.py:188} INFO - [2026-05-01T15:12:51.209+0000] {dag.py:3089} INFO - Sync 1 DAGs
[2026-05-01T15:12:51.222+0000] {logging_mixin.py:188} INFO - [2026-05-01T15:12:51.222+0000] {dag.py:3947} INFO - Setting next_dagrun for data_pipeline to 2026-05-01 06:00:00+00:00, run_after=2026-05-02 06:00:00+00:00
[2026-05-01T15:12:51.233+0000] {processor.py:183} INFO - Processing /opt/airflow/dags/pipeline_dag.py took 0.060 seconds
[2026-05-01T15:13:21.368+0000] {processor.py:161} INFO - Started process (PID=336) to work on /opt/airflow/dags/pipeline_dag.py
[2026-05-01T15:13:21.369+0000] {processor.py:830} INFO - Processing file /opt/airflow/dags/pipeline_dag.py for tasks to queue
[2026-05-01T15:13:21.370+0000] {logging_mixin.py:188} INFO - [2026-05-01T15:13:21.370+0000] {dagbag.py:545} INFO - Filling up the DagBag from /opt/airflow/dags/pipeline_dag.py
[2026-05-01T15:13:21.376+0000] {processor.py:840} INFO - DAG(s) 'data_pipeline' retrieved from /opt/airflow/dags/pipeline_dag.py
[2026-05-01T15:13:21.403+0000] {logging_mixin.py:188} INFO - [2026-05-01T15:13:21.403+0000] {dag.py:3089} INFO - Sync 1 DAGs
[2026-05-01T15:13:21.415+0000] {logging_mixin.py:188} INFO - [2026-05-01T15:13:21.415+0000] {dag.py:3947} INFO - Setting next_dagrun for data_pipeline to 2026-05-01 06:00:00+00:00, run_after=2026-05-02 06:00:00+00:00
[2026-05-01T15:13:21.426+0000] {processor.py:183} INFO - Processing /opt/airflow/dags/pipeline_dag.py took 0.063 seconds
[2026-05-01T15:13:51.562+0000] {processor.py:161} INFO - Started process (PID=341) to work on /opt/airflow/dags/pipeline_dag.py
[2026-05-01T15:13:51.562+0000] {processor.py:830} INFO - Processing file /opt/airflow/dags/pipeline_dag.py for tasks to queue
[2026-05-01T15:13:51.563+0000] {logging_mixin.py:188} INFO - [2026-05-01T15:13:51.563+0000] {dagbag.py:545} INFO - Filling up the DagBag from /opt/airflow/dags/pipeline_dag.py
[2026-05-01T15:13:51.569+0000] {processor.py:840} INFO - DAG(s) 'data_pipeline' retrieved from /opt/airflow/dags/pipeline_dag.py
[2026-05-01T15:13:51.586+0000] {logging_mixin.py:188} INFO - [2026-05-01T15:13:51.586+0000] {dag.py:3089} INFO - Sync 1 DAGs
[2026-05-01T15:13:51.599+0000] {logging_mixin.py:188} INFO - [2026-05-01T15:13:51.599+0000] {dag.py:3947} INFO - Setting next_dagrun for data_pipeline to 2026-05-01 06:00:00+00:00, run_after=2026-05-02 06:00:00+00:00
[2026-05-01T15:13:51.610+0000] {processor.py:183} INFO - Processing /opt/airflow/dags/pipeline_dag.py took 0.054 seconds
[2026-05-01T15:14:21.764+0000] {processor.py:161} INFO - Started process (PID=346) to work on /opt/airflow/dags/pipeline_dag.py
[2026-05-01T15:14:21.773+0000] {processor.py:830} INFO - Processing file /opt/airflow/dags/pipeline_dag.py for tasks to queue
[2026-05-01T15:14:21.775+0000] {logging_mixin.py:188} INFO - [2026-05-01T15:14:21.775+0000] {dagbag.py:545} INFO - Filling up the DagBag from /opt/airflow/dags/pipeline_dag.py
[2026-05-01T15:14:21.783+0000] {processor.py:840} INFO - DAG(s) 'data_pipeline' retrieved from /opt/airflow/dags/pipeline_dag.py
[2026-05-01T15:14:21.801+0000] {logging_mixin.py:188} INFO - [2026-05-01T15:14:21.800+0000] {dag.py:3089} INFO - Sync 1 DAGs
[2026-05-01T15:14:21.813+0000] {logging_mixin.py:188} INFO - [2026-05-01T15:14:21.813+0000] {dag.py:3947} INFO - Setting next_dagrun for data_pipeline to 2026-05-01 06:00:00+00:00, run_after=2026-05-02 06:00:00+00:00
[2026-05-01T15:14:21.825+0000] {processor.py:183} INFO - Processing /opt/airflow/dags/pipeline_dag.py took 0.067 seconds
[2026-05-01T15:14:51.947+0000] {processor.py:161} INFO - Started process (PID=351) to work on /opt/airflow/dags/pipeline_dag.py
[2026-05-01T15:14:51.947+0000] {processor.py:830} INFO - Processing file /opt/airflow/dags/pipeline_dag.py for tasks to queue
[2026-05-01T15:14:51.948+0000] {logging_mixin.py:188} INFO - [2026-05-01T15:14:51.948+0000] {dagbag.py:545} INFO - Filling up the DagBag from /opt/airflow/dags/pipeline_dag.py
[2026-05-01T15:14:51.955+0000] {processor.py:840} INFO - DAG(s) 'data_pipeline' retrieved from /opt/airflow/dags/pipeline_dag.py
[2026-05-01T15:14:51.975+0000] {logging_mixin.py:188} INFO - [2026-05-01T15:14:51.975+0000] {dag.py:3089} INFO - Sync 1 DAGs
[2026-05-01T15:14:51.987+0000] {logging_mixin.py:188} INFO - [2026-05-01T15:14:51.987+0000] {dag.py:3947} INFO - Setting next_dagrun for data_pipeline to 2026-05-01 06:00:00+00:00, run_after=2026-05-02 06:00:00+00:00
[2026-05-01T15:14:51.999+0000] {processor.py:183} INFO - Processing /opt/airflow/dags/pipeline_dag.py took 0.058 seconds
[2026-05-01T15:15:22.146+0000] {processor.py:161} INFO - Started process (PID=356) to work on /opt/airflow/dags/pipeline_dag.py
[2026-05-01T15:15:22.155+0000] {processor.py:830} INFO - Processing file /opt/airflow/dags/pipeline_dag.py for tasks to queue
[2026-05-01T15:15:22.156+0000] {logging_mixin.py:188} INFO - [2026-05-01T15:15:22.156+0000] {dagbag.py:545} INFO - Filling up the DagBag from /opt/airflow/dags/pipeline_dag.py
[2026-05-01T15:15:22.162+0000] {processor.py:840} INFO - DAG(s) 'data_pipeline' retrieved from /opt/airflow/dags/pipeline_dag.py
[2026-05-01T15:15:22.179+0000] {logging_mixin.py:188} INFO - [2026-05-01T15:15:22.178+0000] {dag.py:3089} INFO - Sync 1 DAGs
[2026-05-01T15:15:22.191+0000] {logging_mixin.py:188} INFO - [2026-05-01T15:15:22.191+0000] {dag.py:3947} INFO - Setting next_dagrun for data_pipeline to 2026-05-01 06:00:00+00:00, run_after=2026-05-02 06:00:00+00:00
[2026-05-01T15:15:22.204+0000] {processor.py:183} INFO - Processing /opt/airflow/dags/pipeline_dag.py took 0.062 seconds
[2026-05-01T15:15:52.324+0000] {processor.py:161} INFO - Started process (PID=361) to work on /opt/airflow/dags/pipeline_dag.py
[2026-05-01T15:15:52.324+0000] {processor.py:830} INFO - Processing file /opt/airflow/dags/pipeline_dag.py for tasks to queue
[2026-05-01T15:15:52.325+0000] {logging_mixin.py:188} INFO - [2026-05-01T15:15:52.325+0000] {dagbag.py:545} INFO - Filling up the DagBag from /opt/airflow/dags/pipeline_dag.py
[2026-05-01T15:15:52.332+0000] {processor.py:840} INFO - DAG(s) 'data_pipeline' retrieved from /opt/airflow/dags/pipeline_dag.py
[2026-05-01T15:15:52.358+0000] {logging_mixin.py:188} INFO - [2026-05-01T15:15:52.358+0000] {dag.py:3089} INFO - Sync 1 DAGs
[2026-05-01T15:15:52.371+0000] {logging_mixin.py:188} INFO - [2026-05-01T15:15:52.371+0000] {dag.py:3947} INFO - Setting next_dagrun for data_pipeline to 2026-05-01 06:00:00+00:00, run_after=2026-05-02 06:00:00+00:00
[2026-05-01T15:15:52.386+0000] {processor.py:183} INFO - Processing /opt/airflow/dags/pipeline_dag.py took 0.068 seconds
[2026-05-01T15:16:22.532+0000] {processor.py:161} INFO - Started process (PID=366) to work on /opt/airflow/dags/pipeline_dag.py
[2026-05-01T15:16:22.542+0000] {processor.py:830} INFO - Processing file /opt/airflow/dags/pipeline_dag.py for tasks to queue
[2026-05-01T15:16:22.543+0000] {logging_mixin.py:188} INFO - [2026-05-01T15:16:22.543+0000] {dagbag.py:545} INFO - Filling up the DagBag from /opt/airflow/dags/pipeline_dag.py
[2026-05-01T15:16:22.551+0000] {processor.py:840} INFO - DAG(s) 'data_pipeline' retrieved from /opt/airflow/dags/pipeline_dag.py
[2026-05-01T15:16:22.575+0000] {logging_mixin.py:188} INFO - [2026-05-01T15:16:22.575+0000] {dag.py:3089} INFO - Sync 1 DAGs
[2026-05-01T15:16:22.587+0000] {logging_mixin.py:188} INFO - [2026-05-01T15:16:22.587+0000] {dag.py:3947} INFO - Setting next_dagrun for data_pipeline to 2026-05-01 06:00:00+00:00, run_after=2026-05-02 06:00:00+00:00
[2026-05-01T15:16:22.599+0000] {processor.py:183} INFO - Processing /opt/airflow/dags/pipeline_dag.py took 0.072 seconds
[2026-05-01T15:16:52.724+0000] {processor.py:161} INFO - Started process (PID=371) to work on /opt/airflow/dags/pipeline_dag.py
[2026-05-01T15:16:52.725+0000] {processor.py:830} INFO - Processing file /opt/airflow/dags/pipeline_dag.py for tasks to queue
[2026-05-01T15:16:52.726+0000] {logging_mixin.py:188} INFO - [2026-05-01T15:16:52.726+0000] {dagbag.py:545} INFO - Filling up the DagBag from /opt/airflow/dags/pipeline_dag.py
[2026-05-01T15:16:52.734+0000] {processor.py:840} INFO - DAG(s) 'data_pipeline' retrieved from /opt/airflow/dags/pipeline_dag.py
[2026-05-01T15:16:52.760+0000] {logging_mixin.py:188} INFO - [2026-05-01T15:16:52.760+0000] {dag.py:3089} INFO - Sync 1 DAGs
[2026-05-01T15:16:52.772+0000] {logging_mixin.py:188} INFO - [2026-05-01T15:16:52.772+0000] {dag.py:3947} INFO - Setting next_dagrun for data_pipeline to 2026-05-01 06:00:00+00:00, run_after=2026-05-02 06:00:00+00:00
[2026-05-01T15:16:52.785+0000] {processor.py:183} INFO - Processing /opt/airflow/dags/pipeline_dag.py took 0.066 seconds
[2026-05-01T15:17:22.924+0000] {processor.py:161} INFO - Started process (PID=376) to work on /opt/airflow/dags/pipeline_dag.py
[2026-05-01T15:17:22.933+0000] {processor.py:830} INFO - Processing file /opt/airflow/dags/pipeline_dag.py for tasks to queue
[2026-05-01T15:17:22.934+0000] {logging_mixin.py:188} INFO - [2026-05-01T15:17:22.934+0000] {dagbag.py:545} INFO - Filling up the DagBag from /opt/airflow/dags/pipeline_dag.py
[2026-05-01T15:17:22.941+0000] {processor.py:840} INFO - DAG(s) 'data_pipeline' retrieved from /opt/airflow/dags/pipeline_dag.py
[2026-05-01T15:17:22.958+0000] {logging_mixin.py:188} INFO - [2026-05-01T15:17:22.958+0000] {dag.py:3089} INFO - Sync 1 DAGs
[2026-05-01T15:17:22.971+0000] {logging_mixin.py:188} INFO - [2026-05-01T15:17:22.970+0000] {dag.py:3947} INFO - Setting next_dagrun for data_pipeline to 2026-05-01 06:00:00+00:00, run_after=2026-05-02 06:00:00+00:00
[2026-05-01T15:17:22.982+0000] {processor.py:183} INFO - Processing /opt/airflow/dags/pipeline_dag.py took 0.063 seconds
[2026-05-01T15:17:53.095+0000] {processor.py:161} INFO - Started process (PID=381) to work on /opt/airflow/dags/pipeline_dag.py
[2026-05-01T15:17:53.096+0000] {processor.py:830} INFO - Processing file /opt/airflow/dags/pipeline_dag.py for tasks to queue
[2026-05-01T15:17:53.097+0000] {logging_mixin.py:188} INFO - [2026-05-01T15:17:53.097+0000] {dagbag.py:545} INFO - Filling up the DagBag from /opt/airflow/dags/pipeline_dag.py
[2026-05-01T15:17:53.104+0000] {processor.py:840} INFO - DAG(s) 'data_pipeline' retrieved from /opt/airflow/dags/pipeline_dag.py
[2026-05-01T15:17:53.126+0000] {logging_mixin.py:188} INFO - [2026-05-01T15:17:53.125+0000] {dag.py:3089} INFO - Sync 1 DAGs
[2026-05-01T15:17:53.138+0000] {logging_mixin.py:188} INFO - [2026-05-01T15:17:53.138+0000] {dag.py:3947} INFO - Setting next_dagrun for data_pipeline to 2026-05-01 06:00:00+00:00, run_after=2026-05-02 06:00:00+00:00
[2026-05-01T15:17:53.148+0000] {processor.py:183} INFO - Processing /opt/airflow/dags/pipeline_dag.py took 0.057 seconds
[2026-05-01T15:18:23.276+0000] {processor.py:161} INFO - Started process (PID=386) to work on /opt/airflow/dags/pipeline_dag.py
[2026-05-01T15:18:23.285+0000] {processor.py:830} INFO - Processing file /opt/airflow/dags/pipeline_dag.py for tasks to queue
[2026-05-01T15:18:23.288+0000] {logging_mixin.py:188} INFO - [2026-05-01T15:18:23.287+0000] {dagbag.py:545} INFO - Filling up the DagBag from /opt/airflow/dags/pipeline_dag.py
[2026-05-01T15:18:23.295+0000] {processor.py:840} INFO - DAG(s) 'data_pipeline' retrieved from /opt/airflow/dags/pipeline_dag.py
[2026-05-01T15:18:23.316+0000] {logging_mixin.py:188} INFO - [2026-05-01T15:18:23.316+0000] {dag.py:3089} INFO - Sync 1 DAGs
[2026-05-01T15:18:23.329+0000] {logging_mixin.py:188} INFO - [2026-05-01T15:18:23.328+0000] {dag.py:3947} INFO - Setting next_dagrun for data_pipeline to 2026-05-01 06:00:00+00:00, run_after=2026-05-02 06:00:00+00:00
[2026-05-01T15:18:23.340+0000] {processor.py:183} INFO - Processing /opt/airflow/dags/pipeline_dag.py took 0.071 seconds
[2026-05-01T15:18:53.473+0000] {processor.py:161} INFO - Started process (PID=391) to work on /opt/airflow/dags/pipeline_dag.py
[2026-05-01T15:18:53.474+0000] {processor.py:830} INFO - Processing file /opt/airflow/dags/pipeline_dag.py for tasks to queue
[2026-05-01T15:18:53.474+0000] {logging_mixin.py:188} INFO - [2026-05-01T15:18:53.474+0000] {dagbag.py:545} INFO - Filling up the DagBag from /opt/airflow/dags/pipeline_dag.py
[2026-05-01T15:18:53.480+0000] {processor.py:840} INFO - DAG(s) 'data_pipeline' retrieved from /opt/airflow/dags/pipeline_dag.py
[2026-05-01T15:18:53.497+0000] {logging_mixin.py:188} INFO - [2026-05-01T15:18:53.497+0000] {dag.py:3089} INFO - Sync 1 DAGs
[2026-05-01T15:18:53.510+0000] {logging_mixin.py:188} INFO - [2026-05-01T15:18:53.509+0000] {dag.py:3947} INFO - Setting next_dagrun for data_pipeline to 2026-05-01 06:00:00+00:00, run_after=2026-05-02 06:00:00+00:00
[2026-05-01T15:18:53.521+0000] {processor.py:183} INFO - Processing /opt/airflow/dags/pipeline_dag.py took 0.053 seconds
[2026-05-01T15:19:23.667+0000] {processor.py:161} INFO - Started process (PID=396) to work on /opt/airflow/dags/pipeline_dag.py
[2026-05-01T15:19:23.677+0000] {processor.py:830} INFO - Processing file /opt/airflow/dags/pipeline_dag.py for tasks to queue
[2026-05-01T15:19:23.678+0000] {logging_mixin.py:188} INFO - [2026-05-01T15:19:23.678+0000] {dagbag.py:545} INFO - Filling up the DagBag from /opt/airflow/dags/pipeline_dag.py
[2026-05-01T15:19:23.686+0000] {processor.py:840} INFO - DAG(s) 'data_pipeline' retrieved from /opt/airflow/dags/pipeline_dag.py
[2026-05-01T15:19:23.712+0000] {logging_mixin.py:188} INFO - [2026-05-01T15:19:23.711+0000] {dag.py:3089} INFO - Sync 1 DAGs
[2026-05-01T15:19:23.724+0000] {logging_mixin.py:188} INFO - [2026-05-01T15:19:23.724+0000] {dag.py:3947} INFO - Setting next_dagrun for data_pipeline to 2026-05-01 06:00:00+00:00, run_after=2026-05-02 06:00:00+00:00
[2026-05-01T15:19:23.738+0000] {processor.py:183} INFO - Processing /opt/airflow/dags/pipeline_dag.py took 0.077 seconds
[2026-05-01T15:19:53.869+0000] {processor.py:161} INFO - Started process (PID=401) to work on /opt/airflow/dags/pipeline_dag.py
[2026-05-01T15:19:53.870+0000] {processor.py:830} INFO - Processing file /opt/airflow/dags/pipeline_dag.py for tasks to queue
[2026-05-01T15:19:53.872+0000] {logging_mixin.py:188} INFO - [2026-05-01T15:19:53.871+0000] {dagbag.py:545} INFO - Filling up the DagBag from /opt/airflow/dags/pipeline_dag.py
[2026-05-01T15:19:53.879+0000] {processor.py:840} INFO - DAG(s) 'data_pipeline' retrieved from /opt/airflow/dags/pipeline_dag.py
[2026-05-01T15:19:53.896+0000] {logging_mixin.py:188} INFO - [2026-05-01T15:19:53.896+0000] {dag.py:3089} INFO - Sync 1 DAGs
[2026-05-01T15:19:53.909+0000] {logging_mixin.py:188} INFO - [2026-05-01T15:19:53.908+0000] {dag.py:3947} INFO - Setting next_dagrun for data_pipeline to 2026-05-01 06:00:00+00:00, run_after=2026-05-02 06:00:00+00:00
[2026-05-01T15:19:53.920+0000] {processor.py:183} INFO - Processing /opt/airflow/dags/pipeline_dag.py took 0.057 seconds
[2026-05-01T15:20:24.071+0000] {processor.py:161} INFO - Started process (PID=406) to work on /opt/airflow/dags/pipeline_dag.py
[2026-05-01T15:20:24.081+0000] {processor.py:830} INFO - Processing file /opt/airflow/dags/pipeline_dag.py for tasks to queue
[2026-05-01T15:20:24.084+0000] {logging_mixin.py:188} INFO - [2026-05-01T15:20:24.083+0000] {dagbag.py:545} INFO - Filling up the DagBag from /opt/airflow/dags/pipeline_dag.py
[2026-05-01T15:20:24.093+0000] {processor.py:840} INFO - DAG(s) 'data_pipeline' retrieved from /opt/airflow/dags/pipeline_dag.py
[2026-05-01T15:20:24.110+0000] {logging_mixin.py:188} INFO - [2026-05-01T15:20:24.110+0000] {dag.py:3089} INFO - Sync 1 DAGs
[2026-05-01T15:20:24.122+0000] {logging_mixin.py:188} INFO - [2026-05-01T15:20:24.122+0000] {dag.py:3947} INFO - Setting next_dagrun for data_pipeline to 2026-05-01 06:00:00+00:00, run_after=2026-05-02 06:00:00+00:00
[2026-05-01T15:20:24.134+0000] {processor.py:183} INFO - Processing /opt/airflow/dags/pipeline_dag.py took 0.068 seconds
[2026-05-01T15:20:54.247+0000] {processor.py:161} INFO - Started process (PID=411) to work on /opt/airflow/dags/pipeline_dag.py
[2026-05-01T15:20:54.247+0000] {processor.py:830} INFO - Processing file /opt/airflow/dags/pipeline_dag.py for tasks to queue
[2026-05-01T15:20:54.248+0000] {logging_mixin.py:188} INFO - [2026-05-01T15:20:54.248+0000] {dagbag.py:545} INFO - Filling up the DagBag from /opt/airflow/dags/pipeline_dag.py
[2026-05-01T15:20:54.254+0000] {processor.py:840} INFO - DAG(s) 'data_pipeline' retrieved from /opt/airflow/dags/pipeline_dag.py
[2026-05-01T15:20:54.272+0000] {logging_mixin.py:188} INFO - [2026-05-01T15:20:54.271+0000] {dag.py:3089} INFO - Sync 1 DAGs
[2026-05-01T15:20:54.284+0000] {logging_mixin.py:188} INFO - [2026-05-01T15:20:54.284+0000] {dag.py:3947} INFO - Setting next_dagrun for data_pipeline to 2026-05-01 06:00:00+00:00, run_after=2026-05-02 06:00:00+00:00
[2026-05-01T15:20:54.296+0000] {processor.py:183} INFO - Processing /opt/airflow/dags/pipeline_dag.py took 0.056 seconds
[2026-05-01T15:21:24.457+0000] {processor.py:161} INFO - Started process (PID=416) to work on /opt/airflow/dags/pipeline_dag.py
[2026-05-01T15:21:24.458+0000] {processor.py:830} INFO - Processing file /opt/airflow/dags/pipeline_dag.py for tasks to queue
[2026-05-01T15:21:24.459+0000] {logging_mixin.py:188} INFO - [2026-05-01T15:21:24.459+0000] {dagbag.py:545} INFO - Filling up the DagBag from /opt/airflow/dags/pipeline_dag.py
[2026-05-01T15:21:24.468+0000] {processor.py:840} INFO - DAG(s) 'data_pipeline' retrieved from /opt/airflow/dags/pipeline_dag.py
[2026-05-01T15:21:24.494+0000] {logging_mixin.py:188} INFO - [2026-05-01T15:21:24.494+0000] {dag.py:3089} INFO - Sync 1 DAGs
[2026-05-01T15:21:24.506+0000] {logging_mixin.py:188} INFO - [2026-05-01T15:21:24.506+0000] {dag.py:3947} INFO - Setting next_dagrun for data_pipeline to 2026-05-01 06:00:00+00:00, run_after=2026-05-02 06:00:00+00:00
[2026-05-01T15:21:24.518+0000] {processor.py:183} INFO - Processing /opt/airflow/dags/pipeline_dag.py took 0.067 seconds
[2026-05-01T15:21:54.640+0000] {processor.py:161} INFO - Started process (PID=421) to work on /opt/airflow/dags/pipeline_dag.py
[2026-05-01T15:21:54.641+0000] {processor.py:830} INFO - Processing file /opt/airflow/dags/pipeline_dag.py for tasks to queue
[2026-05-01T15:21:54.642+0000] {logging_mixin.py:188} INFO - [2026-05-01T15:21:54.642+0000] {dagbag.py:545} INFO - Filling up the DagBag from /opt/airflow/dags/pipeline_dag.py
[2026-05-01T15:21:54.648+0000] {processor.py:840} INFO - DAG(s) 'data_pipeline' retrieved from /opt/airflow/dags/pipeline_dag.py
[2026-05-01T15:21:54.670+0000] {logging_mixin.py:188} INFO - [2026-05-01T15:21:54.670+0000] {dag.py:3089} INFO - Sync 1 DAGs
[2026-05-01T15:21:54.684+0000] {logging_mixin.py:188} INFO - [2026-05-01T15:21:54.684+0000] {dag.py:3947} INFO - Setting next_dagrun for data_pipeline to 2026-05-01 06:00:00+00:00, run_after=2026-05-02 06:00:00+00:00
[2026-05-01T15:21:54.695+0000] {processor.py:183} INFO - Processing /opt/airflow/dags/pipeline_dag.py took 0.060 seconds
[2026-05-01T15:22:24.862+0000] {processor.py:161} INFO - Started process (PID=426) to work on /opt/airflow/dags/pipeline_dag.py
[2026-05-01T15:22:24.871+0000] {processor.py:830} INFO - Processing file /opt/airflow/dags/pipeline_dag.py for tasks to queue
[2026-05-01T15:22:24.875+0000] {logging_mixin.py:188} INFO - [2026-05-01T15:22:24.874+0000] {dagbag.py:545} INFO - Filling up the DagBag from /opt/airflow/dags/pipeline_dag.py
[2026-05-01T15:22:24.882+0000] {processor.py:840} INFO - DAG(s) 'data_pipeline' retrieved from /opt/airflow/dags/pipeline_dag.py
[2026-05-01T15:22:24.908+0000] {logging_mixin.py:188} INFO - [2026-05-01T15:22:24.908+0000] {dag.py:3089} INFO - Sync 1 DAGs
[2026-05-01T15:22:24.921+0000] {logging_mixin.py:188} INFO - [2026-05-01T15:22:24.920+0000] {dag.py:3947} INFO - Setting next_dagrun for data_pipeline to 2026-05-01 06:00:00+00:00, run_after=2026-05-02 06:00:00+00:00
[2026-05-01T15:22:24.932+0000] {processor.py:183} INFO - Processing /opt/airflow/dags/pipeline_dag.py took 0.077 seconds
[2026-05-01T15:22:55.030+0000] {processor.py:161} INFO - Started process (PID=431) to work on /opt/airflow/dags/pipeline_dag.py
[2026-05-01T15:22:55.031+0000] {processor.py:830} INFO - Processing file /opt/airflow/dags/pipeline_dag.py for tasks to queue
[2026-05-01T15:22:55.033+0000] {logging_mixin.py:188} INFO - [2026-05-01T15:22:55.032+0000] {dagbag.py:545} INFO - Filling up the DagBag from /opt/airflow/dags/pipeline_dag.py
[2026-05-01T15:22:55.039+0000] {processor.py:840} INFO - DAG(s) 'data_pipeline' retrieved from /opt/airflow/dags/pipeline_dag.py
[2026-05-01T15:22:55.057+0000] {logging_mixin.py:188} INFO - [2026-05-01T15:22:55.056+0000] {dag.py:3089} INFO - Sync 1 DAGs
[2026-05-01T15:22:55.069+0000] {logging_mixin.py:188} INFO - [2026-05-01T15:22:55.069+0000] {dag.py:3947} INFO - Setting next_dagrun for data_pipeline to 2026-05-01 06:00:00+00:00, run_after=2026-05-02 06:00:00+00:00
[2026-05-01T15:22:55.079+0000] {processor.py:183} INFO - Processing /opt/airflow/dags/pipeline_dag.py took 0.056 seconds
[2026-05-01T15:23:25.263+0000] {processor.py:161} INFO - Started process (PID=436) to work on /opt/airflow/dags/pipeline_dag.py
[2026-05-01T15:23:25.272+0000] {processor.py:830} INFO - Processing file /opt/airflow/dags/pipeline_dag.py for tasks to queue
[2026-05-01T15:23:25.274+0000] {logging_mixin.py:188} INFO - [2026-05-01T15:23:25.274+0000] {dagbag.py:545} INFO - Filling up the DagBag from /opt/airflow/dags/pipeline_dag.py
[2026-05-01T15:23:25.280+0000] {processor.py:840} INFO - DAG(s) 'data_pipeline' retrieved from /opt/airflow/dags/pipeline_dag.py
[2026-05-01T15:23:25.300+0000] {logging_mixin.py:188} INFO - [2026-05-01T15:23:25.299+0000] {dag.py:3089} INFO - Sync 1 DAGs
[2026-05-01T15:23:25.311+0000] {logging_mixin.py:188} INFO - [2026-05-01T15:23:25.311+0000] {dag.py:3947} INFO - Setting next_dagrun for data_pipeline to 2026-05-01 06:00:00+00:00, run_after=2026-05-02 06:00:00+00:00
[2026-05-01T15:23:25.323+0000] {processor.py:183} INFO - Processing /opt/airflow/dags/pipeline_dag.py took 0.063 seconds
[2026-05-01T15:23:55.442+0000] {processor.py:161} INFO - Started process (PID=441) to work on /opt/airflow/dags/pipeline_dag.py
[2026-05-01T15:23:55.443+0000] {processor.py:830} INFO - Processing file /opt/airflow/dags/pipeline_dag.py for tasks to queue
[2026-05-01T15:23:55.445+0000] {logging_mixin.py:188} INFO - [2026-05-01T15:23:55.445+0000] {dagbag.py:545} INFO - Filling up the DagBag from /opt/airflow/dags/pipeline_dag.py
[2026-05-01T15:23:55.452+0000] {processor.py:840} INFO - DAG(s) 'data_pipeline' retrieved from /opt/airflow/dags/pipeline_dag.py
[2026-05-01T15:23:55.475+0000] {logging_mixin.py:188} INFO - [2026-05-01T15:23:55.475+0000] {dag.py:3089} INFO - Sync 1 DAGs
[2026-05-01T15:23:55.487+0000] {logging_mixin.py:188} INFO - [2026-05-01T15:23:55.487+0000] {dag.py:3947} INFO - Setting next_dagrun for data_pipeline to 2026-05-01 06:00:00+00:00, run_after=2026-05-02 06:00:00+00:00
[2026-05-01T15:23:55.499+0000] {processor.py:183} INFO - Processing /opt/airflow/dags/pipeline_dag.py took 0.064 seconds
[2026-05-01T15:24:25.658+0000] {processor.py:161} INFO - Started process (PID=446) to work on /opt/airflow/dags/pipeline_dag.py
[2026-05-01T15:24:25.667+0000] {processor.py:830} INFO - Processing file /opt/airflow/dags/pipeline_dag.py for tasks to queue
[2026-05-01T15:24:25.670+0000] {logging_mixin.py:188} INFO - [2026-05-01T15:24:25.670+0000] {dagbag.py:545} INFO - Filling up the DagBag from /opt/airflow/dags/pipeline_dag.py
[2026-05-01T15:24:25.678+0000] {processor.py:840} INFO - DAG(s) 'data_pipeline' retrieved from /opt/airflow/dags/pipeline_dag.py
[2026-05-01T15:24:25.697+0000] {logging_mixin.py:188} INFO - [2026-05-01T15:24:25.697+0000] {dag.py:3089} INFO - Sync 1 DAGs
[2026-05-01T15:24:25.709+0000] {logging_mixin.py:188} INFO - [2026-05-01T15:24:25.709+0000] {dag.py:3947} INFO - Setting next_dagrun for data_pipeline to 2026-05-01 06:00:00+00:00, run_after=2026-05-02 06:00:00+00:00
[2026-05-01T15:24:25.721+0000] {processor.py:183} INFO - Processing /opt/airflow/dags/pipeline_dag.py took 0.069 seconds
[2026-05-01T15:24:55.840+0000] {processor.py:161} INFO - Started process (PID=451) to work on /opt/airflow/dags/pipeline_dag.py
[2026-05-01T15:24:55.840+0000] {processor.py:830} INFO - Processing file /opt/airflow/dags/pipeline_dag.py for tasks to queue
[2026-05-01T15:24:55.842+0000] {logging_mixin.py:188} INFO - [2026-05-01T15:24:55.842+0000] {dagbag.py:545} INFO - Filling up the DagBag from /opt/airflow/dags/pipeline_dag.py
[2026-05-01T15:24:55.848+0000] {processor.py:840} INFO - DAG(s) 'data_pipeline' retrieved from /opt/airflow/dags/pipeline_dag.py
[2026-05-01T15:24:55.870+0000] {logging_mixin.py:188} INFO - [2026-05-01T15:24:55.869+0000] {dag.py:3089} INFO - Sync 1 DAGs
[2026-05-01T15:24:55.882+0000] {logging_mixin.py:188} INFO - [2026-05-01T15:24:55.882+0000] {dag.py:3947} INFO - Setting next_dagrun for data_pipeline to 2026-05-01 06:00:00+00:00, run_after=2026-05-02 06:00:00+00:00
[2026-05-01T15:24:55.895+0000] {processor.py:183} INFO - Processing /opt/airflow/dags/pipeline_dag.py took 0.062 seconds
[2026-05-01T15:25:26.067+0000] {processor.py:161} INFO - Started process (PID=456) to work on /opt/airflow/dags/pipeline_dag.py
[2026-05-01T15:25:26.076+0000] {processor.py:830} INFO - Processing file /opt/airflow/dags/pipeline_dag.py for tasks to queue
[2026-05-01T15:25:26.078+0000] {logging_mixin.py:188} INFO - [2026-05-01T15:25:26.078+0000] {dagbag.py:545} INFO - Filling up the DagBag from /opt/airflow/dags/pipeline_dag.py
[2026-05-01T15:25:26.086+0000] {processor.py:840} INFO - DAG(s) 'data_pipeline' retrieved from /opt/airflow/dags/pipeline_dag.py
[2026-05-01T15:25:26.108+0000] {logging_mixin.py:188} INFO - [2026-05-01T15:25:26.108+0000] {dag.py:3089} INFO - Sync 1 DAGs
[2026-05-01T15:25:26.121+0000] {logging_mixin.py:188} INFO - [2026-05-01T15:25:26.120+0000] {dag.py:3947} INFO - Setting next_dagrun for data_pipeline to 2026-05-01 06:00:00+00:00, run_after=2026-05-02 06:00:00+00:00
[2026-05-01T15:25:26.132+0000] {processor.py:183} INFO - Processing /opt/airflow/dags/pipeline_dag.py took 0.071 seconds
[2026-05-01T15:25:56.246+0000] {processor.py:161} INFO - Started process (PID=461) to work on /opt/airflow/dags/pipeline_dag.py
[2026-05-01T15:25:56.247+0000] {processor.py:830} INFO - Processing file /opt/airflow/dags/pipeline_dag.py for tasks to queue
[2026-05-01T15:25:56.248+0000] {logging_mixin.py:188} INFO - [2026-05-01T15:25:56.248+0000] {dagbag.py:545} INFO - Filling up the DagBag from /opt/airflow/dags/pipeline_dag.py
[2026-05-01T15:25:56.255+0000] {processor.py:840} INFO - DAG(s) 'data_pipeline' retrieved from /opt/airflow/dags/pipeline_dag.py
[2026-05-01T15:25:56.285+0000] {logging_mixin.py:188} INFO - [2026-05-01T15:25:56.285+0000] {dag.py:3089} INFO - Sync 1 DAGs
[2026-05-01T15:25:56.297+0000] {logging_mixin.py:188} INFO - [2026-05-01T15:25:56.297+0000] {dag.py:3947} INFO - Setting next_dagrun for data_pipeline to 2026-05-01 06:00:00+00:00, run_after=2026-05-02 06:00:00+00:00
[2026-05-01T15:25:56.309+0000] {processor.py:183} INFO - Processing /opt/airflow/dags/pipeline_dag.py took 0.069 seconds
[2026-05-01T15:26:26.457+0000] {processor.py:161} INFO - Started process (PID=466) to work on /opt/airflow/dags/pipeline_dag.py
[2026-05-01T15:26:26.466+0000] {processor.py:830} INFO - Processing file /opt/airflow/dags/pipeline_dag.py for tasks to queue
[2026-05-01T15:26:26.468+0000] {logging_mixin.py:188} INFO - [2026-05-01T15:26:26.468+0000] {dagbag.py:545} INFO - Filling up the DagBag from /opt/airflow/dags/pipeline_dag.py
[2026-05-01T15:26:26.476+0000] {processor.py:840} INFO - DAG(s) 'data_pipeline' retrieved from /opt/airflow/dags/pipeline_dag.py
[2026-05-01T15:26:26.497+0000] {logging_mixin.py:188} INFO - [2026-05-01T15:26:26.497+0000] {dag.py:3089} INFO - Sync 1 DAGs
[2026-05-01T15:26:26.509+0000] {logging_mixin.py:188} INFO - [2026-05-01T15:26:26.509+0000] {dag.py:3947} INFO - Setting next_dagrun for data_pipeline to 2026-05-01 06:00:00+00:00, run_after=2026-05-02 06:00:00+00:00
[2026-05-01T15:26:26.521+0000] {processor.py:183} INFO - Processing /opt/airflow/dags/pipeline_dag.py took 0.070 seconds
[2026-05-01T15:26:56.636+0000] {processor.py:161} INFO - Started process (PID=471) to work on /opt/airflow/dags/pipeline_dag.py
[2026-05-01T15:26:56.638+0000] {processor.py:830} INFO - Processing file /opt/airflow/dags/pipeline_dag.py for tasks to queue
[2026-05-01T15:26:56.640+0000] {logging_mixin.py:188} INFO - [2026-05-01T15:26:56.639+0000] {dagbag.py:545} INFO - Filling up the DagBag from /opt/airflow/dags/pipeline_dag.py
[2026-05-01T15:26:56.647+0000] {processor.py:840} INFO - DAG(s) 'data_pipeline' retrieved from /opt/airflow/dags/pipeline_dag.py
[2026-05-01T15:26:56.665+0000] {logging_mixin.py:188} INFO - [2026-05-01T15:26:56.665+0000] {dag.py:3089} INFO - Sync 1 DAGs
[2026-05-01T15:26:56.678+0000] {logging_mixin.py:188} INFO - [2026-05-01T15:26:56.678+0000] {dag.py:3947} INFO - Setting next_dagrun for data_pipeline to 2026-05-01 06:00:00+00:00, run_after=2026-05-02 06:00:00+00:00
[2026-05-01T15:26:56.689+0000] {processor.py:183} INFO - Processing /opt/airflow/dags/pipeline_dag.py took 0.059 seconds
[2026-05-01T15:27:26.852+0000] {processor.py:161} INFO - Started process (PID=476) to work on /opt/airflow/dags/pipeline_dag.py
[2026-05-01T15:27:26.861+0000] {processor.py:830} INFO - Processing file /opt/airflow/dags/pipeline_dag.py for tasks to queue
[2026-05-01T15:27:26.862+0000] {logging_mixin.py:188} INFO - [2026-05-01T15:27:26.862+0000] {dagbag.py:545} INFO - Filling up the DagBag from /opt/airflow/dags/pipeline_dag.py
[2026-05-01T15:27:26.868+0000] {processor.py:840} INFO - DAG(s) 'data_pipeline' retrieved from /opt/airflow/dags/pipeline_dag.py
[2026-05-01T15:27:26.890+0000] {logging_mixin.py:188} INFO - [2026-05-01T15:27:26.890+0000] {dag.py:3089} INFO - Sync 1 DAGs
[2026-05-01T15:27:26.903+0000] {logging_mixin.py:188} INFO - [2026-05-01T15:27:26.902+0000] {dag.py:3947} INFO - Setting next_dagrun for data_pipeline to 2026-05-01 06:00:00+00:00, run_after=2026-05-02 06:00:00+00:00
[2026-05-01T15:27:26.915+0000] {processor.py:183} INFO - Processing /opt/airflow/dags/pipeline_dag.py took 0.067 seconds
[2026-05-01T15:27:57.022+0000] {processor.py:161} INFO - Started process (PID=481) to work on /opt/airflow/dags/pipeline_dag.py
[2026-05-01T15:27:57.022+0000] {processor.py:830} INFO - Processing file /opt/airflow/dags/pipeline_dag.py for tasks to queue
[2026-05-01T15:27:57.023+0000] {logging_mixin.py:188} INFO - [2026-05-01T15:27:57.023+0000] {dagbag.py:545} INFO - Filling up the DagBag from /opt/airflow/dags/pipeline_dag.py
[2026-05-01T15:27:57.029+0000] {processor.py:840} INFO - DAG(s) 'data_pipeline' retrieved from /opt/airflow/dags/pipeline_dag.py
[2026-05-01T15:27:57.046+0000] {logging_mixin.py:188} INFO - [2026-05-01T15:27:57.046+0000] {dag.py:3089} INFO - Sync 1 DAGs
[2026-05-01T15:27:57.060+0000] {logging_mixin.py:188} INFO - [2026-05-01T15:27:57.059+0000] {dag.py:3947} INFO - Setting next_dagrun for data_pipeline to 2026-05-01 06:00:00+00:00, run_after=2026-05-02 06:00:00+00:00
[2026-05-01T15:27:57.072+0000] {processor.py:183} INFO - Processing /opt/airflow/dags/pipeline_dag.py took 0.054 seconds
[2026-05-01T15:28:27.245+0000] {processor.py:161} INFO - Started process (PID=486) to work on /opt/airflow/dags/pipeline_dag.py
[2026-05-01T15:28:27.254+0000] {processor.py:830} INFO - Processing file /opt/airflow/dags/pipeline_dag.py for tasks to queue
[2026-05-01T15:28:27.255+0000] {logging_mixin.py:188} INFO - [2026-05-01T15:28:27.255+0000] {dagbag.py:545} INFO - Filling up the DagBag from /opt/airflow/dags/pipeline_dag.py
[2026-05-01T15:28:27.261+0000] {processor.py:840} INFO - DAG(s) 'data_pipeline' retrieved from /opt/airflow/dags/pipeline_dag.py
[2026-05-01T15:28:27.284+0000] {logging_mixin.py:188} INFO - [2026-05-01T15:28:27.284+0000] {dag.py:3089} INFO - Sync 1 DAGs
[2026-05-01T15:28:27.302+0000] {logging_mixin.py:188} INFO - [2026-05-01T15:28:27.301+0000] {dag.py:3947} INFO - Setting next_dagrun for data_pipeline to 2026-05-01 06:00:00+00:00, run_after=2026-05-02 06:00:00+00:00
[2026-05-01T15:28:27.318+0000] {processor.py:183} INFO - Processing /opt/airflow/dags/pipeline_dag.py took 0.076 seconds
[2026-05-01T15:28:57.422+0000] {processor.py:161} INFO - Started process (PID=491) to work on /opt/airflow/dags/pipeline_dag.py
[2026-05-01T15:28:57.423+0000] {processor.py:830} INFO - Processing file /opt/airflow/dags/pipeline_dag.py for tasks to queue
[2026-05-01T15:28:57.424+0000] {logging_mixin.py:188} INFO - [2026-05-01T15:28:57.424+0000] {dagbag.py:545} INFO - Filling up the DagBag from /opt/airflow/dags/pipeline_dag.py
[2026-05-01T15:28:57.431+0000] {processor.py:840} INFO - DAG(s) 'data_pipeline' retrieved from /opt/airflow/dags/pipeline_dag.py
[2026-05-01T15:28:57.449+0000] {logging_mixin.py:188} INFO - [2026-05-01T15:28:57.449+0000] {dag.py:3089} INFO - Sync 1 DAGs
[2026-05-01T15:28:57.461+0000] {logging_mixin.py:188} INFO - [2026-05-01T15:28:57.461+0000] {dag.py:3947} INFO - Setting next_dagrun for data_pipeline to 2026-05-01 06:00:00+00:00, run_after=2026-05-02 06:00:00+00:00
[2026-05-01T15:28:57.473+0000] {processor.py:183} INFO - Processing /opt/airflow/dags/pipeline_dag.py took 0.057 seconds
[2026-05-01T15:29:27.640+0000] {processor.py:161} INFO - Started process (PID=496) to work on /opt/airflow/dags/pipeline_dag.py
[2026-05-01T15:29:27.649+0000] {processor.py:830} INFO - Processing file /opt/airflow/dags/pipeline_dag.py for tasks to queue
[2026-05-01T15:29:27.652+0000] {logging_mixin.py:188} INFO - [2026-05-01T15:29:27.651+0000] {dagbag.py:545} INFO - Filling up the DagBag from /opt/airflow/dags/pipeline_dag.py
[2026-05-01T15:29:27.661+0000] {processor.py:840} INFO - DAG(s) 'data_pipeline' retrieved from /opt/airflow/dags/pipeline_dag.py
[2026-05-01T15:29:27.685+0000] {logging_mixin.py:188} INFO - [2026-05-01T15:29:27.685+0000] {dag.py:3089} INFO - Sync 1 DAGs
[2026-05-01T15:29:27.698+0000] {logging_mixin.py:188} INFO - [2026-05-01T15:29:27.697+0000] {dag.py:3947} INFO - Setting next_dagrun for data_pipeline to 2026-05-01 06:00:00+00:00, run_after=2026-05-02 06:00:00+00:00
[2026-05-01T15:29:27.709+0000] {processor.py:183} INFO - Processing /opt/airflow/dags/pipeline_dag.py took 0.075 seconds
[2026-05-01T15:29:57.843+0000] {processor.py:161} INFO - Started process (PID=501) to work on /opt/airflow/dags/pipeline_dag.py
[2026-05-01T15:29:57.844+0000] {processor.py:830} INFO - Processing file /opt/airflow/dags/pipeline_dag.py for tasks to queue
[2026-05-01T15:29:57.845+0000] {logging_mixin.py:188} INFO - [2026-05-01T15:29:57.844+0000] {dagbag.py:545} INFO - Filling up the DagBag from /opt/airflow/dags/pipeline_dag.py
[2026-05-01T15:29:57.851+0000] {processor.py:840} INFO - DAG(s) 'data_pipeline' retrieved from /opt/airflow/dags/pipeline_dag.py
[2026-05-01T15:29:57.869+0000] {logging_mixin.py:188} INFO - [2026-05-01T15:29:57.869+0000] {dag.py:3089} INFO - Sync 1 DAGs
[2026-05-01T15:29:57.881+0000] {logging_mixin.py:188} INFO - [2026-05-01T15:29:57.881+0000] {dag.py:3947} INFO - Setting next_dagrun for data_pipeline to 2026-05-01 06:00:00+00:00, run_after=2026-05-02 06:00:00+00:00
[2026-05-01T15:29:57.892+0000] {processor.py:183} INFO - Processing /opt/airflow/dags/pipeline_dag.py took 0.055 seconds
[2026-05-01T15:30:28.028+0000] {processor.py:161} INFO - Started process (PID=506) to work on /opt/airflow/dags/pipeline_dag.py
[2026-05-01T15:30:28.037+0000] {processor.py:830} INFO - Processing file /opt/airflow/dags/pipeline_dag.py for tasks to queue
[2026-05-01T15:30:28.039+0000] {logging_mixin.py:188} INFO - [2026-05-01T15:30:28.039+0000] {dagbag.py:545} INFO - Filling up the DagBag from /opt/airflow/dags/pipeline_dag.py
[2026-05-01T15:30:28.049+0000] {processor.py:840} INFO - DAG(s) 'data_pipeline' retrieved from /opt/airflow/dags/pipeline_dag.py
[2026-05-01T15:30:28.071+0000] {logging_mixin.py:188} INFO - [2026-05-01T15:30:28.071+0000] {dag.py:3089} INFO - Sync 1 DAGs
[2026-05-01T15:30:28.084+0000] {logging_mixin.py:188} INFO - [2026-05-01T15:30:28.084+0000] {dag.py:3947} INFO - Setting next_dagrun for data_pipeline to 2026-05-01 06:00:00+00:00, run_after=2026-05-02 06:00:00+00:00
[2026-05-01T15:30:28.096+0000] {processor.py:183} INFO - Processing /opt/airflow/dags/pipeline_dag.py took 0.074 seconds
[2026-05-01T15:30:58.254+0000] {processor.py:161} INFO - Started process (PID=511) to work on /opt/airflow/dags/pipeline_dag.py
[2026-05-01T15:30:58.255+0000] {processor.py:830} INFO - Processing file /opt/airflow/dags/pipeline_dag.py for tasks to queue
[2026-05-01T15:30:58.258+0000] {logging_mixin.py:188} INFO - [2026-05-01T15:30:58.257+0000] {dagbag.py:545} INFO - Filling up the DagBag from /opt/airflow/dags/pipeline_dag.py
[2026-05-01T15:30:58.274+0000] {processor.py:840} INFO - DAG(s) 'data_pipeline' retrieved from /opt/airflow/dags/pipeline_dag.py
[2026-05-01T15:30:58.320+0000] {logging_mixin.py:188} INFO - [2026-05-01T15:30:58.319+0000] {dag.py:3089} INFO - Sync 1 DAGs
[2026-05-01T15:30:58.351+0000] {logging_mixin.py:188} INFO - [2026-05-01T15:30:58.351+0000] {dag.py:3947} INFO - Setting next_dagrun for data_pipeline to 2026-05-01 06:00:00+00:00, run_after=2026-05-02 06:00:00+00:00
[2026-05-01T15:30:58.380+0000] {processor.py:183} INFO - Processing /opt/airflow/dags/pipeline_dag.py took 0.132 seconds
[2026-05-01T15:31:28.459+0000] {processor.py:161} INFO - Started process (PID=516) to work on /opt/airflow/dags/pipeline_dag.py
[2026-05-01T15:31:28.469+0000] {processor.py:830} INFO - Processing file /opt/airflow/dags/pipeline_dag.py for tasks to queue
[2026-05-01T15:31:28.472+0000] {logging_mixin.py:188} INFO - [2026-05-01T15:31:28.472+0000] {dagbag.py:545} INFO - Filling up the DagBag from /opt/airflow/dags/pipeline_dag.py
[2026-05-01T15:31:28.489+0000] {processor.py:840} INFO - DAG(s) 'data_pipeline' retrieved from /opt/airflow/dags/pipeline_dag.py
[2026-05-01T15:31:28.535+0000] {logging_mixin.py:188} INFO - [2026-05-01T15:31:28.534+0000] {dag.py:3089} INFO - Sync 1 DAGs
[2026-05-01T15:31:28.567+0000] {logging_mixin.py:188} INFO - [2026-05-01T15:31:28.567+0000] {dag.py:3947} INFO - Setting next_dagrun for data_pipeline to 2026-05-01 06:00:00+00:00, run_after=2026-05-02 06:00:00+00:00
[2026-05-01T15:31:28.605+0000] {processor.py:183} INFO - Processing /opt/airflow/dags/pipeline_dag.py took 0.156 seconds
[2026-05-01T15:31:58.742+0000] {processor.py:161} INFO - Started process (PID=521) to work on /opt/airflow/dags/pipeline_dag.py
[2026-05-01T15:31:58.743+0000] {processor.py:830} INFO - Processing file /opt/airflow/dags/pipeline_dag.py for tasks to queue
[2026-05-01T15:31:58.746+0000] {logging_mixin.py:188} INFO - [2026-05-01T15:31:58.745+0000] {dagbag.py:545} INFO - Filling up the DagBag from /opt/airflow/dags/pipeline_dag.py
[2026-05-01T15:31:58.767+0000] {processor.py:840} INFO - DAG(s) 'data_pipeline' retrieved from /opt/airflow/dags/pipeline_dag.py
[2026-05-01T15:31:58.821+0000] {logging_mixin.py:188} INFO - [2026-05-01T15:31:58.821+0000] {dag.py:3089} INFO - Sync 1 DAGs
[2026-05-01T15:31:58.874+0000] {logging_mixin.py:188} INFO - [2026-05-01T15:31:58.873+0000] {dag.py:3947} INFO - Setting next_dagrun for data_pipeline to 2026-05-01 06:00:00+00:00, run_after=2026-05-02 06:00:00+00:00
[2026-05-01T15:31:58.932+0000] {processor.py:183} INFO - Processing /opt/airflow/dags/pipeline_dag.py took 0.200 seconds
[2026-05-01T15:32:29.117+0000] {processor.py:161} INFO - Started process (PID=526) to work on /opt/airflow/dags/pipeline_dag.py
[2026-05-01T15:32:29.126+0000] {processor.py:830} INFO - Processing file /opt/airflow/dags/pipeline_dag.py for tasks to queue
[2026-05-01T15:32:29.129+0000] {logging_mixin.py:188} INFO - [2026-05-01T15:32:29.129+0000] {dagbag.py:545} INFO - Filling up the DagBag from /opt/airflow/dags/pipeline_dag.py
[2026-05-01T15:32:29.144+0000] {processor.py:840} INFO - DAG(s) 'data_pipeline' retrieved from /opt/airflow/dags/pipeline_dag.py
[2026-05-01T15:32:29.188+0000] {logging_mixin.py:188} INFO - [2026-05-01T15:32:29.188+0000] {dag.py:3089} INFO - Sync 1 DAGs
[2026-05-01T15:32:29.217+0000] {logging_mixin.py:188} INFO - [2026-05-01T15:32:29.217+0000] {dag.py:3947} INFO - Setting next_dagrun for data_pipeline to 2026-05-01 06:00:00+00:00, run_after=2026-05-02 06:00:00+00:00
[2026-05-01T15:32:29.247+0000] {processor.py:183} INFO - Processing /opt/airflow/dags/pipeline_dag.py took 0.139 seconds
[2026-05-01T15:32:59.297+0000] {processor.py:161} INFO - Started process (PID=531) to work on /opt/airflow/dags/pipeline_dag.py
[2026-05-01T15:32:59.298+0000] {processor.py:830} INFO - Processing file /opt/airflow/dags/pipeline_dag.py for tasks to queue
[2026-05-01T15:32:59.300+0000] {logging_mixin.py:188} INFO - [2026-05-01T15:32:59.299+0000] {dagbag.py:545} INFO - Filling up the DagBag from /opt/airflow/dags/pipeline_dag.py
[2026-05-01T15:32:59.314+0000] {processor.py:840} INFO - DAG(s) 'data_pipeline' retrieved from /opt/airflow/dags/pipeline_dag.py
[2026-05-01T15:32:59.356+0000] {logging_mixin.py:188} INFO - [2026-05-01T15:32:59.356+0000] {dag.py:3089} INFO - Sync 1 DAGs
[2026-05-01T15:32:59.384+0000] {logging_mixin.py:188} INFO - [2026-05-01T15:32:59.384+0000] {dag.py:3947} INFO - Setting next_dagrun for data_pipeline to 2026-05-01 06:00:00+00:00, run_after=2026-05-02 06:00:00+00:00
[2026-05-01T15:32:59.406+0000] {processor.py:183} INFO - Processing /opt/airflow/dags/pipeline_dag.py took 0.117 seconds
[2026-05-01T15:33:29.472+0000] {processor.py:161} INFO - Started process (PID=536) to work on /opt/airflow/dags/pipeline_dag.py
[2026-05-01T15:33:29.473+0000] {processor.py:830} INFO - Processing file /opt/airflow/dags/pipeline_dag.py for tasks to queue
[2026-05-01T15:33:29.475+0000] {logging_mixin.py:188} INFO - [2026-05-01T15:33:29.475+0000] {dagbag.py:545} INFO - Filling up the DagBag from /opt/airflow/dags/pipeline_dag.py
[2026-05-01T15:33:29.490+0000] {processor.py:840} INFO - DAG(s) 'data_pipeline' retrieved from /opt/airflow/dags/pipeline_dag.py
[2026-05-01T15:33:29.532+0000] {logging_mixin.py:188} INFO - [2026-05-01T15:33:29.531+0000] {dag.py:3089} INFO - Sync 1 DAGs
[2026-05-01T15:33:29.562+0000] {logging_mixin.py:188} INFO - [2026-05-01T15:33:29.561+0000] {dag.py:3947} INFO - Setting next_dagrun for data_pipeline to 2026-05-01 06:00:00+00:00, run_after=2026-05-02 06:00:00+00:00
[2026-05-01T15:33:29.587+0000] {processor.py:183} INFO - Processing /opt/airflow/dags/pipeline_dag.py took 0.123 seconds
[2026-05-01T15:33:59.772+0000] {processor.py:161} INFO - Started process (PID=541) to work on /opt/airflow/dags/pipeline_dag.py
[2026-05-01T15:33:59.773+0000] {processor.py:830} INFO - Processing file /opt/airflow/dags/pipeline_dag.py for tasks to queue
[2026-05-01T15:33:59.775+0000] {logging_mixin.py:188} INFO - [2026-05-01T15:33:59.775+0000] {dagbag.py:545} INFO - Filling up the DagBag from /opt/airflow/dags/pipeline_dag.py
[2026-05-01T15:33:59.789+0000] {processor.py:840} INFO - DAG(s) 'data_pipeline' retrieved from /opt/airflow/dags/pipeline_dag.py
[2026-05-01T15:33:59.833+0000] {logging_mixin.py:188} INFO - [2026-05-01T15:33:59.832+0000] {dag.py:3089} INFO - Sync 1 DAGs
[2026-05-01T15:33:59.863+0000] {logging_mixin.py:188} INFO - [2026-05-01T15:33:59.862+0000] {dag.py:3947} INFO - Setting next_dagrun for data_pipeline to 2026-05-01 06:00:00+00:00, run_after=2026-05-02 06:00:00+00:00
[2026-05-01T15:33:59.895+0000] {processor.py:183} INFO - Processing /opt/airflow/dags/pipeline_dag.py took 0.130 seconds
[2026-05-01T15:34:29.958+0000] {processor.py:161} INFO - Started process (PID=546) to work on /opt/airflow/dags/pipeline_dag.py
[2026-05-01T15:34:29.967+0000] {processor.py:830} INFO - Processing file /opt/airflow/dags/pipeline_dag.py for tasks to queue
[2026-05-01T15:34:29.971+0000] {logging_mixin.py:188} INFO - [2026-05-01T15:34:29.970+0000] {dagbag.py:545} INFO - Filling up the DagBag from /opt/airflow/dags/pipeline_dag.py
[2026-05-01T15:34:29.987+0000] {processor.py:840} INFO - DAG(s) 'data_pipeline' retrieved from /opt/airflow/dags/pipeline_dag.py
[2026-05-01T15:34:30.032+0000] {logging_mixin.py:188} INFO - [2026-05-01T15:34:30.032+0000] {dag.py:3089} INFO - Sync 1 DAGs
[2026-05-01T15:34:30.062+0000] {logging_mixin.py:188} INFO - [2026-05-01T15:34:30.062+0000] {dag.py:3947} INFO - Setting next_dagrun for data_pipeline to 2026-05-01 06:00:00+00:00, run_after=2026-05-02 06:00:00+00:00
[2026-05-01T15:34:30.099+0000] {processor.py:183} INFO - Processing /opt/airflow/dags/pipeline_dag.py took 0.150 seconds
[2026-05-01T15:35:00.263+0000] {processor.py:161} INFO - Started process (PID=551) to work on /opt/airflow/dags/pipeline_dag.py
[2026-05-01T15:35:00.264+0000] {processor.py:830} INFO - Processing file /opt/airflow/dags/pipeline_dag.py for tasks to queue
[2026-05-01T15:35:00.267+0000] {logging_mixin.py:188} INFO - [2026-05-01T15:35:00.266+0000] {dagbag.py:545} INFO - Filling up the DagBag from /opt/airflow/dags/pipeline_dag.py
[2026-05-01T15:35:00.283+0000] {processor.py:840} INFO - DAG(s) 'data_pipeline' retrieved from /opt/airflow/dags/pipeline_dag.py
[2026-05-01T15:35:00.329+0000] {logging_mixin.py:188} INFO - [2026-05-01T15:35:00.329+0000] {dag.py:3089} INFO - Sync 1 DAGs
[2026-05-01T15:35:00.356+0000] {logging_mixin.py:188} INFO - [2026-05-01T15:35:00.356+0000] {dag.py:3947} INFO - Setting next_dagrun for data_pipeline to 2026-05-01 06:00:00+00:00, run_after=2026-05-02 06:00:00+00:00
[2026-05-01T15:35:00.387+0000] {processor.py:183} INFO - Processing /opt/airflow/dags/pipeline_dag.py took 0.134 seconds
[2026-05-01T15:35:30.468+0000] {processor.py:161} INFO - Started process (PID=556) to work on /opt/airflow/dags/pipeline_dag.py
[2026-05-01T15:35:30.478+0000] {processor.py:830} INFO - Processing file /opt/airflow/dags/pipeline_dag.py for tasks to queue
[2026-05-01T15:35:30.482+0000] {logging_mixin.py:188} INFO - [2026-05-01T15:35:30.481+0000] {dagbag.py:545} INFO - Filling up the DagBag from /opt/airflow/dags/pipeline_dag.py
[2026-05-01T15:35:30.497+0000] {processor.py:840} INFO - DAG(s) 'data_pipeline' retrieved from /opt/airflow/dags/pipeline_dag.py
[2026-05-01T15:35:30.540+0000] {logging_mixin.py:188} INFO - [2026-05-01T15:35:30.540+0000] {dag.py:3089} INFO - Sync 1 DAGs
[2026-05-01T15:35:30.582+0000] {logging_mixin.py:188} INFO - [2026-05-01T15:35:30.581+0000] {dag.py:3947} INFO - Setting next_dagrun for data_pipeline to 2026-05-01 06:00:00+00:00, run_after=2026-05-02 06:00:00+00:00
[2026-05-01T15:35:30.624+0000] {processor.py:183} INFO - Processing /opt/airflow/dags/pipeline_dag.py took 0.163 seconds
[2026-05-01T15:36:00.771+0000] {processor.py:161} INFO - Started process (PID=561) to work on /opt/airflow/dags/pipeline_dag.py
[2026-05-01T15:36:00.772+0000] {processor.py:830} INFO - Processing file /opt/airflow/dags/pipeline_dag.py for tasks to queue
[2026-05-01T15:36:00.774+0000] {logging_mixin.py:188} INFO - [2026-05-01T15:36:00.774+0000] {dagbag.py:545} INFO - Filling up the DagBag from /opt/airflow/dags/pipeline_dag.py
[2026-05-01T15:36:00.794+0000] {processor.py:840} INFO - DAG(s) 'data_pipeline' retrieved from /opt/airflow/dags/pipeline_dag.py
[2026-05-01T15:36:00.851+0000] {logging_mixin.py:188} INFO - [2026-05-01T15:36:00.850+0000] {dag.py:3089} INFO - Sync 1 DAGs
[2026-05-01T15:36:00.879+0000] {logging_mixin.py:188} INFO - [2026-05-01T15:36:00.878+0000] {dag.py:3947} INFO - Setting next_dagrun for data_pipeline to 2026-05-01 06:00:00+00:00, run_after=2026-05-02 06:00:00+00:00
[2026-05-01T15:36:00.902+0000] {processor.py:183} INFO - Processing /opt/airflow/dags/pipeline_dag.py took 0.141 seconds
[2026-05-01T15:36:31.007+0000] {processor.py:161} INFO - Started process (PID=566) to work on /opt/airflow/dags/pipeline_dag.py
[2026-05-01T15:36:31.017+0000] {processor.py:830} INFO - Processing file /opt/airflow/dags/pipeline_dag.py for tasks to queue
[2026-05-01T15:36:31.019+0000] {logging_mixin.py:188} INFO - [2026-05-01T15:36:31.018+0000] {dagbag.py:545} INFO - Filling up the DagBag from /opt/airflow/dags/pipeline_dag.py
[2026-05-01T15:36:31.034+0000] {processor.py:840} INFO - DAG(s) 'data_pipeline' retrieved from /opt/airflow/dags/pipeline_dag.py
[2026-05-01T15:36:31.076+0000] {logging_mixin.py:188} INFO - [2026-05-01T15:36:31.076+0000] {dag.py:3089} INFO - Sync 1 DAGs
[2026-05-01T15:36:31.106+0000] {logging_mixin.py:188} INFO - [2026-05-01T15:36:31.106+0000] {dag.py:3947} INFO - Setting next_dagrun for data_pipeline to 2026-05-01 06:00:00+00:00, run_after=2026-05-02 06:00:00+00:00
[2026-05-01T15:36:31.131+0000] {processor.py:183} INFO - Processing /opt/airflow/dags/pipeline_dag.py took 0.133 seconds
[2026-05-01T15:37:01.276+0000] {processor.py:161} INFO - Started process (PID=571) to work on /opt/airflow/dags/pipeline_dag.py
[2026-05-01T15:37:01.277+0000] {processor.py:830} INFO - Processing file /opt/airflow/dags/pipeline_dag.py for tasks to queue
[2026-05-01T15:37:01.281+0000] {logging_mixin.py:188} INFO - [2026-05-01T15:37:01.280+0000] {dagbag.py:545} INFO - Filling up the DagBag from /opt/airflow/dags/pipeline_dag.py
[2026-05-01T15:37:01.302+0000] {processor.py:840} INFO - DAG(s) 'data_pipeline' retrieved from /opt/airflow/dags/pipeline_dag.py
[2026-05-01T15:37:01.362+0000] {logging_mixin.py:188} INFO - [2026-05-01T15:37:01.361+0000] {dag.py:3089} INFO - Sync 1 DAGs
[2026-05-01T15:37:01.411+0000] {logging_mixin.py:188} INFO - [2026-05-01T15:37:01.410+0000] {dag.py:3947} INFO - Setting next_dagrun for data_pipeline to 2026-05-01 06:00:00+00:00, run_after=2026-05-02 06:00:00+00:00
[2026-05-01T15:37:01.457+0000] {processor.py:183} INFO - Processing /opt/airflow/dags/pipeline_dag.py took 0.191 seconds
[2026-05-01T15:37:31.525+0000] {processor.py:161} INFO - Started process (PID=576) to work on /opt/airflow/dags/pipeline_dag.py
[2026-05-01T15:37:31.527+0000] {processor.py:830} INFO - Processing file /opt/airflow/dags/pipeline_dag.py for tasks to queue
[2026-05-01T15:37:31.530+0000] {logging_mixin.py:188} INFO - [2026-05-01T15:37:31.530+0000] {dagbag.py:545} INFO - Filling up the DagBag from /opt/airflow/dags/pipeline_dag.py
[2026-05-01T15:37:31.550+0000] {processor.py:840} INFO - DAG(s) 'data_pipeline' retrieved from /opt/airflow/dags/pipeline_dag.py
[2026-05-01T15:37:31.606+0000] {logging_mixin.py:188} INFO - [2026-05-01T15:37:31.605+0000] {dag.py:3089} INFO - Sync 1 DAGs
[2026-05-01T15:37:31.639+0000] {logging_mixin.py:188} INFO - [2026-05-01T15:37:31.639+0000] {dag.py:3947} INFO - Setting next_dagrun for data_pipeline to 2026-05-01 06:00:00+00:00, run_after=2026-05-02 06:00:00+00:00
[2026-05-01T15:37:31.681+0000] {processor.py:183} INFO - Processing /opt/airflow/dags/pipeline_dag.py took 0.167 seconds
[2026-05-01T15:38:01.854+0000] {processor.py:161} INFO - Started process (PID=581) to work on /opt/airflow/dags/pipeline_dag.py
[2026-05-01T15:38:01.856+0000] {processor.py:830} INFO - Processing file /opt/airflow/dags/pipeline_dag.py for tasks to queue
[2026-05-01T15:38:01.860+0000] {logging_mixin.py:188} INFO - [2026-05-01T15:38:01.860+0000] {dagbag.py:545} INFO - Filling up the DagBag from /opt/airflow/dags/pipeline_dag.py
[2026-05-01T15:38:01.879+0000] {processor.py:840} INFO - DAG(s) 'data_pipeline' retrieved from /opt/airflow/dags/pipeline_dag.py
[2026-05-01T15:38:01.931+0000] {logging_mixin.py:188} INFO - [2026-05-01T15:38:01.930+0000] {dag.py:3089} INFO - Sync 1 DAGs
[2026-05-01T15:38:01.962+0000] {logging_mixin.py:188} INFO - [2026-05-01T15:38:01.962+0000] {dag.py:3947} INFO - Setting next_dagrun for data_pipeline to 2026-05-01 06:00:00+00:00, run_after=2026-05-02 06:00:00+00:00
[2026-05-01T15:38:01.983+0000] {processor.py:183} INFO - Processing /opt/airflow/dags/pipeline_dag.py took 0.140 seconds
[2026-05-01T15:38:32.083+0000] {processor.py:161} INFO - Started process (PID=586) to work on /opt/airflow/dags/pipeline_dag.py
[2026-05-01T15:38:32.094+0000] {processor.py:830} INFO - Processing file /opt/airflow/dags/pipeline_dag.py for tasks to queue
[2026-05-01T15:38:32.099+0000] {logging_mixin.py:188} INFO - [2026-05-01T15:38:32.099+0000] {dagbag.py:545} INFO - Filling up the DagBag from /opt/airflow/dags/pipeline_dag.py
[2026-05-01T15:38:32.119+0000] {processor.py:840} INFO - DAG(s) 'data_pipeline' retrieved from /opt/airflow/dags/pipeline_dag.py
[2026-05-01T15:38:32.184+0000] {logging_mixin.py:188} INFO - [2026-05-01T15:38:32.183+0000] {dag.py:3089} INFO - Sync 1 DAGs
[2026-05-01T15:38:32.227+0000] {logging_mixin.py:188} INFO - [2026-05-01T15:38:32.226+0000] {dag.py:3947} INFO - Setting next_dagrun for data_pipeline to 2026-05-01 06:00:00+00:00, run_after=2026-05-02 06:00:00+00:00
[2026-05-01T15:38:32.268+0000] {processor.py:183} INFO - Processing /opt/airflow/dags/pipeline_dag.py took 0.197 seconds
[2026-05-01T15:39:02.365+0000] {processor.py:161} INFO - Started process (PID=591) to work on /opt/airflow/dags/pipeline_dag.py
[2026-05-01T15:39:02.366+0000] {processor.py:830} INFO - Processing file /opt/airflow/dags/pipeline_dag.py for tasks to queue
[2026-05-01T15:39:02.370+0000] {logging_mixin.py:188} INFO - [2026-05-01T15:39:02.369+0000] {dagbag.py:545} INFO - Filling up the DagBag from /opt/airflow/dags/pipeline_dag.py
[2026-05-01T15:39:02.387+0000] {processor.py:840} INFO - DAG(s) 'data_pipeline' retrieved from /opt/airflow/dags/pipeline_dag.py
[2026-05-01T15:39:02.437+0000] {logging_mixin.py:188} INFO - [2026-05-01T15:39:02.436+0000] {dag.py:3089} INFO - Sync 1 DAGs
[2026-05-01T15:39:02.471+0000] {logging_mixin.py:188} INFO - [2026-05-01T15:39:02.471+0000] {dag.py:3947} INFO - Setting next_dagrun for data_pipeline to 2026-05-01 06:00:00+00:00, run_after=2026-05-02 06:00:00+00:00
[2026-05-01T15:39:02.509+0000] {processor.py:183} INFO - Processing /opt/airflow/dags/pipeline_dag.py took 0.155 seconds
[2026-05-01T15:39:32.664+0000] {processor.py:161} INFO - Started process (PID=596) to work on /opt/airflow/dags/pipeline_dag.py
[2026-05-01T15:39:32.674+0000] {processor.py:830} INFO - Processing file /opt/airflow/dags/pipeline_dag.py for tasks to queue
[2026-05-01T15:39:32.681+0000] {logging_mixin.py:188} INFO - [2026-05-01T15:39:32.679+0000] {dagbag.py:545} INFO - Filling up the DagBag from /opt/airflow/dags/pipeline_dag.py
[2026-05-01T15:39:32.701+0000] {processor.py:840} INFO - DAG(s) 'data_pipeline' retrieved from /opt/airflow/dags/pipeline_dag.py
[2026-05-01T15:39:32.745+0000] {logging_mixin.py:188} INFO - [2026-05-01T15:39:32.745+0000] {dag.py:3089} INFO - Sync 1 DAGs
[2026-05-01T15:39:32.790+0000] {logging_mixin.py:188} INFO - [2026-05-01T15:39:32.789+0000] {dag.py:3947} INFO - Setting next_dagrun for data_pipeline to 2026-05-01 06:00:00+00:00, run_after=2026-05-02 06:00:00+00:00
[2026-05-01T15:39:32.839+0000] {processor.py:183} INFO - Processing /opt/airflow/dags/pipeline_dag.py took 0.185 seconds
[2026-05-01T15:40:02.949+0000] {processor.py:161} INFO - Started process (PID=601) to work on /opt/airflow/dags/pipeline_dag.py
[2026-05-01T15:40:02.950+0000] {processor.py:830} INFO - Processing file /opt/airflow/dags/pipeline_dag.py for tasks to queue
[2026-05-01T15:40:02.952+0000] {logging_mixin.py:188} INFO - [2026-05-01T15:40:02.952+0000] {dagbag.py:545} INFO - Filling up the DagBag from /opt/airflow/dags/pipeline_dag.py
[2026-05-01T15:40:02.963+0000] {processor.py:840} INFO - DAG(s) 'data_pipeline' retrieved from /opt/airflow/dags/pipeline_dag.py
[2026-05-01T15:40:03.005+0000] {logging_mixin.py:188} INFO - [2026-05-01T15:40:03.005+0000] {dag.py:3089} INFO - Sync 1 DAGs
[2026-05-01T15:40:03.032+0000] {logging_mixin.py:188} INFO - [2026-05-01T15:40:03.031+0000] {dag.py:3947} INFO - Setting next_dagrun for data_pipeline to 2026-05-01 06:00:00+00:00, run_after=2026-05-02 06:00:00+00:00
[2026-05-01T15:40:03.056+0000] {processor.py:183} INFO - Processing /opt/airflow/dags/pipeline_dag.py took 0.114 seconds
[2026-05-01T15:40:33.261+0000] {processor.py:161} INFO - Started process (PID=606) to work on /opt/airflow/dags/pipeline_dag.py
[2026-05-01T15:40:33.271+0000] {processor.py:830} INFO - Processing file /opt/airflow/dags/pipeline_dag.py for tasks to queue
[2026-05-01T15:40:33.274+0000] {logging_mixin.py:188} INFO - [2026-05-01T15:40:33.273+0000] {dagbag.py:545} INFO - Filling up the DagBag from /opt/airflow/dags/pipeline_dag.py
[2026-05-01T15:40:33.292+0000] {processor.py:840} INFO - DAG(s) 'data_pipeline' retrieved from /opt/airflow/dags/pipeline_dag.py
[2026-05-01T15:40:33.342+0000] {logging_mixin.py:188} INFO - [2026-05-01T15:40:33.342+0000] {dag.py:3089} INFO - Sync 1 DAGs
[2026-05-01T15:40:33.378+0000] {logging_mixin.py:188} INFO - [2026-05-01T15:40:33.378+0000] {dag.py:3947} INFO - Setting next_dagrun for data_pipeline to 2026-05-01 06:00:00+00:00, run_after=2026-05-02 06:00:00+00:00
[2026-05-01T15:40:33.420+0000] {processor.py:183} INFO - Processing /opt/airflow/dags/pipeline_dag.py took 0.169 seconds
[2026-05-01T15:41:03.629+0000] {processor.py:161} INFO - Started process (PID=611) to work on /opt/airflow/dags/pipeline_dag.py
[2026-05-01T15:41:03.630+0000] {processor.py:830} INFO - Processing file /opt/airflow/dags/pipeline_dag.py for tasks to queue
[2026-05-01T15:41:03.632+0000] {logging_mixin.py:188} INFO - [2026-05-01T15:41:03.632+0000] {dagbag.py:545} INFO - Filling up the DagBag from /opt/airflow/dags/pipeline_dag.py
[2026-05-01T15:41:03.646+0000] {processor.py:840} INFO - DAG(s) 'data_pipeline' retrieved from /opt/airflow/dags/pipeline_dag.py
[2026-05-01T15:41:03.686+0000] {logging_mixin.py:188} INFO - [2026-05-01T15:41:03.685+0000] {dag.py:3089} INFO - Sync 1 DAGs
[2026-05-01T15:41:03.713+0000] {logging_mixin.py:188} INFO - [2026-05-01T15:41:03.713+0000] {dag.py:3947} INFO - Setting next_dagrun for data_pipeline to 2026-05-01 06:00:00+00:00, run_after=2026-05-02 06:00:00+00:00
[2026-05-01T15:41:03.740+0000] {processor.py:183} INFO - Processing /opt/airflow/dags/pipeline_dag.py took 0.118 seconds
[2026-05-01T15:41:33.830+0000] {processor.py:161} INFO - Started process (PID=616) to work on /opt/airflow/dags/pipeline_dag.py
[2026-05-01T15:41:33.840+0000] {processor.py:830} INFO - Processing file /opt/airflow/dags/pipeline_dag.py for tasks to queue
[2026-05-01T15:41:33.843+0000] {logging_mixin.py:188} INFO - [2026-05-01T15:41:33.843+0000] {dagbag.py:545} INFO - Filling up the DagBag from /opt/airflow/dags/pipeline_dag.py
[2026-05-01T15:41:33.860+0000] {processor.py:840} INFO - DAG(s) 'data_pipeline' retrieved from /opt/airflow/dags/pipeline_dag.py
[2026-05-01T15:41:33.912+0000] {logging_mixin.py:188} INFO - [2026-05-01T15:41:33.911+0000] {dag.py:3089} INFO - Sync 1 DAGs
[2026-05-01T15:41:33.946+0000] {logging_mixin.py:188} INFO - [2026-05-01T15:41:33.946+0000] {dag.py:3947} INFO - Setting next_dagrun for data_pipeline to 2026-05-01 06:00:00+00:00, run_after=2026-05-02 06:00:00+00:00
[2026-05-01T15:41:33.980+0000] {processor.py:183} INFO - Processing /opt/airflow/dags/pipeline_dag.py took 0.162 seconds
[2026-05-01T15:42:04.148+0000] {processor.py:161} INFO - Started process (PID=621) to work on /opt/airflow/dags/pipeline_dag.py
[2026-05-01T15:42:04.149+0000] {processor.py:830} INFO - Processing file /opt/airflow/dags/pipeline_dag.py for tasks to queue
[2026-05-01T15:42:04.151+0000] {logging_mixin.py:188} INFO - [2026-05-01T15:42:04.151+0000] {dagbag.py:545} INFO - Filling up the DagBag from /opt/airflow/dags/pipeline_dag.py
[2026-05-01T15:42:04.167+0000] {processor.py:840} INFO - DAG(s) 'data_pipeline' retrieved from /opt/airflow/dags/pipeline_dag.py
[2026-05-01T15:42:04.219+0000] {logging_mixin.py:188} INFO - [2026-05-01T15:42:04.219+0000] {dag.py:3089} INFO - Sync 1 DAGs
[2026-05-01T15:42:04.255+0000] {logging_mixin.py:188} INFO - [2026-05-01T15:42:04.255+0000] {dag.py:3947} INFO - Setting next_dagrun for data_pipeline to 2026-05-01 06:00:00+00:00, run_after=2026-05-02 06:00:00+00:00
[2026-05-01T15:42:04.302+0000] {processor.py:183} INFO - Processing /opt/airflow/dags/pipeline_dag.py took 0.164 seconds
[2026-05-01T15:42:34.362+0000] {processor.py:161} INFO - Started process (PID=626) to work on /opt/airflow/dags/pipeline_dag.py
[2026-05-01T15:42:34.372+0000] {processor.py:830} INFO - Processing file /opt/airflow/dags/pipeline_dag.py for tasks to queue
[2026-05-01T15:42:34.375+0000] {logging_mixin.py:188} INFO - [2026-05-01T15:42:34.374+0000] {dagbag.py:545} INFO - Filling up the DagBag from /opt/airflow/dags/pipeline_dag.py
[2026-05-01T15:42:34.393+0000] {processor.py:840} INFO - DAG(s) 'data_pipeline' retrieved from /opt/airflow/dags/pipeline_dag.py
[2026-05-01T15:42:34.445+0000] {logging_mixin.py:188} INFO - [2026-05-01T15:42:34.444+0000] {dag.py:3089} INFO - Sync 1 DAGs
[2026-05-01T15:42:34.483+0000] {logging_mixin.py:188} INFO - [2026-05-01T15:42:34.483+0000] {dag.py:3947} INFO - Setting next_dagrun for data_pipeline to 2026-05-01 06:00:00+00:00, run_after=2026-05-02 06:00:00+00:00
[2026-05-01T15:42:34.524+0000] {processor.py:183} INFO - Processing /opt/airflow/dags/pipeline_dag.py took 0.172 seconds
[2026-05-01T15:43:04.677+0000] {processor.py:161} INFO - Started process (PID=631) to work on /opt/airflow/dags/pipeline_dag.py
[2026-05-01T15:43:04.678+0000] {processor.py:830} INFO - Processing file /opt/airflow/dags/pipeline_dag.py for tasks to queue
[2026-05-01T15:43:04.681+0000] {logging_mixin.py:188} INFO - [2026-05-01T15:43:04.680+0000] {dagbag.py:545} INFO - Filling up the DagBag from /opt/airflow/dags/pipeline_dag.py
[2026-05-01T15:43:04.705+0000] {processor.py:840} INFO - DAG(s) 'data_pipeline' retrieved from /opt/airflow/dags/pipeline_dag.py
[2026-05-01T15:43:04.764+0000] {logging_mixin.py:188} INFO - [2026-05-01T15:43:04.763+0000] {dag.py:3089} INFO - Sync 1 DAGs
[2026-05-01T15:43:04.801+0000] {logging_mixin.py:188} INFO - [2026-05-01T15:43:04.801+0000] {dag.py:3947} INFO - Setting next_dagrun for data_pipeline to 2026-05-01 06:00:00+00:00, run_after=2026-05-02 06:00:00+00:00
[2026-05-01T15:43:04.823+0000] {processor.py:183} INFO - Processing /opt/airflow/dags/pipeline_dag.py took 0.155 seconds
[2026-05-01T15:43:34.932+0000] {processor.py:161} INFO - Started process (PID=636) to work on /opt/airflow/dags/pipeline_dag.py
[2026-05-01T15:43:34.943+0000] {processor.py:830} INFO - Processing file /opt/airflow/dags/pipeline_dag.py for tasks to queue
[2026-05-01T15:43:34.948+0000] {logging_mixin.py:188} INFO - [2026-05-01T15:43:34.947+0000] {dagbag.py:545} INFO - Filling up the DagBag from /opt/airflow/dags/pipeline_dag.py
[2026-05-01T15:43:34.981+0000] {processor.py:840} INFO - DAG(s) 'data_pipeline' retrieved from /opt/airflow/dags/pipeline_dag.py
[2026-05-01T15:43:35.059+0000] {logging_mixin.py:188} INFO - [2026-05-01T15:43:35.058+0000] {dag.py:3089} INFO - Sync 1 DAGs
[2026-05-01T15:43:35.116+0000] {logging_mixin.py:188} INFO - [2026-05-01T15:43:35.115+0000] {dag.py:3947} INFO - Setting next_dagrun for data_pipeline to 2026-05-01 06:00:00+00:00, run_after=2026-05-02 06:00:00+00:00
[2026-05-01T15:43:35.178+0000] {processor.py:183} INFO - Processing /opt/airflow/dags/pipeline_dag.py took 0.263 seconds
[2026-05-01T15:44:05.433+0000] {processor.py:161} INFO - Started process (PID=641) to work on /opt/airflow/dags/pipeline_dag.py
[2026-05-01T15:44:05.434+0000] {processor.py:830} INFO - Processing file /opt/airflow/dags/pipeline_dag.py for tasks to queue
[2026-05-01T15:44:05.437+0000] {logging_mixin.py:188} INFO - [2026-05-01T15:44:05.436+0000] {dagbag.py:545} INFO - Filling up the DagBag from /opt/airflow/dags/pipeline_dag.py
[2026-05-01T15:44:05.456+0000] {processor.py:840} INFO - DAG(s) 'data_pipeline' retrieved from /opt/airflow/dags/pipeline_dag.py
[2026-05-01T15:44:05.521+0000] {logging_mixin.py:188} INFO - [2026-05-01T15:44:05.520+0000] {dag.py:3089} INFO - Sync 1 DAGs
[2026-05-01T15:44:05.567+0000] {logging_mixin.py:188} INFO - [2026-05-01T15:44:05.566+0000] {dag.py:3947} INFO - Setting next_dagrun for data_pipeline to 2026-05-01 06:00:00+00:00, run_after=2026-05-02 06:00:00+00:00
[2026-05-01T15:44:05.600+0000] {processor.py:183} INFO - Processing /opt/airflow/dags/pipeline_dag.py took 0.178 seconds
[2026-05-01T15:44:35.828+0000] {processor.py:161} INFO - Started process (PID=646) to work on /opt/airflow/dags/pipeline_dag.py
[2026-05-01T15:44:35.830+0000] {processor.py:830} INFO - Processing file /opt/airflow/dags/pipeline_dag.py for tasks to queue
[2026-05-01T15:44:35.834+0000] {logging_mixin.py:188} INFO - [2026-05-01T15:44:35.833+0000] {dagbag.py:545} INFO - Filling up the DagBag from /opt/airflow/dags/pipeline_dag.py
[2026-05-01T15:44:35.854+0000] {processor.py:840} INFO - DAG(s) 'data_pipeline' retrieved from /opt/airflow/dags/pipeline_dag.py
[2026-05-01T15:44:35.905+0000] {logging_mixin.py:188} INFO - [2026-05-01T15:44:35.905+0000] {dag.py:3089} INFO - Sync 1 DAGs
[2026-05-01T15:44:35.932+0000] {logging_mixin.py:188} INFO - [2026-05-01T15:44:35.932+0000] {dag.py:3947} INFO - Setting next_dagrun for data_pipeline to 2026-05-01 06:00:00+00:00, run_after=2026-05-02 06:00:00+00:00
[2026-05-01T15:44:35.953+0000] {processor.py:183} INFO - Processing /opt/airflow/dags/pipeline_dag.py took 0.135 seconds
[2026-05-01T15:45:06.020+0000] {processor.py:161} INFO - Started process (PID=651) to work on /opt/airflow/dags/pipeline_dag.py
[2026-05-01T15:45:06.021+0000] {processor.py:830} INFO - Processing file /opt/airflow/dags/pipeline_dag.py for tasks to queue
[2026-05-01T15:45:06.024+0000] {logging_mixin.py:188} INFO - [2026-05-01T15:45:06.023+0000] {dagbag.py:545} INFO - Filling up the DagBag from /opt/airflow/dags/pipeline_dag.py
[2026-05-01T15:45:06.042+0000] {processor.py:840} INFO - DAG(s) 'data_pipeline' retrieved from /opt/airflow/dags/pipeline_dag.py
[2026-05-01T15:45:06.098+0000] {logging_mixin.py:188} INFO - [2026-05-01T15:45:06.098+0000] {dag.py:3089} INFO - Sync 1 DAGs
[2026-05-01T15:45:06.136+0000] {logging_mixin.py:188} INFO - [2026-05-01T15:45:06.136+0000] {dag.py:3947} INFO - Setting next_dagrun for data_pipeline to 2026-05-01 06:00:00+00:00, run_after=2026-05-02 06:00:00+00:00
[2026-05-01T15:45:06.177+0000] {processor.py:183} INFO - Processing /opt/airflow/dags/pipeline_dag.py took 0.167 seconds
[2026-05-01T15:45:36.338+0000] {processor.py:161} INFO - Started process (PID=656) to work on /opt/airflow/dags/pipeline_dag.py
[2026-05-01T15:45:36.340+0000] {processor.py:830} INFO - Processing file /opt/airflow/dags/pipeline_dag.py for tasks to queue
[2026-05-01T15:45:36.343+0000] {logging_mixin.py:188} INFO - [2026-05-01T15:45:36.342+0000] {dagbag.py:545} INFO - Filling up the DagBag from /opt/airflow/dags/pipeline_dag.py
[2026-05-01T15:45:36.361+0000] {processor.py:840} INFO - DAG(s) 'data_pipeline' retrieved from /opt/airflow/dags/pipeline_dag.py
[2026-05-01T15:45:36.409+0000] {logging_mixin.py:188} INFO - [2026-05-01T15:45:36.408+0000] {dag.py:3089} INFO - Sync 1 DAGs
[2026-05-01T15:45:36.434+0000] {logging_mixin.py:188} INFO - [2026-05-01T15:45:36.433+0000] {dag.py:3947} INFO - Setting next_dagrun for data_pipeline to 2026-05-01 06:00:00+00:00, run_after=2026-05-02 06:00:00+00:00
[2026-05-01T15:45:36.467+0000] {processor.py:183} INFO - Processing /opt/airflow/dags/pipeline_dag.py took 0.139 seconds
[2026-05-01T15:46:06.556+0000] {processor.py:161} INFO - Started process (PID=661) to work on /opt/airflow/dags/pipeline_dag.py
[2026-05-01T15:46:06.566+0000] {processor.py:830} INFO - Processing file /opt/airflow/dags/pipeline_dag.py for tasks to queue
[2026-05-01T15:46:06.569+0000] {logging_mixin.py:188} INFO - [2026-05-01T15:46:06.568+0000] {dagbag.py:545} INFO - Filling up the DagBag from /opt/airflow/dags/pipeline_dag.py
[2026-05-01T15:46:06.591+0000] {processor.py:840} INFO - DAG(s) 'data_pipeline' retrieved from /opt/airflow/dags/pipeline_dag.py
[2026-05-01T15:46:06.645+0000] {logging_mixin.py:188} INFO - [2026-05-01T15:46:06.644+0000] {dag.py:3089} INFO - Sync 1 DAGs
[2026-05-01T15:46:06.683+0000] {logging_mixin.py:188} INFO - [2026-05-01T15:46:06.683+0000] {dag.py:3947} INFO - Setting next_dagrun for data_pipeline to 2026-05-01 06:00:00+00:00, run_after=2026-05-02 06:00:00+00:00
[2026-05-01T15:46:06.727+0000] {processor.py:183} INFO - Processing /opt/airflow/dags/pipeline_dag.py took 0.180 seconds
[2026-05-01T15:46:36.846+0000] {processor.py:161} INFO - Started process (PID=666) to work on /opt/airflow/dags/pipeline_dag.py
[2026-05-01T15:46:36.847+0000] {processor.py:830} INFO - Processing file /opt/airflow/dags/pipeline_dag.py for tasks to queue
[2026-05-01T15:46:36.849+0000] {logging_mixin.py:188} INFO - [2026-05-01T15:46:36.849+0000] {dagbag.py:545} INFO - Filling up the DagBag from /opt/airflow/dags/pipeline_dag.py
[2026-05-01T15:46:36.861+0000] {processor.py:840} INFO - DAG(s) 'data_pipeline' retrieved from /opt/airflow/dags/pipeline_dag.py
[2026-05-01T15:46:36.903+0000] {logging_mixin.py:188} INFO - [2026-05-01T15:46:36.903+0000] {dag.py:3089} INFO - Sync 1 DAGs
[2026-05-01T15:46:36.928+0000] {logging_mixin.py:188} INFO - [2026-05-01T15:46:36.928+0000] {dag.py:3947} INFO - Setting next_dagrun for data_pipeline to 2026-05-01 06:00:00+00:00, run_after=2026-05-02 06:00:00+00:00
[2026-05-01T15:46:36.951+0000] {processor.py:183} INFO - Processing /opt/airflow/dags/pipeline_dag.py took 0.113 seconds
[2026-05-01T15:47:07.135+0000] {processor.py:161} INFO - Started process (PID=671) to work on /opt/airflow/dags/pipeline_dag.py
[2026-05-01T15:47:07.145+0000] {processor.py:830} INFO - Processing file /opt/airflow/dags/pipeline_dag.py for tasks to queue
[2026-05-01T15:47:07.149+0000] {logging_mixin.py:188} INFO - [2026-05-01T15:47:07.148+0000] {dagbag.py:545} INFO - Filling up the DagBag from /opt/airflow/dags/pipeline_dag.py
[2026-05-01T15:47:07.171+0000] {processor.py:840} INFO - DAG(s) 'data_pipeline' retrieved from /opt/airflow/dags/pipeline_dag.py
[2026-05-01T15:47:07.237+0000] {logging_mixin.py:188} INFO - [2026-05-01T15:47:07.237+0000] {dag.py:3089} INFO - Sync 1 DAGs
[2026-05-01T15:47:07.268+0000] {logging_mixin.py:188} INFO - [2026-05-01T15:47:07.268+0000] {dag.py:3947} INFO - Setting next_dagrun for data_pipeline to 2026-05-01 06:00:00+00:00, run_after=2026-05-02 06:00:00+00:00
[2026-05-01T15:47:07.311+0000] {processor.py:183} INFO - Processing /opt/airflow/dags/pipeline_dag.py took 0.189 seconds
[2026-05-01T15:47:37.538+0000] {processor.py:161} INFO - Started process (PID=676) to work on /opt/airflow/dags/pipeline_dag.py
[2026-05-01T15:47:37.539+0000] {processor.py:830} INFO - Processing file /opt/airflow/dags/pipeline_dag.py for tasks to queue
[2026-05-01T15:47:37.542+0000] {logging_mixin.py:188} INFO - [2026-05-01T15:47:37.541+0000] {dagbag.py:545} INFO - Filling up the DagBag from /opt/airflow/dags/pipeline_dag.py
[2026-05-01T15:47:37.568+0000] {processor.py:840} INFO - DAG(s) 'data_pipeline' retrieved from /opt/airflow/dags/pipeline_dag.py
[2026-05-01T15:47:37.641+0000] {logging_mixin.py:188} INFO - [2026-05-01T15:47:37.641+0000] {dag.py:3089} INFO - Sync 1 DAGs
[2026-05-01T15:47:37.672+0000] {logging_mixin.py:188} INFO - [2026-05-01T15:47:37.671+0000] {dag.py:3947} INFO - Setting next_dagrun for data_pipeline to 2026-05-01 06:00:00+00:00, run_after=2026-05-02 06:00:00+00:00
[2026-05-01T15:47:37.689+0000] {processor.py:183} INFO - Processing /opt/airflow/dags/pipeline_dag.py took 0.161 seconds
[2026-05-01T15:48:07.883+0000] {processor.py:161} INFO - Started process (PID=681) to work on /opt/airflow/dags/pipeline_dag.py
[2026-05-01T15:48:07.893+0000] {processor.py:830} INFO - Processing file /opt/airflow/dags/pipeline_dag.py for tasks to queue
[2026-05-01T15:48:07.896+0000] {logging_mixin.py:188} INFO - [2026-05-01T15:48:07.895+0000] {dagbag.py:545} INFO - Filling up the DagBag from /opt/airflow/dags/pipeline_dag.py
[2026-05-01T15:48:07.915+0000] {processor.py:840} INFO - DAG(s) 'data_pipeline' retrieved from /opt/airflow/dags/pipeline_dag.py
[2026-05-01T15:48:07.973+0000] {logging_mixin.py:188} INFO - [2026-05-01T15:48:07.972+0000] {dag.py:3089} INFO - Sync 1 DAGs
[2026-05-01T15:48:08.006+0000] {logging_mixin.py:188} INFO - [2026-05-01T15:48:08.006+0000] {dag.py:3947} INFO - Setting next_dagrun for data_pipeline to 2026-05-01 06:00:00+00:00, run_after=2026-05-02 06:00:00+00:00
[2026-05-01T15:48:08.054+0000] {processor.py:183} INFO - Processing /opt/airflow/dags/pipeline_dag.py took 0.181 seconds
[2026-05-01T15:48:38.277+0000] {processor.py:161} INFO - Started process (PID=686) to work on /opt/airflow/dags/pipeline_dag.py
[2026-05-01T15:48:38.279+0000] {processor.py:830} INFO - Processing file /opt/airflow/dags/pipeline_dag.py for tasks to queue
[2026-05-01T15:48:38.282+0000] {logging_mixin.py:188} INFO - [2026-05-01T15:48:38.281+0000] {dagbag.py:545} INFO - Filling up the DagBag from /opt/airflow/dags/pipeline_dag.py
[2026-05-01T15:48:38.300+0000] {processor.py:840} INFO - DAG(s) 'data_pipeline' retrieved from /opt/airflow/dags/pipeline_dag.py
[2026-05-01T15:48:38.356+0000] {logging_mixin.py:188} INFO - [2026-05-01T15:48:38.355+0000] {dag.py:3089} INFO - Sync 1 DAGs
[2026-05-01T15:48:38.386+0000] {logging_mixin.py:188} INFO - [2026-05-01T15:48:38.386+0000] {dag.py:3947} INFO - Setting next_dagrun for data_pipeline to 2026-05-01 06:00:00+00:00, run_after=2026-05-02 06:00:00+00:00
[2026-05-01T15:48:38.421+0000] {processor.py:183} INFO - Processing /opt/airflow/dags/pipeline_dag.py took 0.156 seconds
[2026-05-01T15:49:08.632+0000] {processor.py:161} INFO - Started process (PID=691) to work on /opt/airflow/dags/pipeline_dag.py
[2026-05-01T15:49:08.642+0000] {processor.py:830} INFO - Processing file /opt/airflow/dags/pipeline_dag.py for tasks to queue
[2026-05-01T15:49:08.645+0000] {logging_mixin.py:188} INFO - [2026-05-01T15:49:08.645+0000] {dagbag.py:545} INFO - Filling up the DagBag from /opt/airflow/dags/pipeline_dag.py
[2026-05-01T15:49:08.664+0000] {processor.py:840} INFO - DAG(s) 'data_pipeline' retrieved from /opt/airflow/dags/pipeline_dag.py
[2026-05-01T15:49:08.711+0000] {logging_mixin.py:188} INFO - [2026-05-01T15:49:08.711+0000] {dag.py:3089} INFO - Sync 1 DAGs
[2026-05-01T15:49:08.741+0000] {logging_mixin.py:188} INFO - [2026-05-01T15:49:08.740+0000] {dag.py:3947} INFO - Setting next_dagrun for data_pipeline to 2026-05-01 06:00:00+00:00, run_after=2026-05-02 06:00:00+00:00
[2026-05-01T15:49:08.764+0000] {processor.py:183} INFO - Processing /opt/airflow/dags/pipeline_dag.py took 0.142 seconds
[2026-05-01T15:49:38.820+0000] {processor.py:161} INFO - Started process (PID=696) to work on /opt/airflow/dags/pipeline_dag.py
[2026-05-01T15:49:38.821+0000] {processor.py:830} INFO - Processing file /opt/airflow/dags/pipeline_dag.py for tasks to queue
[2026-05-01T15:49:38.823+0000] {logging_mixin.py:188} INFO - [2026-05-01T15:49:38.823+0000] {dagbag.py:545} INFO - Filling up the DagBag from /opt/airflow/dags/pipeline_dag.py
[2026-05-01T15:49:38.840+0000] {processor.py:840} INFO - DAG(s) 'data_pipeline' retrieved from /opt/airflow/dags/pipeline_dag.py
[2026-05-01T15:49:38.883+0000] {logging_mixin.py:188} INFO - [2026-05-01T15:49:38.883+0000] {dag.py:3089} INFO - Sync 1 DAGs
[2026-05-01T15:49:38.908+0000] {logging_mixin.py:188} INFO - [2026-05-01T15:49:38.908+0000] {dag.py:3947} INFO - Setting next_dagrun for data_pipeline to 2026-05-01 06:00:00+00:00, run_after=2026-05-02 06:00:00+00:00
[2026-05-01T15:49:38.928+0000] {processor.py:183} INFO - Processing /opt/airflow/dags/pipeline_dag.py took 0.118 seconds
[2026-05-01T15:50:09.027+0000] {processor.py:161} INFO - Started process (PID=701) to work on /opt/airflow/dags/pipeline_dag.py
[2026-05-01T15:50:09.037+0000] {processor.py:830} INFO - Processing file /opt/airflow/dags/pipeline_dag.py for tasks to queue
[2026-05-01T15:50:09.040+0000] {logging_mixin.py:188} INFO - [2026-05-01T15:50:09.039+0000] {dagbag.py:545} INFO - Filling up the DagBag from /opt/airflow/dags/pipeline_dag.py
[2026-05-01T15:50:09.058+0000] {processor.py:840} INFO - DAG(s) 'data_pipeline' retrieved from /opt/airflow/dags/pipeline_dag.py
[2026-05-01T15:50:09.106+0000] {logging_mixin.py:188} INFO - [2026-05-01T15:50:09.106+0000] {dag.py:3089} INFO - Sync 1 DAGs
[2026-05-01T15:50:09.136+0000] {logging_mixin.py:188} INFO - [2026-05-01T15:50:09.135+0000] {dag.py:3947} INFO - Setting next_dagrun for data_pipeline to 2026-05-01 06:00:00+00:00, run_after=2026-05-02 06:00:00+00:00
[2026-05-01T15:50:09.177+0000] {processor.py:183} INFO - Processing /opt/airflow/dags/pipeline_dag.py took 0.162 seconds
[2026-05-01T15:50:39.337+0000] {processor.py:161} INFO - Started process (PID=706) to work on /opt/airflow/dags/pipeline_dag.py
[2026-05-01T15:50:39.338+0000] {processor.py:830} INFO - Processing file /opt/airflow/dags/pipeline_dag.py for tasks to queue
[2026-05-01T15:50:39.341+0000] {logging_mixin.py:188} INFO - [2026-05-01T15:50:39.340+0000] {dagbag.py:545} INFO - Filling up the DagBag from /opt/airflow/dags/pipeline_dag.py
[2026-05-01T15:50:39.359+0000] {processor.py:840} INFO - DAG(s) 'data_pipeline' retrieved from /opt/airflow/dags/pipeline_dag.py
[2026-05-01T15:50:39.423+0000] {logging_mixin.py:188} INFO - [2026-05-01T15:50:39.423+0000] {dag.py:3089} INFO - Sync 1 DAGs
[2026-05-01T15:50:39.466+0000] {logging_mixin.py:188} INFO - [2026-05-01T15:50:39.465+0000] {dag.py:3947} INFO - Setting next_dagrun for data_pipeline to 2026-05-01 06:00:00+00:00, run_after=2026-05-02 06:00:00+00:00
[2026-05-01T15:50:39.507+0000] {processor.py:183} INFO - Processing /opt/airflow/dags/pipeline_dag.py took 0.181 seconds
[2026-05-01T15:50:48.446+0000] {processor.py:161} INFO - Started process (PID=711) to work on /opt/airflow/dags/pipeline_dag.py
[2026-05-01T15:50:48.456+0000] {processor.py:830} INFO - Processing file /opt/airflow/dags/pipeline_dag.py for tasks to queue
[2026-05-01T15:50:48.459+0000] {logging_mixin.py:188} INFO - [2026-05-01T15:50:48.459+0000] {dagbag.py:545} INFO - Filling up the DagBag from /opt/airflow/dags/pipeline_dag.py
[2026-05-01T15:50:48.477+0000] {processor.py:840} INFO - DAG(s) 'data_pipeline' retrieved from /opt/airflow/dags/pipeline_dag.py
[2026-05-01T15:50:48.633+0000] {logging_mixin.py:188} INFO - [2026-05-01T15:50:48.632+0000] {dag.py:3089} INFO - Sync 1 DAGs
[2026-05-01T15:50:48.654+0000] {logging_mixin.py:188} INFO - [2026-05-01T15:50:48.654+0000] {dag.py:3947} INFO - Setting next_dagrun for data_pipeline to 2026-05-01 06:00:00+00:00, run_after=2026-05-02 06:00:00+00:00
[2026-05-01T15:50:48.691+0000] {processor.py:183} INFO - Processing /opt/airflow/dags/pipeline_dag.py took 0.255 seconds
[2026-05-01T15:51:18.796+0000] {processor.py:161} INFO - Started process (PID=716) to work on /opt/airflow/dags/pipeline_dag.py
[2026-05-01T15:51:18.797+0000] {processor.py:830} INFO - Processing file /opt/airflow/dags/pipeline_dag.py for tasks to queue
[2026-05-01T15:51:18.800+0000] {logging_mixin.py:188} INFO - [2026-05-01T15:51:18.799+0000] {dagbag.py:545} INFO - Filling up the DagBag from /opt/airflow/dags/pipeline_dag.py
[2026-05-01T15:51:18.819+0000] {processor.py:840} INFO - DAG(s) 'data_pipeline' retrieved from /opt/airflow/dags/pipeline_dag.py
[2026-05-01T15:51:18.875+0000] {logging_mixin.py:188} INFO - [2026-05-01T15:51:18.875+0000] {dag.py:3089} INFO - Sync 1 DAGs
[2026-05-01T15:51:18.914+0000] {logging_mixin.py:188} INFO - [2026-05-01T15:51:18.914+0000] {dag.py:3947} INFO - Setting next_dagrun for data_pipeline to 2026-05-01 06:00:00+00:00, run_after=2026-05-02 06:00:00+00:00
[2026-05-01T15:51:18.955+0000] {processor.py:183} INFO - Processing /opt/airflow/dags/pipeline_dag.py took 0.168 seconds
[2026-05-01T15:51:49.076+0000] {processor.py:161} INFO - Started process (PID=721) to work on /opt/airflow/dags/pipeline_dag.py
[2026-05-01T15:51:49.087+0000] {processor.py:830} INFO - Processing file /opt/airflow/dags/pipeline_dag.py for tasks to queue
[2026-05-01T15:51:49.090+0000] {logging_mixin.py:188} INFO - [2026-05-01T15:51:49.089+0000] {dagbag.py:545} INFO - Filling up the DagBag from /opt/airflow/dags/pipeline_dag.py
[2026-05-01T15:51:49.109+0000] {processor.py:840} INFO - DAG(s) 'data_pipeline' retrieved from /opt/airflow/dags/pipeline_dag.py
[2026-05-01T15:51:49.162+0000] {logging_mixin.py:188} INFO - [2026-05-01T15:51:49.161+0000] {dag.py:3089} INFO - Sync 1 DAGs
[2026-05-01T15:51:49.188+0000] {logging_mixin.py:188} INFO - [2026-05-01T15:51:49.188+0000] {dag.py:3947} INFO - Setting next_dagrun for data_pipeline to 2026-05-01 06:00:00+00:00, run_after=2026-05-02 06:00:00+00:00
[2026-05-01T15:51:49.222+0000] {processor.py:183} INFO - Processing /opt/airflow/dags/pipeline_dag.py took 0.156 seconds
[2026-05-01T15:52:19.357+0000] {processor.py:161} INFO - Started process (PID=726) to work on /opt/airflow/dags/pipeline_dag.py
[2026-05-01T15:52:19.358+0000] {processor.py:830} INFO - Processing file /opt/airflow/dags/pipeline_dag.py for tasks to queue
[2026-05-01T15:52:19.360+0000] {logging_mixin.py:188} INFO - [2026-05-01T15:52:19.360+0000] {dagbag.py:545} INFO - Filling up the DagBag from /opt/airflow/dags/pipeline_dag.py
[2026-05-01T15:52:19.376+0000] {processor.py:840} INFO - DAG(s) 'data_pipeline' retrieved from /opt/airflow/dags/pipeline_dag.py
[2026-05-01T15:52:19.426+0000] {logging_mixin.py:188} INFO - [2026-05-01T15:52:19.426+0000] {dag.py:3089} INFO - Sync 1 DAGs
[2026-05-01T15:52:19.466+0000] {logging_mixin.py:188} INFO - [2026-05-01T15:52:19.465+0000] {dag.py:3947} INFO - Setting next_dagrun for data_pipeline to 2026-05-01 06:00:00+00:00, run_after=2026-05-02 06:00:00+00:00
[2026-05-01T15:52:19.512+0000] {processor.py:183} INFO - Processing /opt/airflow/dags/pipeline_dag.py took 0.165 seconds
[2026-05-01T15:52:49.615+0000] {processor.py:161} INFO - Started process (PID=731) to work on /opt/airflow/dags/pipeline_dag.py
[2026-05-01T15:52:49.617+0000] {processor.py:830} INFO - Processing file /opt/airflow/dags/pipeline_dag.py for tasks to queue
[2026-05-01T15:52:49.620+0000] {logging_mixin.py:188} INFO - [2026-05-01T15:52:49.619+0000] {dagbag.py:545} INFO - Filling up the DagBag from /opt/airflow/dags/pipeline_dag.py
[2026-05-01T15:52:49.636+0000] {processor.py:840} INFO - DAG(s) 'data_pipeline' retrieved from /opt/airflow/dags/pipeline_dag.py
[2026-05-01T15:52:49.678+0000] {logging_mixin.py:188} INFO - [2026-05-01T15:52:49.677+0000] {dag.py:3089} INFO - Sync 1 DAGs
[2026-05-01T15:52:49.706+0000] {logging_mixin.py:188} INFO - [2026-05-01T15:52:49.706+0000] {dag.py:3947} INFO - Setting next_dagrun for data_pipeline to 2026-05-01 06:00:00+00:00, run_after=2026-05-02 06:00:00+00:00
[2026-05-01T15:52:49.733+0000] {processor.py:183} INFO - Processing /opt/airflow/dags/pipeline_dag.py took 0.126 seconds
[2026-05-01T15:53:19.921+0000] {processor.py:161} INFO - Started process (PID=748) to work on /opt/airflow/dags/pipeline_dag.py
[2026-05-01T15:53:19.922+0000] {processor.py:830} INFO - Processing file /opt/airflow/dags/pipeline_dag.py for tasks to queue
[2026-05-01T15:53:19.925+0000] {logging_mixin.py:188} INFO - [2026-05-01T15:53:19.924+0000] {dagbag.py:545} INFO - Filling up the DagBag from /opt/airflow/dags/pipeline_dag.py
[2026-05-01T15:53:19.945+0000] {processor.py:840} INFO - DAG(s) 'data_pipeline' retrieved from /opt/airflow/dags/pipeline_dag.py
[2026-05-01T15:53:19.986+0000] {logging_mixin.py:188} INFO - [2026-05-01T15:53:19.985+0000] {dag.py:3089} INFO - Sync 1 DAGs
[2026-05-01T15:53:20.010+0000] {logging_mixin.py:188} INFO - [2026-05-01T15:53:20.010+0000] {dag.py:3947} INFO - Setting next_dagrun for data_pipeline to 2026-05-01 06:00:00+00:00, run_after=2026-05-02 06:00:00+00:00
[2026-05-01T15:53:20.030+0000] {processor.py:183} INFO - Processing /opt/airflow/dags/pipeline_dag.py took 0.119 seconds
[2026-05-01T15:53:50.119+0000] {processor.py:161} INFO - Started process (PID=753) to work on /opt/airflow/dags/pipeline_dag.py
[2026-05-01T15:53:50.129+0000] {processor.py:830} INFO - Processing file /opt/airflow/dags/pipeline_dag.py for tasks to queue
[2026-05-01T15:53:50.133+0000] {logging_mixin.py:188} INFO - [2026-05-01T15:53:50.132+0000] {dagbag.py:545} INFO - Filling up the DagBag from /opt/airflow/dags/pipeline_dag.py
[2026-05-01T15:53:50.152+0000] {processor.py:840} INFO - DAG(s) 'data_pipeline' retrieved from /opt/airflow/dags/pipeline_dag.py
[2026-05-01T15:53:50.210+0000] {logging_mixin.py:188} INFO - [2026-05-01T15:53:50.209+0000] {dag.py:3089} INFO - Sync 1 DAGs
[2026-05-01T15:53:50.234+0000] {logging_mixin.py:188} INFO - [2026-05-01T15:53:50.234+0000] {dag.py:3947} INFO - Setting next_dagrun for data_pipeline to 2026-05-01 06:00:00+00:00, run_after=2026-05-02 06:00:00+00:00
[2026-05-01T15:53:50.268+0000] {processor.py:183} INFO - Processing /opt/airflow/dags/pipeline_dag.py took 0.161 seconds
[2026-05-01T15:54:20.426+0000] {processor.py:161} INFO - Started process (PID=758) to work on /opt/airflow/dags/pipeline_dag.py
[2026-05-01T15:54:20.427+0000] {processor.py:830} INFO - Processing file /opt/airflow/dags/pipeline_dag.py for tasks to queue
[2026-05-01T15:54:20.429+0000] {logging_mixin.py:188} INFO - [2026-05-01T15:54:20.428+0000] {dagbag.py:545} INFO - Filling up the DagBag from /opt/airflow/dags/pipeline_dag.py
[2026-05-01T15:54:20.444+0000] {processor.py:840} INFO - DAG(s) 'data_pipeline' retrieved from /opt/airflow/dags/pipeline_dag.py
[2026-05-01T15:54:20.495+0000] {logging_mixin.py:188} INFO - [2026-05-01T15:54:20.495+0000] {dag.py:3089} INFO - Sync 1 DAGs
[2026-05-01T15:54:20.527+0000] {logging_mixin.py:188} INFO - [2026-05-01T15:54:20.527+0000] {dag.py:3947} INFO - Setting next_dagrun for data_pipeline to 2026-05-01 06:00:00+00:00, run_after=2026-05-02 06:00:00+00:00
[2026-05-01T15:54:20.560+0000] {processor.py:183} INFO - Processing /opt/airflow/dags/pipeline_dag.py took 0.143 seconds
[2026-05-01T15:54:50.675+0000] {processor.py:161} INFO - Started process (PID=763) to work on /opt/airflow/dags/pipeline_dag.py
[2026-05-01T15:54:50.684+0000] {processor.py:830} INFO - Processing file /opt/airflow/dags/pipeline_dag.py for tasks to queue
[2026-05-01T15:54:50.688+0000] {logging_mixin.py:188} INFO - [2026-05-01T15:54:50.687+0000] {dagbag.py:545} INFO - Filling up the DagBag from /opt/airflow/dags/pipeline_dag.py
[2026-05-01T15:54:50.707+0000] {processor.py:840} INFO - DAG(s) 'data_pipeline' retrieved from /opt/airflow/dags/pipeline_dag.py
[2026-05-01T15:54:50.759+0000] {logging_mixin.py:188} INFO - [2026-05-01T15:54:50.759+0000] {dag.py:3089} INFO - Sync 1 DAGs
[2026-05-01T15:54:50.810+0000] {logging_mixin.py:188} INFO - [2026-05-01T15:54:50.809+0000] {dag.py:3947} INFO - Setting next_dagrun for data_pipeline to 2026-05-01 06:00:00+00:00, run_after=2026-05-02 06:00:00+00:00
[2026-05-01T15:54:50.850+0000] {processor.py:183} INFO - Processing /opt/airflow/dags/pipeline_dag.py took 0.185 seconds
[2026-05-01T15:55:20.937+0000] {processor.py:161} INFO - Started process (PID=768) to work on /opt/airflow/dags/pipeline_dag.py
[2026-05-01T15:55:20.938+0000] {processor.py:830} INFO - Processing file /opt/airflow/dags/pipeline_dag.py for tasks to queue
[2026-05-01T15:55:20.941+0000] {logging_mixin.py:188} INFO - [2026-05-01T15:55:20.941+0000] {dagbag.py:545} INFO - Filling up the DagBag from /opt/airflow/dags/pipeline_dag.py
[2026-05-01T15:55:20.962+0000] {processor.py:840} INFO - DAG(s) 'data_pipeline' retrieved from /opt/airflow/dags/pipeline_dag.py
[2026-05-01T15:55:21.016+0000] {logging_mixin.py:188} INFO - [2026-05-01T15:55:21.015+0000] {dag.py:3089} INFO - Sync 1 DAGs
[2026-05-01T15:55:21.058+0000] {logging_mixin.py:188} INFO - [2026-05-01T15:55:21.058+0000] {dag.py:3947} INFO - Setting next_dagrun for data_pipeline to 2026-05-01 06:00:00+00:00, run_after=2026-05-02 06:00:00+00:00
[2026-05-01T15:55:21.106+0000] {processor.py:183} INFO - Processing /opt/airflow/dags/pipeline_dag.py took 0.177 seconds
[2026-05-01T15:55:51.255+0000] {processor.py:161} INFO - Started process (PID=773) to work on /opt/airflow/dags/pipeline_dag.py
[2026-05-01T15:55:51.266+0000] {processor.py:830} INFO - Processing file /opt/airflow/dags/pipeline_dag.py for tasks to queue
[2026-05-01T15:55:51.270+0000] {logging_mixin.py:188} INFO - [2026-05-01T15:55:51.269+0000] {dagbag.py:545} INFO - Filling up the DagBag from /opt/airflow/dags/pipeline_dag.py
[2026-05-01T15:55:51.289+0000] {processor.py:840} INFO - DAG(s) 'data_pipeline' retrieved from /opt/airflow/dags/pipeline_dag.py
[2026-05-01T15:55:51.339+0000] {logging_mixin.py:188} INFO - [2026-05-01T15:55:51.338+0000] {dag.py:3089} INFO - Sync 1 DAGs
[2026-05-01T15:55:51.380+0000] {logging_mixin.py:188} INFO - [2026-05-01T15:55:51.379+0000] {dag.py:3947} INFO - Setting next_dagrun for data_pipeline to 2026-05-01 06:00:00+00:00, run_after=2026-05-02 06:00:00+00:00
[2026-05-01T15:55:51.413+0000] {processor.py:183} INFO - Processing /opt/airflow/dags/pipeline_dag.py took 0.167 seconds
[2026-05-01T15:56:21.517+0000] {processor.py:161} INFO - Started process (PID=778) to work on /opt/airflow/dags/pipeline_dag.py
[2026-05-01T15:56:21.518+0000] {processor.py:830} INFO - Processing file /opt/airflow/dags/pipeline_dag.py for tasks to queue
[2026-05-01T15:56:21.522+0000] {logging_mixin.py:188} INFO - [2026-05-01T15:56:21.521+0000] {dagbag.py:545} INFO - Filling up the DagBag from /opt/airflow/dags/pipeline_dag.py
[2026-05-01T15:56:21.543+0000] {processor.py:840} INFO - DAG(s) 'data_pipeline' retrieved from /opt/airflow/dags/pipeline_dag.py
[2026-05-01T15:56:21.598+0000] {logging_mixin.py:188} INFO - [2026-05-01T15:56:21.597+0000] {dag.py:3089} INFO - Sync 1 DAGs
[2026-05-01T15:56:21.623+0000] {logging_mixin.py:188} INFO - [2026-05-01T15:56:21.623+0000] {dag.py:3947} INFO - Setting next_dagrun for data_pipeline to 2026-05-01 06:00:00+00:00, run_after=2026-05-02 06:00:00+00:00
[2026-05-01T15:56:21.660+0000] {processor.py:183} INFO - Processing /opt/airflow/dags/pipeline_dag.py took 0.154 seconds
[2026-05-01T15:56:51.815+0000] {processor.py:161} INFO - Started process (PID=783) to work on /opt/airflow/dags/pipeline_dag.py
[2026-05-01T15:56:51.826+0000] {processor.py:830} INFO - Processing file /opt/airflow/dags/pipeline_dag.py for tasks to queue
[2026-05-01T15:56:51.829+0000] {logging_mixin.py:188} INFO - [2026-05-01T15:56:51.828+0000] {dagbag.py:545} INFO - Filling up the DagBag from /opt/airflow/dags/pipeline_dag.py
[2026-05-01T15:56:51.849+0000] {processor.py:840} INFO - DAG(s) 'data_pipeline' retrieved from /opt/airflow/dags/pipeline_dag.py
[2026-05-01T15:56:51.905+0000] {logging_mixin.py:188} INFO - [2026-05-01T15:56:51.904+0000] {dag.py:3089} INFO - Sync 1 DAGs
[2026-05-01T15:56:51.951+0000] {logging_mixin.py:188} INFO - [2026-05-01T15:56:51.950+0000] {dag.py:3947} INFO - Setting next_dagrun for data_pipeline to 2026-05-01 06:00:00+00:00, run_after=2026-05-02 06:00:00+00:00
[2026-05-01T15:56:51.990+0000] {processor.py:183} INFO - Processing /opt/airflow/dags/pipeline_dag.py took 0.185 seconds
[2026-05-01T15:57:22.060+0000] {processor.py:161} INFO - Started process (PID=788) to work on /opt/airflow/dags/pipeline_dag.py
[2026-05-01T15:57:22.061+0000] {processor.py:830} INFO - Processing file /opt/airflow/dags/pipeline_dag.py for tasks to queue
[2026-05-01T15:57:22.063+0000] {logging_mixin.py:188} INFO - [2026-05-01T15:57:22.063+0000] {dagbag.py:545} INFO - Filling up the DagBag from /opt/airflow/dags/pipeline_dag.py
[2026-05-01T15:57:22.081+0000] {processor.py:840} INFO - DAG(s) 'data_pipeline' retrieved from /opt/airflow/dags/pipeline_dag.py
[2026-05-01T15:57:22.133+0000] {logging_mixin.py:188} INFO - [2026-05-01T15:57:22.132+0000] {dag.py:3089} INFO - Sync 1 DAGs
[2026-05-01T15:57:22.165+0000] {logging_mixin.py:188} INFO - [2026-05-01T15:57:22.165+0000] {dag.py:3947} INFO - Setting next_dagrun for data_pipeline to 2026-05-01 06:00:00+00:00, run_after=2026-05-02 06:00:00+00:00
[2026-05-01T15:57:22.207+0000] {processor.py:183} INFO - Processing /opt/airflow/dags/pipeline_dag.py took 0.157 seconds
[2026-05-01T15:57:52.393+0000] {processor.py:161} INFO - Started process (PID=793) to work on /opt/airflow/dags/pipeline_dag.py
[2026-05-01T15:57:52.403+0000] {processor.py:830} INFO - Processing file /opt/airflow/dags/pipeline_dag.py for tasks to queue
[2026-05-01T15:57:52.406+0000] {logging_mixin.py:188} INFO - [2026-05-01T15:57:52.406+0000] {dagbag.py:545} INFO - Filling up the DagBag from /opt/airflow/dags/pipeline_dag.py
[2026-05-01T15:57:52.422+0000] {processor.py:840} INFO - DAG(s) 'data_pipeline' retrieved from /opt/airflow/dags/pipeline_dag.py
[2026-05-01T15:57:52.462+0000] {logging_mixin.py:188} INFO - [2026-05-01T15:57:52.461+0000] {dag.py:3089} INFO - Sync 1 DAGs
[2026-05-01T15:57:52.488+0000] {logging_mixin.py:188} INFO - [2026-05-01T15:57:52.487+0000] {dag.py:3947} INFO - Setting next_dagrun for data_pipeline to 2026-05-01 06:00:00+00:00, run_after=2026-05-02 06:00:00+00:00
[2026-05-01T15:57:52.510+0000] {processor.py:183} INFO - Processing /opt/airflow/dags/pipeline_dag.py took 0.126 seconds
[2026-05-01T15:58:22.638+0000] {processor.py:161} INFO - Started process (PID=810) to work on /opt/airflow/dags/pipeline_dag.py
[2026-05-01T15:58:22.639+0000] {processor.py:830} INFO - Processing file /opt/airflow/dags/pipeline_dag.py for tasks to queue
[2026-05-01T15:58:22.642+0000] {logging_mixin.py:188} INFO - [2026-05-01T15:58:22.642+0000] {dagbag.py:545} INFO - Filling up the DagBag from /opt/airflow/dags/pipeline_dag.py
[2026-05-01T15:58:22.656+0000] {processor.py:840} INFO - DAG(s) 'data_pipeline' retrieved from /opt/airflow/dags/pipeline_dag.py
[2026-05-01T15:58:22.697+0000] {logging_mixin.py:188} INFO - [2026-05-01T15:58:22.697+0000] {dag.py:3089} INFO - Sync 1 DAGs
[2026-05-01T15:58:22.724+0000] {logging_mixin.py:188} INFO - [2026-05-01T15:58:22.724+0000] {dag.py:3947} INFO - Setting next_dagrun for data_pipeline to 2026-05-01 06:00:00+00:00, run_after=2026-05-02 06:00:00+00:00
[2026-05-01T15:58:22.747+0000] {processor.py:183} INFO - Processing /opt/airflow/dags/pipeline_dag.py took 0.119 seconds
[2026-05-01T15:58:52.917+0000] {processor.py:161} INFO - Started process (PID=815) to work on /opt/airflow/dags/pipeline_dag.py
[2026-05-01T15:58:52.927+0000] {processor.py:830} INFO - Processing file /opt/airflow/dags/pipeline_dag.py for tasks to queue
[2026-05-01T15:58:52.931+0000] {logging_mixin.py:188} INFO - [2026-05-01T15:58:52.930+0000] {dagbag.py:545} INFO - Filling up the DagBag from /opt/airflow/dags/pipeline_dag.py
[2026-05-01T15:58:52.949+0000] {processor.py:840} INFO - DAG(s) 'data_pipeline' retrieved from /opt/airflow/dags/pipeline_dag.py
[2026-05-01T15:58:52.998+0000] {logging_mixin.py:188} INFO - [2026-05-01T15:58:52.998+0000] {dag.py:3089} INFO - Sync 1 DAGs
[2026-05-01T15:58:53.036+0000] {logging_mixin.py:188} INFO - [2026-05-01T15:58:53.035+0000] {dag.py:3947} INFO - Setting next_dagrun for data_pipeline to 2026-05-01 06:00:00+00:00, run_after=2026-05-02 06:00:00+00:00
[2026-05-01T15:58:53.072+0000] {processor.py:183} INFO - Processing /opt/airflow/dags/pipeline_dag.py took 0.164 seconds
[2026-05-01T15:59:23.157+0000] {processor.py:161} INFO - Started process (PID=820) to work on /opt/airflow/dags/pipeline_dag.py
[2026-05-01T15:59:23.158+0000] {processor.py:830} INFO - Processing file /opt/airflow/dags/pipeline_dag.py for tasks to queue
[2026-05-01T15:59:23.162+0000] {logging_mixin.py:188} INFO - [2026-05-01T15:59:23.162+0000] {dagbag.py:545} INFO - Filling up the DagBag from /opt/airflow/dags/pipeline_dag.py
[2026-05-01T15:59:23.183+0000] {processor.py:840} INFO - DAG(s) 'data_pipeline' retrieved from /opt/airflow/dags/pipeline_dag.py
[2026-05-01T15:59:23.241+0000] {logging_mixin.py:188} INFO - [2026-05-01T15:59:23.240+0000] {dag.py:3089} INFO - Sync 1 DAGs
[2026-05-01T15:59:23.280+0000] {logging_mixin.py:188} INFO - [2026-05-01T15:59:23.280+0000] {dag.py:3947} INFO - Setting next_dagrun for data_pipeline to 2026-05-01 06:00:00+00:00, run_after=2026-05-02 06:00:00+00:00
[2026-05-01T15:59:23.304+0000] {processor.py:183} INFO - Processing /opt/airflow/dags/pipeline_dag.py took 0.158 seconds
[2026-05-01T15:59:53.486+0000] {processor.py:161} INFO - Started process (PID=825) to work on /opt/airflow/dags/pipeline_dag.py
[2026-05-01T15:59:53.496+0000] {processor.py:830} INFO - Processing file /opt/airflow/dags/pipeline_dag.py for tasks to queue
[2026-05-01T15:59:53.498+0000] {logging_mixin.py:188} INFO - [2026-05-01T15:59:53.498+0000] {dagbag.py:545} INFO - Filling up the DagBag from /opt/airflow/dags/pipeline_dag.py
[2026-05-01T15:59:53.515+0000] {processor.py:840} INFO - DAG(s) 'data_pipeline' retrieved from /opt/airflow/dags/pipeline_dag.py
[2026-05-01T15:59:53.568+0000] {logging_mixin.py:188} INFO - [2026-05-01T15:59:53.567+0000] {dag.py:3089} INFO - Sync 1 DAGs
[2026-05-01T15:59:53.603+0000] {logging_mixin.py:188} INFO - [2026-05-01T15:59:53.602+0000] {dag.py:3947} INFO - Setting next_dagrun for data_pipeline to 2026-05-01 06:00:00+00:00, run_after=2026-05-02 06:00:00+00:00
[2026-05-01T15:59:53.636+0000] {processor.py:183} INFO - Processing /opt/airflow/dags/pipeline_dag.py took 0.163 seconds
[2026-05-01T16:00:23.702+0000] {processor.py:161} INFO - Started process (PID=830) to work on /opt/airflow/dags/pipeline_dag.py
[2026-05-01T16:00:23.704+0000] {processor.py:830} INFO - Processing file /opt/airflow/dags/pipeline_dag.py for tasks to queue
[2026-05-01T16:00:23.707+0000] {logging_mixin.py:188} INFO - [2026-05-01T16:00:23.706+0000] {dagbag.py:545} INFO - Filling up the DagBag from /opt/airflow/dags/pipeline_dag.py
[2026-05-01T16:00:23.725+0000] {processor.py:840} INFO - DAG(s) 'data_pipeline' retrieved from /opt/airflow/dags/pipeline_dag.py
[2026-05-01T16:00:23.793+0000] {logging_mixin.py:188} INFO - [2026-05-01T16:00:23.792+0000] {dag.py:3089} INFO - Sync 1 DAGs
[2026-05-01T16:00:23.824+0000] {logging_mixin.py:188} INFO - [2026-05-01T16:00:23.824+0000] {dag.py:3947} INFO - Setting next_dagrun for data_pipeline to 2026-05-01 06:00:00+00:00, run_after=2026-05-02 06:00:00+00:00
[2026-05-01T16:00:23.842+0000] {processor.py:183} INFO - Processing /opt/airflow/dags/pipeline_dag.py took 0.151 seconds
[2026-05-01T16:00:54.024+0000] {processor.py:161} INFO - Started process (PID=835) to work on /opt/airflow/dags/pipeline_dag.py
[2026-05-01T16:00:54.025+0000] {processor.py:830} INFO - Processing file /opt/airflow/dags/pipeline_dag.py for tasks to queue
[2026-05-01T16:00:54.028+0000] {logging_mixin.py:188} INFO - [2026-05-01T16:00:54.027+0000] {dagbag.py:545} INFO - Filling up the DagBag from /opt/airflow/dags/pipeline_dag.py
[2026-05-01T16:00:54.043+0000] {processor.py:840} INFO - DAG(s) 'data_pipeline' retrieved from /opt/airflow/dags/pipeline_dag.py
[2026-05-01T16:00:54.097+0000] {logging_mixin.py:188} INFO - [2026-05-01T16:00:54.096+0000] {dag.py:3089} INFO - Sync 1 DAGs
[2026-05-01T16:00:54.143+0000] {logging_mixin.py:188} INFO - [2026-05-01T16:00:54.143+0000] {dag.py:3947} INFO - Setting next_dagrun for data_pipeline to 2026-05-01 06:00:00+00:00, run_after=2026-05-02 06:00:00+00:00
[2026-05-01T16:00:54.184+0000] {processor.py:183} INFO - Processing /opt/airflow/dags/pipeline_dag.py took 0.168 seconds
[2026-05-01T16:01:24.395+0000] {processor.py:161} INFO - Started process (PID=840) to work on /opt/airflow/dags/pipeline_dag.py
[2026-05-01T16:01:24.396+0000] {processor.py:830} INFO - Processing file /opt/airflow/dags/pipeline_dag.py for tasks to queue
[2026-05-01T16:01:24.398+0000] {logging_mixin.py:188} INFO - [2026-05-01T16:01:24.398+0000] {dagbag.py:545} INFO - Filling up the DagBag from /opt/airflow/dags/pipeline_dag.py
[2026-05-01T16:01:24.414+0000] {processor.py:840} INFO - DAG(s) 'data_pipeline' retrieved from /opt/airflow/dags/pipeline_dag.py
[2026-05-01T16:01:24.461+0000] {logging_mixin.py:188} INFO - [2026-05-01T16:01:24.460+0000] {dag.py:3089} INFO - Sync 1 DAGs
[2026-05-01T16:01:24.497+0000] {logging_mixin.py:188} INFO - [2026-05-01T16:01:24.497+0000] {dag.py:3947} INFO - Setting next_dagrun for data_pipeline to 2026-05-01 06:00:00+00:00, run_after=2026-05-02 06:00:00+00:00
[2026-05-01T16:01:24.539+0000] {processor.py:183} INFO - Processing /opt/airflow/dags/pipeline_dag.py took 0.153 seconds
[2026-05-01T16:01:54.588+0000] {processor.py:161} INFO - Started process (PID=845) to work on /opt/airflow/dags/pipeline_dag.py
[2026-05-01T16:01:54.589+0000] {processor.py:830} INFO - Processing file /opt/airflow/dags/pipeline_dag.py for tasks to queue
[2026-05-01T16:01:54.593+0000] {logging_mixin.py:188} INFO - [2026-05-01T16:01:54.592+0000] {dagbag.py:545} INFO - Filling up the DagBag from /opt/airflow/dags/pipeline_dag.py
[2026-05-01T16:01:54.614+0000] {processor.py:840} INFO - DAG(s) 'data_pipeline' retrieved from /opt/airflow/dags/pipeline_dag.py
[2026-05-01T16:01:54.666+0000] {logging_mixin.py:188} INFO - [2026-05-01T16:01:54.666+0000] {dag.py:3089} INFO - Sync 1 DAGs
[2026-05-01T16:01:54.699+0000] {logging_mixin.py:188} INFO - [2026-05-01T16:01:54.698+0000] {dag.py:3947} INFO - Setting next_dagrun for data_pipeline to 2026-05-01 06:00:00+00:00, run_after=2026-05-02 06:00:00+00:00
[2026-05-01T16:01:54.736+0000] {processor.py:183} INFO - Processing /opt/airflow/dags/pipeline_dag.py took 0.157 seconds
[2026-05-01T16:02:24.946+0000] {processor.py:161} INFO - Started process (PID=850) to work on /opt/airflow/dags/pipeline_dag.py
[2026-05-01T16:02:24.947+0000] {processor.py:830} INFO - Processing file /opt/airflow/dags/pipeline_dag.py for tasks to queue
[2026-05-01T16:02:24.949+0000] {logging_mixin.py:188} INFO - [2026-05-01T16:02:24.948+0000] {dagbag.py:545} INFO - Filling up the DagBag from /opt/airflow/dags/pipeline_dag.py
[2026-05-01T16:02:24.965+0000] {processor.py:840} INFO - DAG(s) 'data_pipeline' retrieved from /opt/airflow/dags/pipeline_dag.py
[2026-05-01T16:02:25.014+0000] {logging_mixin.py:188} INFO - [2026-05-01T16:02:25.013+0000] {dag.py:3089} INFO - Sync 1 DAGs
[2026-05-01T16:02:25.044+0000] {logging_mixin.py:188} INFO - [2026-05-01T16:02:25.044+0000] {dag.py:3947} INFO - Setting next_dagrun for data_pipeline to 2026-05-01 06:00:00+00:00, run_after=2026-05-02 06:00:00+00:00
[2026-05-01T16:02:25.073+0000] {processor.py:183} INFO - Processing /opt/airflow/dags/pipeline_dag.py took 0.138 seconds
[2026-05-01T16:02:55.147+0000] {processor.py:161} INFO - Started process (PID=855) to work on /opt/airflow/dags/pipeline_dag.py
[2026-05-01T16:02:55.157+0000] {processor.py:830} INFO - Processing file /opt/airflow/dags/pipeline_dag.py for tasks to queue
[2026-05-01T16:02:55.159+0000] {logging_mixin.py:188} INFO - [2026-05-01T16:02:55.159+0000] {dagbag.py:545} INFO - Filling up the DagBag from /opt/airflow/dags/pipeline_dag.py
[2026-05-01T16:02:55.176+0000] {processor.py:840} INFO - DAG(s) 'data_pipeline' retrieved from /opt/airflow/dags/pipeline_dag.py
[2026-05-01T16:02:55.223+0000] {logging_mixin.py:188} INFO - [2026-05-01T16:02:55.223+0000] {dag.py:3089} INFO - Sync 1 DAGs
[2026-05-01T16:02:55.251+0000] {logging_mixin.py:188} INFO - [2026-05-01T16:02:55.250+0000] {dag.py:3947} INFO - Setting next_dagrun for data_pipeline to 2026-05-01 06:00:00+00:00, run_after=2026-05-02 06:00:00+00:00
[2026-05-01T16:02:55.290+0000] {processor.py:183} INFO - Processing /opt/airflow/dags/pipeline_dag.py took 0.153 seconds
[2026-05-01T16:03:25.466+0000] {processor.py:161} INFO - Started process (PID=872) to work on /opt/airflow/dags/pipeline_dag.py
[2026-05-01T16:03:25.467+0000] {processor.py:830} INFO - Processing file /opt/airflow/dags/pipeline_dag.py for tasks to queue
[2026-05-01T16:03:25.470+0000] {logging_mixin.py:188} INFO - [2026-05-01T16:03:25.469+0000] {dagbag.py:545} INFO - Filling up the DagBag from /opt/airflow/dags/pipeline_dag.py
[2026-05-01T16:03:25.486+0000] {processor.py:840} INFO - DAG(s) 'data_pipeline' retrieved from /opt/airflow/dags/pipeline_dag.py
[2026-05-01T16:03:25.540+0000] {logging_mixin.py:188} INFO - [2026-05-01T16:03:25.540+0000] {dag.py:3089} INFO - Sync 1 DAGs
[2026-05-01T16:03:25.574+0000] {logging_mixin.py:188} INFO - [2026-05-01T16:03:25.574+0000] {dag.py:3947} INFO - Setting next_dagrun for data_pipeline to 2026-05-01 06:00:00+00:00, run_after=2026-05-02 06:00:00+00:00
[2026-05-01T16:03:25.617+0000] {processor.py:183} INFO - Processing /opt/airflow/dags/pipeline_dag.py took 0.162 seconds
[2026-05-01T16:03:55.685+0000] {processor.py:161} INFO - Started process (PID=877) to work on /opt/airflow/dags/pipeline_dag.py
[2026-05-01T16:03:55.686+0000] {processor.py:830} INFO - Processing file /opt/airflow/dags/pipeline_dag.py for tasks to queue
[2026-05-01T16:03:55.688+0000] {logging_mixin.py:188} INFO - [2026-05-01T16:03:55.688+0000] {dagbag.py:545} INFO - Filling up the DagBag from /opt/airflow/dags/pipeline_dag.py
[2026-05-01T16:03:55.702+0000] {processor.py:840} INFO - DAG(s) 'data_pipeline' retrieved from /opt/airflow/dags/pipeline_dag.py
[2026-05-01T16:03:55.748+0000] {logging_mixin.py:188} INFO - [2026-05-01T16:03:55.748+0000] {dag.py:3089} INFO - Sync 1 DAGs
[2026-05-01T16:03:55.780+0000] {logging_mixin.py:188} INFO - [2026-05-01T16:03:55.779+0000] {dag.py:3947} INFO - Setting next_dagrun for data_pipeline to 2026-05-01 06:00:00+00:00, run_after=2026-05-02 06:00:00+00:00
[2026-05-01T16:03:55.804+0000] {processor.py:183} INFO - Processing /opt/airflow/dags/pipeline_dag.py took 0.129 seconds
[2026-05-01T16:04:26.011+0000] {processor.py:161} INFO - Started process (PID=882) to work on /opt/airflow/dags/pipeline_dag.py
[2026-05-01T16:04:26.012+0000] {processor.py:830} INFO - Processing file /opt/airflow/dags/pipeline_dag.py for tasks to queue
[2026-05-01T16:04:26.014+0000] {logging_mixin.py:188} INFO - [2026-05-01T16:04:26.014+0000] {dagbag.py:545} INFO - Filling up the DagBag from /opt/airflow/dags/pipeline_dag.py
[2026-05-01T16:04:26.033+0000] {processor.py:840} INFO - DAG(s) 'data_pipeline' retrieved from /opt/airflow/dags/pipeline_dag.py
[2026-05-01T16:04:26.096+0000] {logging_mixin.py:188} INFO - [2026-05-01T16:04:26.095+0000] {dag.py:3089} INFO - Sync 1 DAGs
[2026-05-01T16:04:26.131+0000] {logging_mixin.py:188} INFO - [2026-05-01T16:04:26.130+0000] {dag.py:3947} INFO - Setting next_dagrun for data_pipeline to 2026-05-01 06:00:00+00:00, run_after=2026-05-02 06:00:00+00:00
[2026-05-01T16:04:26.168+0000] {processor.py:183} INFO - Processing /opt/airflow/dags/pipeline_dag.py took 0.167 seconds
[2026-05-01T16:04:56.212+0000] {processor.py:161} INFO - Started process (PID=887) to work on /opt/airflow/dags/pipeline_dag.py
[2026-05-01T16:04:56.223+0000] {processor.py:830} INFO - Processing file /opt/airflow/dags/pipeline_dag.py for tasks to queue
[2026-05-01T16:04:56.226+0000] {logging_mixin.py:188} INFO - [2026-05-01T16:04:56.225+0000] {dagbag.py:545} INFO - Filling up the DagBag from /opt/airflow/dags/pipeline_dag.py
[2026-05-01T16:04:56.245+0000] {processor.py:840} INFO - DAG(s) 'data_pipeline' retrieved from /opt/airflow/dags/pipeline_dag.py
[2026-05-01T16:04:56.293+0000] {logging_mixin.py:188} INFO - [2026-05-01T16:04:56.293+0000] {dag.py:3089} INFO - Sync 1 DAGs
[2026-05-01T16:04:56.336+0000] {logging_mixin.py:188} INFO - [2026-05-01T16:04:56.335+0000] {dag.py:3947} INFO - Setting next_dagrun for data_pipeline to 2026-05-01 06:00:00+00:00, run_after=2026-05-02 06:00:00+00:00
[2026-05-01T16:04:56.377+0000] {processor.py:183} INFO - Processing /opt/airflow/dags/pipeline_dag.py took 0.175 seconds
[2026-05-01T16:05:26.562+0000] {processor.py:161} INFO - Started process (PID=892) to work on /opt/airflow/dags/pipeline_dag.py
[2026-05-01T16:05:26.563+0000] {processor.py:830} INFO - Processing file /opt/airflow/dags/pipeline_dag.py for tasks to queue
[2026-05-01T16:05:26.566+0000] {logging_mixin.py:188} INFO - [2026-05-01T16:05:26.566+0000] {dagbag.py:545} INFO - Filling up the DagBag from /opt/airflow/dags/pipeline_dag.py
[2026-05-01T16:05:26.585+0000] {processor.py:840} INFO - DAG(s) 'data_pipeline' retrieved from /opt/airflow/dags/pipeline_dag.py
[2026-05-01T16:05:26.660+0000] {logging_mixin.py:188} INFO - [2026-05-01T16:05:26.659+0000] {dag.py:3089} INFO - Sync 1 DAGs
[2026-05-01T16:05:26.688+0000] {logging_mixin.py:188} INFO - [2026-05-01T16:05:26.687+0000] {dag.py:3947} INFO - Setting next_dagrun for data_pipeline to 2026-05-01 06:00:00+00:00, run_after=2026-05-02 06:00:00+00:00
[2026-05-01T16:05:26.728+0000] {processor.py:183} INFO - Processing /opt/airflow/dags/pipeline_dag.py took 0.178 seconds
[2026-05-01T16:05:56.776+0000] {processor.py:161} INFO - Started process (PID=897) to work on /opt/airflow/dags/pipeline_dag.py
[2026-05-01T16:05:56.786+0000] {processor.py:830} INFO - Processing file /opt/airflow/dags/pipeline_dag.py for tasks to queue
[2026-05-01T16:05:56.789+0000] {logging_mixin.py:188} INFO - [2026-05-01T16:05:56.789+0000] {dagbag.py:545} INFO - Filling up the DagBag from /opt/airflow/dags/pipeline_dag.py
[2026-05-01T16:05:56.805+0000] {processor.py:840} INFO - DAG(s) 'data_pipeline' retrieved from /opt/airflow/dags/pipeline_dag.py
[2026-05-01T16:05:56.855+0000] {logging_mixin.py:188} INFO - [2026-05-01T16:05:56.855+0000] {dag.py:3089} INFO - Sync 1 DAGs
[2026-05-01T16:05:56.896+0000] {logging_mixin.py:188} INFO - [2026-05-01T16:05:56.896+0000] {dag.py:3947} INFO - Setting next_dagrun for data_pipeline to 2026-05-01 06:00:00+00:00, run_after=2026-05-02 06:00:00+00:00
[2026-05-01T16:05:56.936+0000] {processor.py:183} INFO - Processing /opt/airflow/dags/pipeline_dag.py took 0.170 seconds
[2026-05-01T16:06:27.147+0000] {processor.py:161} INFO - Started process (PID=902) to work on /opt/airflow/dags/pipeline_dag.py
[2026-05-01T16:06:27.158+0000] {processor.py:830} INFO - Processing file /opt/airflow/dags/pipeline_dag.py for tasks to queue
[2026-05-01T16:06:27.160+0000] {logging_mixin.py:188} INFO - [2026-05-01T16:06:27.160+0000] {dagbag.py:545} INFO - Filling up the DagBag from /opt/airflow/dags/pipeline_dag.py
[2026-05-01T16:06:27.173+0000] {processor.py:840} INFO - DAG(s) 'data_pipeline' retrieved from /opt/airflow/dags/pipeline_dag.py
[2026-05-01T16:06:27.213+0000] {logging_mixin.py:188} INFO - [2026-05-01T16:06:27.213+0000] {dag.py:3089} INFO - Sync 1 DAGs
[2026-05-01T16:06:27.242+0000] {logging_mixin.py:188} INFO - [2026-05-01T16:06:27.242+0000] {dag.py:3947} INFO - Setting next_dagrun for data_pipeline to 2026-05-01 06:00:00+00:00, run_after=2026-05-02 06:00:00+00:00
[2026-05-01T16:06:27.263+0000] {processor.py:183} INFO - Processing /opt/airflow/dags/pipeline_dag.py took 0.128 seconds
[2026-05-01T16:06:57.346+0000] {processor.py:161} INFO - Started process (PID=907) to work on /opt/airflow/dags/pipeline_dag.py
[2026-05-01T16:06:57.347+0000] {processor.py:830} INFO - Processing file /opt/airflow/dags/pipeline_dag.py for tasks to queue
[2026-05-01T16:06:57.350+0000] {logging_mixin.py:188} INFO - [2026-05-01T16:06:57.350+0000] {dagbag.py:545} INFO - Filling up the DagBag from /opt/airflow/dags/pipeline_dag.py
[2026-05-01T16:06:57.368+0000] {processor.py:840} INFO - DAG(s) 'data_pipeline' retrieved from /opt/airflow/dags/pipeline_dag.py
[2026-05-01T16:06:57.422+0000] {logging_mixin.py:188} INFO - [2026-05-01T16:06:57.422+0000] {dag.py:3089} INFO - Sync 1 DAGs
[2026-05-01T16:06:57.466+0000] {logging_mixin.py:188} INFO - [2026-05-01T16:06:57.465+0000] {dag.py:3947} INFO - Setting next_dagrun for data_pipeline to 2026-05-01 06:00:00+00:00, run_after=2026-05-02 06:00:00+00:00
[2026-05-01T16:06:57.508+0000] {processor.py:183} INFO - Processing /opt/airflow/dags/pipeline_dag.py took 0.173 seconds
[2026-05-01T16:07:27.662+0000] {processor.py:161} INFO - Started process (PID=912) to work on /opt/airflow/dags/pipeline_dag.py
[2026-05-01T16:07:27.672+0000] {processor.py:830} INFO - Processing file /opt/airflow/dags/pipeline_dag.py for tasks to queue
[2026-05-01T16:07:27.675+0000] {logging_mixin.py:188} INFO - [2026-05-01T16:07:27.674+0000] {dagbag.py:545} INFO - Filling up the DagBag from /opt/airflow/dags/pipeline_dag.py
[2026-05-01T16:07:27.695+0000] {processor.py:840} INFO - DAG(s) 'data_pipeline' retrieved from /opt/airflow/dags/pipeline_dag.py
[2026-05-01T16:07:27.752+0000] {logging_mixin.py:188} INFO - [2026-05-01T16:07:27.752+0000] {dag.py:3089} INFO - Sync 1 DAGs
[2026-05-01T16:07:27.786+0000] {logging_mixin.py:188} INFO - [2026-05-01T16:07:27.786+0000] {dag.py:3947} INFO - Setting next_dagrun for data_pipeline to 2026-05-01 06:00:00+00:00, run_after=2026-05-02 06:00:00+00:00
[2026-05-01T16:07:27.824+0000] {processor.py:183} INFO - Processing /opt/airflow/dags/pipeline_dag.py took 0.173 seconds
[2026-05-01T16:07:57.918+0000] {processor.py:161} INFO - Started process (PID=917) to work on /opt/airflow/dags/pipeline_dag.py
[2026-05-01T16:07:57.919+0000] {processor.py:830} INFO - Processing file /opt/airflow/dags/pipeline_dag.py for tasks to queue
[2026-05-01T16:07:57.922+0000] {logging_mixin.py:188} INFO - [2026-05-01T16:07:57.921+0000] {dagbag.py:545} INFO - Filling up the DagBag from /opt/airflow/dags/pipeline_dag.py
[2026-05-01T16:07:57.941+0000] {processor.py:840} INFO - DAG(s) 'data_pipeline' retrieved from /opt/airflow/dags/pipeline_dag.py
[2026-05-01T16:07:57.986+0000] {logging_mixin.py:188} INFO - [2026-05-01T16:07:57.986+0000] {dag.py:3089} INFO - Sync 1 DAGs
[2026-05-01T16:07:58.013+0000] {logging_mixin.py:188} INFO - [2026-05-01T16:07:58.013+0000] {dag.py:3947} INFO - Setting next_dagrun for data_pipeline to 2026-05-01 06:00:00+00:00, run_after=2026-05-02 06:00:00+00:00
[2026-05-01T16:07:58.055+0000] {processor.py:183} INFO - Processing /opt/airflow/dags/pipeline_dag.py took 0.148 seconds
[2026-05-01T16:08:28.228+0000] {processor.py:161} INFO - Started process (PID=922) to work on /opt/airflow/dags/pipeline_dag.py
[2026-05-01T16:08:28.238+0000] {processor.py:830} INFO - Processing file /opt/airflow/dags/pipeline_dag.py for tasks to queue
[2026-05-01T16:08:28.241+0000] {logging_mixin.py:188} INFO - [2026-05-01T16:08:28.241+0000] {dagbag.py:545} INFO - Filling up the DagBag from /opt/airflow/dags/pipeline_dag.py
[2026-05-01T16:08:28.259+0000] {processor.py:840} INFO - DAG(s) 'data_pipeline' retrieved from /opt/airflow/dags/pipeline_dag.py
[2026-05-01T16:08:28.313+0000] {logging_mixin.py:188} INFO - [2026-05-01T16:08:28.313+0000] {dag.py:3089} INFO - Sync 1 DAGs
[2026-05-01T16:08:28.353+0000] {logging_mixin.py:188} INFO - [2026-05-01T16:08:28.353+0000] {dag.py:3947} INFO - Setting next_dagrun for data_pipeline to 2026-05-01 06:00:00+00:00, run_after=2026-05-02 06:00:00+00:00
[2026-05-01T16:08:28.394+0000] {processor.py:183} INFO - Processing /opt/airflow/dags/pipeline_dag.py took 0.176 seconds
[2026-05-01T16:08:58.438+0000] {processor.py:161} INFO - Started process (PID=927) to work on /opt/airflow/dags/pipeline_dag.py
[2026-05-01T16:08:58.440+0000] {processor.py:830} INFO - Processing file /opt/airflow/dags/pipeline_dag.py for tasks to queue
[2026-05-01T16:08:58.442+0000] {logging_mixin.py:188} INFO - [2026-05-01T16:08:58.442+0000] {dagbag.py:545} INFO - Filling up the DagBag from /opt/airflow/dags/pipeline_dag.py
[2026-05-01T16:08:58.460+0000] {processor.py:840} INFO - DAG(s) 'data_pipeline' retrieved from /opt/airflow/dags/pipeline_dag.py
[2026-05-01T16:08:58.522+0000] {logging_mixin.py:188} INFO - [2026-05-01T16:08:58.521+0000] {dag.py:3089} INFO - Sync 1 DAGs
[2026-05-01T16:08:58.572+0000] {logging_mixin.py:188} INFO - [2026-05-01T16:08:58.571+0000] {dag.py:3947} INFO - Setting next_dagrun for data_pipeline to 2026-05-01 06:00:00+00:00, run_after=2026-05-02 06:00:00+00:00
[2026-05-01T16:08:58.623+0000] {processor.py:183} INFO - Processing /opt/airflow/dags/pipeline_dag.py took 0.194 seconds
[2026-05-01T16:09:28.801+0000] {processor.py:161} INFO - Started process (PID=932) to work on /opt/airflow/dags/pipeline_dag.py
[2026-05-01T16:09:28.811+0000] {processor.py:830} INFO - Processing file /opt/airflow/dags/pipeline_dag.py for tasks to queue
[2026-05-01T16:09:28.813+0000] {logging_mixin.py:188} INFO - [2026-05-01T16:09:28.813+0000] {dagbag.py:545} INFO - Filling up the DagBag from /opt/airflow/dags/pipeline_dag.py
[2026-05-01T16:09:28.830+0000] {processor.py:840} INFO - DAG(s) 'data_pipeline' retrieved from /opt/airflow/dags/pipeline_dag.py
[2026-05-01T16:09:28.871+0000] {logging_mixin.py:188} INFO - [2026-05-01T16:09:28.871+0000] {dag.py:3089} INFO - Sync 1 DAGs
[2026-05-01T16:09:28.909+0000] {logging_mixin.py:188} INFO - [2026-05-01T16:09:28.909+0000] {dag.py:3947} INFO - Setting next_dagrun for data_pipeline to 2026-05-01 06:00:00+00:00, run_after=2026-05-02 06:00:00+00:00
[2026-05-01T16:09:28.944+0000] {processor.py:183} INFO - Processing /opt/airflow/dags/pipeline_dag.py took 0.152 seconds
[2026-05-01T16:09:59.037+0000] {processor.py:161} INFO - Started process (PID=937) to work on /opt/airflow/dags/pipeline_dag.py
[2026-05-01T16:09:59.038+0000] {processor.py:830} INFO - Processing file /opt/airflow/dags/pipeline_dag.py for tasks to queue
[2026-05-01T16:09:59.041+0000] {logging_mixin.py:188} INFO - [2026-05-01T16:09:59.041+0000] {dagbag.py:545} INFO - Filling up the DagBag from /opt/airflow/dags/pipeline_dag.py
[2026-05-01T16:09:59.060+0000] {processor.py:840} INFO - DAG(s) 'data_pipeline' retrieved from /opt/airflow/dags/pipeline_dag.py
[2026-05-01T16:09:59.132+0000] {logging_mixin.py:188} INFO - [2026-05-01T16:09:59.131+0000] {dag.py:3089} INFO - Sync 1 DAGs
[2026-05-01T16:09:59.172+0000] {logging_mixin.py:188} INFO - [2026-05-01T16:09:59.171+0000] {dag.py:3947} INFO - Setting next_dagrun for data_pipeline to 2026-05-01 06:00:00+00:00, run_after=2026-05-02 06:00:00+00:00
[2026-05-01T16:09:59.219+0000] {processor.py:183} INFO - Processing /opt/airflow/dags/pipeline_dag.py took 0.194 seconds
[2026-05-01T16:10:39.398+0000] {processor.py:161} INFO - Started process (PID=178) to work on /opt/airflow/dags/pipeline_dag.py
[2026-05-01T16:10:39.399+0000] {processor.py:830} INFO - Processing file /opt/airflow/dags/pipeline_dag.py for tasks to queue
[2026-05-01T16:10:39.400+0000] {logging_mixin.py:188} INFO - [2026-05-01T16:10:39.400+0000] {dagbag.py:545} INFO - Filling up the DagBag from /opt/airflow/dags/pipeline_dag.py
[2026-05-01T16:10:39.442+0000] {processor.py:840} INFO - DAG(s) 'data_pipeline' retrieved from /opt/airflow/dags/pipeline_dag.py
[2026-05-01T16:10:39.479+0000] {logging_mixin.py:188} INFO - [2026-05-01T16:10:39.478+0000] {dag.py:3089} INFO - Sync 1 DAGs
[2026-05-01T16:10:39.525+0000] {logging_mixin.py:188} INFO - [2026-05-01T16:10:39.524+0000] {dag.py:3947} INFO - Setting next_dagrun for data_pipeline to 2026-05-01 06:00:00+00:00, run_after=2026-05-02 06:00:00+00:00
[2026-05-01T16:10:39.560+0000] {processor.py:183} INFO - Processing /opt/airflow/dags/pipeline_dag.py took 0.168 seconds
[2026-05-01T16:11:09.750+0000] {processor.py:161} INFO - Started process (PID=183) to work on /opt/airflow/dags/pipeline_dag.py
[2026-05-01T16:11:09.752+0000] {processor.py:830} INFO - Processing file /opt/airflow/dags/pipeline_dag.py for tasks to queue
[2026-05-01T16:11:09.755+0000] {logging_mixin.py:188} INFO - [2026-05-01T16:11:09.754+0000] {dagbag.py:545} INFO - Filling up the DagBag from /opt/airflow/dags/pipeline_dag.py
[2026-05-01T16:11:09.772+0000] {processor.py:840} INFO - DAG(s) 'data_pipeline' retrieved from /opt/airflow/dags/pipeline_dag.py
[2026-05-01T16:11:10.283+0000] {logging_mixin.py:188} INFO - [2026-05-01T16:11:10.282+0000] {dag.py:3089} INFO - Sync 1 DAGs
[2026-05-01T16:11:10.320+0000] {logging_mixin.py:188} INFO - [2026-05-01T16:11:10.319+0000] {dag.py:3947} INFO - Setting next_dagrun for data_pipeline to 2026-05-01 06:00:00+00:00, run_after=2026-05-02 06:00:00+00:00
[2026-05-01T16:11:10.366+0000] {processor.py:183} INFO - Processing /opt/airflow/dags/pipeline_dag.py took 0.626 seconds
[2026-05-01T16:11:40.591+0000] {processor.py:161} INFO - Started process (PID=200) to work on /opt/airflow/dags/pipeline_dag.py
[2026-05-01T16:11:40.592+0000] {processor.py:830} INFO - Processing file /opt/airflow/dags/pipeline_dag.py for tasks to queue
[2026-05-01T16:11:40.595+0000] {logging_mixin.py:188} INFO - [2026-05-01T16:11:40.595+0000] {dagbag.py:545} INFO - Filling up the DagBag from /opt/airflow/dags/pipeline_dag.py
[2026-05-01T16:11:40.611+0000] {processor.py:840} INFO - DAG(s) 'data_pipeline' retrieved from /opt/airflow/dags/pipeline_dag.py
[2026-05-01T16:11:40.669+0000] {logging_mixin.py:188} INFO - [2026-05-01T16:11:40.668+0000] {dag.py:3089} INFO - Sync 1 DAGs
[2026-05-01T16:11:40.704+0000] {logging_mixin.py:188} INFO - [2026-05-01T16:11:40.704+0000] {dag.py:3947} INFO - Setting next_dagrun for data_pipeline to 2026-05-01 06:00:00+00:00, run_after=2026-05-02 06:00:00+00:00
[2026-05-01T16:11:40.740+0000] {processor.py:183} INFO - Processing /opt/airflow/dags/pipeline_dag.py took 0.158 seconds
[2026-05-01T16:12:10.950+0000] {processor.py:161} INFO - Started process (PID=205) to work on /opt/airflow/dags/pipeline_dag.py
[2026-05-01T16:12:10.960+0000] {processor.py:830} INFO - Processing file /opt/airflow/dags/pipeline_dag.py for tasks to queue
[2026-05-01T16:12:10.964+0000] {logging_mixin.py:188} INFO - [2026-05-01T16:12:10.963+0000] {dagbag.py:545} INFO - Filling up the DagBag from /opt/airflow/dags/pipeline_dag.py
[2026-05-01T16:12:10.983+0000] {processor.py:840} INFO - DAG(s) 'data_pipeline' retrieved from /opt/airflow/dags/pipeline_dag.py
[2026-05-01T16:12:11.031+0000] {logging_mixin.py:188} INFO - [2026-05-01T16:12:11.030+0000] {dag.py:3089} INFO - Sync 1 DAGs
[2026-05-01T16:12:11.057+0000] {logging_mixin.py:188} INFO - [2026-05-01T16:12:11.057+0000] {dag.py:3947} INFO - Setting next_dagrun for data_pipeline to 2026-05-01 06:00:00+00:00, run_after=2026-05-02 06:00:00+00:00
[2026-05-01T16:12:11.093+0000] {processor.py:183} INFO - Processing /opt/airflow/dags/pipeline_dag.py took 0.154 seconds
[2026-05-01T16:12:41.138+0000] {processor.py:161} INFO - Started process (PID=210) to work on /opt/airflow/dags/pipeline_dag.py
[2026-05-01T16:12:41.139+0000] {processor.py:830} INFO - Processing file /opt/airflow/dags/pipeline_dag.py for tasks to queue
[2026-05-01T16:12:41.141+0000] {logging_mixin.py:188} INFO - [2026-05-01T16:12:41.141+0000] {dagbag.py:545} INFO - Filling up the DagBag from /opt/airflow/dags/pipeline_dag.py
[2026-05-01T16:12:41.158+0000] {processor.py:840} INFO - DAG(s) 'data_pipeline' retrieved from /opt/airflow/dags/pipeline_dag.py
[2026-05-01T16:12:41.208+0000] {logging_mixin.py:188} INFO - [2026-05-01T16:12:41.208+0000] {dag.py:3089} INFO - Sync 1 DAGs
[2026-05-01T16:12:41.241+0000] {logging_mixin.py:188} INFO - [2026-05-01T16:12:41.241+0000] {dag.py:3947} INFO - Setting next_dagrun for data_pipeline to 2026-05-01 06:00:00+00:00, run_after=2026-05-02 06:00:00+00:00
[2026-05-01T16:12:41.283+0000] {processor.py:183} INFO - Processing /opt/airflow/dags/pipeline_dag.py took 0.154 seconds
[2026-05-01T16:13:11.470+0000] {processor.py:161} INFO - Started process (PID=215) to work on /opt/airflow/dags/pipeline_dag.py
[2026-05-01T16:13:11.480+0000] {processor.py:830} INFO - Processing file /opt/airflow/dags/pipeline_dag.py for tasks to queue
[2026-05-01T16:13:11.483+0000] {logging_mixin.py:188} INFO - [2026-05-01T16:13:11.483+0000] {dagbag.py:545} INFO - Filling up the DagBag from /opt/airflow/dags/pipeline_dag.py
[2026-05-01T16:13:11.505+0000] {processor.py:840} INFO - DAG(s) 'data_pipeline' retrieved from /opt/airflow/dags/pipeline_dag.py
[2026-05-01T16:13:11.554+0000] {logging_mixin.py:188} INFO - [2026-05-01T16:13:11.553+0000] {dag.py:3089} INFO - Sync 1 DAGs
[2026-05-01T16:13:11.581+0000] {logging_mixin.py:188} INFO - [2026-05-01T16:13:11.581+0000] {dag.py:3947} INFO - Setting next_dagrun for data_pipeline to 2026-05-01 06:00:00+00:00, run_after=2026-05-02 06:00:00+00:00
[2026-05-01T16:13:11.603+0000] {processor.py:183} INFO - Processing /opt/airflow/dags/pipeline_dag.py took 0.142 seconds
[2026-05-01T16:13:41.682+0000] {processor.py:161} INFO - Started process (PID=220) to work on /opt/airflow/dags/pipeline_dag.py
[2026-05-01T16:13:41.683+0000] {processor.py:830} INFO - Processing file /opt/airflow/dags/pipeline_dag.py for tasks to queue
[2026-05-01T16:13:41.686+0000] {logging_mixin.py:188} INFO - [2026-05-01T16:13:41.685+0000] {dagbag.py:545} INFO - Filling up the DagBag from /opt/airflow/dags/pipeline_dag.py
[2026-05-01T16:13:41.702+0000] {processor.py:840} INFO - DAG(s) 'data_pipeline' retrieved from /opt/airflow/dags/pipeline_dag.py
[2026-05-01T16:13:41.751+0000] {logging_mixin.py:188} INFO - [2026-05-01T16:13:41.751+0000] {dag.py:3089} INFO - Sync 1 DAGs
[2026-05-01T16:13:41.776+0000] {logging_mixin.py:188} INFO - [2026-05-01T16:13:41.776+0000] {dag.py:3947} INFO - Setting next_dagrun for data_pipeline to 2026-05-01 06:00:00+00:00, run_after=2026-05-02 06:00:00+00:00
[2026-05-01T16:13:41.819+0000] {processor.py:183} INFO - Processing /opt/airflow/dags/pipeline_dag.py took 0.147 seconds
[2026-05-01T16:14:11.989+0000] {processor.py:161} INFO - Started process (PID=225) to work on /opt/airflow/dags/pipeline_dag.py
[2026-05-01T16:14:11.999+0000] {processor.py:830} INFO - Processing file /opt/airflow/dags/pipeline_dag.py for tasks to queue
[2026-05-01T16:14:12.002+0000] {logging_mixin.py:188} INFO - [2026-05-01T16:14:12.001+0000] {dagbag.py:545} INFO - Filling up the DagBag from /opt/airflow/dags/pipeline_dag.py
[2026-05-01T16:14:12.020+0000] {processor.py:840} INFO - DAG(s) 'data_pipeline' retrieved from /opt/airflow/dags/pipeline_dag.py
[2026-05-01T16:14:12.075+0000] {logging_mixin.py:188} INFO - [2026-05-01T16:14:12.075+0000] {dag.py:3089} INFO - Sync 1 DAGs
[2026-05-01T16:14:12.117+0000] {logging_mixin.py:188} INFO - [2026-05-01T16:14:12.117+0000] {dag.py:3947} INFO - Setting next_dagrun for data_pipeline to 2026-05-01 06:00:00+00:00, run_after=2026-05-02 06:00:00+00:00
[2026-05-01T16:14:12.158+0000] {processor.py:183} INFO - Processing /opt/airflow/dags/pipeline_dag.py took 0.177 seconds
[2026-05-01T16:14:42.225+0000] {processor.py:161} INFO - Started process (PID=230) to work on /opt/airflow/dags/pipeline_dag.py
[2026-05-01T16:14:42.226+0000] {processor.py:830} INFO - Processing file /opt/airflow/dags/pipeline_dag.py for tasks to queue
[2026-05-01T16:14:42.229+0000] {logging_mixin.py:188} INFO - [2026-05-01T16:14:42.229+0000] {dagbag.py:545} INFO - Filling up the DagBag from /opt/airflow/dags/pipeline_dag.py
[2026-05-01T16:14:42.249+0000] {processor.py:840} INFO - DAG(s) 'data_pipeline' retrieved from /opt/airflow/dags/pipeline_dag.py
[2026-05-01T16:14:42.306+0000] {logging_mixin.py:188} INFO - [2026-05-01T16:14:42.305+0000] {dag.py:3089} INFO - Sync 1 DAGs
[2026-05-01T16:14:42.347+0000] {logging_mixin.py:188} INFO - [2026-05-01T16:14:42.346+0000] {dag.py:3947} INFO - Setting next_dagrun for data_pipeline to 2026-05-01 06:00:00+00:00, run_after=2026-05-02 06:00:00+00:00
[2026-05-01T16:14:42.388+0000] {processor.py:183} INFO - Processing /opt/airflow/dags/pipeline_dag.py took 0.172 seconds
[2026-05-01T16:15:12.550+0000] {processor.py:161} INFO - Started process (PID=235) to work on /opt/airflow/dags/pipeline_dag.py
[2026-05-01T16:15:12.551+0000] {processor.py:830} INFO - Processing file /opt/airflow/dags/pipeline_dag.py for tasks to queue
[2026-05-01T16:15:12.554+0000] {logging_mixin.py:188} INFO - [2026-05-01T16:15:12.553+0000] {dagbag.py:545} INFO - Filling up the DagBag from /opt/airflow/dags/pipeline_dag.py
[2026-05-01T16:15:12.571+0000] {processor.py:840} INFO - DAG(s) 'data_pipeline' retrieved from /opt/airflow/dags/pipeline_dag.py
[2026-05-01T16:15:12.621+0000] {logging_mixin.py:188} INFO - [2026-05-01T16:15:12.620+0000] {dag.py:3089} INFO - Sync 1 DAGs
[2026-05-01T16:15:12.657+0000] {logging_mixin.py:188} INFO - [2026-05-01T16:15:12.657+0000] {dag.py:3947} INFO - Setting next_dagrun for data_pipeline to 2026-05-01 06:00:00+00:00, run_after=2026-05-02 06:00:00+00:00
[2026-05-01T16:15:12.696+0000] {processor.py:183} INFO - Processing /opt/airflow/dags/pipeline_dag.py took 0.156 seconds
[2026-05-01T16:15:42.805+0000] {processor.py:161} INFO - Started process (PID=240) to work on /opt/airflow/dags/pipeline_dag.py
[2026-05-01T16:15:42.815+0000] {processor.py:830} INFO - Processing file /opt/airflow/dags/pipeline_dag.py for tasks to queue
[2026-05-01T16:15:42.818+0000] {logging_mixin.py:188} INFO - [2026-05-01T16:15:42.818+0000] {dagbag.py:545} INFO - Filling up the DagBag from /opt/airflow/dags/pipeline_dag.py
[2026-05-01T16:15:42.834+0000] {processor.py:840} INFO - DAG(s) 'data_pipeline' retrieved from /opt/airflow/dags/pipeline_dag.py
[2026-05-01T16:15:42.876+0000] {logging_mixin.py:188} INFO - [2026-05-01T16:15:42.876+0000] {dag.py:3089} INFO - Sync 1 DAGs
[2026-05-01T16:15:42.903+0000] {logging_mixin.py:188} INFO - [2026-05-01T16:15:42.903+0000] {dag.py:3947} INFO - Setting next_dagrun for data_pipeline to 2026-05-01 06:00:00+00:00, run_after=2026-05-02 06:00:00+00:00
[2026-05-01T16:15:42.926+0000] {processor.py:183} INFO - Processing /opt/airflow/dags/pipeline_dag.py took 0.130 seconds
[2026-05-01T16:16:13.091+0000] {processor.py:161} INFO - Started process (PID=245) to work on /opt/airflow/dags/pipeline_dag.py
[2026-05-01T16:16:13.091+0000] {processor.py:830} INFO - Processing file /opt/airflow/dags/pipeline_dag.py for tasks to queue
[2026-05-01T16:16:13.094+0000] {logging_mixin.py:188} INFO - [2026-05-01T16:16:13.093+0000] {dagbag.py:545} INFO - Filling up the DagBag from /opt/airflow/dags/pipeline_dag.py
[2026-05-01T16:16:13.108+0000] {processor.py:840} INFO - DAG(s) 'data_pipeline' retrieved from /opt/airflow/dags/pipeline_dag.py
[2026-05-01T16:16:13.151+0000] {logging_mixin.py:188} INFO - [2026-05-01T16:16:13.150+0000] {dag.py:3089} INFO - Sync 1 DAGs
[2026-05-01T16:16:13.177+0000] {logging_mixin.py:188} INFO - [2026-05-01T16:16:13.177+0000] {dag.py:3947} INFO - Setting next_dagrun for data_pipeline to 2026-05-01 06:00:00+00:00, run_after=2026-05-02 06:00:00+00:00
[2026-05-01T16:16:13.200+0000] {processor.py:183} INFO - Processing /opt/airflow/dags/pipeline_dag.py took 0.116 seconds
[2026-05-01T16:16:43.352+0000] {processor.py:161} INFO - Started process (PID=262) to work on /opt/airflow/dags/pipeline_dag.py
[2026-05-01T16:16:43.362+0000] {processor.py:830} INFO - Processing file /opt/airflow/dags/pipeline_dag.py for tasks to queue
[2026-05-01T16:16:43.365+0000] {logging_mixin.py:188} INFO - [2026-05-01T16:16:43.364+0000] {dagbag.py:545} INFO - Filling up the DagBag from /opt/airflow/dags/pipeline_dag.py
[2026-05-01T16:16:43.381+0000] {processor.py:840} INFO - DAG(s) 'data_pipeline' retrieved from /opt/airflow/dags/pipeline_dag.py
[2026-05-01T16:16:43.422+0000] {logging_mixin.py:188} INFO - [2026-05-01T16:16:43.422+0000] {dag.py:3089} INFO - Sync 1 DAGs
[2026-05-01T16:16:43.464+0000] {logging_mixin.py:188} INFO - [2026-05-01T16:16:43.464+0000] {dag.py:3947} INFO - Setting next_dagrun for data_pipeline to 2026-05-01 06:00:00+00:00, run_after=2026-05-02 06:00:00+00:00
[2026-05-01T16:16:43.489+0000] {processor.py:183} INFO - Processing /opt/airflow/dags/pipeline_dag.py took 0.147 seconds
[2026-05-01T16:17:13.608+0000] {processor.py:161} INFO - Started process (PID=267) to work on /opt/airflow/dags/pipeline_dag.py
[2026-05-01T16:17:13.609+0000] {processor.py:830} INFO - Processing file /opt/airflow/dags/pipeline_dag.py for tasks to queue
[2026-05-01T16:17:13.612+0000] {logging_mixin.py:188} INFO - [2026-05-01T16:17:13.611+0000] {dagbag.py:545} INFO - Filling up the DagBag from /opt/airflow/dags/pipeline_dag.py
[2026-05-01T16:17:13.627+0000] {processor.py:840} INFO - DAG(s) 'data_pipeline' retrieved from /opt/airflow/dags/pipeline_dag.py
[2026-05-01T16:17:13.676+0000] {logging_mixin.py:188} INFO - [2026-05-01T16:17:13.675+0000] {dag.py:3089} INFO - Sync 1 DAGs
[2026-05-01T16:17:13.714+0000] {logging_mixin.py:188} INFO - [2026-05-01T16:17:13.714+0000] {dag.py:3947} INFO - Setting next_dagrun for data_pipeline to 2026-05-01 06:00:00+00:00, run_after=2026-05-02 06:00:00+00:00
[2026-05-01T16:17:13.741+0000] {processor.py:183} INFO - Processing /opt/airflow/dags/pipeline_dag.py took 0.141 seconds
[2026-05-01T16:17:43.894+0000] {processor.py:161} INFO - Started process (PID=272) to work on /opt/airflow/dags/pipeline_dag.py
[2026-05-01T16:17:43.895+0000] {processor.py:830} INFO - Processing file /opt/airflow/dags/pipeline_dag.py for tasks to queue
[2026-05-01T16:17:43.898+0000] {logging_mixin.py:188} INFO - [2026-05-01T16:17:43.897+0000] {dagbag.py:545} INFO - Filling up the DagBag from /opt/airflow/dags/pipeline_dag.py
[2026-05-01T16:17:43.917+0000] {processor.py:840} INFO - DAG(s) 'data_pipeline' retrieved from /opt/airflow/dags/pipeline_dag.py
[2026-05-01T16:17:43.967+0000] {logging_mixin.py:188} INFO - [2026-05-01T16:17:43.967+0000] {dag.py:3089} INFO - Sync 1 DAGs
[2026-05-01T16:17:43.994+0000] {logging_mixin.py:188} INFO - [2026-05-01T16:17:43.994+0000] {dag.py:3947} INFO - Setting next_dagrun for data_pipeline to 2026-05-01 06:00:00+00:00, run_after=2026-05-02 06:00:00+00:00
[2026-05-01T16:17:44.026+0000] {processor.py:183} INFO - Processing /opt/airflow/dags/pipeline_dag.py took 0.143 seconds
[2026-05-01T16:18:14.144+0000] {processor.py:161} INFO - Started process (PID=277) to work on /opt/airflow/dags/pipeline_dag.py
[2026-05-01T16:18:14.154+0000] {processor.py:830} INFO - Processing file /opt/airflow/dags/pipeline_dag.py for tasks to queue
[2026-05-01T16:18:14.157+0000] {logging_mixin.py:188} INFO - [2026-05-01T16:18:14.156+0000] {dagbag.py:545} INFO - Filling up the DagBag from /opt/airflow/dags/pipeline_dag.py
[2026-05-01T16:18:14.175+0000] {processor.py:840} INFO - DAG(s) 'data_pipeline' retrieved from /opt/airflow/dags/pipeline_dag.py
[2026-05-01T16:18:14.224+0000] {logging_mixin.py:188} INFO - [2026-05-01T16:18:14.224+0000] {dag.py:3089} INFO - Sync 1 DAGs
[2026-05-01T16:18:14.275+0000] {logging_mixin.py:188} INFO - [2026-05-01T16:18:14.274+0000] {dag.py:3947} INFO - Setting next_dagrun for data_pipeline to 2026-05-01 06:00:00+00:00, run_after=2026-05-02 06:00:00+00:00
[2026-05-01T16:18:14.322+0000] {processor.py:183} INFO - Processing /opt/airflow/dags/pipeline_dag.py took 0.186 seconds
[2026-05-01T16:18:44.445+0000] {processor.py:161} INFO - Started process (PID=282) to work on /opt/airflow/dags/pipeline_dag.py
[2026-05-01T16:18:44.447+0000] {processor.py:830} INFO - Processing file /opt/airflow/dags/pipeline_dag.py for tasks to queue
[2026-05-01T16:18:44.449+0000] {logging_mixin.py:188} INFO - [2026-05-01T16:18:44.449+0000] {dagbag.py:545} INFO - Filling up the DagBag from /opt/airflow/dags/pipeline_dag.py
[2026-05-01T16:18:44.467+0000] {processor.py:840} INFO - DAG(s) 'data_pipeline' retrieved from /opt/airflow/dags/pipeline_dag.py
[2026-05-01T16:18:44.524+0000] {logging_mixin.py:188} INFO - [2026-05-01T16:18:44.524+0000] {dag.py:3089} INFO - Sync 1 DAGs
[2026-05-01T16:18:44.551+0000] {logging_mixin.py:188} INFO - [2026-05-01T16:18:44.551+0000] {dag.py:3947} INFO - Setting next_dagrun for data_pipeline to 2026-05-01 06:00:00+00:00, run_after=2026-05-02 06:00:00+00:00
[2026-05-01T16:18:44.593+0000] {processor.py:183} INFO - Processing /opt/airflow/dags/pipeline_dag.py took 0.159 seconds
[2026-05-01T16:19:14.690+0000] {processor.py:161} INFO - Started process (PID=287) to work on /opt/airflow/dags/pipeline_dag.py
[2026-05-01T16:19:14.700+0000] {processor.py:830} INFO - Processing file /opt/airflow/dags/pipeline_dag.py for tasks to queue
[2026-05-01T16:19:14.704+0000] {logging_mixin.py:188} INFO - [2026-05-01T16:19:14.703+0000] {dagbag.py:545} INFO - Filling up the DagBag from /opt/airflow/dags/pipeline_dag.py
[2026-05-01T16:19:14.725+0000] {processor.py:840} INFO - DAG(s) 'data_pipeline' retrieved from /opt/airflow/dags/pipeline_dag.py
[2026-05-01T16:19:14.787+0000] {logging_mixin.py:188} INFO - [2026-05-01T16:19:14.787+0000] {dag.py:3089} INFO - Sync 1 DAGs
[2026-05-01T16:19:14.838+0000] {logging_mixin.py:188} INFO - [2026-05-01T16:19:14.838+0000] {dag.py:3947} INFO - Setting next_dagrun for data_pipeline to 2026-05-01 06:00:00+00:00, run_after=2026-05-02 06:00:00+00:00
[2026-05-01T16:19:14.888+0000] {processor.py:183} INFO - Processing /opt/airflow/dags/pipeline_dag.py took 0.211 seconds
[2026-05-01T16:19:44.964+0000] {processor.py:161} INFO - Started process (PID=292) to work on /opt/airflow/dags/pipeline_dag.py
[2026-05-01T16:19:44.966+0000] {processor.py:830} INFO - Processing file /opt/airflow/dags/pipeline_dag.py for tasks to queue
[2026-05-01T16:19:44.968+0000] {logging_mixin.py:188} INFO - [2026-05-01T16:19:44.968+0000] {dagbag.py:545} INFO - Filling up the DagBag from /opt/airflow/dags/pipeline_dag.py
[2026-05-01T16:19:44.985+0000] {processor.py:840} INFO - DAG(s) 'data_pipeline' retrieved from /opt/airflow/dags/pipeline_dag.py
[2026-05-01T16:19:45.027+0000] {logging_mixin.py:188} INFO - [2026-05-01T16:19:45.027+0000] {dag.py:3089} INFO - Sync 1 DAGs
[2026-05-01T16:19:45.058+0000] {logging_mixin.py:188} INFO - [2026-05-01T16:19:45.058+0000] {dag.py:3947} INFO - Setting next_dagrun for data_pipeline to 2026-05-01 06:00:00+00:00, run_after=2026-05-02 06:00:00+00:00
[2026-05-01T16:19:45.081+0000] {processor.py:183} INFO - Processing /opt/airflow/dags/pipeline_dag.py took 0.128 seconds
[2026-05-01T16:20:15.282+0000] {processor.py:161} INFO - Started process (PID=297) to work on /opt/airflow/dags/pipeline_dag.py
[2026-05-01T16:20:15.293+0000] {processor.py:830} INFO - Processing file /opt/airflow/dags/pipeline_dag.py for tasks to queue
[2026-05-01T16:20:15.297+0000] {logging_mixin.py:188} INFO - [2026-05-01T16:20:15.296+0000] {dagbag.py:545} INFO - Filling up the DagBag from /opt/airflow/dags/pipeline_dag.py
[2026-05-01T16:20:15.315+0000] {processor.py:840} INFO - DAG(s) 'data_pipeline' retrieved from /opt/airflow/dags/pipeline_dag.py
[2026-05-01T16:20:15.366+0000] {logging_mixin.py:188} INFO - [2026-05-01T16:20:15.365+0000] {dag.py:3089} INFO - Sync 1 DAGs
[2026-05-01T16:20:15.410+0000] {logging_mixin.py:188} INFO - [2026-05-01T16:20:15.409+0000] {dag.py:3947} INFO - Setting next_dagrun for data_pipeline to 2026-05-01 06:00:00+00:00, run_after=2026-05-02 06:00:00+00:00
[2026-05-01T16:20:15.445+0000] {processor.py:183} INFO - Processing /opt/airflow/dags/pipeline_dag.py took 0.174 seconds
[2026-05-01T16:20:45.497+0000] {processor.py:161} INFO - Started process (PID=302) to work on /opt/airflow/dags/pipeline_dag.py
[2026-05-01T16:20:45.498+0000] {processor.py:830} INFO - Processing file /opt/airflow/dags/pipeline_dag.py for tasks to queue
[2026-05-01T16:20:45.501+0000] {logging_mixin.py:188} INFO - [2026-05-01T16:20:45.500+0000] {dagbag.py:545} INFO - Filling up the DagBag from /opt/airflow/dags/pipeline_dag.py
[2026-05-01T16:20:45.519+0000] {processor.py:840} INFO - DAG(s) 'data_pipeline' retrieved from /opt/airflow/dags/pipeline_dag.py
[2026-05-01T16:20:45.566+0000] {logging_mixin.py:188} INFO - [2026-05-01T16:20:45.566+0000] {dag.py:3089} INFO - Sync 1 DAGs
[2026-05-01T16:20:45.611+0000] {logging_mixin.py:188} INFO - [2026-05-01T16:20:45.610+0000] {dag.py:3947} INFO - Setting next_dagrun for data_pipeline to 2026-05-01 06:00:00+00:00, run_after=2026-05-02 06:00:00+00:00
[2026-05-01T16:20:45.649+0000] {processor.py:183} INFO - Processing /opt/airflow/dags/pipeline_dag.py took 0.161 seconds
[2026-05-01T16:21:15.844+0000] {processor.py:161} INFO - Started process (PID=307) to work on /opt/airflow/dags/pipeline_dag.py
[2026-05-01T16:21:15.845+0000] {processor.py:830} INFO - Processing file /opt/airflow/dags/pipeline_dag.py for tasks to queue
[2026-05-01T16:21:15.848+0000] {logging_mixin.py:188} INFO - [2026-05-01T16:21:15.847+0000] {dagbag.py:545} INFO - Filling up the DagBag from /opt/airflow/dags/pipeline_dag.py
[2026-05-01T16:21:15.863+0000] {processor.py:840} INFO - DAG(s) 'data_pipeline' retrieved from /opt/airflow/dags/pipeline_dag.py
[2026-05-01T16:21:15.910+0000] {logging_mixin.py:188} INFO - [2026-05-01T16:21:15.909+0000] {dag.py:3089} INFO - Sync 1 DAGs
[2026-05-01T16:21:15.936+0000] {logging_mixin.py:188} INFO - [2026-05-01T16:21:15.936+0000] {dag.py:3947} INFO - Setting next_dagrun for data_pipeline to 2026-05-01 06:00:00+00:00, run_after=2026-05-02 06:00:00+00:00
[2026-05-01T16:21:15.959+0000] {processor.py:183} INFO - Processing /opt/airflow/dags/pipeline_dag.py took 0.124 seconds
[2026-05-01T16:21:46.046+0000] {processor.py:161} INFO - Started process (PID=324) to work on /opt/airflow/dags/pipeline_dag.py
[2026-05-01T16:21:46.056+0000] {processor.py:830} INFO - Processing file /opt/airflow/dags/pipeline_dag.py for tasks to queue
[2026-05-01T16:21:46.059+0000] {logging_mixin.py:188} INFO - [2026-05-01T16:21:46.059+0000] {dagbag.py:545} INFO - Filling up the DagBag from /opt/airflow/dags/pipeline_dag.py
[2026-05-01T16:21:46.077+0000] {processor.py:840} INFO - DAG(s) 'data_pipeline' retrieved from /opt/airflow/dags/pipeline_dag.py
[2026-05-01T16:21:46.126+0000] {logging_mixin.py:188} INFO - [2026-05-01T16:21:46.126+0000] {dag.py:3089} INFO - Sync 1 DAGs
[2026-05-01T16:21:46.158+0000] {logging_mixin.py:188} INFO - [2026-05-01T16:21:46.157+0000] {dag.py:3947} INFO - Setting next_dagrun for data_pipeline to 2026-05-01 06:00:00+00:00, run_after=2026-05-02 06:00:00+00:00
[2026-05-01T16:21:46.192+0000] {processor.py:183} INFO - Processing /opt/airflow/dags/pipeline_dag.py took 0.154 seconds
[2026-05-01T16:22:16.356+0000] {processor.py:161} INFO - Started process (PID=329) to work on /opt/airflow/dags/pipeline_dag.py
[2026-05-01T16:22:16.357+0000] {processor.py:830} INFO - Processing file /opt/airflow/dags/pipeline_dag.py for tasks to queue
[2026-05-01T16:22:16.359+0000] {logging_mixin.py:188} INFO - [2026-05-01T16:22:16.359+0000] {dagbag.py:545} INFO - Filling up the DagBag from /opt/airflow/dags/pipeline_dag.py
[2026-05-01T16:22:16.379+0000] {processor.py:840} INFO - DAG(s) 'data_pipeline' retrieved from /opt/airflow/dags/pipeline_dag.py
[2026-05-01T16:22:16.430+0000] {logging_mixin.py:188} INFO - [2026-05-01T16:22:16.430+0000] {dag.py:3089} INFO - Sync 1 DAGs
[2026-05-01T16:22:16.462+0000] {logging_mixin.py:188} INFO - [2026-05-01T16:22:16.462+0000] {dag.py:3947} INFO - Setting next_dagrun for data_pipeline to 2026-05-01 06:00:00+00:00, run_after=2026-05-02 06:00:00+00:00
[2026-05-01T16:22:16.498+0000] {processor.py:183} INFO - Processing /opt/airflow/dags/pipeline_dag.py took 0.152 seconds
[2026-05-01T16:22:46.570+0000] {processor.py:161} INFO - Started process (PID=334) to work on /opt/airflow/dags/pipeline_dag.py
[2026-05-01T16:22:46.570+0000] {processor.py:830} INFO - Processing file /opt/airflow/dags/pipeline_dag.py for tasks to queue
[2026-05-01T16:22:46.572+0000] {logging_mixin.py:188} INFO - [2026-05-01T16:22:46.572+0000] {dagbag.py:545} INFO - Filling up the DagBag from /opt/airflow/dags/pipeline_dag.py
[2026-05-01T16:22:46.583+0000] {processor.py:840} INFO - DAG(s) 'data_pipeline' retrieved from /opt/airflow/dags/pipeline_dag.py
[2026-05-01T16:22:46.623+0000] {logging_mixin.py:188} INFO - [2026-05-01T16:22:46.622+0000] {dag.py:3089} INFO - Sync 1 DAGs
[2026-05-01T16:22:46.651+0000] {logging_mixin.py:188} INFO - [2026-05-01T16:22:46.650+0000] {dag.py:3947} INFO - Setting next_dagrun for data_pipeline to 2026-05-01 06:00:00+00:00, run_after=2026-05-02 06:00:00+00:00
[2026-05-01T16:22:46.676+0000] {processor.py:183} INFO - Processing /opt/airflow/dags/pipeline_dag.py took 0.113 seconds
[2026-05-01T16:23:16.882+0000] {processor.py:161} INFO - Started process (PID=339) to work on /opt/airflow/dags/pipeline_dag.py
[2026-05-01T16:23:16.883+0000] {processor.py:830} INFO - Processing file /opt/airflow/dags/pipeline_dag.py for tasks to queue
[2026-05-01T16:23:16.885+0000] {logging_mixin.py:188} INFO - [2026-05-01T16:23:16.885+0000] {dagbag.py:545} INFO - Filling up the DagBag from /opt/airflow/dags/pipeline_dag.py
[2026-05-01T16:23:16.903+0000] {processor.py:840} INFO - DAG(s) 'data_pipeline' retrieved from /opt/airflow/dags/pipeline_dag.py
[2026-05-01T16:23:16.951+0000] {logging_mixin.py:188} INFO - [2026-05-01T16:23:16.951+0000] {dag.py:3089} INFO - Sync 1 DAGs
[2026-05-01T16:23:16.976+0000] {logging_mixin.py:188} INFO - [2026-05-01T16:23:16.976+0000] {dag.py:3947} INFO - Setting next_dagrun for data_pipeline to 2026-05-01 06:00:00+00:00, run_after=2026-05-02 06:00:00+00:00
[2026-05-01T16:23:17.000+0000] {processor.py:183} INFO - Processing /opt/airflow/dags/pipeline_dag.py took 0.129 seconds
[2026-05-01T16:23:47.091+0000] {processor.py:161} INFO - Started process (PID=344) to work on /opt/airflow/dags/pipeline_dag.py
[2026-05-01T16:23:47.100+0000] {processor.py:830} INFO - Processing file /opt/airflow/dags/pipeline_dag.py for tasks to queue
[2026-05-01T16:23:47.104+0000] {logging_mixin.py:188} INFO - [2026-05-01T16:23:47.103+0000] {dagbag.py:545} INFO - Filling up the DagBag from /opt/airflow/dags/pipeline_dag.py
[2026-05-01T16:23:47.123+0000] {processor.py:840} INFO - DAG(s) 'data_pipeline' retrieved from /opt/airflow/dags/pipeline_dag.py
[2026-05-01T16:23:47.172+0000] {logging_mixin.py:188} INFO - [2026-05-01T16:23:47.172+0000] {dag.py:3089} INFO - Sync 1 DAGs
[2026-05-01T16:23:47.212+0000] {logging_mixin.py:188} INFO - [2026-05-01T16:23:47.211+0000] {dag.py:3947} INFO - Setting next_dagrun for data_pipeline to 2026-05-01 06:00:00+00:00, run_after=2026-05-02 06:00:00+00:00
[2026-05-01T16:23:47.252+0000] {processor.py:183} INFO - Processing /opt/airflow/dags/pipeline_dag.py took 0.172 seconds
[2026-05-01T16:24:17.393+0000] {processor.py:161} INFO - Started process (PID=349) to work on /opt/airflow/dags/pipeline_dag.py
[2026-05-01T16:24:17.394+0000] {processor.py:830} INFO - Processing file /opt/airflow/dags/pipeline_dag.py for tasks to queue
[2026-05-01T16:24:17.397+0000] {logging_mixin.py:188} INFO - [2026-05-01T16:24:17.396+0000] {dagbag.py:545} INFO - Filling up the DagBag from /opt/airflow/dags/pipeline_dag.py
[2026-05-01T16:24:17.413+0000] {processor.py:840} INFO - DAG(s) 'data_pipeline' retrieved from /opt/airflow/dags/pipeline_dag.py
[2026-05-01T16:24:17.465+0000] {logging_mixin.py:188} INFO - [2026-05-01T16:24:17.464+0000] {dag.py:3089} INFO - Sync 1 DAGs
[2026-05-01T16:24:17.501+0000] {logging_mixin.py:188} INFO - [2026-05-01T16:24:17.500+0000] {dag.py:3947} INFO - Setting next_dagrun for data_pipeline to 2026-05-01 06:00:00+00:00, run_after=2026-05-02 06:00:00+00:00
[2026-05-01T16:24:17.543+0000] {processor.py:183} INFO - Processing /opt/airflow/dags/pipeline_dag.py took 0.161 seconds
[2026-05-01T16:24:47.647+0000] {processor.py:161} INFO - Started process (PID=354) to work on /opt/airflow/dags/pipeline_dag.py
[2026-05-01T16:24:47.657+0000] {processor.py:830} INFO - Processing file /opt/airflow/dags/pipeline_dag.py for tasks to queue
[2026-05-01T16:24:47.660+0000] {logging_mixin.py:188} INFO - [2026-05-01T16:24:47.660+0000] {dagbag.py:545} INFO - Filling up the DagBag from /opt/airflow/dags/pipeline_dag.py
[2026-05-01T16:24:47.678+0000] {processor.py:840} INFO - DAG(s) 'data_pipeline' retrieved from /opt/airflow/dags/pipeline_dag.py
[2026-05-01T16:24:47.728+0000] {logging_mixin.py:188} INFO - [2026-05-01T16:24:47.728+0000] {dag.py:3089} INFO - Sync 1 DAGs
[2026-05-01T16:24:47.763+0000] {logging_mixin.py:188} INFO - [2026-05-01T16:24:47.762+0000] {dag.py:3947} INFO - Setting next_dagrun for data_pipeline to 2026-05-01 06:00:00+00:00, run_after=2026-05-02 06:00:00+00:00
[2026-05-01T16:24:47.785+0000] {processor.py:183} INFO - Processing /opt/airflow/dags/pipeline_dag.py took 0.148 seconds
[2026-05-01T16:25:17.937+0000] {processor.py:161} INFO - Started process (PID=359) to work on /opt/airflow/dags/pipeline_dag.py
[2026-05-01T16:25:17.939+0000] {processor.py:830} INFO - Processing file /opt/airflow/dags/pipeline_dag.py for tasks to queue
[2026-05-01T16:25:17.943+0000] {logging_mixin.py:188} INFO - [2026-05-01T16:25:17.942+0000] {dagbag.py:545} INFO - Filling up the DagBag from /opt/airflow/dags/pipeline_dag.py
[2026-05-01T16:25:17.960+0000] {processor.py:840} INFO - DAG(s) 'data_pipeline' retrieved from /opt/airflow/dags/pipeline_dag.py
[2026-05-01T16:25:18.011+0000] {logging_mixin.py:188} INFO - [2026-05-01T16:25:18.011+0000] {dag.py:3089} INFO - Sync 1 DAGs
[2026-05-01T16:25:18.047+0000] {logging_mixin.py:188} INFO - [2026-05-01T16:25:18.046+0000] {dag.py:3947} INFO - Setting next_dagrun for data_pipeline to 2026-05-01 06:00:00+00:00, run_after=2026-05-02 06:00:00+00:00
[2026-05-01T16:25:18.083+0000] {processor.py:183} INFO - Processing /opt/airflow/dags/pipeline_dag.py took 0.156 seconds
[2026-05-01T16:25:48.209+0000] {processor.py:161} INFO - Started process (PID=364) to work on /opt/airflow/dags/pipeline_dag.py
[2026-05-01T16:25:48.219+0000] {processor.py:830} INFO - Processing file /opt/airflow/dags/pipeline_dag.py for tasks to queue
[2026-05-01T16:25:48.223+0000] {logging_mixin.py:188} INFO - [2026-05-01T16:25:48.222+0000] {dagbag.py:545} INFO - Filling up the DagBag from /opt/airflow/dags/pipeline_dag.py
[2026-05-01T16:25:48.246+0000] {processor.py:840} INFO - DAG(s) 'data_pipeline' retrieved from /opt/airflow/dags/pipeline_dag.py
[2026-05-01T16:25:48.300+0000] {logging_mixin.py:188} INFO - [2026-05-01T16:25:48.300+0000] {dag.py:3089} INFO - Sync 1 DAGs
[2026-05-01T16:25:48.336+0000] {logging_mixin.py:188} INFO - [2026-05-01T16:25:48.336+0000] {dag.py:3947} INFO - Setting next_dagrun for data_pipeline to 2026-05-01 06:00:00+00:00, run_after=2026-05-02 06:00:00+00:00
[2026-05-01T16:25:48.379+0000] {processor.py:183} INFO - Processing /opt/airflow/dags/pipeline_dag.py took 0.181 seconds
[2026-05-01T16:26:18.461+0000] {processor.py:161} INFO - Started process (PID=369) to work on /opt/airflow/dags/pipeline_dag.py
[2026-05-01T16:26:18.462+0000] {processor.py:830} INFO - Processing file /opt/airflow/dags/pipeline_dag.py for tasks to queue
[2026-05-01T16:26:18.465+0000] {logging_mixin.py:188} INFO - [2026-05-01T16:26:18.464+0000] {dagbag.py:545} INFO - Filling up the DagBag from /opt/airflow/dags/pipeline_dag.py
[2026-05-01T16:26:18.484+0000] {processor.py:840} INFO - DAG(s) 'data_pipeline' retrieved from /opt/airflow/dags/pipeline_dag.py
[2026-05-01T16:26:18.546+0000] {logging_mixin.py:188} INFO - [2026-05-01T16:26:18.545+0000] {dag.py:3089} INFO - Sync 1 DAGs
[2026-05-01T16:26:18.578+0000] {logging_mixin.py:188} INFO - [2026-05-01T16:26:18.578+0000] {dag.py:3947} INFO - Setting next_dagrun for data_pipeline to 2026-05-01 06:00:00+00:00, run_after=2026-05-02 06:00:00+00:00
[2026-05-01T16:26:18.620+0000] {processor.py:183} INFO - Processing /opt/airflow/dags/pipeline_dag.py took 0.168 seconds
[2026-05-01T16:26:48.765+0000] {processor.py:161} INFO - Started process (PID=374) to work on /opt/airflow/dags/pipeline_dag.py
[2026-05-01T16:26:48.774+0000] {processor.py:830} INFO - Processing file /opt/airflow/dags/pipeline_dag.py for tasks to queue
[2026-05-01T16:26:48.776+0000] {logging_mixin.py:188} INFO - [2026-05-01T16:26:48.776+0000] {dagbag.py:545} INFO - Filling up the DagBag from /opt/airflow/dags/pipeline_dag.py
[2026-05-01T16:26:48.789+0000] {processor.py:840} INFO - DAG(s) 'data_pipeline' retrieved from /opt/airflow/dags/pipeline_dag.py
[2026-05-01T16:26:48.848+0000] {logging_mixin.py:188} INFO - [2026-05-01T16:26:48.847+0000] {dag.py:3089} INFO - Sync 1 DAGs
[2026-05-01T16:26:48.889+0000] {logging_mixin.py:188} INFO - [2026-05-01T16:26:48.888+0000] {dag.py:3947} INFO - Setting next_dagrun for data_pipeline to 2026-05-01 06:00:00+00:00, run_after=2026-05-02 06:00:00+00:00
[2026-05-01T16:26:48.923+0000] {processor.py:183} INFO - Processing /opt/airflow/dags/pipeline_dag.py took 0.169 seconds
[2026-05-01T16:27:18.986+0000] {processor.py:161} INFO - Started process (PID=379) to work on /opt/airflow/dags/pipeline_dag.py
[2026-05-01T16:27:18.988+0000] {processor.py:830} INFO - Processing file /opt/airflow/dags/pipeline_dag.py for tasks to queue
[2026-05-01T16:27:18.991+0000] {logging_mixin.py:188} INFO - [2026-05-01T16:27:18.991+0000] {dagbag.py:545} INFO - Filling up the DagBag from /opt/airflow/dags/pipeline_dag.py
[2026-05-01T16:27:19.010+0000] {processor.py:840} INFO - DAG(s) 'data_pipeline' retrieved from /opt/airflow/dags/pipeline_dag.py
[2026-05-01T16:27:19.060+0000] {logging_mixin.py:188} INFO - [2026-05-01T16:27:19.059+0000] {dag.py:3089} INFO - Sync 1 DAGs
[2026-05-01T16:27:19.086+0000] {logging_mixin.py:188} INFO - [2026-05-01T16:27:19.085+0000] {dag.py:3947} INFO - Setting next_dagrun for data_pipeline to 2026-05-01 06:00:00+00:00, run_after=2026-05-02 06:00:00+00:00
[2026-05-01T16:27:19.118+0000] {processor.py:183} INFO - Processing /opt/airflow/dags/pipeline_dag.py took 0.142 seconds
[2026-05-01T16:27:49.322+0000] {processor.py:161} INFO - Started process (PID=384) to work on /opt/airflow/dags/pipeline_dag.py
[2026-05-01T16:27:49.333+0000] {processor.py:830} INFO - Processing file /opt/airflow/dags/pipeline_dag.py for tasks to queue
[2026-05-01T16:27:49.336+0000] {logging_mixin.py:188} INFO - [2026-05-01T16:27:49.336+0000] {dagbag.py:545} INFO - Filling up the DagBag from /opt/airflow/dags/pipeline_dag.py
[2026-05-01T16:27:49.355+0000] {processor.py:840} INFO - DAG(s) 'data_pipeline' retrieved from /opt/airflow/dags/pipeline_dag.py
[2026-05-01T16:27:49.412+0000] {logging_mixin.py:188} INFO - [2026-05-01T16:27:49.411+0000] {dag.py:3089} INFO - Sync 1 DAGs
[2026-05-01T16:27:49.450+0000] {logging_mixin.py:188} INFO - [2026-05-01T16:27:49.449+0000] {dag.py:3947} INFO - Setting next_dagrun for data_pipeline to 2026-05-01 06:00:00+00:00, run_after=2026-05-02 06:00:00+00:00
[2026-05-01T16:27:49.481+0000] {processor.py:183} INFO - Processing /opt/airflow/dags/pipeline_dag.py took 0.170 seconds
[2026-05-01T16:28:19.539+0000] {processor.py:161} INFO - Started process (PID=389) to work on /opt/airflow/dags/pipeline_dag.py
[2026-05-01T16:28:19.540+0000] {processor.py:830} INFO - Processing file /opt/airflow/dags/pipeline_dag.py for tasks to queue
[2026-05-01T16:28:19.543+0000] {logging_mixin.py:188} INFO - [2026-05-01T16:28:19.542+0000] {dagbag.py:545} INFO - Filling up the DagBag from /opt/airflow/dags/pipeline_dag.py
[2026-05-01T16:28:19.561+0000] {processor.py:840} INFO - DAG(s) 'data_pipeline' retrieved from /opt/airflow/dags/pipeline_dag.py
[2026-05-01T16:28:19.609+0000] {logging_mixin.py:188} INFO - [2026-05-01T16:28:19.608+0000] {dag.py:3089} INFO - Sync 1 DAGs
[2026-05-01T16:28:19.647+0000] {logging_mixin.py:188} INFO - [2026-05-01T16:28:19.647+0000] {dag.py:3947} INFO - Setting next_dagrun for data_pipeline to 2026-05-01 06:00:00+00:00, run_after=2026-05-02 06:00:00+00:00
[2026-05-01T16:28:19.688+0000] {processor.py:183} INFO - Processing /opt/airflow/dags/pipeline_dag.py took 0.160 seconds
[2026-05-01T16:28:49.878+0000] {processor.py:161} INFO - Started process (PID=394) to work on /opt/airflow/dags/pipeline_dag.py
[2026-05-01T16:28:49.888+0000] {processor.py:830} INFO - Processing file /opt/airflow/dags/pipeline_dag.py for tasks to queue
[2026-05-01T16:28:49.891+0000] {logging_mixin.py:188} INFO - [2026-05-01T16:28:49.891+0000] {dagbag.py:545} INFO - Filling up the DagBag from /opt/airflow/dags/pipeline_dag.py
[2026-05-01T16:28:49.908+0000] {processor.py:840} INFO - DAG(s) 'data_pipeline' retrieved from /opt/airflow/dags/pipeline_dag.py
[2026-05-01T16:28:49.960+0000] {logging_mixin.py:188} INFO - [2026-05-01T16:28:49.960+0000] {dag.py:3089} INFO - Sync 1 DAGs
[2026-05-01T16:28:49.989+0000] {logging_mixin.py:188} INFO - [2026-05-01T16:28:49.988+0000] {dag.py:3947} INFO - Setting next_dagrun for data_pipeline to 2026-05-01 06:00:00+00:00, run_after=2026-05-02 06:00:00+00:00
[2026-05-01T16:28:50.018+0000] {processor.py:183} INFO - Processing /opt/airflow/dags/pipeline_dag.py took 0.151 seconds
[2026-05-01T16:29:20.056+0000] {processor.py:161} INFO - Started process (PID=399) to work on /opt/airflow/dags/pipeline_dag.py
[2026-05-01T16:29:20.057+0000] {processor.py:830} INFO - Processing file /opt/airflow/dags/pipeline_dag.py for tasks to queue
[2026-05-01T16:29:20.059+0000] {logging_mixin.py:188} INFO - [2026-05-01T16:29:20.059+0000] {dagbag.py:545} INFO - Filling up the DagBag from /opt/airflow/dags/pipeline_dag.py
[2026-05-01T16:29:20.074+0000] {processor.py:840} INFO - DAG(s) 'data_pipeline' retrieved from /opt/airflow/dags/pipeline_dag.py
[2026-05-01T16:29:20.123+0000] {logging_mixin.py:188} INFO - [2026-05-01T16:29:20.122+0000] {dag.py:3089} INFO - Sync 1 DAGs
[2026-05-01T16:29:20.150+0000] {logging_mixin.py:188} INFO - [2026-05-01T16:29:20.150+0000] {dag.py:3947} INFO - Setting next_dagrun for data_pipeline to 2026-05-01 06:00:00+00:00, run_after=2026-05-02 06:00:00+00:00
[2026-05-01T16:29:20.187+0000] {processor.py:183} INFO - Processing /opt/airflow/dags/pipeline_dag.py took 0.139 seconds
[2026-05-01T16:29:50.389+0000] {processor.py:161} INFO - Started process (PID=404) to work on /opt/airflow/dags/pipeline_dag.py
[2026-05-01T16:29:50.399+0000] {processor.py:830} INFO - Processing file /opt/airflow/dags/pipeline_dag.py for tasks to queue
[2026-05-01T16:29:50.402+0000] {logging_mixin.py:188} INFO - [2026-05-01T16:29:50.401+0000] {dagbag.py:545} INFO - Filling up the DagBag from /opt/airflow/dags/pipeline_dag.py
[2026-05-01T16:29:50.421+0000] {processor.py:840} INFO - DAG(s) 'data_pipeline' retrieved from /opt/airflow/dags/pipeline_dag.py
[2026-05-01T16:29:50.480+0000] {logging_mixin.py:188} INFO - [2026-05-01T16:29:50.479+0000] {dag.py:3089} INFO - Sync 1 DAGs
[2026-05-01T16:29:50.522+0000] {logging_mixin.py:188} INFO - [2026-05-01T16:29:50.521+0000] {dag.py:3947} INFO - Setting next_dagrun for data_pipeline to 2026-05-01 06:00:00+00:00, run_after=2026-05-02 06:00:00+00:00
[2026-05-01T16:29:50.566+0000] {processor.py:183} INFO - Processing /opt/airflow/dags/pipeline_dag.py took 0.186 seconds
[2026-05-01T16:30:20.782+0000] {processor.py:161} INFO - Started process (PID=409) to work on /opt/airflow/dags/pipeline_dag.py
[2026-05-01T16:30:20.783+0000] {processor.py:830} INFO - Processing file /opt/airflow/dags/pipeline_dag.py for tasks to queue
[2026-05-01T16:30:20.786+0000] {logging_mixin.py:188} INFO - [2026-05-01T16:30:20.785+0000] {dagbag.py:545} INFO - Filling up the DagBag from /opt/airflow/dags/pipeline_dag.py
[2026-05-01T16:30:20.802+0000] {processor.py:840} INFO - DAG(s) 'data_pipeline' retrieved from /opt/airflow/dags/pipeline_dag.py
[2026-05-01T16:30:20.873+0000] {logging_mixin.py:188} INFO - [2026-05-01T16:30:20.872+0000] {dag.py:3089} INFO - Sync 1 DAGs
[2026-05-01T16:30:20.927+0000] {logging_mixin.py:188} INFO - [2026-05-01T16:30:20.927+0000] {dag.py:3947} INFO - Setting next_dagrun for data_pipeline to 2026-05-01 06:00:00+00:00, run_after=2026-05-02 06:00:00+00:00
[2026-05-01T16:30:20.960+0000] {processor.py:183} INFO - Processing /opt/airflow/dags/pipeline_dag.py took 0.186 seconds
[2026-05-01T16:30:51.167+0000] {processor.py:161} INFO - Started process (PID=414) to work on /opt/airflow/dags/pipeline_dag.py
[2026-05-01T16:30:51.177+0000] {processor.py:830} INFO - Processing file /opt/airflow/dags/pipeline_dag.py for tasks to queue
[2026-05-01T16:30:51.180+0000] {logging_mixin.py:188} INFO - [2026-05-01T16:30:51.180+0000] {dagbag.py:545} INFO - Filling up the DagBag from /opt/airflow/dags/pipeline_dag.py
[2026-05-01T16:30:51.197+0000] {processor.py:840} INFO - DAG(s) 'data_pipeline' retrieved from /opt/airflow/dags/pipeline_dag.py
[2026-05-01T16:30:51.246+0000] {logging_mixin.py:188} INFO - [2026-05-01T16:30:51.246+0000] {dag.py:3089} INFO - Sync 1 DAGs
[2026-05-01T16:30:51.288+0000] {logging_mixin.py:188} INFO - [2026-05-01T16:30:51.288+0000] {dag.py:3947} INFO - Setting next_dagrun for data_pipeline to 2026-05-01 06:00:00+00:00, run_after=2026-05-02 06:00:00+00:00
[2026-05-01T16:30:51.322+0000] {processor.py:183} INFO - Processing /opt/airflow/dags/pipeline_dag.py took 0.165 seconds
[2026-05-01T16:31:21.540+0000] {processor.py:161} INFO - Started process (PID=419) to work on /opt/airflow/dags/pipeline_dag.py
[2026-05-01T16:31:21.541+0000] {processor.py:830} INFO - Processing file /opt/airflow/dags/pipeline_dag.py for tasks to queue
[2026-05-01T16:31:21.543+0000] {logging_mixin.py:188} INFO - [2026-05-01T16:31:21.543+0000] {dagbag.py:545} INFO - Filling up the DagBag from /opt/airflow/dags/pipeline_dag.py
[2026-05-01T16:31:21.560+0000] {processor.py:840} INFO - DAG(s) 'data_pipeline' retrieved from /opt/airflow/dags/pipeline_dag.py
[2026-05-01T16:31:21.611+0000] {logging_mixin.py:188} INFO - [2026-05-01T16:31:21.611+0000] {dag.py:3089} INFO - Sync 1 DAGs
[2026-05-01T16:31:21.649+0000] {logging_mixin.py:188} INFO - [2026-05-01T16:31:21.649+0000] {dag.py:3947} INFO - Setting next_dagrun for data_pipeline to 2026-05-01 06:00:00+00:00, run_after=2026-05-02 06:00:00+00:00
[2026-05-01T16:31:21.688+0000] {processor.py:183} INFO - Processing /opt/airflow/dags/pipeline_dag.py took 0.158 seconds
[2026-05-01T16:31:51.747+0000] {processor.py:161} INFO - Started process (PID=435) to work on /opt/airflow/dags/pipeline_dag.py
[2026-05-01T16:31:51.749+0000] {processor.py:830} INFO - Processing file /opt/airflow/dags/pipeline_dag.py for tasks to queue
[2026-05-01T16:31:51.752+0000] {logging_mixin.py:188} INFO - [2026-05-01T16:31:51.752+0000] {dagbag.py:545} INFO - Filling up the DagBag from /opt/airflow/dags/pipeline_dag.py
[2026-05-01T16:31:51.770+0000] {processor.py:840} INFO - DAG(s) 'data_pipeline' retrieved from /opt/airflow/dags/pipeline_dag.py
[2026-05-01T16:31:51.812+0000] {logging_mixin.py:188} INFO - [2026-05-01T16:31:51.812+0000] {dag.py:3089} INFO - Sync 1 DAGs
[2026-05-01T16:31:51.836+0000] {logging_mixin.py:188} INFO - [2026-05-01T16:31:51.835+0000] {dag.py:3947} INFO - Setting next_dagrun for data_pipeline to 2026-05-01 06:00:00+00:00, run_after=2026-05-02 06:00:00+00:00
[2026-05-01T16:31:51.856+0000] {processor.py:183} INFO - Processing /opt/airflow/dags/pipeline_dag.py took 0.121 seconds
[2026-05-01T16:32:21.946+0000] {processor.py:161} INFO - Started process (PID=451) to work on /opt/airflow/dags/pipeline_dag.py
[2026-05-01T16:32:21.947+0000] {processor.py:830} INFO - Processing file /opt/airflow/dags/pipeline_dag.py for tasks to queue
[2026-05-01T16:32:21.950+0000] {logging_mixin.py:188} INFO - [2026-05-01T16:32:21.950+0000] {dagbag.py:545} INFO - Filling up the DagBag from /opt/airflow/dags/pipeline_dag.py
[2026-05-01T16:32:21.978+0000] {processor.py:840} INFO - DAG(s) 'data_pipeline' retrieved from /opt/airflow/dags/pipeline_dag.py
[2026-05-01T16:32:22.031+0000] {logging_mixin.py:188} INFO - [2026-05-01T16:32:22.031+0000] {dag.py:3089} INFO - Sync 1 DAGs
[2026-05-01T16:32:22.065+0000] {logging_mixin.py:188} INFO - [2026-05-01T16:32:22.065+0000] {dag.py:3947} INFO - Setting next_dagrun for data_pipeline to 2026-05-01 06:00:00+00:00, run_after=2026-05-02 06:00:00+00:00
[2026-05-01T16:32:22.093+0000] {processor.py:183} INFO - Processing /opt/airflow/dags/pipeline_dag.py took 0.158 seconds
[2026-05-01T16:32:52.236+0000] {processor.py:161} INFO - Started process (PID=456) to work on /opt/airflow/dags/pipeline_dag.py
[2026-05-01T16:32:52.246+0000] {processor.py:830} INFO - Processing file /opt/airflow/dags/pipeline_dag.py for tasks to queue
[2026-05-01T16:32:52.248+0000] {logging_mixin.py:188} INFO - [2026-05-01T16:32:52.248+0000] {dagbag.py:545} INFO - Filling up the DagBag from /opt/airflow/dags/pipeline_dag.py
[2026-05-01T16:32:52.266+0000] {processor.py:840} INFO - DAG(s) 'data_pipeline' retrieved from /opt/airflow/dags/pipeline_dag.py
[2026-05-01T16:32:52.318+0000] {logging_mixin.py:188} INFO - [2026-05-01T16:32:52.318+0000] {dag.py:3089} INFO - Sync 1 DAGs
[2026-05-01T16:32:52.356+0000] {logging_mixin.py:188} INFO - [2026-05-01T16:32:52.355+0000] {dag.py:3947} INFO - Setting next_dagrun for data_pipeline to 2026-05-01 06:00:00+00:00, run_after=2026-05-02 06:00:00+00:00
[2026-05-01T16:32:52.396+0000] {processor.py:183} INFO - Processing /opt/airflow/dags/pipeline_dag.py took 0.169 seconds
[2026-05-01T16:33:22.595+0000] {processor.py:161} INFO - Started process (PID=461) to work on /opt/airflow/dags/pipeline_dag.py
[2026-05-01T16:33:22.597+0000] {processor.py:830} INFO - Processing file /opt/airflow/dags/pipeline_dag.py for tasks to queue
[2026-05-01T16:33:22.599+0000] {logging_mixin.py:188} INFO - [2026-05-01T16:33:22.599+0000] {dagbag.py:545} INFO - Filling up the DagBag from /opt/airflow/dags/pipeline_dag.py
[2026-05-01T16:33:22.619+0000] {processor.py:840} INFO - DAG(s) 'data_pipeline' retrieved from /opt/airflow/dags/pipeline_dag.py
[2026-05-01T16:33:22.663+0000] {logging_mixin.py:188} INFO - [2026-05-01T16:33:22.663+0000] {dag.py:3089} INFO - Sync 1 DAGs
[2026-05-01T16:33:22.689+0000] {logging_mixin.py:188} INFO - [2026-05-01T16:33:22.689+0000] {dag.py:3947} INFO - Setting next_dagrun for data_pipeline to 2026-05-01 06:00:00+00:00, run_after=2026-05-02 06:00:00+00:00
[2026-05-01T16:33:22.712+0000] {processor.py:183} INFO - Processing /opt/airflow/dags/pipeline_dag.py took 0.127 seconds
[2026-05-01T16:33:52.769+0000] {processor.py:161} INFO - Started process (PID=466) to work on /opt/airflow/dags/pipeline_dag.py
[2026-05-01T16:33:52.780+0000] {processor.py:830} INFO - Processing file /opt/airflow/dags/pipeline_dag.py for tasks to queue
[2026-05-01T16:33:52.784+0000] {logging_mixin.py:188} INFO - [2026-05-01T16:33:52.783+0000] {dagbag.py:545} INFO - Filling up the DagBag from /opt/airflow/dags/pipeline_dag.py
[2026-05-01T16:33:52.805+0000] {processor.py:840} INFO - DAG(s) 'data_pipeline' retrieved from /opt/airflow/dags/pipeline_dag.py
[2026-05-01T16:33:52.869+0000] {logging_mixin.py:188} INFO - [2026-05-01T16:33:52.869+0000] {dag.py:3089} INFO - Sync 1 DAGs
[2026-05-01T16:33:52.916+0000] {logging_mixin.py:188} INFO - [2026-05-01T16:33:52.915+0000] {dag.py:3947} INFO - Setting next_dagrun for data_pipeline to 2026-05-01 06:00:00+00:00, run_after=2026-05-02 06:00:00+00:00
[2026-05-01T16:33:52.963+0000] {processor.py:183} INFO - Processing /opt/airflow/dags/pipeline_dag.py took 0.205 seconds
[2026-05-01T16:34:23.076+0000] {processor.py:161} INFO - Started process (PID=471) to work on /opt/airflow/dags/pipeline_dag.py
[2026-05-01T16:34:23.078+0000] {processor.py:830} INFO - Processing file /opt/airflow/dags/pipeline_dag.py for tasks to queue
[2026-05-01T16:34:23.080+0000] {logging_mixin.py:188} INFO - [2026-05-01T16:34:23.080+0000] {dagbag.py:545} INFO - Filling up the DagBag from /opt/airflow/dags/pipeline_dag.py
[2026-05-01T16:34:23.098+0000] {processor.py:840} INFO - DAG(s) 'data_pipeline' retrieved from /opt/airflow/dags/pipeline_dag.py
[2026-05-01T16:34:23.166+0000] {logging_mixin.py:188} INFO - [2026-05-01T16:34:23.166+0000] {dag.py:3089} INFO - Sync 1 DAGs
[2026-05-01T16:34:23.206+0000] {logging_mixin.py:188} INFO - [2026-05-01T16:34:23.206+0000] {dag.py:3947} INFO - Setting next_dagrun for data_pipeline to 2026-05-01 06:00:00+00:00, run_after=2026-05-02 06:00:00+00:00
[2026-05-01T16:34:23.238+0000] {processor.py:183} INFO - Processing /opt/airflow/dags/pipeline_dag.py took 0.172 seconds
[2026-05-01T16:34:53.357+0000] {processor.py:161} INFO - Started process (PID=476) to work on /opt/airflow/dags/pipeline_dag.py
[2026-05-01T16:34:53.368+0000] {processor.py:830} INFO - Processing file /opt/airflow/dags/pipeline_dag.py for tasks to queue
[2026-05-01T16:34:53.371+0000] {logging_mixin.py:188} INFO - [2026-05-01T16:34:53.370+0000] {dagbag.py:545} INFO - Filling up the DagBag from /opt/airflow/dags/pipeline_dag.py
[2026-05-01T16:34:53.390+0000] {processor.py:840} INFO - DAG(s) 'data_pipeline' retrieved from /opt/airflow/dags/pipeline_dag.py
[2026-05-01T16:34:53.456+0000] {logging_mixin.py:188} INFO - [2026-05-01T16:34:53.455+0000] {dag.py:3089} INFO - Sync 1 DAGs
[2026-05-01T16:34:53.502+0000] {logging_mixin.py:188} INFO - [2026-05-01T16:34:53.502+0000] {dag.py:3947} INFO - Setting next_dagrun for data_pipeline to 2026-05-01 06:00:00+00:00, run_after=2026-05-02 06:00:00+00:00
[2026-05-01T16:34:53.546+0000] {processor.py:183} INFO - Processing /opt/airflow/dags/pipeline_dag.py took 0.199 seconds
[2026-05-01T16:35:23.621+0000] {processor.py:161} INFO - Started process (PID=481) to work on /opt/airflow/dags/pipeline_dag.py
[2026-05-01T16:35:23.622+0000] {processor.py:830} INFO - Processing file /opt/airflow/dags/pipeline_dag.py for tasks to queue
[2026-05-01T16:35:23.624+0000] {logging_mixin.py:188} INFO - [2026-05-01T16:35:23.624+0000] {dagbag.py:545} INFO - Filling up the DagBag from /opt/airflow/dags/pipeline_dag.py
[2026-05-01T16:35:23.638+0000] {processor.py:840} INFO - DAG(s) 'data_pipeline' retrieved from /opt/airflow/dags/pipeline_dag.py
[2026-05-01T16:35:23.679+0000] {logging_mixin.py:188} INFO - [2026-05-01T16:35:23.678+0000] {dag.py:3089} INFO - Sync 1 DAGs
[2026-05-01T16:35:23.707+0000] {logging_mixin.py:188} INFO - [2026-05-01T16:35:23.706+0000] {dag.py:3947} INFO - Setting next_dagrun for data_pipeline to 2026-05-01 06:00:00+00:00, run_after=2026-05-02 06:00:00+00:00
[2026-05-01T16:35:23.731+0000] {processor.py:183} INFO - Processing /opt/airflow/dags/pipeline_dag.py took 0.118 seconds
[2026-05-01T16:35:53.949+0000] {processor.py:161} INFO - Started process (PID=486) to work on /opt/airflow/dags/pipeline_dag.py
[2026-05-01T16:35:53.959+0000] {processor.py:830} INFO - Processing file /opt/airflow/dags/pipeline_dag.py for tasks to queue
[2026-05-01T16:35:53.961+0000] {logging_mixin.py:188} INFO - [2026-05-01T16:35:53.961+0000] {dagbag.py:545} INFO - Filling up the DagBag from /opt/airflow/dags/pipeline_dag.py
[2026-05-01T16:35:53.976+0000] {processor.py:840} INFO - DAG(s) 'data_pipeline' retrieved from /opt/airflow/dags/pipeline_dag.py
[2026-05-01T16:35:54.015+0000] {logging_mixin.py:188} INFO - [2026-05-01T16:35:54.015+0000] {dag.py:3089} INFO - Sync 1 DAGs
[2026-05-01T16:35:54.042+0000] {logging_mixin.py:188} INFO - [2026-05-01T16:35:54.042+0000] {dag.py:3947} INFO - Setting next_dagrun for data_pipeline to 2026-05-01 06:00:00+00:00, run_after=2026-05-02 06:00:00+00:00
[2026-05-01T16:35:54.063+0000] {processor.py:183} INFO - Processing /opt/airflow/dags/pipeline_dag.py took 0.121 seconds
[2026-05-01T16:36:24.156+0000] {processor.py:161} INFO - Started process (PID=491) to work on /opt/airflow/dags/pipeline_dag.py
[2026-05-01T16:36:24.157+0000] {processor.py:830} INFO - Processing file /opt/airflow/dags/pipeline_dag.py for tasks to queue
[2026-05-01T16:36:24.160+0000] {logging_mixin.py:188} INFO - [2026-05-01T16:36:24.159+0000] {dagbag.py:545} INFO - Filling up the DagBag from /opt/airflow/dags/pipeline_dag.py
[2026-05-01T16:36:24.173+0000] {processor.py:840} INFO - DAG(s) 'data_pipeline' retrieved from /opt/airflow/dags/pipeline_dag.py
[2026-05-01T16:36:24.216+0000] {logging_mixin.py:188} INFO - [2026-05-01T16:36:24.215+0000] {dag.py:3089} INFO - Sync 1 DAGs
[2026-05-01T16:36:24.242+0000] {logging_mixin.py:188} INFO - [2026-05-01T16:36:24.242+0000] {dag.py:3947} INFO - Setting next_dagrun for data_pipeline to 2026-05-01 06:00:00+00:00, run_after=2026-05-02 06:00:00+00:00
[2026-05-01T16:36:24.266+0000] {processor.py:183} INFO - Processing /opt/airflow/dags/pipeline_dag.py took 0.118 seconds
[2026-05-01T16:36:54.455+0000] {processor.py:161} INFO - Started process (PID=496) to work on /opt/airflow/dags/pipeline_dag.py
[2026-05-01T16:36:54.466+0000] {processor.py:830} INFO - Processing file /opt/airflow/dags/pipeline_dag.py for tasks to queue
[2026-05-01T16:36:54.469+0000] {logging_mixin.py:188} INFO - [2026-05-01T16:36:54.469+0000] {dagbag.py:545} INFO - Filling up the DagBag from /opt/airflow/dags/pipeline_dag.py
[2026-05-01T16:36:54.485+0000] {processor.py:840} INFO - DAG(s) 'data_pipeline' retrieved from /opt/airflow/dags/pipeline_dag.py
[2026-05-01T16:36:54.535+0000] {logging_mixin.py:188} INFO - [2026-05-01T16:36:54.534+0000] {dag.py:3089} INFO - Sync 1 DAGs
[2026-05-01T16:36:54.564+0000] {logging_mixin.py:188} INFO - [2026-05-01T16:36:54.563+0000] {dag.py:3947} INFO - Setting next_dagrun for data_pipeline to 2026-05-01 06:00:00+00:00, run_after=2026-05-02 06:00:00+00:00
[2026-05-01T16:36:54.587+0000] {processor.py:183} INFO - Processing /opt/airflow/dags/pipeline_dag.py took 0.140 seconds
[2026-05-01T16:37:24.663+0000] {processor.py:161} INFO - Started process (PID=501) to work on /opt/airflow/dags/pipeline_dag.py
[2026-05-01T16:37:24.673+0000] {processor.py:830} INFO - Processing file /opt/airflow/dags/pipeline_dag.py for tasks to queue
[2026-05-01T16:37:24.676+0000] {logging_mixin.py:188} INFO - [2026-05-01T16:37:24.676+0000] {dagbag.py:545} INFO - Filling up the DagBag from /opt/airflow/dags/pipeline_dag.py
[2026-05-01T16:37:24.690+0000] {processor.py:840} INFO - DAG(s) 'data_pipeline' retrieved from /opt/airflow/dags/pipeline_dag.py
[2026-05-01T16:37:24.727+0000] {logging_mixin.py:188} INFO - [2026-05-01T16:37:24.727+0000] {dag.py:3089} INFO - Sync 1 DAGs
[2026-05-01T16:37:24.756+0000] {logging_mixin.py:188} INFO - [2026-05-01T16:37:24.755+0000] {dag.py:3947} INFO - Setting next_dagrun for data_pipeline to 2026-05-01 06:00:00+00:00, run_after=2026-05-02 06:00:00+00:00
[2026-05-01T16:37:24.780+0000] {processor.py:183} INFO - Processing /opt/airflow/dags/pipeline_dag.py took 0.127 seconds
[2026-05-01T16:37:54.988+0000] {processor.py:161} INFO - Started process (PID=506) to work on /opt/airflow/dags/pipeline_dag.py
[2026-05-01T16:37:54.989+0000] {processor.py:830} INFO - Processing file /opt/airflow/dags/pipeline_dag.py for tasks to queue
[2026-05-01T16:37:54.993+0000] {logging_mixin.py:188} INFO - [2026-05-01T16:37:54.992+0000] {dagbag.py:545} INFO - Filling up the DagBag from /opt/airflow/dags/pipeline_dag.py
[2026-05-01T16:37:55.010+0000] {processor.py:840} INFO - DAG(s) 'data_pipeline' retrieved from /opt/airflow/dags/pipeline_dag.py
[2026-05-01T16:37:55.058+0000] {logging_mixin.py:188} INFO - [2026-05-01T16:37:55.058+0000] {dag.py:3089} INFO - Sync 1 DAGs
[2026-05-01T16:37:55.091+0000] {logging_mixin.py:188} INFO - [2026-05-01T16:37:55.090+0000] {dag.py:3947} INFO - Setting next_dagrun for data_pipeline to 2026-05-01 06:00:00+00:00, run_after=2026-05-02 06:00:00+00:00
[2026-05-01T16:37:55.129+0000] {processor.py:183} INFO - Processing /opt/airflow/dags/pipeline_dag.py took 0.151 seconds
[2026-05-01T16:38:25.329+0000] {processor.py:161} INFO - Started process (PID=511) to work on /opt/airflow/dags/pipeline_dag.py
[2026-05-01T16:38:25.339+0000] {processor.py:830} INFO - Processing file /opt/airflow/dags/pipeline_dag.py for tasks to queue
[2026-05-01T16:38:25.344+0000] {logging_mixin.py:188} INFO - [2026-05-01T16:38:25.343+0000] {dagbag.py:545} INFO - Filling up the DagBag from /opt/airflow/dags/pipeline_dag.py
[2026-05-01T16:38:25.364+0000] {processor.py:840} INFO - DAG(s) 'data_pipeline' retrieved from /opt/airflow/dags/pipeline_dag.py
[2026-05-01T16:38:25.414+0000] {logging_mixin.py:188} INFO - [2026-05-01T16:38:25.414+0000] {dag.py:3089} INFO - Sync 1 DAGs
[2026-05-01T16:38:25.451+0000] {logging_mixin.py:188} INFO - [2026-05-01T16:38:25.450+0000] {dag.py:3947} INFO - Setting next_dagrun for data_pipeline to 2026-05-01 06:00:00+00:00, run_after=2026-05-02 06:00:00+00:00
[2026-05-01T16:38:25.489+0000] {processor.py:183} INFO - Processing /opt/airflow/dags/pipeline_dag.py took 0.171 seconds
[2026-05-01T16:38:55.694+0000] {processor.py:161} INFO - Started process (PID=516) to work on /opt/airflow/dags/pipeline_dag.py
[2026-05-01T16:38:55.695+0000] {processor.py:830} INFO - Processing file /opt/airflow/dags/pipeline_dag.py for tasks to queue
[2026-05-01T16:38:55.698+0000] {logging_mixin.py:188} INFO - [2026-05-01T16:38:55.697+0000] {dagbag.py:545} INFO - Filling up the DagBag from /opt/airflow/dags/pipeline_dag.py
[2026-05-01T16:38:55.713+0000] {processor.py:840} INFO - DAG(s) 'data_pipeline' retrieved from /opt/airflow/dags/pipeline_dag.py
[2026-05-01T16:38:55.764+0000] {logging_mixin.py:188} INFO - [2026-05-01T16:38:55.764+0000] {dag.py:3089} INFO - Sync 1 DAGs
[2026-05-01T16:38:55.803+0000] {logging_mixin.py:188} INFO - [2026-05-01T16:38:55.803+0000] {dag.py:3947} INFO - Setting next_dagrun for data_pipeline to 2026-05-01 06:00:00+00:00, run_after=2026-05-02 06:00:00+00:00
[2026-05-01T16:38:55.846+0000] {processor.py:183} INFO - Processing /opt/airflow/dags/pipeline_dag.py took 0.162 seconds
[2026-05-01T16:39:26.046+0000] {processor.py:161} INFO - Started process (PID=521) to work on /opt/airflow/dags/pipeline_dag.py
[2026-05-01T16:39:26.056+0000] {processor.py:830} INFO - Processing file /opt/airflow/dags/pipeline_dag.py for tasks to queue
[2026-05-01T16:39:26.058+0000] {logging_mixin.py:188} INFO - [2026-05-01T16:39:26.058+0000] {dagbag.py:545} INFO - Filling up the DagBag from /opt/airflow/dags/pipeline_dag.py
[2026-05-01T16:39:26.072+0000] {processor.py:840} INFO - DAG(s) 'data_pipeline' retrieved from /opt/airflow/dags/pipeline_dag.py
[2026-05-01T16:39:26.138+0000] {logging_mixin.py:188} INFO - [2026-05-01T16:39:26.137+0000] {dag.py:3089} INFO - Sync 1 DAGs
[2026-05-01T16:39:26.176+0000] {logging_mixin.py:188} INFO - [2026-05-01T16:39:26.176+0000] {dag.py:3947} INFO - Setting next_dagrun for data_pipeline to 2026-05-01 06:00:00+00:00, run_after=2026-05-02 06:00:00+00:00
[2026-05-01T16:39:26.217+0000] {processor.py:183} INFO - Processing /opt/airflow/dags/pipeline_dag.py took 0.179 seconds
[2026-05-01T16:39:56.431+0000] {processor.py:161} INFO - Started process (PID=526) to work on /opt/airflow/dags/pipeline_dag.py
[2026-05-01T16:39:56.432+0000] {processor.py:830} INFO - Processing file /opt/airflow/dags/pipeline_dag.py for tasks to queue
[2026-05-01T16:39:56.436+0000] {logging_mixin.py:188} INFO - [2026-05-01T16:39:56.436+0000] {dagbag.py:545} INFO - Filling up the DagBag from /opt/airflow/dags/pipeline_dag.py
[2026-05-01T16:39:56.454+0000] {processor.py:840} INFO - DAG(s) 'data_pipeline' retrieved from /opt/airflow/dags/pipeline_dag.py
[2026-05-01T16:39:56.504+0000] {logging_mixin.py:188} INFO - [2026-05-01T16:39:56.504+0000] {dag.py:3089} INFO - Sync 1 DAGs
[2026-05-01T16:39:56.536+0000] {logging_mixin.py:188} INFO - [2026-05-01T16:39:56.536+0000] {dag.py:3947} INFO - Setting next_dagrun for data_pipeline to 2026-05-01 06:00:00+00:00, run_after=2026-05-02 06:00:00+00:00
[2026-05-01T16:39:56.572+0000] {processor.py:183} INFO - Processing /opt/airflow/dags/pipeline_dag.py took 0.151 seconds
[2026-05-01T16:40:26.611+0000] {processor.py:161} INFO - Started process (PID=531) to work on /opt/airflow/dags/pipeline_dag.py
[2026-05-01T16:40:26.621+0000] {processor.py:830} INFO - Processing file /opt/airflow/dags/pipeline_dag.py for tasks to queue
[2026-05-01T16:40:26.625+0000] {logging_mixin.py:188} INFO - [2026-05-01T16:40:26.625+0000] {dagbag.py:545} INFO - Filling up the DagBag from /opt/airflow/dags/pipeline_dag.py
[2026-05-01T16:40:26.640+0000] {processor.py:840} INFO - DAG(s) 'data_pipeline' retrieved from /opt/airflow/dags/pipeline_dag.py
[2026-05-01T16:40:26.680+0000] {logging_mixin.py:188} INFO - [2026-05-01T16:40:26.680+0000] {dag.py:3089} INFO - Sync 1 DAGs
[2026-05-01T16:40:26.707+0000] {logging_mixin.py:188} INFO - [2026-05-01T16:40:26.706+0000] {dag.py:3947} INFO - Setting next_dagrun for data_pipeline to 2026-05-01 06:00:00+00:00, run_after=2026-05-02 06:00:00+00:00
[2026-05-01T16:40:26.729+0000] {processor.py:183} INFO - Processing /opt/airflow/dags/pipeline_dag.py took 0.125 seconds
[2026-05-01T16:40:56.837+0000] {processor.py:161} INFO - Started process (PID=536) to work on /opt/airflow/dags/pipeline_dag.py
[2026-05-01T16:40:56.838+0000] {processor.py:830} INFO - Processing file /opt/airflow/dags/pipeline_dag.py for tasks to queue
[2026-05-01T16:40:56.840+0000] {logging_mixin.py:188} INFO - [2026-05-01T16:40:56.840+0000] {dagbag.py:545} INFO - Filling up the DagBag from /opt/airflow/dags/pipeline_dag.py
[2026-05-01T16:40:56.853+0000] {processor.py:840} INFO - DAG(s) 'data_pipeline' retrieved from /opt/airflow/dags/pipeline_dag.py
[2026-05-01T16:40:56.894+0000] {logging_mixin.py:188} INFO - [2026-05-01T16:40:56.893+0000] {dag.py:3089} INFO - Sync 1 DAGs
[2026-05-01T16:40:56.920+0000] {logging_mixin.py:188} INFO - [2026-05-01T16:40:56.920+0000] {dag.py:3947} INFO - Setting next_dagrun for data_pipeline to 2026-05-01 06:00:00+00:00, run_after=2026-05-02 06:00:00+00:00
[2026-05-01T16:40:56.943+0000] {processor.py:183} INFO - Processing /opt/airflow/dags/pipeline_dag.py took 0.115 seconds
[2026-05-01T16:41:27.119+0000] {processor.py:161} INFO - Started process (PID=541) to work on /opt/airflow/dags/pipeline_dag.py
[2026-05-01T16:41:27.129+0000] {processor.py:830} INFO - Processing file /opt/airflow/dags/pipeline_dag.py for tasks to queue
[2026-05-01T16:41:27.132+0000] {logging_mixin.py:188} INFO - [2026-05-01T16:41:27.132+0000] {dagbag.py:545} INFO - Filling up the DagBag from /opt/airflow/dags/pipeline_dag.py
[2026-05-01T16:41:27.147+0000] {processor.py:840} INFO - DAG(s) 'data_pipeline' retrieved from /opt/airflow/dags/pipeline_dag.py
[2026-05-01T16:41:27.186+0000] {logging_mixin.py:188} INFO - [2026-05-01T16:41:27.186+0000] {dag.py:3089} INFO - Sync 1 DAGs
[2026-05-01T16:41:27.211+0000] {logging_mixin.py:188} INFO - [2026-05-01T16:41:27.211+0000] {dag.py:3947} INFO - Setting next_dagrun for data_pipeline to 2026-05-01 06:00:00+00:00, run_after=2026-05-02 06:00:00+00:00
[2026-05-01T16:41:27.234+0000] {processor.py:183} INFO - Processing /opt/airflow/dags/pipeline_dag.py took 0.124 seconds
[2026-05-01T16:41:57.344+0000] {processor.py:161} INFO - Started process (PID=546) to work on /opt/airflow/dags/pipeline_dag.py
[2026-05-01T16:41:57.345+0000] {processor.py:830} INFO - Processing file /opt/airflow/dags/pipeline_dag.py for tasks to queue
[2026-05-01T16:41:57.348+0000] {logging_mixin.py:188} INFO - [2026-05-01T16:41:57.347+0000] {dagbag.py:545} INFO - Filling up the DagBag from /opt/airflow/dags/pipeline_dag.py
[2026-05-01T16:41:57.367+0000] {processor.py:840} INFO - DAG(s) 'data_pipeline' retrieved from /opt/airflow/dags/pipeline_dag.py
[2026-05-01T16:41:57.416+0000] {logging_mixin.py:188} INFO - [2026-05-01T16:41:57.416+0000] {dag.py:3089} INFO - Sync 1 DAGs
[2026-05-01T16:41:57.450+0000] {logging_mixin.py:188} INFO - [2026-05-01T16:41:57.450+0000] {dag.py:3947} INFO - Setting next_dagrun for data_pipeline to 2026-05-01 06:00:00+00:00, run_after=2026-05-02 06:00:00+00:00
[2026-05-01T16:41:57.494+0000] {processor.py:183} INFO - Processing /opt/airflow/dags/pipeline_dag.py took 0.161 seconds
[2026-05-01T16:42:27.634+0000] {processor.py:161} INFO - Started process (PID=551) to work on /opt/airflow/dags/pipeline_dag.py
[2026-05-01T16:42:27.636+0000] {processor.py:830} INFO - Processing file /opt/airflow/dags/pipeline_dag.py for tasks to queue
[2026-05-01T16:42:27.638+0000] {logging_mixin.py:188} INFO - [2026-05-01T16:42:27.638+0000] {dagbag.py:545} INFO - Filling up the DagBag from /opt/airflow/dags/pipeline_dag.py
[2026-05-01T16:42:27.654+0000] {processor.py:840} INFO - DAG(s) 'data_pipeline' retrieved from /opt/airflow/dags/pipeline_dag.py
[2026-05-01T16:42:27.697+0000] {logging_mixin.py:188} INFO - [2026-05-01T16:42:27.697+0000] {dag.py:3089} INFO - Sync 1 DAGs
[2026-05-01T16:42:27.724+0000] {logging_mixin.py:188} INFO - [2026-05-01T16:42:27.723+0000] {dag.py:3947} INFO - Setting next_dagrun for data_pipeline to 2026-05-01 06:00:00+00:00, run_after=2026-05-02 06:00:00+00:00
[2026-05-01T16:42:27.746+0000] {processor.py:183} INFO - Processing /opt/airflow/dags/pipeline_dag.py took 0.121 seconds
[2026-05-01T16:42:57.898+0000] {processor.py:161} INFO - Started process (PID=556) to work on /opt/airflow/dags/pipeline_dag.py
[2026-05-01T16:42:57.900+0000] {processor.py:830} INFO - Processing file /opt/airflow/dags/pipeline_dag.py for tasks to queue
[2026-05-01T16:42:57.902+0000] {logging_mixin.py:188} INFO - [2026-05-01T16:42:57.902+0000] {dagbag.py:545} INFO - Filling up the DagBag from /opt/airflow/dags/pipeline_dag.py
[2026-05-01T16:42:57.919+0000] {processor.py:840} INFO - DAG(s) 'data_pipeline' retrieved from /opt/airflow/dags/pipeline_dag.py
[2026-05-01T16:42:57.970+0000] {logging_mixin.py:188} INFO - [2026-05-01T16:42:57.970+0000] {dag.py:3089} INFO - Sync 1 DAGs
[2026-05-01T16:42:57.995+0000] {logging_mixin.py:188} INFO - [2026-05-01T16:42:57.994+0000] {dag.py:3947} INFO - Setting next_dagrun for data_pipeline to 2026-05-01 06:00:00+00:00, run_after=2026-05-02 06:00:00+00:00
[2026-05-01T16:42:58.030+0000] {processor.py:183} INFO - Processing /opt/airflow/dags/pipeline_dag.py took 0.143 seconds
[2026-05-01T16:43:28.114+0000] {processor.py:161} INFO - Started process (PID=561) to work on /opt/airflow/dags/pipeline_dag.py
[2026-05-01T16:43:28.123+0000] {processor.py:830} INFO - Processing file /opt/airflow/dags/pipeline_dag.py for tasks to queue
[2026-05-01T16:43:28.127+0000] {logging_mixin.py:188} INFO - [2026-05-01T16:43:28.126+0000] {dagbag.py:545} INFO - Filling up the DagBag from /opt/airflow/dags/pipeline_dag.py
[2026-05-01T16:43:28.146+0000] {processor.py:840} INFO - DAG(s) 'data_pipeline' retrieved from /opt/airflow/dags/pipeline_dag.py
[2026-05-01T16:43:28.195+0000] {logging_mixin.py:188} INFO - [2026-05-01T16:43:28.195+0000] {dag.py:3089} INFO - Sync 1 DAGs
[2026-05-01T16:43:28.231+0000] {logging_mixin.py:188} INFO - [2026-05-01T16:43:28.230+0000] {dag.py:3947} INFO - Setting next_dagrun for data_pipeline to 2026-05-01 06:00:00+00:00, run_after=2026-05-02 06:00:00+00:00
[2026-05-01T16:43:28.273+0000] {processor.py:183} INFO - Processing /opt/airflow/dags/pipeline_dag.py took 0.169 seconds
[2026-05-01T16:43:58.397+0000] {processor.py:161} INFO - Started process (PID=566) to work on /opt/airflow/dags/pipeline_dag.py
[2026-05-01T16:43:58.398+0000] {processor.py:830} INFO - Processing file /opt/airflow/dags/pipeline_dag.py for tasks to queue
[2026-05-01T16:43:58.400+0000] {logging_mixin.py:188} INFO - [2026-05-01T16:43:58.399+0000] {dagbag.py:545} INFO - Filling up the DagBag from /opt/airflow/dags/pipeline_dag.py
[2026-05-01T16:43:58.414+0000] {processor.py:840} INFO - DAG(s) 'data_pipeline' retrieved from /opt/airflow/dags/pipeline_dag.py
[2026-05-01T16:43:58.456+0000] {logging_mixin.py:188} INFO - [2026-05-01T16:43:58.455+0000] {dag.py:3089} INFO - Sync 1 DAGs
[2026-05-01T16:43:58.483+0000] {logging_mixin.py:188} INFO - [2026-05-01T16:43:58.483+0000] {dag.py:3947} INFO - Setting next_dagrun for data_pipeline to 2026-05-01 06:00:00+00:00, run_after=2026-05-02 06:00:00+00:00
[2026-05-01T16:43:58.507+0000] {processor.py:183} INFO - Processing /opt/airflow/dags/pipeline_dag.py took 0.119 seconds
[2026-05-01T16:44:28.659+0000] {processor.py:161} INFO - Started process (PID=571) to work on /opt/airflow/dags/pipeline_dag.py
[2026-05-01T16:44:28.669+0000] {processor.py:830} INFO - Processing file /opt/airflow/dags/pipeline_dag.py for tasks to queue
[2026-05-01T16:44:28.672+0000] {logging_mixin.py:188} INFO - [2026-05-01T16:44:28.672+0000] {dagbag.py:545} INFO - Filling up the DagBag from /opt/airflow/dags/pipeline_dag.py
[2026-05-01T16:44:28.691+0000] {processor.py:840} INFO - DAG(s) 'data_pipeline' retrieved from /opt/airflow/dags/pipeline_dag.py
[2026-05-01T16:44:28.744+0000] {logging_mixin.py:188} INFO - [2026-05-01T16:44:28.744+0000] {dag.py:3089} INFO - Sync 1 DAGs
[2026-05-01T16:44:28.781+0000] {logging_mixin.py:188} INFO - [2026-05-01T16:44:28.781+0000] {dag.py:3947} INFO - Setting next_dagrun for data_pipeline to 2026-05-01 06:00:00+00:00, run_after=2026-05-02 06:00:00+00:00
[2026-05-01T16:44:28.825+0000] {processor.py:183} INFO - Processing /opt/airflow/dags/pipeline_dag.py took 0.175 seconds
[2026-05-01T16:44:58.879+0000] {processor.py:161} INFO - Started process (PID=576) to work on /opt/airflow/dags/pipeline_dag.py
[2026-05-01T16:44:58.881+0000] {processor.py:830} INFO - Processing file /opt/airflow/dags/pipeline_dag.py for tasks to queue
[2026-05-01T16:44:58.883+0000] {logging_mixin.py:188} INFO - [2026-05-01T16:44:58.882+0000] {dagbag.py:545} INFO - Filling up the DagBag from /opt/airflow/dags/pipeline_dag.py
[2026-05-01T16:44:58.901+0000] {processor.py:840} INFO - DAG(s) 'data_pipeline' retrieved from /opt/airflow/dags/pipeline_dag.py
[2026-05-01T16:44:58.950+0000] {logging_mixin.py:188} INFO - [2026-05-01T16:44:58.950+0000] {dag.py:3089} INFO - Sync 1 DAGs
[2026-05-01T16:44:58.989+0000] {logging_mixin.py:188} INFO - [2026-05-01T16:44:58.988+0000] {dag.py:3947} INFO - Setting next_dagrun for data_pipeline to 2026-05-01 06:00:00+00:00, run_after=2026-05-02 06:00:00+00:00
[2026-05-01T16:44:59.026+0000] {processor.py:183} INFO - Processing /opt/airflow/dags/pipeline_dag.py took 0.155 seconds
[2026-05-01T16:45:29.194+0000] {processor.py:161} INFO - Started process (PID=581) to work on /opt/airflow/dags/pipeline_dag.py
[2026-05-01T16:45:29.205+0000] {processor.py:830} INFO - Processing file /opt/airflow/dags/pipeline_dag.py for tasks to queue
[2026-05-01T16:45:29.208+0000] {logging_mixin.py:188} INFO - [2026-05-01T16:45:29.208+0000] {dagbag.py:545} INFO - Filling up the DagBag from /opt/airflow/dags/pipeline_dag.py
[2026-05-01T16:45:29.227+0000] {processor.py:840} INFO - DAG(s) 'data_pipeline' retrieved from /opt/airflow/dags/pipeline_dag.py
[2026-05-01T16:45:29.283+0000] {logging_mixin.py:188} INFO - [2026-05-01T16:45:29.283+0000] {dag.py:3089} INFO - Sync 1 DAGs
[2026-05-01T16:45:29.320+0000] {logging_mixin.py:188} INFO - [2026-05-01T16:45:29.319+0000] {dag.py:3947} INFO - Setting next_dagrun for data_pipeline to 2026-05-01 06:00:00+00:00, run_after=2026-05-02 06:00:00+00:00
[2026-05-01T16:45:29.359+0000] {processor.py:183} INFO - Processing /opt/airflow/dags/pipeline_dag.py took 0.172 seconds
[2026-05-01T16:45:59.556+0000] {processor.py:161} INFO - Started process (PID=586) to work on /opt/airflow/dags/pipeline_dag.py
[2026-05-01T16:45:59.557+0000] {processor.py:830} INFO - Processing file /opt/airflow/dags/pipeline_dag.py for tasks to queue
[2026-05-01T16:45:59.560+0000] {logging_mixin.py:188} INFO - [2026-05-01T16:45:59.559+0000] {dagbag.py:545} INFO - Filling up the DagBag from /opt/airflow/dags/pipeline_dag.py
[2026-05-01T16:45:59.579+0000] {processor.py:840} INFO - DAG(s) 'data_pipeline' retrieved from /opt/airflow/dags/pipeline_dag.py
[2026-05-01T16:45:59.622+0000] {logging_mixin.py:188} INFO - [2026-05-01T16:45:59.622+0000] {dag.py:3089} INFO - Sync 1 DAGs
[2026-05-01T16:45:59.661+0000] {logging_mixin.py:188} INFO - [2026-05-01T16:45:59.660+0000] {dag.py:3947} INFO - Setting next_dagrun for data_pipeline to 2026-05-01 06:00:00+00:00, run_after=2026-05-02 06:00:00+00:00
[2026-05-01T16:45:59.693+0000] {processor.py:183} INFO - Processing /opt/airflow/dags/pipeline_dag.py took 0.147 seconds
[2026-05-01T16:46:29.898+0000] {processor.py:161} INFO - Started process (PID=591) to work on /opt/airflow/dags/pipeline_dag.py
[2026-05-01T16:46:29.907+0000] {processor.py:830} INFO - Processing file /opt/airflow/dags/pipeline_dag.py for tasks to queue
[2026-05-01T16:46:29.910+0000] {logging_mixin.py:188} INFO - [2026-05-01T16:46:29.909+0000] {dagbag.py:545} INFO - Filling up the DagBag from /opt/airflow/dags/pipeline_dag.py
[2026-05-01T16:46:29.928+0000] {processor.py:840} INFO - DAG(s) 'data_pipeline' retrieved from /opt/airflow/dags/pipeline_dag.py
[2026-05-01T16:46:29.983+0000] {logging_mixin.py:188} INFO - [2026-05-01T16:46:29.983+0000] {dag.py:3089} INFO - Sync 1 DAGs
[2026-05-01T16:46:30.021+0000] {logging_mixin.py:188} INFO - [2026-05-01T16:46:30.020+0000] {dag.py:3947} INFO - Setting next_dagrun for data_pipeline to 2026-05-01 06:00:00+00:00, run_after=2026-05-02 06:00:00+00:00
[2026-05-01T16:46:30.062+0000] {processor.py:183} INFO - Processing /opt/airflow/dags/pipeline_dag.py took 0.174 seconds
[2026-05-01T16:47:00.262+0000] {processor.py:161} INFO - Started process (PID=596) to work on /opt/airflow/dags/pipeline_dag.py
[2026-05-01T16:47:00.263+0000] {processor.py:830} INFO - Processing file /opt/airflow/dags/pipeline_dag.py for tasks to queue
[2026-05-01T16:47:00.265+0000] {logging_mixin.py:188} INFO - [2026-05-01T16:47:00.265+0000] {dagbag.py:545} INFO - Filling up the DagBag from /opt/airflow/dags/pipeline_dag.py
[2026-05-01T16:47:00.284+0000] {processor.py:840} INFO - DAG(s) 'data_pipeline' retrieved from /opt/airflow/dags/pipeline_dag.py
[2026-05-01T16:47:00.337+0000] {logging_mixin.py:188} INFO - [2026-05-01T16:47:00.337+0000] {dag.py:3089} INFO - Sync 1 DAGs
[2026-05-01T16:47:00.373+0000] {logging_mixin.py:188} INFO - [2026-05-01T16:47:00.372+0000] {dag.py:3947} INFO - Setting next_dagrun for data_pipeline to 2026-05-01 06:00:00+00:00, run_after=2026-05-02 06:00:00+00:00
[2026-05-01T16:47:00.412+0000] {processor.py:183} INFO - Processing /opt/airflow/dags/pipeline_dag.py took 0.161 seconds
[2026-05-01T16:47:30.601+0000] {processor.py:161} INFO - Started process (PID=601) to work on /opt/airflow/dags/pipeline_dag.py
[2026-05-01T16:47:30.602+0000] {processor.py:830} INFO - Processing file /opt/airflow/dags/pipeline_dag.py for tasks to queue
[2026-05-01T16:47:30.605+0000] {logging_mixin.py:188} INFO - [2026-05-01T16:47:30.604+0000] {dagbag.py:545} INFO - Filling up the DagBag from /opt/airflow/dags/pipeline_dag.py
[2026-05-01T16:47:30.620+0000] {processor.py:840} INFO - DAG(s) 'data_pipeline' retrieved from /opt/airflow/dags/pipeline_dag.py
[2026-05-01T16:47:30.663+0000] {logging_mixin.py:188} INFO - [2026-05-01T16:47:30.662+0000] {dag.py:3089} INFO - Sync 1 DAGs
[2026-05-01T16:47:30.689+0000] {logging_mixin.py:188} INFO - [2026-05-01T16:47:30.689+0000] {dag.py:3947} INFO - Setting next_dagrun for data_pipeline to 2026-05-01 06:00:00+00:00, run_after=2026-05-02 06:00:00+00:00
[2026-05-01T16:47:30.712+0000] {processor.py:183} INFO - Processing /opt/airflow/dags/pipeline_dag.py took 0.118 seconds
[2026-05-01T16:48:00.780+0000] {processor.py:161} INFO - Started process (PID=606) to work on /opt/airflow/dags/pipeline_dag.py
[2026-05-01T16:48:00.781+0000] {processor.py:830} INFO - Processing file /opt/airflow/dags/pipeline_dag.py for tasks to queue
[2026-05-01T16:48:00.783+0000] {logging_mixin.py:188} INFO - [2026-05-01T16:48:00.783+0000] {dagbag.py:545} INFO - Filling up the DagBag from /opt/airflow/dags/pipeline_dag.py
[2026-05-01T16:48:00.799+0000] {processor.py:840} INFO - DAG(s) 'data_pipeline' retrieved from /opt/airflow/dags/pipeline_dag.py
[2026-05-01T16:48:00.852+0000] {logging_mixin.py:188} INFO - [2026-05-01T16:48:00.852+0000] {dag.py:3089} INFO - Sync 1 DAGs
[2026-05-01T16:48:00.886+0000] {logging_mixin.py:188} INFO - [2026-05-01T16:48:00.886+0000] {dag.py:3947} INFO - Setting next_dagrun for data_pipeline to 2026-05-01 06:00:00+00:00, run_after=2026-05-02 06:00:00+00:00
[2026-05-01T16:48:00.923+0000] {processor.py:183} INFO - Processing /opt/airflow/dags/pipeline_dag.py took 0.151 seconds
[2026-05-01T16:48:31.073+0000] {processor.py:161} INFO - Started process (PID=611) to work on /opt/airflow/dags/pipeline_dag.py
[2026-05-01T16:48:31.083+0000] {processor.py:830} INFO - Processing file /opt/airflow/dags/pipeline_dag.py for tasks to queue
[2026-05-01T16:48:31.087+0000] {logging_mixin.py:188} INFO - [2026-05-01T16:48:31.086+0000] {dagbag.py:545} INFO - Filling up the DagBag from /opt/airflow/dags/pipeline_dag.py
[2026-05-01T16:48:31.105+0000] {processor.py:840} INFO - DAG(s) 'data_pipeline' retrieved from /opt/airflow/dags/pipeline_dag.py
[2026-05-01T16:48:31.164+0000] {logging_mixin.py:188} INFO - [2026-05-01T16:48:31.163+0000] {dag.py:3089} INFO - Sync 1 DAGs
[2026-05-01T16:48:31.196+0000] {logging_mixin.py:188} INFO - [2026-05-01T16:48:31.196+0000] {dag.py:3947} INFO - Setting next_dagrun for data_pipeline to 2026-05-01 06:00:00+00:00, run_after=2026-05-02 06:00:00+00:00
[2026-05-01T16:48:31.219+0000] {processor.py:183} INFO - Processing /opt/airflow/dags/pipeline_dag.py took 0.154 seconds
[2026-05-01T16:49:01.298+0000] {processor.py:161} INFO - Started process (PID=616) to work on /opt/airflow/dags/pipeline_dag.py
[2026-05-01T16:49:01.299+0000] {processor.py:830} INFO - Processing file /opt/airflow/dags/pipeline_dag.py for tasks to queue
[2026-05-01T16:49:01.302+0000] {logging_mixin.py:188} INFO - [2026-05-01T16:49:01.301+0000] {dagbag.py:545} INFO - Filling up the DagBag from /opt/airflow/dags/pipeline_dag.py
[2026-05-01T16:49:01.321+0000] {processor.py:840} INFO - DAG(s) 'data_pipeline' retrieved from /opt/airflow/dags/pipeline_dag.py
[2026-05-01T16:49:01.375+0000] {logging_mixin.py:188} INFO - [2026-05-01T16:49:01.375+0000] {dag.py:3089} INFO - Sync 1 DAGs
[2026-05-01T16:49:01.411+0000] {logging_mixin.py:188} INFO - [2026-05-01T16:49:01.410+0000] {dag.py:3947} INFO - Setting next_dagrun for data_pipeline to 2026-05-01 06:00:00+00:00, run_after=2026-05-02 06:00:00+00:00
[2026-05-01T16:49:01.448+0000] {processor.py:183} INFO - Processing /opt/airflow/dags/pipeline_dag.py took 0.160 seconds
[2026-05-01T16:49:31.577+0000] {processor.py:161} INFO - Started process (PID=621) to work on /opt/airflow/dags/pipeline_dag.py
[2026-05-01T16:49:31.587+0000] {processor.py:830} INFO - Processing file /opt/airflow/dags/pipeline_dag.py for tasks to queue
[2026-05-01T16:49:31.589+0000] {logging_mixin.py:188} INFO - [2026-05-01T16:49:31.589+0000] {dagbag.py:545} INFO - Filling up the DagBag from /opt/airflow/dags/pipeline_dag.py
[2026-05-01T16:49:31.607+0000] {processor.py:840} INFO - DAG(s) 'data_pipeline' retrieved from /opt/airflow/dags/pipeline_dag.py
[2026-05-01T16:49:31.654+0000] {logging_mixin.py:188} INFO - [2026-05-01T16:49:31.653+0000] {dag.py:3089} INFO - Sync 1 DAGs
[2026-05-01T16:49:31.689+0000] {logging_mixin.py:188} INFO - [2026-05-01T16:49:31.688+0000] {dag.py:3947} INFO - Setting next_dagrun for data_pipeline to 2026-05-01 06:00:00+00:00, run_after=2026-05-02 06:00:00+00:00
[2026-05-01T16:49:31.727+0000] {processor.py:183} INFO - Processing /opt/airflow/dags/pipeline_dag.py took 0.159 seconds
[2026-05-01T16:50:01.797+0000] {processor.py:161} INFO - Started process (PID=626) to work on /opt/airflow/dags/pipeline_dag.py
[2026-05-01T16:50:01.799+0000] {processor.py:830} INFO - Processing file /opt/airflow/dags/pipeline_dag.py for tasks to queue
[2026-05-01T16:50:01.802+0000] {logging_mixin.py:188} INFO - [2026-05-01T16:50:01.802+0000] {dagbag.py:545} INFO - Filling up the DagBag from /opt/airflow/dags/pipeline_dag.py
[2026-05-01T16:50:01.821+0000] {processor.py:840} INFO - DAG(s) 'data_pipeline' retrieved from /opt/airflow/dags/pipeline_dag.py
[2026-05-01T16:50:01.874+0000] {logging_mixin.py:188} INFO - [2026-05-01T16:50:01.874+0000] {dag.py:3089} INFO - Sync 1 DAGs
[2026-05-01T16:50:01.904+0000] {logging_mixin.py:188} INFO - [2026-05-01T16:50:01.904+0000] {dag.py:3947} INFO - Setting next_dagrun for data_pipeline to 2026-05-01 06:00:00+00:00, run_after=2026-05-02 06:00:00+00:00
[2026-05-01T16:50:01.943+0000] {processor.py:183} INFO - Processing /opt/airflow/dags/pipeline_dag.py took 0.155 seconds
[2026-05-01T16:50:32.093+0000] {processor.py:161} INFO - Started process (PID=631) to work on /opt/airflow/dags/pipeline_dag.py
[2026-05-01T16:50:32.104+0000] {processor.py:830} INFO - Processing file /opt/airflow/dags/pipeline_dag.py for tasks to queue
[2026-05-01T16:50:32.106+0000] {logging_mixin.py:188} INFO - [2026-05-01T16:50:32.106+0000] {dagbag.py:545} INFO - Filling up the DagBag from /opt/airflow/dags/pipeline_dag.py
[2026-05-01T16:50:32.128+0000] {processor.py:840} INFO - DAG(s) 'data_pipeline' retrieved from /opt/airflow/dags/pipeline_dag.py
[2026-05-01T16:50:32.178+0000] {logging_mixin.py:188} INFO - [2026-05-01T16:50:32.178+0000] {dag.py:3089} INFO - Sync 1 DAGs
[2026-05-01T16:50:32.217+0000] {logging_mixin.py:188} INFO - [2026-05-01T16:50:32.216+0000] {dag.py:3947} INFO - Setting next_dagrun for data_pipeline to 2026-05-01 06:00:00+00:00, run_after=2026-05-02 06:00:00+00:00
[2026-05-01T16:50:32.249+0000] {processor.py:183} INFO - Processing /opt/airflow/dags/pipeline_dag.py took 0.165 seconds
[2026-05-01T16:51:02.322+0000] {processor.py:161} INFO - Started process (PID=636) to work on /opt/airflow/dags/pipeline_dag.py
[2026-05-01T16:51:02.324+0000] {processor.py:830} INFO - Processing file /opt/airflow/dags/pipeline_dag.py for tasks to queue
[2026-05-01T16:51:02.327+0000] {logging_mixin.py:188} INFO - [2026-05-01T16:51:02.326+0000] {dagbag.py:545} INFO - Filling up the DagBag from /opt/airflow/dags/pipeline_dag.py
[2026-05-01T16:51:02.344+0000] {processor.py:840} INFO - DAG(s) 'data_pipeline' retrieved from /opt/airflow/dags/pipeline_dag.py
[2026-05-01T16:51:02.393+0000] {logging_mixin.py:188} INFO - [2026-05-01T16:51:02.392+0000] {dag.py:3089} INFO - Sync 1 DAGs
[2026-05-01T16:51:02.430+0000] {logging_mixin.py:188} INFO - [2026-05-01T16:51:02.429+0000] {dag.py:3947} INFO - Setting next_dagrun for data_pipeline to 2026-05-01 06:00:00+00:00, run_after=2026-05-02 06:00:00+00:00
[2026-05-01T16:51:02.466+0000] {processor.py:183} INFO - Processing /opt/airflow/dags/pipeline_dag.py took 0.154 seconds
[2026-05-01T16:51:32.628+0000] {processor.py:161} INFO - Started process (PID=641) to work on /opt/airflow/dags/pipeline_dag.py
[2026-05-01T16:51:32.638+0000] {processor.py:830} INFO - Processing file /opt/airflow/dags/pipeline_dag.py for tasks to queue
[2026-05-01T16:51:32.642+0000] {logging_mixin.py:188} INFO - [2026-05-01T16:51:32.642+0000] {dagbag.py:545} INFO - Filling up the DagBag from /opt/airflow/dags/pipeline_dag.py
[2026-05-01T16:51:32.660+0000] {processor.py:840} INFO - DAG(s) 'data_pipeline' retrieved from /opt/airflow/dags/pipeline_dag.py
[2026-05-01T16:51:32.717+0000] {logging_mixin.py:188} INFO - [2026-05-01T16:51:32.716+0000] {dag.py:3089} INFO - Sync 1 DAGs
[2026-05-01T16:51:32.749+0000] {logging_mixin.py:188} INFO - [2026-05-01T16:51:32.749+0000] {dag.py:3947} INFO - Setting next_dagrun for data_pipeline to 2026-05-01 06:00:00+00:00, run_after=2026-05-02 06:00:00+00:00
[2026-05-01T16:51:32.784+0000] {processor.py:183} INFO - Processing /opt/airflow/dags/pipeline_dag.py took 0.165 seconds
[2026-05-01T16:52:02.831+0000] {processor.py:161} INFO - Started process (PID=646) to work on /opt/airflow/dags/pipeline_dag.py
[2026-05-01T16:52:02.832+0000] {processor.py:830} INFO - Processing file /opt/airflow/dags/pipeline_dag.py for tasks to queue
[2026-05-01T16:52:02.836+0000] {logging_mixin.py:188} INFO - [2026-05-01T16:52:02.835+0000] {dagbag.py:545} INFO - Filling up the DagBag from /opt/airflow/dags/pipeline_dag.py
[2026-05-01T16:52:02.853+0000] {processor.py:840} INFO - DAG(s) 'data_pipeline' retrieved from /opt/airflow/dags/pipeline_dag.py
[2026-05-01T16:52:02.908+0000] {logging_mixin.py:188} INFO - [2026-05-01T16:52:02.908+0000] {dag.py:3089} INFO - Sync 1 DAGs
[2026-05-01T16:52:02.949+0000] {logging_mixin.py:188} INFO - [2026-05-01T16:52:02.948+0000] {dag.py:3947} INFO - Setting next_dagrun for data_pipeline to 2026-05-01 06:00:00+00:00, run_after=2026-05-02 06:00:00+00:00
[2026-05-01T16:52:02.993+0000] {processor.py:183} INFO - Processing /opt/airflow/dags/pipeline_dag.py took 0.171 seconds
[2026-05-01T16:52:33.164+0000] {processor.py:161} INFO - Started process (PID=651) to work on /opt/airflow/dags/pipeline_dag.py
[2026-05-01T16:52:33.174+0000] {processor.py:830} INFO - Processing file /opt/airflow/dags/pipeline_dag.py for tasks to queue
[2026-05-01T16:52:33.178+0000] {logging_mixin.py:188} INFO - [2026-05-01T16:52:33.178+0000] {dagbag.py:545} INFO - Filling up the DagBag from /opt/airflow/dags/pipeline_dag.py
[2026-05-01T16:52:33.197+0000] {processor.py:840} INFO - DAG(s) 'data_pipeline' retrieved from /opt/airflow/dags/pipeline_dag.py
[2026-05-01T16:52:33.248+0000] {logging_mixin.py:188} INFO - [2026-05-01T16:52:33.248+0000] {dag.py:3089} INFO - Sync 1 DAGs
[2026-05-01T16:52:33.278+0000] {logging_mixin.py:188} INFO - [2026-05-01T16:52:33.278+0000] {dag.py:3947} INFO - Setting next_dagrun for data_pipeline to 2026-05-01 06:00:00+00:00, run_after=2026-05-02 06:00:00+00:00
[2026-05-01T16:52:33.300+0000] {processor.py:183} INFO - Processing /opt/airflow/dags/pipeline_dag.py took 0.147 seconds
[2026-05-01T16:53:03.365+0000] {processor.py:161} INFO - Started process (PID=656) to work on /opt/airflow/dags/pipeline_dag.py
[2026-05-01T16:53:03.366+0000] {processor.py:830} INFO - Processing file /opt/airflow/dags/pipeline_dag.py for tasks to queue
[2026-05-01T16:53:03.369+0000] {logging_mixin.py:188} INFO - [2026-05-01T16:53:03.368+0000] {dagbag.py:545} INFO - Filling up the DagBag from /opt/airflow/dags/pipeline_dag.py
[2026-05-01T16:53:03.386+0000] {processor.py:840} INFO - DAG(s) 'data_pipeline' retrieved from /opt/airflow/dags/pipeline_dag.py
[2026-05-01T16:53:03.440+0000] {logging_mixin.py:188} INFO - [2026-05-01T16:53:03.439+0000] {dag.py:3089} INFO - Sync 1 DAGs
[2026-05-01T16:53:03.473+0000] {logging_mixin.py:188} INFO - [2026-05-01T16:53:03.472+0000] {dag.py:3947} INFO - Setting next_dagrun for data_pipeline to 2026-05-01 06:00:00+00:00, run_after=2026-05-02 06:00:00+00:00
[2026-05-01T16:53:03.508+0000] {processor.py:183} INFO - Processing /opt/airflow/dags/pipeline_dag.py took 0.151 seconds
[2026-05-01T16:53:33.673+0000] {processor.py:161} INFO - Started process (PID=661) to work on /opt/airflow/dags/pipeline_dag.py
[2026-05-01T16:53:33.683+0000] {processor.py:830} INFO - Processing file /opt/airflow/dags/pipeline_dag.py for tasks to queue
[2026-05-01T16:53:33.687+0000] {logging_mixin.py:188} INFO - [2026-05-01T16:53:33.686+0000] {dagbag.py:545} INFO - Filling up the DagBag from /opt/airflow/dags/pipeline_dag.py
[2026-05-01T16:53:33.707+0000] {processor.py:840} INFO - DAG(s) 'data_pipeline' retrieved from /opt/airflow/dags/pipeline_dag.py
[2026-05-01T16:53:33.757+0000] {logging_mixin.py:188} INFO - [2026-05-01T16:53:33.757+0000] {dag.py:3089} INFO - Sync 1 DAGs
[2026-05-01T16:53:33.796+0000] {logging_mixin.py:188} INFO - [2026-05-01T16:53:33.795+0000] {dag.py:3947} INFO - Setting next_dagrun for data_pipeline to 2026-05-01 06:00:00+00:00, run_after=2026-05-02 06:00:00+00:00
[2026-05-01T16:53:33.837+0000] {processor.py:183} INFO - Processing /opt/airflow/dags/pipeline_dag.py took 0.174 seconds
[2026-05-01T16:54:04.045+0000] {processor.py:161} INFO - Started process (PID=666) to work on /opt/airflow/dags/pipeline_dag.py
[2026-05-01T16:54:04.046+0000] {processor.py:830} INFO - Processing file /opt/airflow/dags/pipeline_dag.py for tasks to queue
[2026-05-01T16:54:04.051+0000] {logging_mixin.py:188} INFO - [2026-05-01T16:54:04.050+0000] {dagbag.py:545} INFO - Filling up the DagBag from /opt/airflow/dags/pipeline_dag.py
[2026-05-01T16:54:04.070+0000] {processor.py:840} INFO - DAG(s) 'data_pipeline' retrieved from /opt/airflow/dags/pipeline_dag.py
[2026-05-01T16:54:04.131+0000] {logging_mixin.py:188} INFO - [2026-05-01T16:54:04.130+0000] {dag.py:3089} INFO - Sync 1 DAGs
[2026-05-01T16:54:04.166+0000] {logging_mixin.py:188} INFO - [2026-05-01T16:54:04.165+0000] {dag.py:3947} INFO - Setting next_dagrun for data_pipeline to 2026-05-01 06:00:00+00:00, run_after=2026-05-02 06:00:00+00:00
[2026-05-01T16:54:04.198+0000] {processor.py:183} INFO - Processing /opt/airflow/dags/pipeline_dag.py took 0.164 seconds
[2026-05-01T16:54:34.398+0000] {processor.py:161} INFO - Started process (PID=671) to work on /opt/airflow/dags/pipeline_dag.py
[2026-05-01T16:54:34.408+0000] {processor.py:830} INFO - Processing file /opt/airflow/dags/pipeline_dag.py for tasks to queue
[2026-05-01T16:54:34.412+0000] {logging_mixin.py:188} INFO - [2026-05-01T16:54:34.411+0000] {dagbag.py:545} INFO - Filling up the DagBag from /opt/airflow/dags/pipeline_dag.py
[2026-05-01T16:54:34.429+0000] {processor.py:840} INFO - DAG(s) 'data_pipeline' retrieved from /opt/airflow/dags/pipeline_dag.py
[2026-05-01T16:54:34.476+0000] {logging_mixin.py:188} INFO - [2026-05-01T16:54:34.476+0000] {dag.py:3089} INFO - Sync 1 DAGs
[2026-05-01T16:54:34.502+0000] {logging_mixin.py:188} INFO - [2026-05-01T16:54:34.501+0000] {dag.py:3947} INFO - Setting next_dagrun for data_pipeline to 2026-05-01 06:00:00+00:00, run_after=2026-05-02 06:00:00+00:00
[2026-05-01T16:54:34.523+0000] {processor.py:183} INFO - Processing /opt/airflow/dags/pipeline_dag.py took 0.134 seconds
[2026-05-01T16:55:04.574+0000] {processor.py:161} INFO - Started process (PID=676) to work on /opt/airflow/dags/pipeline_dag.py
[2026-05-01T16:55:04.576+0000] {processor.py:830} INFO - Processing file /opt/airflow/dags/pipeline_dag.py for tasks to queue
[2026-05-01T16:55:04.579+0000] {logging_mixin.py:188} INFO - [2026-05-01T16:55:04.579+0000] {dagbag.py:545} INFO - Filling up the DagBag from /opt/airflow/dags/pipeline_dag.py
[2026-05-01T16:55:04.596+0000] {processor.py:840} INFO - DAG(s) 'data_pipeline' retrieved from /opt/airflow/dags/pipeline_dag.py
[2026-05-01T16:55:04.648+0000] {logging_mixin.py:188} INFO - [2026-05-01T16:55:04.647+0000] {dag.py:3089} INFO - Sync 1 DAGs
[2026-05-01T16:55:04.684+0000] {logging_mixin.py:188} INFO - [2026-05-01T16:55:04.684+0000] {dag.py:3947} INFO - Setting next_dagrun for data_pipeline to 2026-05-01 06:00:00+00:00, run_after=2026-05-02 06:00:00+00:00
[2026-05-01T16:55:04.725+0000] {processor.py:183} INFO - Processing /opt/airflow/dags/pipeline_dag.py took 0.160 seconds
[2026-05-01T16:55:34.885+0000] {processor.py:161} INFO - Started process (PID=681) to work on /opt/airflow/dags/pipeline_dag.py
[2026-05-01T16:55:34.895+0000] {processor.py:830} INFO - Processing file /opt/airflow/dags/pipeline_dag.py for tasks to queue
[2026-05-01T16:55:34.898+0000] {logging_mixin.py:188} INFO - [2026-05-01T16:55:34.898+0000] {dagbag.py:545} INFO - Filling up the DagBag from /opt/airflow/dags/pipeline_dag.py
[2026-05-01T16:55:34.917+0000] {processor.py:840} INFO - DAG(s) 'data_pipeline' retrieved from /opt/airflow/dags/pipeline_dag.py
[2026-05-01T16:55:34.969+0000] {logging_mixin.py:188} INFO - [2026-05-01T16:55:34.969+0000] {dag.py:3089} INFO - Sync 1 DAGs
[2026-05-01T16:55:34.999+0000] {logging_mixin.py:188} INFO - [2026-05-01T16:55:34.999+0000] {dag.py:3947} INFO - Setting next_dagrun for data_pipeline to 2026-05-01 06:00:00+00:00, run_after=2026-05-02 06:00:00+00:00
[2026-05-01T16:55:35.044+0000] {processor.py:183} INFO - Processing /opt/airflow/dags/pipeline_dag.py took 0.170 seconds
[2026-05-01T16:56:05.118+0000] {processor.py:161} INFO - Started process (PID=686) to work on /opt/airflow/dags/pipeline_dag.py
[2026-05-01T16:56:05.119+0000] {processor.py:830} INFO - Processing file /opt/airflow/dags/pipeline_dag.py for tasks to queue
[2026-05-01T16:56:05.122+0000] {logging_mixin.py:188} INFO - [2026-05-01T16:56:05.121+0000] {dagbag.py:545} INFO - Filling up the DagBag from /opt/airflow/dags/pipeline_dag.py
[2026-05-01T16:56:05.140+0000] {processor.py:840} INFO - DAG(s) 'data_pipeline' retrieved from /opt/airflow/dags/pipeline_dag.py
[2026-05-01T16:56:05.190+0000] {logging_mixin.py:188} INFO - [2026-05-01T16:56:05.190+0000] {dag.py:3089} INFO - Sync 1 DAGs
[2026-05-01T16:56:05.226+0000] {logging_mixin.py:188} INFO - [2026-05-01T16:56:05.225+0000] {dag.py:3947} INFO - Setting next_dagrun for data_pipeline to 2026-05-01 06:00:00+00:00, run_after=2026-05-02 06:00:00+00:00
[2026-05-01T16:56:05.260+0000] {processor.py:183} INFO - Processing /opt/airflow/dags/pipeline_dag.py took 0.152 seconds
[2026-05-01T16:56:35.422+0000] {processor.py:161} INFO - Started process (PID=691) to work on /opt/airflow/dags/pipeline_dag.py
[2026-05-01T16:56:35.431+0000] {processor.py:830} INFO - Processing file /opt/airflow/dags/pipeline_dag.py for tasks to queue
[2026-05-01T16:56:35.434+0000] {logging_mixin.py:188} INFO - [2026-05-01T16:56:35.434+0000] {dagbag.py:545} INFO - Filling up the DagBag from /opt/airflow/dags/pipeline_dag.py
[2026-05-01T16:56:35.454+0000] {processor.py:840} INFO - DAG(s) 'data_pipeline' retrieved from /opt/airflow/dags/pipeline_dag.py
[2026-05-01T16:56:35.505+0000] {logging_mixin.py:188} INFO - [2026-05-01T16:56:35.504+0000] {dag.py:3089} INFO - Sync 1 DAGs
[2026-05-01T16:56:35.542+0000] {logging_mixin.py:188} INFO - [2026-05-01T16:56:35.542+0000] {dag.py:3947} INFO - Setting next_dagrun for data_pipeline to 2026-05-01 06:00:00+00:00, run_after=2026-05-02 06:00:00+00:00
[2026-05-01T16:56:35.580+0000] {processor.py:183} INFO - Processing /opt/airflow/dags/pipeline_dag.py took 0.168 seconds
[2026-05-01T16:57:05.644+0000] {processor.py:161} INFO - Started process (PID=696) to work on /opt/airflow/dags/pipeline_dag.py
[2026-05-01T16:57:05.645+0000] {processor.py:830} INFO - Processing file /opt/airflow/dags/pipeline_dag.py for tasks to queue
[2026-05-01T16:57:05.648+0000] {logging_mixin.py:188} INFO - [2026-05-01T16:57:05.647+0000] {dagbag.py:545} INFO - Filling up the DagBag from /opt/airflow/dags/pipeline_dag.py
[2026-05-01T16:57:05.663+0000] {processor.py:840} INFO - DAG(s) 'data_pipeline' retrieved from /opt/airflow/dags/pipeline_dag.py
[2026-05-01T16:57:05.716+0000] {logging_mixin.py:188} INFO - [2026-05-01T16:57:05.716+0000] {dag.py:3089} INFO - Sync 1 DAGs
[2026-05-01T16:57:05.748+0000] {logging_mixin.py:188} INFO - [2026-05-01T16:57:05.748+0000] {dag.py:3947} INFO - Setting next_dagrun for data_pipeline to 2026-05-01 06:00:00+00:00, run_after=2026-05-02 06:00:00+00:00
[2026-05-01T16:57:05.789+0000] {processor.py:183} INFO - Processing /opt/airflow/dags/pipeline_dag.py took 0.157 seconds
[2026-05-01T16:57:35.948+0000] {processor.py:161} INFO - Started process (PID=701) to work on /opt/airflow/dags/pipeline_dag.py
[2026-05-01T16:57:35.949+0000] {processor.py:830} INFO - Processing file /opt/airflow/dags/pipeline_dag.py for tasks to queue
[2026-05-01T16:57:35.952+0000] {logging_mixin.py:188} INFO - [2026-05-01T16:57:35.952+0000] {dagbag.py:545} INFO - Filling up the DagBag from /opt/airflow/dags/pipeline_dag.py
[2026-05-01T16:57:35.974+0000] {processor.py:840} INFO - DAG(s) 'data_pipeline' retrieved from /opt/airflow/dags/pipeline_dag.py
[2026-05-01T16:57:36.026+0000] {logging_mixin.py:188} INFO - [2026-05-01T16:57:36.026+0000] {dag.py:3089} INFO - Sync 1 DAGs
[2026-05-01T16:57:36.062+0000] {logging_mixin.py:188} INFO - [2026-05-01T16:57:36.061+0000] {dag.py:3947} INFO - Setting next_dagrun for data_pipeline to 2026-05-01 06:00:00+00:00, run_after=2026-05-02 06:00:00+00:00
[2026-05-01T16:57:36.100+0000] {processor.py:183} INFO - Processing /opt/airflow/dags/pipeline_dag.py took 0.162 seconds
[2026-05-01T16:58:06.178+0000] {processor.py:161} INFO - Started process (PID=706) to work on /opt/airflow/dags/pipeline_dag.py
[2026-05-01T16:58:06.179+0000] {processor.py:830} INFO - Processing file /opt/airflow/dags/pipeline_dag.py for tasks to queue
[2026-05-01T16:58:06.182+0000] {logging_mixin.py:188} INFO - [2026-05-01T16:58:06.181+0000] {dagbag.py:545} INFO - Filling up the DagBag from /opt/airflow/dags/pipeline_dag.py
[2026-05-01T16:58:06.200+0000] {processor.py:840} INFO - DAG(s) 'data_pipeline' retrieved from /opt/airflow/dags/pipeline_dag.py
[2026-05-01T16:58:06.255+0000] {logging_mixin.py:188} INFO - [2026-05-01T16:58:06.255+0000] {dag.py:3089} INFO - Sync 1 DAGs
[2026-05-01T16:58:06.289+0000] {logging_mixin.py:188} INFO - [2026-05-01T16:58:06.289+0000] {dag.py:3947} INFO - Setting next_dagrun for data_pipeline to 2026-05-01 06:00:00+00:00, run_after=2026-05-02 06:00:00+00:00
[2026-05-01T16:58:06.335+0000] {processor.py:183} INFO - Processing /opt/airflow/dags/pipeline_dag.py took 0.169 seconds
[2026-05-01T16:58:36.485+0000] {processor.py:161} INFO - Started process (PID=711) to work on /opt/airflow/dags/pipeline_dag.py
[2026-05-01T16:58:36.486+0000] {processor.py:830} INFO - Processing file /opt/airflow/dags/pipeline_dag.py for tasks to queue
[2026-05-01T16:58:36.489+0000] {logging_mixin.py:188} INFO - [2026-05-01T16:58:36.489+0000] {dagbag.py:545} INFO - Filling up the DagBag from /opt/airflow/dags/pipeline_dag.py
[2026-05-01T16:58:36.508+0000] {processor.py:840} INFO - DAG(s) 'data_pipeline' retrieved from /opt/airflow/dags/pipeline_dag.py
[2026-05-01T16:58:36.562+0000] {logging_mixin.py:188} INFO - [2026-05-01T16:58:36.562+0000] {dag.py:3089} INFO - Sync 1 DAGs
[2026-05-01T16:58:36.596+0000] {logging_mixin.py:188} INFO - [2026-05-01T16:58:36.595+0000] {dag.py:3947} INFO - Setting next_dagrun for data_pipeline to 2026-05-01 06:00:00+00:00, run_after=2026-05-02 06:00:00+00:00
[2026-05-01T16:58:36.624+0000] {processor.py:183} INFO - Processing /opt/airflow/dags/pipeline_dag.py took 0.149 seconds
[2026-05-01T16:59:06.702+0000] {processor.py:161} INFO - Started process (PID=716) to work on /opt/airflow/dags/pipeline_dag.py
[2026-05-01T16:59:06.707+0000] {processor.py:830} INFO - Processing file /opt/airflow/dags/pipeline_dag.py for tasks to queue
[2026-05-01T16:59:06.710+0000] {logging_mixin.py:188} INFO - [2026-05-01T16:59:06.710+0000] {dagbag.py:545} INFO - Filling up the DagBag from /opt/airflow/dags/pipeline_dag.py
[2026-05-01T16:59:06.729+0000] {processor.py:840} INFO - DAG(s) 'data_pipeline' retrieved from /opt/airflow/dags/pipeline_dag.py
[2026-05-01T16:59:06.772+0000] {logging_mixin.py:188} INFO - [2026-05-01T16:59:06.772+0000] {dag.py:3089} INFO - Sync 1 DAGs
[2026-05-01T16:59:06.797+0000] {logging_mixin.py:188} INFO - [2026-05-01T16:59:06.797+0000] {dag.py:3947} INFO - Setting next_dagrun for data_pipeline to 2026-05-01 06:00:00+00:00, run_after=2026-05-02 06:00:00+00:00
[2026-05-01T16:59:06.831+0000] {processor.py:183} INFO - Processing /opt/airflow/dags/pipeline_dag.py took 0.140 seconds
[2026-05-01T16:59:36.995+0000] {processor.py:161} INFO - Started process (PID=721) to work on /opt/airflow/dags/pipeline_dag.py
[2026-05-01T16:59:36.996+0000] {processor.py:830} INFO - Processing file /opt/airflow/dags/pipeline_dag.py for tasks to queue
[2026-05-01T16:59:36.999+0000] {logging_mixin.py:188} INFO - [2026-05-01T16:59:36.998+0000] {dagbag.py:545} INFO - Filling up the DagBag from /opt/airflow/dags/pipeline_dag.py
[2026-05-01T16:59:37.018+0000] {processor.py:840} INFO - DAG(s) 'data_pipeline' retrieved from /opt/airflow/dags/pipeline_dag.py
[2026-05-01T16:59:37.068+0000] {logging_mixin.py:188} INFO - [2026-05-01T16:59:37.068+0000] {dag.py:3089} INFO - Sync 1 DAGs
[2026-05-01T16:59:37.110+0000] {logging_mixin.py:188} INFO - [2026-05-01T16:59:37.110+0000] {dag.py:3947} INFO - Setting next_dagrun for data_pipeline to 2026-05-01 06:00:00+00:00, run_after=2026-05-02 06:00:00+00:00
[2026-05-01T16:59:37.151+0000] {processor.py:183} INFO - Processing /opt/airflow/dags/pipeline_dag.py took 0.165 seconds
[2026-05-01T17:00:07.199+0000] {processor.py:161} INFO - Started process (PID=726) to work on /opt/airflow/dags/pipeline_dag.py
[2026-05-01T17:00:07.209+0000] {processor.py:830} INFO - Processing file /opt/airflow/dags/pipeline_dag.py for tasks to queue
[2026-05-01T17:00:07.213+0000] {logging_mixin.py:188} INFO - [2026-05-01T17:00:07.212+0000] {dagbag.py:545} INFO - Filling up the DagBag from /opt/airflow/dags/pipeline_dag.py
[2026-05-01T17:00:07.233+0000] {processor.py:840} INFO - DAG(s) 'data_pipeline' retrieved from /opt/airflow/dags/pipeline_dag.py
[2026-05-01T17:00:07.285+0000] {logging_mixin.py:188} INFO - [2026-05-01T17:00:07.285+0000] {dag.py:3089} INFO - Sync 1 DAGs
[2026-05-01T17:00:07.316+0000] {logging_mixin.py:188} INFO - [2026-05-01T17:00:07.316+0000] {dag.py:3947} INFO - Setting next_dagrun for data_pipeline to 2026-05-01 06:00:00+00:00, run_after=2026-05-02 06:00:00+00:00
[2026-05-01T17:00:07.352+0000] {processor.py:183} INFO - Processing /opt/airflow/dags/pipeline_dag.py took 0.162 seconds
[2026-05-01T17:00:37.517+0000] {processor.py:161} INFO - Started process (PID=731) to work on /opt/airflow/dags/pipeline_dag.py
[2026-05-01T17:00:37.518+0000] {processor.py:830} INFO - Processing file /opt/airflow/dags/pipeline_dag.py for tasks to queue
[2026-05-01T17:00:37.521+0000] {logging_mixin.py:188} INFO - [2026-05-01T17:00:37.520+0000] {dagbag.py:545} INFO - Filling up the DagBag from /opt/airflow/dags/pipeline_dag.py
[2026-05-01T17:00:37.538+0000] {processor.py:840} INFO - DAG(s) 'data_pipeline' retrieved from /opt/airflow/dags/pipeline_dag.py
[2026-05-01T17:00:37.590+0000] {logging_mixin.py:188} INFO - [2026-05-01T17:00:37.589+0000] {dag.py:3089} INFO - Sync 1 DAGs
[2026-05-01T17:00:37.628+0000] {logging_mixin.py:188} INFO - [2026-05-01T17:00:37.628+0000] {dag.py:3947} INFO - Setting next_dagrun for data_pipeline to 2026-05-01 06:00:00+00:00, run_after=2026-05-02 06:00:00+00:00
[2026-05-01T17:00:37.671+0000] {processor.py:183} INFO - Processing /opt/airflow/dags/pipeline_dag.py took 0.164 seconds
[2026-05-01T17:01:07.727+0000] {processor.py:161} INFO - Started process (PID=736) to work on /opt/airflow/dags/pipeline_dag.py
[2026-05-01T17:01:07.738+0000] {processor.py:830} INFO - Processing file /opt/airflow/dags/pipeline_dag.py for tasks to queue
[2026-05-01T17:01:07.741+0000] {logging_mixin.py:188} INFO - [2026-05-01T17:01:07.740+0000] {dagbag.py:545} INFO - Filling up the DagBag from /opt/airflow/dags/pipeline_dag.py
[2026-05-01T17:01:07.759+0000] {processor.py:840} INFO - DAG(s) 'data_pipeline' retrieved from /opt/airflow/dags/pipeline_dag.py
[2026-05-01T17:01:07.816+0000] {logging_mixin.py:188} INFO - [2026-05-01T17:01:07.815+0000] {dag.py:3089} INFO - Sync 1 DAGs
[2026-05-01T17:01:07.857+0000] {logging_mixin.py:188} INFO - [2026-05-01T17:01:07.857+0000] {dag.py:3947} INFO - Setting next_dagrun for data_pipeline to 2026-05-01 06:00:00+00:00, run_after=2026-05-02 06:00:00+00:00
[2026-05-01T17:01:07.898+0000] {processor.py:183} INFO - Processing /opt/airflow/dags/pipeline_dag.py took 0.180 seconds
[2026-05-01T17:01:38.034+0000] {processor.py:161} INFO - Started process (PID=741) to work on /opt/airflow/dags/pipeline_dag.py
[2026-05-01T17:01:38.036+0000] {processor.py:830} INFO - Processing file /opt/airflow/dags/pipeline_dag.py for tasks to queue
[2026-05-01T17:01:38.038+0000] {logging_mixin.py:188} INFO - [2026-05-01T17:01:38.038+0000] {dagbag.py:545} INFO - Filling up the DagBag from /opt/airflow/dags/pipeline_dag.py
[2026-05-01T17:01:38.056+0000] {processor.py:840} INFO - DAG(s) 'data_pipeline' retrieved from /opt/airflow/dags/pipeline_dag.py
[2026-05-01T17:01:38.102+0000] {logging_mixin.py:188} INFO - [2026-05-01T17:01:38.102+0000] {dag.py:3089} INFO - Sync 1 DAGs
[2026-05-01T17:01:38.127+0000] {logging_mixin.py:188} INFO - [2026-05-01T17:01:38.127+0000] {dag.py:3947} INFO - Setting next_dagrun for data_pipeline to 2026-05-01 06:00:00+00:00, run_after=2026-05-02 06:00:00+00:00
[2026-05-01T17:01:38.157+0000] {processor.py:183} INFO - Processing /opt/airflow/dags/pipeline_dag.py took 0.134 seconds
[2026-05-01T17:02:08.274+0000] {processor.py:161} INFO - Started process (PID=746) to work on /opt/airflow/dags/pipeline_dag.py
[2026-05-01T17:02:08.284+0000] {processor.py:830} INFO - Processing file /opt/airflow/dags/pipeline_dag.py for tasks to queue
[2026-05-01T17:02:08.287+0000] {logging_mixin.py:188} INFO - [2026-05-01T17:02:08.286+0000] {dagbag.py:545} INFO - Filling up the DagBag from /opt/airflow/dags/pipeline_dag.py
[2026-05-01T17:02:08.304+0000] {processor.py:840} INFO - DAG(s) 'data_pipeline' retrieved from /opt/airflow/dags/pipeline_dag.py
[2026-05-01T17:02:08.357+0000] {logging_mixin.py:188} INFO - [2026-05-01T17:02:08.356+0000] {dag.py:3089} INFO - Sync 1 DAGs
[2026-05-01T17:02:08.393+0000] {logging_mixin.py:188} INFO - [2026-05-01T17:02:08.393+0000] {dag.py:3947} INFO - Setting next_dagrun for data_pipeline to 2026-05-01 06:00:00+00:00, run_after=2026-05-02 06:00:00+00:00
[2026-05-01T17:02:08.433+0000] {processor.py:183} INFO - Processing /opt/airflow/dags/pipeline_dag.py took 0.168 seconds
[2026-05-01T17:02:38.522+0000] {processor.py:161} INFO - Started process (PID=751) to work on /opt/airflow/dags/pipeline_dag.py
[2026-05-01T17:02:38.523+0000] {processor.py:830} INFO - Processing file /opt/airflow/dags/pipeline_dag.py for tasks to queue
[2026-05-01T17:02:38.525+0000] {logging_mixin.py:188} INFO - [2026-05-01T17:02:38.525+0000] {dagbag.py:545} INFO - Filling up the DagBag from /opt/airflow/dags/pipeline_dag.py
[2026-05-01T17:02:38.543+0000] {processor.py:840} INFO - DAG(s) 'data_pipeline' retrieved from /opt/airflow/dags/pipeline_dag.py
[2026-05-01T17:02:38.595+0000] {logging_mixin.py:188} INFO - [2026-05-01T17:02:38.595+0000] {dag.py:3089} INFO - Sync 1 DAGs
[2026-05-01T17:02:38.639+0000] {logging_mixin.py:188} INFO - [2026-05-01T17:02:38.638+0000] {dag.py:3947} INFO - Setting next_dagrun for data_pipeline to 2026-05-01 06:00:00+00:00, run_after=2026-05-02 06:00:00+00:00
[2026-05-01T17:02:38.678+0000] {processor.py:183} INFO - Processing /opt/airflow/dags/pipeline_dag.py took 0.169 seconds
[2026-05-01T17:03:08.812+0000] {processor.py:161} INFO - Started process (PID=756) to work on /opt/airflow/dags/pipeline_dag.py
[2026-05-01T17:03:08.813+0000] {processor.py:830} INFO - Processing file /opt/airflow/dags/pipeline_dag.py for tasks to queue
[2026-05-01T17:03:08.816+0000] {logging_mixin.py:188} INFO - [2026-05-01T17:03:08.815+0000] {dagbag.py:545} INFO - Filling up the DagBag from /opt/airflow/dags/pipeline_dag.py
[2026-05-01T17:03:08.834+0000] {processor.py:840} INFO - DAG(s) 'data_pipeline' retrieved from /opt/airflow/dags/pipeline_dag.py
[2026-05-01T17:03:08.886+0000] {logging_mixin.py:188} INFO - [2026-05-01T17:03:08.886+0000] {dag.py:3089} INFO - Sync 1 DAGs
[2026-05-01T17:03:08.921+0000] {logging_mixin.py:188} INFO - [2026-05-01T17:03:08.921+0000] {dag.py:3947} INFO - Setting next_dagrun for data_pipeline to 2026-05-01 06:00:00+00:00, run_after=2026-05-02 06:00:00+00:00
[2026-05-01T17:03:08.957+0000] {processor.py:183} INFO - Processing /opt/airflow/dags/pipeline_dag.py took 0.156 seconds
[2026-05-01T17:03:39.045+0000] {processor.py:161} INFO - Started process (PID=761) to work on /opt/airflow/dags/pipeline_dag.py
[2026-05-01T17:03:39.046+0000] {processor.py:830} INFO - Processing file /opt/airflow/dags/pipeline_dag.py for tasks to queue
[2026-05-01T17:03:39.049+0000] {logging_mixin.py:188} INFO - [2026-05-01T17:03:39.048+0000] {dagbag.py:545} INFO - Filling up the DagBag from /opt/airflow/dags/pipeline_dag.py
[2026-05-01T17:03:39.065+0000] {processor.py:840} INFO - DAG(s) 'data_pipeline' retrieved from /opt/airflow/dags/pipeline_dag.py
[2026-05-01T17:03:39.119+0000] {logging_mixin.py:188} INFO - [2026-05-01T17:03:39.119+0000] {dag.py:3089} INFO - Sync 1 DAGs
[2026-05-01T17:03:39.145+0000] {logging_mixin.py:188} INFO - [2026-05-01T17:03:39.145+0000] {dag.py:3947} INFO - Setting next_dagrun for data_pipeline to 2026-05-01 06:00:00+00:00, run_after=2026-05-02 06:00:00+00:00
[2026-05-01T17:03:39.180+0000] {processor.py:183} INFO - Processing /opt/airflow/dags/pipeline_dag.py took 0.144 seconds
[2026-05-01T17:04:09.332+0000] {processor.py:161} INFO - Started process (PID=766) to work on /opt/airflow/dags/pipeline_dag.py
[2026-05-01T17:04:09.333+0000] {processor.py:830} INFO - Processing file /opt/airflow/dags/pipeline_dag.py for tasks to queue
[2026-05-01T17:04:09.335+0000] {logging_mixin.py:188} INFO - [2026-05-01T17:04:09.335+0000] {dagbag.py:545} INFO - Filling up the DagBag from /opt/airflow/dags/pipeline_dag.py
[2026-05-01T17:04:09.352+0000] {processor.py:840} INFO - DAG(s) 'data_pipeline' retrieved from /opt/airflow/dags/pipeline_dag.py
[2026-05-01T17:04:09.406+0000] {logging_mixin.py:188} INFO - [2026-05-01T17:04:09.406+0000] {dag.py:3089} INFO - Sync 1 DAGs
[2026-05-01T17:04:09.442+0000] {logging_mixin.py:188} INFO - [2026-05-01T17:04:09.442+0000] {dag.py:3947} INFO - Setting next_dagrun for data_pipeline to 2026-05-01 06:00:00+00:00, run_after=2026-05-02 06:00:00+00:00
[2026-05-01T17:04:09.479+0000] {processor.py:183} INFO - Processing /opt/airflow/dags/pipeline_dag.py took 0.158 seconds
[2026-05-01T17:04:39.536+0000] {processor.py:161} INFO - Started process (PID=771) to work on /opt/airflow/dags/pipeline_dag.py
[2026-05-01T17:04:39.546+0000] {processor.py:830} INFO - Processing file /opt/airflow/dags/pipeline_dag.py for tasks to queue
[2026-05-01T17:04:39.548+0000] {logging_mixin.py:188} INFO - [2026-05-01T17:04:39.548+0000] {dagbag.py:545} INFO - Filling up the DagBag from /opt/airflow/dags/pipeline_dag.py
[2026-05-01T17:04:39.567+0000] {processor.py:840} INFO - DAG(s) 'data_pipeline' retrieved from /opt/airflow/dags/pipeline_dag.py
[2026-05-01T17:04:39.625+0000] {logging_mixin.py:188} INFO - [2026-05-01T17:04:39.624+0000] {dag.py:3089} INFO - Sync 1 DAGs
[2026-05-01T17:04:39.655+0000] {logging_mixin.py:188} INFO - [2026-05-01T17:04:39.655+0000] {dag.py:3947} INFO - Setting next_dagrun for data_pipeline to 2026-05-01 06:00:00+00:00, run_after=2026-05-02 06:00:00+00:00
[2026-05-01T17:04:39.692+0000] {processor.py:183} INFO - Processing /opt/airflow/dags/pipeline_dag.py took 0.165 seconds
[2026-05-01T17:05:09.847+0000] {processor.py:161} INFO - Started process (PID=776) to work on /opt/airflow/dags/pipeline_dag.py
[2026-05-01T17:05:09.849+0000] {processor.py:830} INFO - Processing file /opt/airflow/dags/pipeline_dag.py for tasks to queue
[2026-05-01T17:05:09.852+0000] {logging_mixin.py:188} INFO - [2026-05-01T17:05:09.851+0000] {dagbag.py:545} INFO - Filling up the DagBag from /opt/airflow/dags/pipeline_dag.py
[2026-05-01T17:05:09.871+0000] {processor.py:840} INFO - DAG(s) 'data_pipeline' retrieved from /opt/airflow/dags/pipeline_dag.py
[2026-05-01T17:05:09.933+0000] {logging_mixin.py:188} INFO - [2026-05-01T17:05:09.932+0000] {dag.py:3089} INFO - Sync 1 DAGs
[2026-05-01T17:05:09.973+0000] {logging_mixin.py:188} INFO - [2026-05-01T17:05:09.973+0000] {dag.py:3947} INFO - Setting next_dagrun for data_pipeline to 2026-05-01 06:00:00+00:00, run_after=2026-05-02 06:00:00+00:00
[2026-05-01T17:05:10.017+0000] {processor.py:183} INFO - Processing /opt/airflow/dags/pipeline_dag.py took 0.181 seconds
[2026-05-01T17:05:40.231+0000] {processor.py:161} INFO - Started process (PID=781) to work on /opt/airflow/dags/pipeline_dag.py
[2026-05-01T17:05:40.232+0000] {processor.py:830} INFO - Processing file /opt/airflow/dags/pipeline_dag.py for tasks to queue
[2026-05-01T17:05:40.234+0000] {logging_mixin.py:188} INFO - [2026-05-01T17:05:40.234+0000] {dagbag.py:545} INFO - Filling up the DagBag from /opt/airflow/dags/pipeline_dag.py
[2026-05-01T17:05:40.255+0000] {processor.py:840} INFO - DAG(s) 'data_pipeline' retrieved from /opt/airflow/dags/pipeline_dag.py
[2026-05-01T17:05:40.306+0000] {logging_mixin.py:188} INFO - [2026-05-01T17:05:40.305+0000] {dag.py:3089} INFO - Sync 1 DAGs
[2026-05-01T17:05:40.338+0000] {logging_mixin.py:188} INFO - [2026-05-01T17:05:40.337+0000] {dag.py:3947} INFO - Setting next_dagrun for data_pipeline to 2026-05-01 06:00:00+00:00, run_after=2026-05-02 06:00:00+00:00
[2026-05-01T17:05:40.377+0000] {processor.py:183} INFO - Processing /opt/airflow/dags/pipeline_dag.py took 0.157 seconds
[2026-05-01T17:06:10.568+0000] {processor.py:161} INFO - Started process (PID=786) to work on /opt/airflow/dags/pipeline_dag.py
[2026-05-01T17:06:10.569+0000] {processor.py:830} INFO - Processing file /opt/airflow/dags/pipeline_dag.py for tasks to queue
[2026-05-01T17:06:10.572+0000] {logging_mixin.py:188} INFO - [2026-05-01T17:06:10.572+0000] {dagbag.py:545} INFO - Filling up the DagBag from /opt/airflow/dags/pipeline_dag.py
[2026-05-01T17:06:10.589+0000] {processor.py:840} INFO - DAG(s) 'data_pipeline' retrieved from /opt/airflow/dags/pipeline_dag.py
[2026-05-01T17:06:10.638+0000] {logging_mixin.py:188} INFO - [2026-05-01T17:06:10.637+0000] {dag.py:3089} INFO - Sync 1 DAGs
[2026-05-01T17:06:10.669+0000] {logging_mixin.py:188} INFO - [2026-05-01T17:06:10.669+0000] {dag.py:3947} INFO - Setting next_dagrun for data_pipeline to 2026-05-01 06:00:00+00:00, run_after=2026-05-02 06:00:00+00:00
[2026-05-01T17:06:10.704+0000] {processor.py:183} INFO - Processing /opt/airflow/dags/pipeline_dag.py took 0.146 seconds
[2026-05-01T17:06:40.904+0000] {processor.py:161} INFO - Started process (PID=791) to work on /opt/airflow/dags/pipeline_dag.py
[2026-05-01T17:06:40.914+0000] {processor.py:830} INFO - Processing file /opt/airflow/dags/pipeline_dag.py for tasks to queue
[2026-05-01T17:06:40.918+0000] {logging_mixin.py:188} INFO - [2026-05-01T17:06:40.917+0000] {dagbag.py:545} INFO - Filling up the DagBag from /opt/airflow/dags/pipeline_dag.py
[2026-05-01T17:06:40.935+0000] {processor.py:840} INFO - DAG(s) 'data_pipeline' retrieved from /opt/airflow/dags/pipeline_dag.py
[2026-05-01T17:06:40.985+0000] {logging_mixin.py:188} INFO - [2026-05-01T17:06:40.984+0000] {dag.py:3089} INFO - Sync 1 DAGs
[2026-05-01T17:06:41.022+0000] {logging_mixin.py:188} INFO - [2026-05-01T17:06:41.021+0000] {dag.py:3947} INFO - Setting next_dagrun for data_pipeline to 2026-05-01 06:00:00+00:00, run_after=2026-05-02 06:00:00+00:00
[2026-05-01T17:06:41.047+0000] {processor.py:183} INFO - Processing /opt/airflow/dags/pipeline_dag.py took 0.152 seconds
[2026-05-01T17:07:11.251+0000] {processor.py:161} INFO - Started process (PID=796) to work on /opt/airflow/dags/pipeline_dag.py
[2026-05-01T17:07:11.252+0000] {processor.py:830} INFO - Processing file /opt/airflow/dags/pipeline_dag.py for tasks to queue
[2026-05-01T17:07:11.256+0000] {logging_mixin.py:188} INFO - [2026-05-01T17:07:11.256+0000] {dagbag.py:545} INFO - Filling up the DagBag from /opt/airflow/dags/pipeline_dag.py
[2026-05-01T17:07:11.275+0000] {processor.py:840} INFO - DAG(s) 'data_pipeline' retrieved from /opt/airflow/dags/pipeline_dag.py
[2026-05-01T17:07:11.327+0000] {logging_mixin.py:188} INFO - [2026-05-01T17:07:11.326+0000] {dag.py:3089} INFO - Sync 1 DAGs
[2026-05-01T17:07:11.365+0000] {logging_mixin.py:188} INFO - [2026-05-01T17:07:11.365+0000] {dag.py:3947} INFO - Setting next_dagrun for data_pipeline to 2026-05-01 06:00:00+00:00, run_after=2026-05-02 06:00:00+00:00
[2026-05-01T17:07:11.410+0000] {processor.py:183} INFO - Processing /opt/airflow/dags/pipeline_dag.py took 0.168 seconds
[2026-05-01T17:07:41.621+0000] {processor.py:161} INFO - Started process (PID=801) to work on /opt/airflow/dags/pipeline_dag.py
[2026-05-01T17:07:41.631+0000] {processor.py:830} INFO - Processing file /opt/airflow/dags/pipeline_dag.py for tasks to queue
[2026-05-01T17:07:41.635+0000] {logging_mixin.py:188} INFO - [2026-05-01T17:07:41.634+0000] {dagbag.py:545} INFO - Filling up the DagBag from /opt/airflow/dags/pipeline_dag.py
[2026-05-01T17:07:41.653+0000] {processor.py:840} INFO - DAG(s) 'data_pipeline' retrieved from /opt/airflow/dags/pipeline_dag.py
[2026-05-01T17:07:41.701+0000] {logging_mixin.py:188} INFO - [2026-05-01T17:07:41.701+0000] {dag.py:3089} INFO - Sync 1 DAGs
[2026-05-01T17:07:41.737+0000] {logging_mixin.py:188} INFO - [2026-05-01T17:07:41.737+0000] {dag.py:3947} INFO - Setting next_dagrun for data_pipeline to 2026-05-01 06:00:00+00:00, run_after=2026-05-02 06:00:00+00:00
[2026-05-01T17:07:41.777+0000] {processor.py:183} INFO - Processing /opt/airflow/dags/pipeline_dag.py took 0.168 seconds
[2026-05-01T17:08:11.979+0000] {processor.py:161} INFO - Started process (PID=806) to work on /opt/airflow/dags/pipeline_dag.py
[2026-05-01T17:08:11.980+0000] {processor.py:830} INFO - Processing file /opt/airflow/dags/pipeline_dag.py for tasks to queue
[2026-05-01T17:08:11.984+0000] {logging_mixin.py:188} INFO - [2026-05-01T17:08:11.983+0000] {dagbag.py:545} INFO - Filling up the DagBag from /opt/airflow/dags/pipeline_dag.py
[2026-05-01T17:08:11.999+0000] {processor.py:840} INFO - DAG(s) 'data_pipeline' retrieved from /opt/airflow/dags/pipeline_dag.py
[2026-05-01T17:08:12.052+0000] {logging_mixin.py:188} INFO - [2026-05-01T17:08:12.052+0000] {dag.py:3089} INFO - Sync 1 DAGs
[2026-05-01T17:08:12.092+0000] {logging_mixin.py:188} INFO - [2026-05-01T17:08:12.092+0000] {dag.py:3947} INFO - Setting next_dagrun for data_pipeline to 2026-05-01 06:00:00+00:00, run_after=2026-05-02 06:00:00+00:00
[2026-05-01T17:08:12.132+0000] {processor.py:183} INFO - Processing /opt/airflow/dags/pipeline_dag.py took 0.163 seconds
[2026-05-01T17:08:42.333+0000] {processor.py:161} INFO - Started process (PID=811) to work on /opt/airflow/dags/pipeline_dag.py
[2026-05-01T17:08:42.343+0000] {processor.py:830} INFO - Processing file /opt/airflow/dags/pipeline_dag.py for tasks to queue
[2026-05-01T17:08:42.347+0000] {logging_mixin.py:188} INFO - [2026-05-01T17:08:42.346+0000] {dagbag.py:545} INFO - Filling up the DagBag from /opt/airflow/dags/pipeline_dag.py
[2026-05-01T17:08:42.364+0000] {processor.py:840} INFO - DAG(s) 'data_pipeline' retrieved from /opt/airflow/dags/pipeline_dag.py
[2026-05-01T17:08:42.412+0000] {logging_mixin.py:188} INFO - [2026-05-01T17:08:42.412+0000] {dag.py:3089} INFO - Sync 1 DAGs
[2026-05-01T17:08:42.449+0000] {logging_mixin.py:188} INFO - [2026-05-01T17:08:42.449+0000] {dag.py:3947} INFO - Setting next_dagrun for data_pipeline to 2026-05-01 06:00:00+00:00, run_after=2026-05-02 06:00:00+00:00
[2026-05-01T17:08:42.491+0000] {processor.py:183} INFO - Processing /opt/airflow/dags/pipeline_dag.py took 0.168 seconds
[2026-05-01T17:09:12.689+0000] {processor.py:161} INFO - Started process (PID=816) to work on /opt/airflow/dags/pipeline_dag.py
[2026-05-01T17:09:12.690+0000] {processor.py:830} INFO - Processing file /opt/airflow/dags/pipeline_dag.py for tasks to queue
[2026-05-01T17:09:12.694+0000] {logging_mixin.py:188} INFO - [2026-05-01T17:09:12.694+0000] {dagbag.py:545} INFO - Filling up the DagBag from /opt/airflow/dags/pipeline_dag.py
[2026-05-01T17:09:12.710+0000] {processor.py:840} INFO - DAG(s) 'data_pipeline' retrieved from /opt/airflow/dags/pipeline_dag.py
[2026-05-01T17:09:12.762+0000] {logging_mixin.py:188} INFO - [2026-05-01T17:09:12.761+0000] {dag.py:3089} INFO - Sync 1 DAGs
[2026-05-01T17:09:12.802+0000] {logging_mixin.py:188} INFO - [2026-05-01T17:09:12.801+0000] {dag.py:3947} INFO - Setting next_dagrun for data_pipeline to 2026-05-01 06:00:00+00:00, run_after=2026-05-02 06:00:00+00:00
[2026-05-01T17:09:12.845+0000] {processor.py:183} INFO - Processing /opt/airflow/dags/pipeline_dag.py took 0.166 seconds
[2026-05-01T17:09:43.049+0000] {processor.py:161} INFO - Started process (PID=821) to work on /opt/airflow/dags/pipeline_dag.py
[2026-05-01T17:09:43.050+0000] {processor.py:830} INFO - Processing file /opt/airflow/dags/pipeline_dag.py for tasks to queue
[2026-05-01T17:09:43.053+0000] {logging_mixin.py:188} INFO - [2026-05-01T17:09:43.052+0000] {dagbag.py:545} INFO - Filling up the DagBag from /opt/airflow/dags/pipeline_dag.py
[2026-05-01T17:09:43.071+0000] {processor.py:840} INFO - DAG(s) 'data_pipeline' retrieved from /opt/airflow/dags/pipeline_dag.py
[2026-05-01T17:09:43.120+0000] {logging_mixin.py:188} INFO - [2026-05-01T17:09:43.120+0000] {dag.py:3089} INFO - Sync 1 DAGs
[2026-05-01T17:09:43.150+0000] {logging_mixin.py:188} INFO - [2026-05-01T17:09:43.150+0000] {dag.py:3947} INFO - Setting next_dagrun for data_pipeline to 2026-05-01 06:00:00+00:00, run_after=2026-05-02 06:00:00+00:00
[2026-05-01T17:09:43.184+0000] {processor.py:183} INFO - Processing /opt/airflow/dags/pipeline_dag.py took 0.145 seconds
[2026-05-01T17:10:13.234+0000] {processor.py:161} INFO - Started process (PID=826) to work on /opt/airflow/dags/pipeline_dag.py
[2026-05-01T17:10:13.235+0000] {processor.py:830} INFO - Processing file /opt/airflow/dags/pipeline_dag.py for tasks to queue
[2026-05-01T17:10:13.236+0000] {logging_mixin.py:188} INFO - [2026-05-01T17:10:13.236+0000] {dagbag.py:545} INFO - Filling up the DagBag from /opt/airflow/dags/pipeline_dag.py
[2026-05-01T17:10:13.249+0000] {processor.py:840} INFO - DAG(s) 'data_pipeline' retrieved from /opt/airflow/dags/pipeline_dag.py
[2026-05-01T17:10:13.288+0000] {logging_mixin.py:188} INFO - [2026-05-01T17:10:13.288+0000] {dag.py:3089} INFO - Sync 1 DAGs
[2026-05-01T17:10:13.314+0000] {logging_mixin.py:188} INFO - [2026-05-01T17:10:13.313+0000] {dag.py:3947} INFO - Setting next_dagrun for data_pipeline to 2026-05-01 06:00:00+00:00, run_after=2026-05-02 06:00:00+00:00
[2026-05-01T17:10:13.334+0000] {processor.py:183} INFO - Processing /opt/airflow/dags/pipeline_dag.py took 0.108 seconds
[2026-05-01T17:10:43.438+0000] {processor.py:161} INFO - Started process (PID=831) to work on /opt/airflow/dags/pipeline_dag.py
[2026-05-01T17:10:43.439+0000] {processor.py:830} INFO - Processing file /opt/airflow/dags/pipeline_dag.py for tasks to queue
[2026-05-01T17:10:43.441+0000] {logging_mixin.py:188} INFO - [2026-05-01T17:10:43.440+0000] {dagbag.py:545} INFO - Filling up the DagBag from /opt/airflow/dags/pipeline_dag.py
[2026-05-01T17:10:43.454+0000] {processor.py:840} INFO - DAG(s) 'data_pipeline' retrieved from /opt/airflow/dags/pipeline_dag.py
[2026-05-01T17:10:43.493+0000] {logging_mixin.py:188} INFO - [2026-05-01T17:10:43.493+0000] {dag.py:3089} INFO - Sync 1 DAGs
[2026-05-01T17:10:43.519+0000] {logging_mixin.py:188} INFO - [2026-05-01T17:10:43.519+0000] {dag.py:3947} INFO - Setting next_dagrun for data_pipeline to 2026-05-01 06:00:00+00:00, run_after=2026-05-02 06:00:00+00:00
[2026-05-01T17:10:43.542+0000] {processor.py:183} INFO - Processing /opt/airflow/dags/pipeline_dag.py took 0.112 seconds
[2026-05-01T17:11:13.750+0000] {processor.py:161} INFO - Started process (PID=836) to work on /opt/airflow/dags/pipeline_dag.py
[2026-05-01T17:11:13.759+0000] {processor.py:830} INFO - Processing file /opt/airflow/dags/pipeline_dag.py for tasks to queue
[2026-05-01T17:11:13.762+0000] {logging_mixin.py:188} INFO - [2026-05-01T17:11:13.761+0000] {dagbag.py:545} INFO - Filling up the DagBag from /opt/airflow/dags/pipeline_dag.py
[2026-05-01T17:11:13.779+0000] {processor.py:840} INFO - DAG(s) 'data_pipeline' retrieved from /opt/airflow/dags/pipeline_dag.py
[2026-05-01T17:11:13.833+0000] {logging_mixin.py:188} INFO - [2026-05-01T17:11:13.833+0000] {dag.py:3089} INFO - Sync 1 DAGs
[2026-05-01T17:11:13.871+0000] {logging_mixin.py:188} INFO - [2026-05-01T17:11:13.871+0000] {dag.py:3947} INFO - Setting next_dagrun for data_pipeline to 2026-05-01 06:00:00+00:00, run_after=2026-05-02 06:00:00+00:00
[2026-05-01T17:11:13.916+0000] {processor.py:183} INFO - Processing /opt/airflow/dags/pipeline_dag.py took 0.176 seconds
[2026-05-01T17:11:44.122+0000] {processor.py:161} INFO - Started process (PID=841) to work on /opt/airflow/dags/pipeline_dag.py
[2026-05-01T17:11:44.123+0000] {processor.py:830} INFO - Processing file /opt/airflow/dags/pipeline_dag.py for tasks to queue
[2026-05-01T17:11:44.125+0000] {logging_mixin.py:188} INFO - [2026-05-01T17:11:44.125+0000] {dagbag.py:545} INFO - Filling up the DagBag from /opt/airflow/dags/pipeline_dag.py
[2026-05-01T17:11:44.144+0000] {processor.py:840} INFO - DAG(s) 'data_pipeline' retrieved from /opt/airflow/dags/pipeline_dag.py
[2026-05-01T17:11:44.199+0000] {logging_mixin.py:188} INFO - [2026-05-01T17:11:44.199+0000] {dag.py:3089} INFO - Sync 1 DAGs
[2026-05-01T17:11:44.247+0000] {logging_mixin.py:188} INFO - [2026-05-01T17:11:44.247+0000] {dag.py:3947} INFO - Setting next_dagrun for data_pipeline to 2026-05-01 06:00:00+00:00, run_after=2026-05-02 06:00:00+00:00
[2026-05-01T17:11:44.288+0000] {processor.py:183} INFO - Processing /opt/airflow/dags/pipeline_dag.py took 0.176 seconds
[2026-05-01T17:12:14.495+0000] {processor.py:161} INFO - Started process (PID=846) to work on /opt/airflow/dags/pipeline_dag.py
[2026-05-01T17:12:14.505+0000] {processor.py:830} INFO - Processing file /opt/airflow/dags/pipeline_dag.py for tasks to queue
[2026-05-01T17:12:14.509+0000] {logging_mixin.py:188} INFO - [2026-05-01T17:12:14.508+0000] {dagbag.py:545} INFO - Filling up the DagBag from /opt/airflow/dags/pipeline_dag.py
[2026-05-01T17:12:14.529+0000] {processor.py:840} INFO - DAG(s) 'data_pipeline' retrieved from /opt/airflow/dags/pipeline_dag.py
[2026-05-01T17:12:14.584+0000] {logging_mixin.py:188} INFO - [2026-05-01T17:12:14.583+0000] {dag.py:3089} INFO - Sync 1 DAGs
[2026-05-01T17:12:14.614+0000] {logging_mixin.py:188} INFO - [2026-05-01T17:12:14.613+0000] {dag.py:3947} INFO - Setting next_dagrun for data_pipeline to 2026-05-01 06:00:00+00:00, run_after=2026-05-02 06:00:00+00:00
[2026-05-01T17:12:14.648+0000] {processor.py:183} INFO - Processing /opt/airflow/dags/pipeline_dag.py took 0.163 seconds
[2026-05-01T17:12:44.848+0000] {processor.py:161} INFO - Started process (PID=851) to work on /opt/airflow/dags/pipeline_dag.py
[2026-05-01T17:12:44.849+0000] {processor.py:830} INFO - Processing file /opt/airflow/dags/pipeline_dag.py for tasks to queue
[2026-05-01T17:12:44.852+0000] {logging_mixin.py:188} INFO - [2026-05-01T17:12:44.851+0000] {dagbag.py:545} INFO - Filling up the DagBag from /opt/airflow/dags/pipeline_dag.py
[2026-05-01T17:12:44.871+0000] {processor.py:840} INFO - DAG(s) 'data_pipeline' retrieved from /opt/airflow/dags/pipeline_dag.py
[2026-05-01T17:12:44.927+0000] {logging_mixin.py:188} INFO - [2026-05-01T17:12:44.927+0000] {dag.py:3089} INFO - Sync 1 DAGs
[2026-05-01T17:12:44.967+0000] {logging_mixin.py:188} INFO - [2026-05-01T17:12:44.967+0000] {dag.py:3947} INFO - Setting next_dagrun for data_pipeline to 2026-05-01 06:00:00+00:00, run_after=2026-05-02 06:00:00+00:00
[2026-05-01T17:12:45.011+0000] {processor.py:183} INFO - Processing /opt/airflow/dags/pipeline_dag.py took 0.173 seconds
[2026-05-01T17:13:15.210+0000] {processor.py:161} INFO - Started process (PID=856) to work on /opt/airflow/dags/pipeline_dag.py
[2026-05-01T17:13:15.220+0000] {processor.py:830} INFO - Processing file /opt/airflow/dags/pipeline_dag.py for tasks to queue
[2026-05-01T17:13:15.225+0000] {logging_mixin.py:188} INFO - [2026-05-01T17:13:15.224+0000] {dagbag.py:545} INFO - Filling up the DagBag from /opt/airflow/dags/pipeline_dag.py
[2026-05-01T17:13:15.252+0000] {processor.py:840} INFO - DAG(s) 'data_pipeline' retrieved from /opt/airflow/dags/pipeline_dag.py
[2026-05-01T17:13:15.308+0000] {logging_mixin.py:188} INFO - [2026-05-01T17:13:15.307+0000] {dag.py:3089} INFO - Sync 1 DAGs
[2026-05-01T17:13:15.344+0000] {logging_mixin.py:188} INFO - [2026-05-01T17:13:15.344+0000] {dag.py:3947} INFO - Setting next_dagrun for data_pipeline to 2026-05-01 06:00:00+00:00, run_after=2026-05-02 06:00:00+00:00
[2026-05-01T17:13:15.386+0000] {processor.py:183} INFO - Processing /opt/airflow/dags/pipeline_dag.py took 0.185 seconds
[2026-05-01T17:13:45.590+0000] {processor.py:161} INFO - Started process (PID=861) to work on /opt/airflow/dags/pipeline_dag.py
[2026-05-01T17:13:45.591+0000] {processor.py:830} INFO - Processing file /opt/airflow/dags/pipeline_dag.py for tasks to queue
[2026-05-01T17:13:45.594+0000] {logging_mixin.py:188} INFO - [2026-05-01T17:13:45.593+0000] {dagbag.py:545} INFO - Filling up the DagBag from /opt/airflow/dags/pipeline_dag.py
[2026-05-01T17:13:45.609+0000] {processor.py:840} INFO - DAG(s) 'data_pipeline' retrieved from /opt/airflow/dags/pipeline_dag.py
[2026-05-01T17:13:45.662+0000] {logging_mixin.py:188} INFO - [2026-05-01T17:13:45.662+0000] {dag.py:3089} INFO - Sync 1 DAGs
[2026-05-01T17:13:45.694+0000] {logging_mixin.py:188} INFO - [2026-05-01T17:13:45.694+0000] {dag.py:3947} INFO - Setting next_dagrun for data_pipeline to 2026-05-01 06:00:00+00:00, run_after=2026-05-02 06:00:00+00:00
[2026-05-01T17:13:45.732+0000] {processor.py:183} INFO - Processing /opt/airflow/dags/pipeline_dag.py took 0.152 seconds
[2026-05-01T17:14:15.928+0000] {processor.py:161} INFO - Started process (PID=866) to work on /opt/airflow/dags/pipeline_dag.py
[2026-05-01T17:14:15.930+0000] {processor.py:830} INFO - Processing file /opt/airflow/dags/pipeline_dag.py for tasks to queue
[2026-05-01T17:14:15.932+0000] {logging_mixin.py:188} INFO - [2026-05-01T17:14:15.931+0000] {dagbag.py:545} INFO - Filling up the DagBag from /opt/airflow/dags/pipeline_dag.py
[2026-05-01T17:14:15.950+0000] {processor.py:840} INFO - DAG(s) 'data_pipeline' retrieved from /opt/airflow/dags/pipeline_dag.py
[2026-05-01T17:14:16.002+0000] {logging_mixin.py:188} INFO - [2026-05-01T17:14:16.001+0000] {dag.py:3089} INFO - Sync 1 DAGs
[2026-05-01T17:14:16.034+0000] {logging_mixin.py:188} INFO - [2026-05-01T17:14:16.034+0000] {dag.py:3947} INFO - Setting next_dagrun for data_pipeline to 2026-05-01 06:00:00+00:00, run_after=2026-05-02 06:00:00+00:00
[2026-05-01T17:14:16.074+0000] {processor.py:183} INFO - Processing /opt/airflow/dags/pipeline_dag.py took 0.154 seconds
[2026-05-01T17:14:46.291+0000] {processor.py:161} INFO - Started process (PID=871) to work on /opt/airflow/dags/pipeline_dag.py
[2026-05-01T17:14:46.292+0000] {processor.py:830} INFO - Processing file /opt/airflow/dags/pipeline_dag.py for tasks to queue
[2026-05-01T17:14:46.295+0000] {logging_mixin.py:188} INFO - [2026-05-01T17:14:46.294+0000] {dagbag.py:545} INFO - Filling up the DagBag from /opt/airflow/dags/pipeline_dag.py
[2026-05-01T17:14:46.313+0000] {processor.py:840} INFO - DAG(s) 'data_pipeline' retrieved from /opt/airflow/dags/pipeline_dag.py
[2026-05-01T17:14:46.365+0000] {logging_mixin.py:188} INFO - [2026-05-01T17:14:46.365+0000] {dag.py:3089} INFO - Sync 1 DAGs
[2026-05-01T17:14:46.402+0000] {logging_mixin.py:188} INFO - [2026-05-01T17:14:46.402+0000] {dag.py:3947} INFO - Setting next_dagrun for data_pipeline to 2026-05-01 06:00:00+00:00, run_after=2026-05-02 06:00:00+00:00
[2026-05-01T17:14:46.446+0000] {processor.py:183} INFO - Processing /opt/airflow/dags/pipeline_dag.py took 0.166 seconds
[2026-05-01T17:15:16.646+0000] {processor.py:161} INFO - Started process (PID=876) to work on /opt/airflow/dags/pipeline_dag.py
[2026-05-01T17:15:16.647+0000] {processor.py:830} INFO - Processing file /opt/airflow/dags/pipeline_dag.py for tasks to queue
[2026-05-01T17:15:16.650+0000] {logging_mixin.py:188} INFO - [2026-05-01T17:15:16.649+0000] {dagbag.py:545} INFO - Filling up the DagBag from /opt/airflow/dags/pipeline_dag.py
[2026-05-01T17:15:16.666+0000] {processor.py:840} INFO - DAG(s) 'data_pipeline' retrieved from /opt/airflow/dags/pipeline_dag.py
[2026-05-01T17:15:16.711+0000] {logging_mixin.py:188} INFO - [2026-05-01T17:15:16.711+0000] {dag.py:3089} INFO - Sync 1 DAGs
[2026-05-01T17:15:16.739+0000] {logging_mixin.py:188} INFO - [2026-05-01T17:15:16.738+0000] {dag.py:3947} INFO - Setting next_dagrun for data_pipeline to 2026-05-01 06:00:00+00:00, run_after=2026-05-02 06:00:00+00:00
[2026-05-01T17:15:16.769+0000] {processor.py:183} INFO - Processing /opt/airflow/dags/pipeline_dag.py took 0.133 seconds
[2026-05-01T17:15:46.840+0000] {processor.py:161} INFO - Started process (PID=881) to work on /opt/airflow/dags/pipeline_dag.py
[2026-05-01T17:15:46.841+0000] {processor.py:830} INFO - Processing file /opt/airflow/dags/pipeline_dag.py for tasks to queue
[2026-05-01T17:15:46.844+0000] {logging_mixin.py:188} INFO - [2026-05-01T17:15:46.843+0000] {dagbag.py:545} INFO - Filling up the DagBag from /opt/airflow/dags/pipeline_dag.py
[2026-05-01T17:15:46.863+0000] {processor.py:840} INFO - DAG(s) 'data_pipeline' retrieved from /opt/airflow/dags/pipeline_dag.py
[2026-05-01T17:15:46.904+0000] {logging_mixin.py:188} INFO - [2026-05-01T17:15:46.903+0000] {dag.py:3089} INFO - Sync 1 DAGs
[2026-05-01T17:15:46.929+0000] {logging_mixin.py:188} INFO - [2026-05-01T17:15:46.929+0000] {dag.py:3947} INFO - Setting next_dagrun for data_pipeline to 2026-05-01 06:00:00+00:00, run_after=2026-05-02 06:00:00+00:00
[2026-05-01T17:15:46.962+0000] {processor.py:183} INFO - Processing /opt/airflow/dags/pipeline_dag.py took 0.132 seconds
[2026-05-01T17:16:17.145+0000] {processor.py:161} INFO - Started process (PID=886) to work on /opt/airflow/dags/pipeline_dag.py
[2026-05-01T17:16:17.155+0000] {processor.py:830} INFO - Processing file /opt/airflow/dags/pipeline_dag.py for tasks to queue
[2026-05-01T17:16:17.159+0000] {logging_mixin.py:188} INFO - [2026-05-01T17:16:17.159+0000] {dagbag.py:545} INFO - Filling up the DagBag from /opt/airflow/dags/pipeline_dag.py
[2026-05-01T17:16:17.178+0000] {processor.py:840} INFO - DAG(s) 'data_pipeline' retrieved from /opt/airflow/dags/pipeline_dag.py
[2026-05-01T17:16:17.229+0000] {logging_mixin.py:188} INFO - [2026-05-01T17:16:17.229+0000] {dag.py:3089} INFO - Sync 1 DAGs
[2026-05-01T17:16:17.264+0000] {logging_mixin.py:188} INFO - [2026-05-01T17:16:17.264+0000] {dag.py:3947} INFO - Setting next_dagrun for data_pipeline to 2026-05-01 06:00:00+00:00, run_after=2026-05-02 06:00:00+00:00
[2026-05-01T17:16:17.293+0000] {processor.py:183} INFO - Processing /opt/airflow/dags/pipeline_dag.py took 0.159 seconds
[2026-05-01T17:16:47.499+0000] {processor.py:161} INFO - Started process (PID=891) to work on /opt/airflow/dags/pipeline_dag.py
[2026-05-01T17:16:47.500+0000] {processor.py:830} INFO - Processing file /opt/airflow/dags/pipeline_dag.py for tasks to queue
[2026-05-01T17:16:47.503+0000] {logging_mixin.py:188} INFO - [2026-05-01T17:16:47.502+0000] {dagbag.py:545} INFO - Filling up the DagBag from /opt/airflow/dags/pipeline_dag.py
[2026-05-01T17:16:47.520+0000] {processor.py:840} INFO - DAG(s) 'data_pipeline' retrieved from /opt/airflow/dags/pipeline_dag.py
[2026-05-01T17:16:47.570+0000] {logging_mixin.py:188} INFO - [2026-05-01T17:16:47.569+0000] {dag.py:3089} INFO - Sync 1 DAGs
[2026-05-01T17:16:47.605+0000] {logging_mixin.py:188} INFO - [2026-05-01T17:16:47.605+0000] {dag.py:3947} INFO - Setting next_dagrun for data_pipeline to 2026-05-01 06:00:00+00:00, run_after=2026-05-02 06:00:00+00:00
[2026-05-01T17:16:47.648+0000] {processor.py:183} INFO - Processing /opt/airflow/dags/pipeline_dag.py took 0.162 seconds
[2026-05-01T17:17:17.862+0000] {processor.py:161} INFO - Started process (PID=896) to work on /opt/airflow/dags/pipeline_dag.py
[2026-05-01T17:17:17.864+0000] {processor.py:830} INFO - Processing file /opt/airflow/dags/pipeline_dag.py for tasks to queue
[2026-05-01T17:17:17.866+0000] {logging_mixin.py:188} INFO - [2026-05-01T17:17:17.866+0000] {dagbag.py:545} INFO - Filling up the DagBag from /opt/airflow/dags/pipeline_dag.py
[2026-05-01T17:17:17.885+0000] {processor.py:840} INFO - DAG(s) 'data_pipeline' retrieved from /opt/airflow/dags/pipeline_dag.py
[2026-05-01T17:17:17.936+0000] {logging_mixin.py:188} INFO - [2026-05-01T17:17:17.936+0000] {dag.py:3089} INFO - Sync 1 DAGs
[2026-05-01T17:17:17.973+0000] {logging_mixin.py:188} INFO - [2026-05-01T17:17:17.972+0000] {dag.py:3947} INFO - Setting next_dagrun for data_pipeline to 2026-05-01 06:00:00+00:00, run_after=2026-05-02 06:00:00+00:00
[2026-05-01T17:17:18.010+0000] {processor.py:183} INFO - Processing /opt/airflow/dags/pipeline_dag.py took 0.159 seconds
[2026-05-01T17:17:48.206+0000] {processor.py:161} INFO - Started process (PID=901) to work on /opt/airflow/dags/pipeline_dag.py
[2026-05-01T17:17:48.216+0000] {processor.py:830} INFO - Processing file /opt/airflow/dags/pipeline_dag.py for tasks to queue
[2026-05-01T17:17:48.218+0000] {logging_mixin.py:188} INFO - [2026-05-01T17:17:48.217+0000] {dagbag.py:545} INFO - Filling up the DagBag from /opt/airflow/dags/pipeline_dag.py
[2026-05-01T17:17:48.236+0000] {processor.py:840} INFO - DAG(s) 'data_pipeline' retrieved from /opt/airflow/dags/pipeline_dag.py
[2026-05-01T17:17:48.290+0000] {logging_mixin.py:188} INFO - [2026-05-01T17:17:48.289+0000] {dag.py:3089} INFO - Sync 1 DAGs
[2026-05-01T17:17:48.324+0000] {logging_mixin.py:188} INFO - [2026-05-01T17:17:48.323+0000] {dag.py:3947} INFO - Setting next_dagrun for data_pipeline to 2026-05-01 06:00:00+00:00, run_after=2026-05-02 06:00:00+00:00
[2026-05-01T17:17:48.360+0000] {processor.py:183} INFO - Processing /opt/airflow/dags/pipeline_dag.py took 0.165 seconds
[2026-05-01T17:18:18.565+0000] {processor.py:161} INFO - Started process (PID=906) to work on /opt/airflow/dags/pipeline_dag.py
[2026-05-01T17:18:18.566+0000] {processor.py:830} INFO - Processing file /opt/airflow/dags/pipeline_dag.py for tasks to queue
[2026-05-01T17:18:18.568+0000] {logging_mixin.py:188} INFO - [2026-05-01T17:18:18.568+0000] {dagbag.py:545} INFO - Filling up the DagBag from /opt/airflow/dags/pipeline_dag.py
[2026-05-01T17:18:18.587+0000] {processor.py:840} INFO - DAG(s) 'data_pipeline' retrieved from /opt/airflow/dags/pipeline_dag.py
[2026-05-01T17:18:18.640+0000] {logging_mixin.py:188} INFO - [2026-05-01T17:18:18.640+0000] {dag.py:3089} INFO - Sync 1 DAGs
[2026-05-01T17:18:18.680+0000] {logging_mixin.py:188} INFO - [2026-05-01T17:18:18.679+0000] {dag.py:3947} INFO - Setting next_dagrun for data_pipeline to 2026-05-01 06:00:00+00:00, run_after=2026-05-02 06:00:00+00:00
[2026-05-01T17:18:18.720+0000] {processor.py:183} INFO - Processing /opt/airflow/dags/pipeline_dag.py took 0.167 seconds
[2026-05-01T17:18:48.922+0000] {processor.py:161} INFO - Started process (PID=911) to work on /opt/airflow/dags/pipeline_dag.py
[2026-05-01T17:18:48.932+0000] {processor.py:830} INFO - Processing file /opt/airflow/dags/pipeline_dag.py for tasks to queue
[2026-05-01T17:18:48.935+0000] {logging_mixin.py:188} INFO - [2026-05-01T17:18:48.934+0000] {dagbag.py:545} INFO - Filling up the DagBag from /opt/airflow/dags/pipeline_dag.py
[2026-05-01T17:18:48.951+0000] {processor.py:840} INFO - DAG(s) 'data_pipeline' retrieved from /opt/airflow/dags/pipeline_dag.py
[2026-05-01T17:18:49.001+0000] {logging_mixin.py:188} INFO - [2026-05-01T17:18:49.000+0000] {dag.py:3089} INFO - Sync 1 DAGs
[2026-05-01T17:18:49.034+0000] {logging_mixin.py:188} INFO - [2026-05-01T17:18:49.033+0000] {dag.py:3947} INFO - Setting next_dagrun for data_pipeline to 2026-05-01 06:00:00+00:00, run_after=2026-05-02 06:00:00+00:00
[2026-05-01T17:18:49.074+0000] {processor.py:183} INFO - Processing /opt/airflow/dags/pipeline_dag.py took 0.162 seconds
[2026-05-01T17:19:19.276+0000] {processor.py:161} INFO - Started process (PID=916) to work on /opt/airflow/dags/pipeline_dag.py
[2026-05-01T17:19:19.277+0000] {processor.py:830} INFO - Processing file /opt/airflow/dags/pipeline_dag.py for tasks to queue
[2026-05-01T17:19:19.280+0000] {logging_mixin.py:188} INFO - [2026-05-01T17:19:19.279+0000] {dagbag.py:545} INFO - Filling up the DagBag from /opt/airflow/dags/pipeline_dag.py
[2026-05-01T17:19:19.297+0000] {processor.py:840} INFO - DAG(s) 'data_pipeline' retrieved from /opt/airflow/dags/pipeline_dag.py
[2026-05-01T17:19:19.344+0000] {logging_mixin.py:188} INFO - [2026-05-01T17:19:19.344+0000] {dag.py:3089} INFO - Sync 1 DAGs
[2026-05-01T17:19:19.372+0000] {logging_mixin.py:188} INFO - [2026-05-01T17:19:19.371+0000] {dag.py:3947} INFO - Setting next_dagrun for data_pipeline to 2026-05-01 06:00:00+00:00, run_after=2026-05-02 06:00:00+00:00
[2026-05-01T17:19:19.406+0000] {processor.py:183} INFO - Processing /opt/airflow/dags/pipeline_dag.py took 0.139 seconds
[2026-05-01T17:19:49.456+0000] {processor.py:161} INFO - Started process (PID=921) to work on /opt/airflow/dags/pipeline_dag.py
[2026-05-01T17:19:49.466+0000] {processor.py:830} INFO - Processing file /opt/airflow/dags/pipeline_dag.py for tasks to queue
[2026-05-01T17:19:49.469+0000] {logging_mixin.py:188} INFO - [2026-05-01T17:19:49.469+0000] {dagbag.py:545} INFO - Filling up the DagBag from /opt/airflow/dags/pipeline_dag.py
[2026-05-01T17:19:49.488+0000] {processor.py:840} INFO - DAG(s) 'data_pipeline' retrieved from /opt/airflow/dags/pipeline_dag.py
[2026-05-01T17:19:49.539+0000] {logging_mixin.py:188} INFO - [2026-05-01T17:19:49.538+0000] {dag.py:3089} INFO - Sync 1 DAGs
[2026-05-01T17:19:49.579+0000] {logging_mixin.py:188} INFO - [2026-05-01T17:19:49.579+0000] {dag.py:3947} INFO - Setting next_dagrun for data_pipeline to 2026-05-01 06:00:00+00:00, run_after=2026-05-02 06:00:00+00:00
[2026-05-01T17:19:49.623+0000] {processor.py:183} INFO - Processing /opt/airflow/dags/pipeline_dag.py took 0.178 seconds
[2026-05-01T17:20:19.791+0000] {processor.py:161} INFO - Started process (PID=926) to work on /opt/airflow/dags/pipeline_dag.py
[2026-05-01T17:20:19.792+0000] {processor.py:830} INFO - Processing file /opt/airflow/dags/pipeline_dag.py for tasks to queue
[2026-05-01T17:20:19.795+0000] {logging_mixin.py:188} INFO - [2026-05-01T17:20:19.795+0000] {dagbag.py:545} INFO - Filling up the DagBag from /opt/airflow/dags/pipeline_dag.py
[2026-05-01T17:20:19.814+0000] {processor.py:840} INFO - DAG(s) 'data_pipeline' retrieved from /opt/airflow/dags/pipeline_dag.py
[2026-05-01T17:20:19.866+0000] {logging_mixin.py:188} INFO - [2026-05-01T17:20:19.865+0000] {dag.py:3089} INFO - Sync 1 DAGs
[2026-05-01T17:20:19.905+0000] {logging_mixin.py:188} INFO - [2026-05-01T17:20:19.904+0000] {dag.py:3947} INFO - Setting next_dagrun for data_pipeline to 2026-05-01 06:00:00+00:00, run_after=2026-05-02 06:00:00+00:00
[2026-05-01T17:20:19.934+0000] {processor.py:183} INFO - Processing /opt/airflow/dags/pipeline_dag.py took 0.155 seconds
[2026-05-01T17:20:50.014+0000] {processor.py:161} INFO - Started process (PID=931) to work on /opt/airflow/dags/pipeline_dag.py
[2026-05-01T17:20:50.015+0000] {processor.py:830} INFO - Processing file /opt/airflow/dags/pipeline_dag.py for tasks to queue
[2026-05-01T17:20:50.017+0000] {logging_mixin.py:188} INFO - [2026-05-01T17:20:50.017+0000] {dagbag.py:545} INFO - Filling up the DagBag from /opt/airflow/dags/pipeline_dag.py
[2026-05-01T17:20:50.033+0000] {processor.py:840} INFO - DAG(s) 'data_pipeline' retrieved from /opt/airflow/dags/pipeline_dag.py
[2026-05-01T17:20:50.085+0000] {logging_mixin.py:188} INFO - [2026-05-01T17:20:50.085+0000] {dag.py:3089} INFO - Sync 1 DAGs
[2026-05-01T17:20:50.114+0000] {logging_mixin.py:188} INFO - [2026-05-01T17:20:50.113+0000] {dag.py:3947} INFO - Setting next_dagrun for data_pipeline to 2026-05-01 06:00:00+00:00, run_after=2026-05-02 06:00:00+00:00
[2026-05-01T17:20:50.149+0000] {processor.py:183} INFO - Processing /opt/airflow/dags/pipeline_dag.py took 0.147 seconds
[2026-05-01T17:21:20.316+0000] {processor.py:161} INFO - Started process (PID=936) to work on /opt/airflow/dags/pipeline_dag.py
[2026-05-01T17:21:20.317+0000] {processor.py:830} INFO - Processing file /opt/airflow/dags/pipeline_dag.py for tasks to queue
[2026-05-01T17:21:20.319+0000] {logging_mixin.py:188} INFO - [2026-05-01T17:21:20.319+0000] {dagbag.py:545} INFO - Filling up the DagBag from /opt/airflow/dags/pipeline_dag.py
[2026-05-01T17:21:20.336+0000] {processor.py:840} INFO - DAG(s) 'data_pipeline' retrieved from /opt/airflow/dags/pipeline_dag.py
[2026-05-01T17:21:20.387+0000] {logging_mixin.py:188} INFO - [2026-05-01T17:21:20.387+0000] {dag.py:3089} INFO - Sync 1 DAGs
[2026-05-01T17:21:20.423+0000] {logging_mixin.py:188} INFO - [2026-05-01T17:21:20.422+0000] {dag.py:3947} INFO - Setting next_dagrun for data_pipeline to 2026-05-01 06:00:00+00:00, run_after=2026-05-02 06:00:00+00:00
[2026-05-01T17:21:20.462+0000] {processor.py:183} INFO - Processing /opt/airflow/dags/pipeline_dag.py took 0.159 seconds
[2026-05-01T17:21:50.667+0000] {processor.py:161} INFO - Started process (PID=941) to work on /opt/airflow/dags/pipeline_dag.py
[2026-05-01T17:21:50.669+0000] {processor.py:830} INFO - Processing file /opt/airflow/dags/pipeline_dag.py for tasks to queue
[2026-05-01T17:21:50.671+0000] {logging_mixin.py:188} INFO - [2026-05-01T17:21:50.671+0000] {dagbag.py:545} INFO - Filling up the DagBag from /opt/airflow/dags/pipeline_dag.py
[2026-05-01T17:21:50.693+0000] {processor.py:840} INFO - DAG(s) 'data_pipeline' retrieved from /opt/airflow/dags/pipeline_dag.py
[2026-05-01T17:21:50.745+0000] {logging_mixin.py:188} INFO - [2026-05-01T17:21:50.744+0000] {dag.py:3089} INFO - Sync 1 DAGs
[2026-05-01T17:21:50.772+0000] {logging_mixin.py:188} INFO - [2026-05-01T17:21:50.771+0000] {dag.py:3947} INFO - Setting next_dagrun for data_pipeline to 2026-05-01 06:00:00+00:00, run_after=2026-05-02 06:00:00+00:00
[2026-05-01T17:21:50.797+0000] {processor.py:183} INFO - Processing /opt/airflow/dags/pipeline_dag.py took 0.140 seconds
[2026-05-01T17:22:20.849+0000] {processor.py:161} INFO - Started process (PID=946) to work on /opt/airflow/dags/pipeline_dag.py
[2026-05-01T17:22:20.850+0000] {processor.py:830} INFO - Processing file /opt/airflow/dags/pipeline_dag.py for tasks to queue
[2026-05-01T17:22:20.852+0000] {logging_mixin.py:188} INFO - [2026-05-01T17:22:20.852+0000] {dagbag.py:545} INFO - Filling up the DagBag from /opt/airflow/dags/pipeline_dag.py
[2026-05-01T17:22:20.870+0000] {processor.py:840} INFO - DAG(s) 'data_pipeline' retrieved from /opt/airflow/dags/pipeline_dag.py
[2026-05-01T17:22:20.927+0000] {logging_mixin.py:188} INFO - [2026-05-01T17:22:20.926+0000] {dag.py:3089} INFO - Sync 1 DAGs
[2026-05-01T17:22:20.960+0000] {logging_mixin.py:188} INFO - [2026-05-01T17:22:20.960+0000] {dag.py:3947} INFO - Setting next_dagrun for data_pipeline to 2026-05-01 06:00:00+00:00, run_after=2026-05-02 06:00:00+00:00
[2026-05-01T17:22:21.004+0000] {processor.py:183} INFO - Processing /opt/airflow/dags/pipeline_dag.py took 0.165 seconds
[2026-05-01T17:22:51.178+0000] {processor.py:161} INFO - Started process (PID=951) to work on /opt/airflow/dags/pipeline_dag.py
[2026-05-01T17:22:51.188+0000] {processor.py:830} INFO - Processing file /opt/airflow/dags/pipeline_dag.py for tasks to queue
[2026-05-01T17:22:51.191+0000] {logging_mixin.py:188} INFO - [2026-05-01T17:22:51.190+0000] {dagbag.py:545} INFO - Filling up the DagBag from /opt/airflow/dags/pipeline_dag.py
[2026-05-01T17:22:51.209+0000] {processor.py:840} INFO - DAG(s) 'data_pipeline' retrieved from /opt/airflow/dags/pipeline_dag.py
[2026-05-01T17:22:51.260+0000] {logging_mixin.py:188} INFO - [2026-05-01T17:22:51.260+0000] {dag.py:3089} INFO - Sync 1 DAGs
[2026-05-01T17:22:51.296+0000] {logging_mixin.py:188} INFO - [2026-05-01T17:22:51.296+0000] {dag.py:3947} INFO - Setting next_dagrun for data_pipeline to 2026-05-01 06:00:00+00:00, run_after=2026-05-02 06:00:00+00:00
[2026-05-01T17:22:51.335+0000] {processor.py:183} INFO - Processing /opt/airflow/dags/pipeline_dag.py took 0.168 seconds
[2026-05-01T17:23:21.534+0000] {processor.py:161} INFO - Started process (PID=956) to work on /opt/airflow/dags/pipeline_dag.py
[2026-05-01T17:23:21.535+0000] {processor.py:830} INFO - Processing file /opt/airflow/dags/pipeline_dag.py for tasks to queue
[2026-05-01T17:23:21.537+0000] {logging_mixin.py:188} INFO - [2026-05-01T17:23:21.537+0000] {dagbag.py:545} INFO - Filling up the DagBag from /opt/airflow/dags/pipeline_dag.py
[2026-05-01T17:23:21.554+0000] {processor.py:840} INFO - DAG(s) 'data_pipeline' retrieved from /opt/airflow/dags/pipeline_dag.py
[2026-05-01T17:23:21.613+0000] {logging_mixin.py:188} INFO - [2026-05-01T17:23:21.613+0000] {dag.py:3089} INFO - Sync 1 DAGs
[2026-05-01T17:23:21.650+0000] {logging_mixin.py:188} INFO - [2026-05-01T17:23:21.649+0000] {dag.py:3947} INFO - Setting next_dagrun for data_pipeline to 2026-05-01 06:00:00+00:00, run_after=2026-05-02 06:00:00+00:00
[2026-05-01T17:23:21.686+0000] {processor.py:183} INFO - Processing /opt/airflow/dags/pipeline_dag.py took 0.161 seconds
[2026-05-01T17:23:51.887+0000] {processor.py:161} INFO - Started process (PID=961) to work on /opt/airflow/dags/pipeline_dag.py
[2026-05-01T17:23:51.889+0000] {processor.py:830} INFO - Processing file /opt/airflow/dags/pipeline_dag.py for tasks to queue
[2026-05-01T17:23:51.891+0000] {logging_mixin.py:188} INFO - [2026-05-01T17:23:51.891+0000] {dagbag.py:545} INFO - Filling up the DagBag from /opt/airflow/dags/pipeline_dag.py
[2026-05-01T17:23:51.910+0000] {processor.py:840} INFO - DAG(s) 'data_pipeline' retrieved from /opt/airflow/dags/pipeline_dag.py
[2026-05-01T17:23:51.954+0000] {logging_mixin.py:188} INFO - [2026-05-01T17:23:51.954+0000] {dag.py:3089} INFO - Sync 1 DAGs
[2026-05-01T17:23:51.981+0000] {logging_mixin.py:188} INFO - [2026-05-01T17:23:51.981+0000] {dag.py:3947} INFO - Setting next_dagrun for data_pipeline to 2026-05-01 06:00:00+00:00, run_after=2026-05-02 06:00:00+00:00
[2026-05-01T17:23:52.007+0000] {processor.py:183} INFO - Processing /opt/airflow/dags/pipeline_dag.py took 0.128 seconds
[2026-05-01T17:24:22.077+0000] {processor.py:161} INFO - Started process (PID=966) to work on /opt/airflow/dags/pipeline_dag.py
[2026-05-01T17:24:22.086+0000] {processor.py:830} INFO - Processing file /opt/airflow/dags/pipeline_dag.py for tasks to queue
[2026-05-01T17:24:22.089+0000] {logging_mixin.py:188} INFO - [2026-05-01T17:24:22.088+0000] {dagbag.py:545} INFO - Filling up the DagBag from /opt/airflow/dags/pipeline_dag.py
[2026-05-01T17:24:22.107+0000] {processor.py:840} INFO - DAG(s) 'data_pipeline' retrieved from /opt/airflow/dags/pipeline_dag.py
[2026-05-01T17:24:22.155+0000] {logging_mixin.py:188} INFO - [2026-05-01T17:24:22.155+0000] {dag.py:3089} INFO - Sync 1 DAGs
[2026-05-01T17:24:22.187+0000] {logging_mixin.py:188} INFO - [2026-05-01T17:24:22.187+0000] {dag.py:3947} INFO - Setting next_dagrun for data_pipeline to 2026-05-01 06:00:00+00:00, run_after=2026-05-02 06:00:00+00:00
[2026-05-01T17:24:22.222+0000] {processor.py:183} INFO - Processing /opt/airflow/dags/pipeline_dag.py took 0.157 seconds
[2026-05-01T17:24:52.368+0000] {processor.py:161} INFO - Started process (PID=971) to work on /opt/airflow/dags/pipeline_dag.py
[2026-05-01T17:24:52.369+0000] {processor.py:830} INFO - Processing file /opt/airflow/dags/pipeline_dag.py for tasks to queue
[2026-05-01T17:24:52.371+0000] {logging_mixin.py:188} INFO - [2026-05-01T17:24:52.371+0000] {dagbag.py:545} INFO - Filling up the DagBag from /opt/airflow/dags/pipeline_dag.py
[2026-05-01T17:24:52.389+0000] {processor.py:840} INFO - DAG(s) 'data_pipeline' retrieved from /opt/airflow/dags/pipeline_dag.py
[2026-05-01T17:24:52.443+0000] {logging_mixin.py:188} INFO - [2026-05-01T17:24:52.442+0000] {dag.py:3089} INFO - Sync 1 DAGs
[2026-05-01T17:24:52.476+0000] {logging_mixin.py:188} INFO - [2026-05-01T17:24:52.476+0000] {dag.py:3947} INFO - Setting next_dagrun for data_pipeline to 2026-05-01 06:00:00+00:00, run_after=2026-05-02 06:00:00+00:00
[2026-05-01T17:24:52.515+0000] {processor.py:183} INFO - Processing /opt/airflow/dags/pipeline_dag.py took 0.156 seconds
[2026-05-01T17:25:22.586+0000] {processor.py:161} INFO - Started process (PID=976) to work on /opt/airflow/dags/pipeline_dag.py
[2026-05-01T17:25:22.596+0000] {processor.py:830} INFO - Processing file /opt/airflow/dags/pipeline_dag.py for tasks to queue
[2026-05-01T17:25:22.598+0000] {logging_mixin.py:188} INFO - [2026-05-01T17:25:22.598+0000] {dagbag.py:545} INFO - Filling up the DagBag from /opt/airflow/dags/pipeline_dag.py
[2026-05-01T17:25:22.617+0000] {processor.py:840} INFO - DAG(s) 'data_pipeline' retrieved from /opt/airflow/dags/pipeline_dag.py
[2026-05-01T17:25:22.674+0000] {logging_mixin.py:188} INFO - [2026-05-01T17:25:22.674+0000] {dag.py:3089} INFO - Sync 1 DAGs
[2026-05-01T17:25:22.711+0000] {logging_mixin.py:188} INFO - [2026-05-01T17:25:22.711+0000] {dag.py:3947} INFO - Setting next_dagrun for data_pipeline to 2026-05-01 06:00:00+00:00, run_after=2026-05-02 06:00:00+00:00
[2026-05-01T17:25:22.755+0000] {processor.py:183} INFO - Processing /opt/airflow/dags/pipeline_dag.py took 0.181 seconds
[2026-05-01T17:25:52.915+0000] {processor.py:161} INFO - Started process (PID=981) to work on /opt/airflow/dags/pipeline_dag.py
[2026-05-01T17:25:52.916+0000] {processor.py:830} INFO - Processing file /opt/airflow/dags/pipeline_dag.py for tasks to queue
[2026-05-01T17:25:52.919+0000] {logging_mixin.py:188} INFO - [2026-05-01T17:25:52.918+0000] {dagbag.py:545} INFO - Filling up the DagBag from /opt/airflow/dags/pipeline_dag.py
[2026-05-01T17:25:52.938+0000] {processor.py:840} INFO - DAG(s) 'data_pipeline' retrieved from /opt/airflow/dags/pipeline_dag.py
[2026-05-01T17:25:52.992+0000] {logging_mixin.py:188} INFO - [2026-05-01T17:25:52.991+0000] {dag.py:3089} INFO - Sync 1 DAGs
[2026-05-01T17:25:53.016+0000] {logging_mixin.py:188} INFO - [2026-05-01T17:25:53.016+0000] {dag.py:3947} INFO - Setting next_dagrun for data_pipeline to 2026-05-01 06:00:00+00:00, run_after=2026-05-02 06:00:00+00:00
[2026-05-01T17:25:53.045+0000] {processor.py:183} INFO - Processing /opt/airflow/dags/pipeline_dag.py took 0.139 seconds
[2026-05-01T17:26:23.137+0000] {processor.py:161} INFO - Started process (PID=986) to work on /opt/airflow/dags/pipeline_dag.py
[2026-05-01T17:26:23.146+0000] {processor.py:830} INFO - Processing file /opt/airflow/dags/pipeline_dag.py for tasks to queue
[2026-05-01T17:26:23.149+0000] {logging_mixin.py:188} INFO - [2026-05-01T17:26:23.149+0000] {dagbag.py:545} INFO - Filling up the DagBag from /opt/airflow/dags/pipeline_dag.py
[2026-05-01T17:26:23.167+0000] {processor.py:840} INFO - DAG(s) 'data_pipeline' retrieved from /opt/airflow/dags/pipeline_dag.py
[2026-05-01T17:26:23.223+0000] {logging_mixin.py:188} INFO - [2026-05-01T17:26:23.222+0000] {dag.py:3089} INFO - Sync 1 DAGs
[2026-05-01T17:26:23.272+0000] {logging_mixin.py:188} INFO - [2026-05-01T17:26:23.271+0000] {dag.py:3947} INFO - Setting next_dagrun for data_pipeline to 2026-05-01 06:00:00+00:00, run_after=2026-05-02 06:00:00+00:00
[2026-05-01T17:26:23.305+0000] {processor.py:183} INFO - Processing /opt/airflow/dags/pipeline_dag.py took 0.178 seconds
[2026-05-01T17:26:53.425+0000] {processor.py:161} INFO - Started process (PID=991) to work on /opt/airflow/dags/pipeline_dag.py
[2026-05-01T17:26:53.426+0000] {processor.py:830} INFO - Processing file /opt/airflow/dags/pipeline_dag.py for tasks to queue
[2026-05-01T17:26:53.428+0000] {logging_mixin.py:188} INFO - [2026-05-01T17:26:53.428+0000] {dagbag.py:545} INFO - Filling up the DagBag from /opt/airflow/dags/pipeline_dag.py
[2026-05-01T17:26:53.447+0000] {processor.py:840} INFO - DAG(s) 'data_pipeline' retrieved from /opt/airflow/dags/pipeline_dag.py
[2026-05-01T17:26:53.503+0000] {logging_mixin.py:188} INFO - [2026-05-01T17:26:53.503+0000] {dag.py:3089} INFO - Sync 1 DAGs
[2026-05-01T17:26:53.535+0000] {logging_mixin.py:188} INFO - [2026-05-01T17:26:53.535+0000] {dag.py:3947} INFO - Setting next_dagrun for data_pipeline to 2026-05-01 06:00:00+00:00, run_after=2026-05-02 06:00:00+00:00
[2026-05-01T17:26:53.581+0000] {processor.py:183} INFO - Processing /opt/airflow/dags/pipeline_dag.py took 0.169 seconds
[2026-05-01T17:27:23.678+0000] {processor.py:161} INFO - Started process (PID=996) to work on /opt/airflow/dags/pipeline_dag.py
[2026-05-01T17:27:23.688+0000] {processor.py:830} INFO - Processing file /opt/airflow/dags/pipeline_dag.py for tasks to queue
[2026-05-01T17:27:23.691+0000] {logging_mixin.py:188} INFO - [2026-05-01T17:27:23.691+0000] {dagbag.py:545} INFO - Filling up the DagBag from /opt/airflow/dags/pipeline_dag.py
[2026-05-01T17:27:23.712+0000] {processor.py:840} INFO - DAG(s) 'data_pipeline' retrieved from /opt/airflow/dags/pipeline_dag.py
[2026-05-01T17:27:23.766+0000] {logging_mixin.py:188} INFO - [2026-05-01T17:27:23.765+0000] {dag.py:3089} INFO - Sync 1 DAGs
[2026-05-01T17:27:23.799+0000] {logging_mixin.py:188} INFO - [2026-05-01T17:27:23.799+0000] {dag.py:3947} INFO - Setting next_dagrun for data_pipeline to 2026-05-01 06:00:00+00:00, run_after=2026-05-02 06:00:00+00:00
[2026-05-01T17:27:23.837+0000] {processor.py:183} INFO - Processing /opt/airflow/dags/pipeline_dag.py took 0.169 seconds
[2026-05-01T17:27:53.975+0000] {processor.py:161} INFO - Started process (PID=1001) to work on /opt/airflow/dags/pipeline_dag.py
[2026-05-01T17:27:53.976+0000] {processor.py:830} INFO - Processing file /opt/airflow/dags/pipeline_dag.py for tasks to queue
[2026-05-01T17:27:53.978+0000] {logging_mixin.py:188} INFO - [2026-05-01T17:27:53.978+0000] {dagbag.py:545} INFO - Filling up the DagBag from /opt/airflow/dags/pipeline_dag.py
[2026-05-01T17:27:53.992+0000] {processor.py:840} INFO - DAG(s) 'data_pipeline' retrieved from /opt/airflow/dags/pipeline_dag.py
[2026-05-01T17:27:54.033+0000] {logging_mixin.py:188} INFO - [2026-05-01T17:27:54.032+0000] {dag.py:3089} INFO - Sync 1 DAGs
[2026-05-01T17:27:54.058+0000] {logging_mixin.py:188} INFO - [2026-05-01T17:27:54.058+0000] {dag.py:3947} INFO - Setting next_dagrun for data_pipeline to 2026-05-01 06:00:00+00:00, run_after=2026-05-02 06:00:00+00:00
[2026-05-01T17:27:54.079+0000] {processor.py:183} INFO - Processing /opt/airflow/dags/pipeline_dag.py took 0.111 seconds
[2026-05-01T17:28:24.261+0000] {processor.py:161} INFO - Started process (PID=1006) to work on /opt/airflow/dags/pipeline_dag.py
[2026-05-01T17:28:24.271+0000] {processor.py:830} INFO - Processing file /opt/airflow/dags/pipeline_dag.py for tasks to queue
[2026-05-01T17:28:24.274+0000] {logging_mixin.py:188} INFO - [2026-05-01T17:28:24.274+0000] {dagbag.py:545} INFO - Filling up the DagBag from /opt/airflow/dags/pipeline_dag.py
[2026-05-01T17:28:24.289+0000] {processor.py:840} INFO - DAG(s) 'data_pipeline' retrieved from /opt/airflow/dags/pipeline_dag.py
[2026-05-01T17:28:24.334+0000] {logging_mixin.py:188} INFO - [2026-05-01T17:28:24.334+0000] {dag.py:3089} INFO - Sync 1 DAGs
[2026-05-01T17:28:24.361+0000] {logging_mixin.py:188} INFO - [2026-05-01T17:28:24.361+0000] {dag.py:3947} INFO - Setting next_dagrun for data_pipeline to 2026-05-01 06:00:00+00:00, run_after=2026-05-02 06:00:00+00:00
[2026-05-01T17:28:24.383+0000] {processor.py:183} INFO - Processing /opt/airflow/dags/pipeline_dag.py took 0.131 seconds
[2026-05-01T17:28:54.487+0000] {processor.py:161} INFO - Started process (PID=1011) to work on /opt/airflow/dags/pipeline_dag.py
[2026-05-01T17:28:54.489+0000] {processor.py:830} INFO - Processing file /opt/airflow/dags/pipeline_dag.py for tasks to queue
[2026-05-01T17:28:54.491+0000] {logging_mixin.py:188} INFO - [2026-05-01T17:28:54.490+0000] {dagbag.py:545} INFO - Filling up the DagBag from /opt/airflow/dags/pipeline_dag.py
[2026-05-01T17:28:54.506+0000] {processor.py:840} INFO - DAG(s) 'data_pipeline' retrieved from /opt/airflow/dags/pipeline_dag.py
[2026-05-01T17:28:54.546+0000] {logging_mixin.py:188} INFO - [2026-05-01T17:28:54.546+0000] {dag.py:3089} INFO - Sync 1 DAGs
[2026-05-01T17:28:54.574+0000] {logging_mixin.py:188} INFO - [2026-05-01T17:28:54.573+0000] {dag.py:3947} INFO - Setting next_dagrun for data_pipeline to 2026-05-01 06:00:00+00:00, run_after=2026-05-02 06:00:00+00:00
[2026-05-01T17:28:54.598+0000] {processor.py:183} INFO - Processing /opt/airflow/dags/pipeline_dag.py took 0.119 seconds
[2026-05-01T17:29:24.797+0000] {processor.py:161} INFO - Started process (PID=1016) to work on /opt/airflow/dags/pipeline_dag.py
[2026-05-01T17:29:24.798+0000] {processor.py:830} INFO - Processing file /opt/airflow/dags/pipeline_dag.py for tasks to queue
[2026-05-01T17:29:24.800+0000] {logging_mixin.py:188} INFO - [2026-05-01T17:29:24.800+0000] {dagbag.py:545} INFO - Filling up the DagBag from /opt/airflow/dags/pipeline_dag.py
[2026-05-01T17:29:24.815+0000] {processor.py:840} INFO - DAG(s) 'data_pipeline' retrieved from /opt/airflow/dags/pipeline_dag.py
[2026-05-01T17:29:24.855+0000] {logging_mixin.py:188} INFO - [2026-05-01T17:29:24.854+0000] {dag.py:3089} INFO - Sync 1 DAGs
[2026-05-01T17:29:24.880+0000] {logging_mixin.py:188} INFO - [2026-05-01T17:29:24.880+0000] {dag.py:3947} INFO - Setting next_dagrun for data_pipeline to 2026-05-01 06:00:00+00:00, run_after=2026-05-02 06:00:00+00:00
[2026-05-01T17:29:24.902+0000] {processor.py:183} INFO - Processing /opt/airflow/dags/pipeline_dag.py took 0.113 seconds
[2026-05-01T17:29:55.000+0000] {processor.py:161} INFO - Started process (PID=1021) to work on /opt/airflow/dags/pipeline_dag.py
[2026-05-01T17:29:55.010+0000] {processor.py:830} INFO - Processing file /opt/airflow/dags/pipeline_dag.py for tasks to queue
[2026-05-01T17:29:55.013+0000] {logging_mixin.py:188} INFO - [2026-05-01T17:29:55.012+0000] {dagbag.py:545} INFO - Filling up the DagBag from /opt/airflow/dags/pipeline_dag.py
[2026-05-01T17:29:55.027+0000] {processor.py:840} INFO - DAG(s) 'data_pipeline' retrieved from /opt/airflow/dags/pipeline_dag.py
[2026-05-01T17:29:55.066+0000] {logging_mixin.py:188} INFO - [2026-05-01T17:29:55.065+0000] {dag.py:3089} INFO - Sync 1 DAGs
[2026-05-01T17:29:55.092+0000] {logging_mixin.py:188} INFO - [2026-05-01T17:29:55.092+0000] {dag.py:3947} INFO - Setting next_dagrun for data_pipeline to 2026-05-01 06:00:00+00:00, run_after=2026-05-02 06:00:00+00:00
[2026-05-01T17:29:55.113+0000] {processor.py:183} INFO - Processing /opt/airflow/dags/pipeline_dag.py took 0.122 seconds
[2026-05-01T17:30:25.299+0000] {processor.py:161} INFO - Started process (PID=1026) to work on /opt/airflow/dags/pipeline_dag.py
[2026-05-01T17:30:25.300+0000] {processor.py:830} INFO - Processing file /opt/airflow/dags/pipeline_dag.py for tasks to queue
[2026-05-01T17:30:25.301+0000] {logging_mixin.py:188} INFO - [2026-05-01T17:30:25.301+0000] {dagbag.py:545} INFO - Filling up the DagBag from /opt/airflow/dags/pipeline_dag.py
[2026-05-01T17:30:25.318+0000] {processor.py:840} INFO - DAG(s) 'data_pipeline' retrieved from /opt/airflow/dags/pipeline_dag.py
[2026-05-01T17:30:25.360+0000] {logging_mixin.py:188} INFO - [2026-05-01T17:30:25.360+0000] {dag.py:3089} INFO - Sync 1 DAGs
[2026-05-01T17:30:25.387+0000] {logging_mixin.py:188} INFO - [2026-05-01T17:30:25.387+0000] {dag.py:3947} INFO - Setting next_dagrun for data_pipeline to 2026-05-01 06:00:00+00:00, run_after=2026-05-02 06:00:00+00:00
[2026-05-01T17:30:25.420+0000] {processor.py:183} INFO - Processing /opt/airflow/dags/pipeline_dag.py took 0.130 seconds
[2026-05-01T17:30:55.522+0000] {processor.py:161} INFO - Started process (PID=1031) to work on /opt/airflow/dags/pipeline_dag.py
[2026-05-01T17:30:55.532+0000] {processor.py:830} INFO - Processing file /opt/airflow/dags/pipeline_dag.py for tasks to queue
[2026-05-01T17:30:55.536+0000] {logging_mixin.py:188} INFO - [2026-05-01T17:30:55.535+0000] {dagbag.py:545} INFO - Filling up the DagBag from /opt/airflow/dags/pipeline_dag.py
[2026-05-01T17:30:55.551+0000] {processor.py:840} INFO - DAG(s) 'data_pipeline' retrieved from /opt/airflow/dags/pipeline_dag.py
[2026-05-01T17:30:55.592+0000] {logging_mixin.py:188} INFO - [2026-05-01T17:30:55.591+0000] {dag.py:3089} INFO - Sync 1 DAGs
[2026-05-01T17:30:55.620+0000] {logging_mixin.py:188} INFO - [2026-05-01T17:30:55.620+0000] {dag.py:3947} INFO - Setting next_dagrun for data_pipeline to 2026-05-01 06:00:00+00:00, run_after=2026-05-02 06:00:00+00:00
[2026-05-01T17:30:55.643+0000] {processor.py:183} INFO - Processing /opt/airflow/dags/pipeline_dag.py took 0.129 seconds
[2026-05-01T17:31:25.828+0000] {processor.py:161} INFO - Started process (PID=1036) to work on /opt/airflow/dags/pipeline_dag.py
[2026-05-01T17:31:25.829+0000] {processor.py:830} INFO - Processing file /opt/airflow/dags/pipeline_dag.py for tasks to queue
[2026-05-01T17:31:25.831+0000] {logging_mixin.py:188} INFO - [2026-05-01T17:31:25.830+0000] {dagbag.py:545} INFO - Filling up the DagBag from /opt/airflow/dags/pipeline_dag.py
[2026-05-01T17:31:25.845+0000] {processor.py:840} INFO - DAG(s) 'data_pipeline' retrieved from /opt/airflow/dags/pipeline_dag.py
[2026-05-01T17:31:25.882+0000] {logging_mixin.py:188} INFO - [2026-05-01T17:31:25.882+0000] {dag.py:3089} INFO - Sync 1 DAGs
[2026-05-01T17:31:25.907+0000] {logging_mixin.py:188} INFO - [2026-05-01T17:31:25.907+0000] {dag.py:3947} INFO - Setting next_dagrun for data_pipeline to 2026-05-01 06:00:00+00:00, run_after=2026-05-02 06:00:00+00:00
[2026-05-01T17:31:25.929+0000] {processor.py:183} INFO - Processing /opt/airflow/dags/pipeline_dag.py took 0.108 seconds
[2026-05-01T17:31:56.047+0000] {processor.py:161} INFO - Started process (PID=1041) to work on /opt/airflow/dags/pipeline_dag.py
[2026-05-01T17:31:56.048+0000] {processor.py:830} INFO - Processing file /opt/airflow/dags/pipeline_dag.py for tasks to queue
[2026-05-01T17:31:56.050+0000] {logging_mixin.py:188} INFO - [2026-05-01T17:31:56.050+0000] {dagbag.py:545} INFO - Filling up the DagBag from /opt/airflow/dags/pipeline_dag.py
[2026-05-01T17:31:56.066+0000] {processor.py:840} INFO - DAG(s) 'data_pipeline' retrieved from /opt/airflow/dags/pipeline_dag.py
[2026-05-01T17:31:56.110+0000] {logging_mixin.py:188} INFO - [2026-05-01T17:31:56.109+0000] {dag.py:3089} INFO - Sync 1 DAGs
[2026-05-01T17:31:56.140+0000] {logging_mixin.py:188} INFO - [2026-05-01T17:31:56.139+0000] {dag.py:3947} INFO - Setting next_dagrun for data_pipeline to 2026-05-01 06:00:00+00:00, run_after=2026-05-02 06:00:00+00:00
[2026-05-01T17:31:56.166+0000] {processor.py:183} INFO - Processing /opt/airflow/dags/pipeline_dag.py took 0.127 seconds
[2026-05-01T17:32:26.332+0000] {processor.py:161} INFO - Started process (PID=1046) to work on /opt/airflow/dags/pipeline_dag.py
[2026-05-01T17:32:26.333+0000] {processor.py:830} INFO - Processing file /opt/airflow/dags/pipeline_dag.py for tasks to queue
[2026-05-01T17:32:26.335+0000] {logging_mixin.py:188} INFO - [2026-05-01T17:32:26.335+0000] {dagbag.py:545} INFO - Filling up the DagBag from /opt/airflow/dags/pipeline_dag.py
[2026-05-01T17:32:26.351+0000] {processor.py:840} INFO - DAG(s) 'data_pipeline' retrieved from /opt/airflow/dags/pipeline_dag.py
[2026-05-01T17:32:26.391+0000] {logging_mixin.py:188} INFO - [2026-05-01T17:32:26.390+0000] {dag.py:3089} INFO - Sync 1 DAGs
[2026-05-01T17:32:26.420+0000] {logging_mixin.py:188} INFO - [2026-05-01T17:32:26.420+0000] {dag.py:3947} INFO - Setting next_dagrun for data_pipeline to 2026-05-01 06:00:00+00:00, run_after=2026-05-02 06:00:00+00:00
[2026-05-01T17:32:26.445+0000] {processor.py:183} INFO - Processing /opt/airflow/dags/pipeline_dag.py took 0.121 seconds
[2026-05-01T17:32:56.557+0000] {processor.py:161} INFO - Started process (PID=1051) to work on /opt/airflow/dags/pipeline_dag.py
[2026-05-01T17:32:56.567+0000] {processor.py:830} INFO - Processing file /opt/airflow/dags/pipeline_dag.py for tasks to queue
[2026-05-01T17:32:56.570+0000] {logging_mixin.py:188} INFO - [2026-05-01T17:32:56.570+0000] {dagbag.py:545} INFO - Filling up the DagBag from /opt/airflow/dags/pipeline_dag.py
[2026-05-01T17:32:56.584+0000] {processor.py:840} INFO - DAG(s) 'data_pipeline' retrieved from /opt/airflow/dags/pipeline_dag.py
[2026-05-01T17:32:56.624+0000] {logging_mixin.py:188} INFO - [2026-05-01T17:32:56.623+0000] {dag.py:3089} INFO - Sync 1 DAGs
[2026-05-01T17:32:56.650+0000] {logging_mixin.py:188} INFO - [2026-05-01T17:32:56.650+0000] {dag.py:3947} INFO - Setting next_dagrun for data_pipeline to 2026-05-01 06:00:00+00:00, run_after=2026-05-02 06:00:00+00:00
[2026-05-01T17:32:56.671+0000] {processor.py:183} INFO - Processing /opt/airflow/dags/pipeline_dag.py took 0.124 seconds
[2026-05-01T17:33:26.842+0000] {processor.py:161} INFO - Started process (PID=1056) to work on /opt/airflow/dags/pipeline_dag.py
[2026-05-01T17:33:26.843+0000] {processor.py:830} INFO - Processing file /opt/airflow/dags/pipeline_dag.py for tasks to queue
[2026-05-01T17:33:26.846+0000] {logging_mixin.py:188} INFO - [2026-05-01T17:33:26.846+0000] {dagbag.py:545} INFO - Filling up the DagBag from /opt/airflow/dags/pipeline_dag.py
[2026-05-01T17:33:26.863+0000] {processor.py:840} INFO - DAG(s) 'data_pipeline' retrieved from /opt/airflow/dags/pipeline_dag.py
[2026-05-01T17:33:26.904+0000] {logging_mixin.py:188} INFO - [2026-05-01T17:33:26.904+0000] {dag.py:3089} INFO - Sync 1 DAGs
[2026-05-01T17:33:26.931+0000] {logging_mixin.py:188} INFO - [2026-05-01T17:33:26.931+0000] {dag.py:3947} INFO - Setting next_dagrun for data_pipeline to 2026-05-01 06:00:00+00:00, run_after=2026-05-02 06:00:00+00:00
[2026-05-01T17:33:26.955+0000] {processor.py:183} INFO - Processing /opt/airflow/dags/pipeline_dag.py took 0.121 seconds
[2026-05-01T17:33:57.062+0000] {processor.py:161} INFO - Started process (PID=1061) to work on /opt/airflow/dags/pipeline_dag.py
[2026-05-01T17:33:57.072+0000] {processor.py:830} INFO - Processing file /opt/airflow/dags/pipeline_dag.py for tasks to queue
[2026-05-01T17:33:57.076+0000] {logging_mixin.py:188} INFO - [2026-05-01T17:33:57.076+0000] {dagbag.py:545} INFO - Filling up the DagBag from /opt/airflow/dags/pipeline_dag.py
[2026-05-01T17:33:57.091+0000] {processor.py:840} INFO - DAG(s) 'data_pipeline' retrieved from /opt/airflow/dags/pipeline_dag.py
[2026-05-01T17:33:57.131+0000] {logging_mixin.py:188} INFO - [2026-05-01T17:33:57.131+0000] {dag.py:3089} INFO - Sync 1 DAGs
[2026-05-01T17:33:57.158+0000] {logging_mixin.py:188} INFO - [2026-05-01T17:33:57.158+0000] {dag.py:3947} INFO - Setting next_dagrun for data_pipeline to 2026-05-01 06:00:00+00:00, run_after=2026-05-02 06:00:00+00:00
[2026-05-01T17:33:57.181+0000] {processor.py:183} INFO - Processing /opt/airflow/dags/pipeline_dag.py took 0.128 seconds
[2026-05-01T17:34:27.360+0000] {processor.py:161} INFO - Started process (PID=1066) to work on /opt/airflow/dags/pipeline_dag.py
[2026-05-01T17:34:27.369+0000] {processor.py:830} INFO - Processing file /opt/airflow/dags/pipeline_dag.py for tasks to queue
[2026-05-01T17:34:27.373+0000] {logging_mixin.py:188} INFO - [2026-05-01T17:34:27.373+0000] {dagbag.py:545} INFO - Filling up the DagBag from /opt/airflow/dags/pipeline_dag.py
[2026-05-01T17:34:27.387+0000] {processor.py:840} INFO - DAG(s) 'data_pipeline' retrieved from /opt/airflow/dags/pipeline_dag.py
[2026-05-01T17:34:27.426+0000] {logging_mixin.py:188} INFO - [2026-05-01T17:34:27.426+0000] {dag.py:3089} INFO - Sync 1 DAGs
[2026-05-01T17:34:27.451+0000] {logging_mixin.py:188} INFO - [2026-05-01T17:34:27.451+0000] {dag.py:3947} INFO - Setting next_dagrun for data_pipeline to 2026-05-01 06:00:00+00:00, run_after=2026-05-02 06:00:00+00:00
[2026-05-01T17:34:27.474+0000] {processor.py:183} INFO - Processing /opt/airflow/dags/pipeline_dag.py took 0.124 seconds
[2026-05-01T17:34:57.557+0000] {processor.py:161} INFO - Started process (PID=1071) to work on /opt/airflow/dags/pipeline_dag.py
[2026-05-01T17:34:57.558+0000] {processor.py:830} INFO - Processing file /opt/airflow/dags/pipeline_dag.py for tasks to queue
[2026-05-01T17:34:57.561+0000] {logging_mixin.py:188} INFO - [2026-05-01T17:34:57.560+0000] {dagbag.py:545} INFO - Filling up the DagBag from /opt/airflow/dags/pipeline_dag.py
[2026-05-01T17:34:57.574+0000] {processor.py:840} INFO - DAG(s) 'data_pipeline' retrieved from /opt/airflow/dags/pipeline_dag.py
[2026-05-01T17:34:57.614+0000] {logging_mixin.py:188} INFO - [2026-05-01T17:34:57.614+0000] {dag.py:3089} INFO - Sync 1 DAGs
[2026-05-01T17:34:57.639+0000] {logging_mixin.py:188} INFO - [2026-05-01T17:34:57.639+0000] {dag.py:3947} INFO - Setting next_dagrun for data_pipeline to 2026-05-01 06:00:00+00:00, run_after=2026-05-02 06:00:00+00:00
[2026-05-01T17:34:57.661+0000] {processor.py:183} INFO - Processing /opt/airflow/dags/pipeline_dag.py took 0.112 seconds
[2026-05-01T17:35:27.879+0000] {processor.py:161} INFO - Started process (PID=1076) to work on /opt/airflow/dags/pipeline_dag.py
[2026-05-01T17:35:27.881+0000] {processor.py:830} INFO - Processing file /opt/airflow/dags/pipeline_dag.py for tasks to queue
[2026-05-01T17:35:27.883+0000] {logging_mixin.py:188} INFO - [2026-05-01T17:35:27.883+0000] {dagbag.py:545} INFO - Filling up the DagBag from /opt/airflow/dags/pipeline_dag.py
[2026-05-01T17:35:27.898+0000] {processor.py:840} INFO - DAG(s) 'data_pipeline' retrieved from /opt/airflow/dags/pipeline_dag.py
[2026-05-01T17:35:27.939+0000] {logging_mixin.py:188} INFO - [2026-05-01T17:35:27.938+0000] {dag.py:3089} INFO - Sync 1 DAGs
[2026-05-01T17:35:27.965+0000] {logging_mixin.py:188} INFO - [2026-05-01T17:35:27.965+0000] {dag.py:3947} INFO - Setting next_dagrun for data_pipeline to 2026-05-01 06:00:00+00:00, run_after=2026-05-02 06:00:00+00:00
[2026-05-01T17:35:27.990+0000] {processor.py:183} INFO - Processing /opt/airflow/dags/pipeline_dag.py took 0.119 seconds
[2026-05-01T17:35:58.091+0000] {processor.py:161} INFO - Started process (PID=1081) to work on /opt/airflow/dags/pipeline_dag.py
[2026-05-01T17:35:58.093+0000] {processor.py:830} INFO - Processing file /opt/airflow/dags/pipeline_dag.py for tasks to queue
[2026-05-01T17:35:58.094+0000] {logging_mixin.py:188} INFO - [2026-05-01T17:35:58.094+0000] {dagbag.py:545} INFO - Filling up the DagBag from /opt/airflow/dags/pipeline_dag.py
[2026-05-01T17:35:58.108+0000] {processor.py:840} INFO - DAG(s) 'data_pipeline' retrieved from /opt/airflow/dags/pipeline_dag.py
[2026-05-01T17:35:58.151+0000] {logging_mixin.py:188} INFO - [2026-05-01T17:35:58.150+0000] {dag.py:3089} INFO - Sync 1 DAGs
[2026-05-01T17:35:58.177+0000] {logging_mixin.py:188} INFO - [2026-05-01T17:35:58.177+0000] {dag.py:3947} INFO - Setting next_dagrun for data_pipeline to 2026-05-01 06:00:00+00:00, run_after=2026-05-02 06:00:00+00:00
[2026-05-01T17:35:58.199+0000] {processor.py:183} INFO - Processing /opt/airflow/dags/pipeline_dag.py took 0.116 seconds
[2026-05-01T17:36:28.402+0000] {processor.py:161} INFO - Started process (PID=1086) to work on /opt/airflow/dags/pipeline_dag.py
[2026-05-01T17:36:28.412+0000] {processor.py:830} INFO - Processing file /opt/airflow/dags/pipeline_dag.py for tasks to queue
[2026-05-01T17:36:28.414+0000] {logging_mixin.py:188} INFO - [2026-05-01T17:36:28.414+0000] {dagbag.py:545} INFO - Filling up the DagBag from /opt/airflow/dags/pipeline_dag.py
[2026-05-01T17:36:28.429+0000] {processor.py:840} INFO - DAG(s) 'data_pipeline' retrieved from /opt/airflow/dags/pipeline_dag.py
[2026-05-01T17:36:28.468+0000] {logging_mixin.py:188} INFO - [2026-05-01T17:36:28.468+0000] {dag.py:3089} INFO - Sync 1 DAGs
[2026-05-01T17:36:28.494+0000] {logging_mixin.py:188} INFO - [2026-05-01T17:36:28.494+0000] {dag.py:3947} INFO - Setting next_dagrun for data_pipeline to 2026-05-01 06:00:00+00:00, run_after=2026-05-02 06:00:00+00:00
[2026-05-01T17:36:28.516+0000] {processor.py:183} INFO - Processing /opt/airflow/dags/pipeline_dag.py took 0.121 seconds
[2026-05-01T17:36:58.602+0000] {processor.py:161} INFO - Started process (PID=1091) to work on /opt/airflow/dags/pipeline_dag.py
[2026-05-01T17:36:58.603+0000] {processor.py:830} INFO - Processing file /opt/airflow/dags/pipeline_dag.py for tasks to queue
[2026-05-01T17:36:58.605+0000] {logging_mixin.py:188} INFO - [2026-05-01T17:36:58.605+0000] {dagbag.py:545} INFO - Filling up the DagBag from /opt/airflow/dags/pipeline_dag.py
[2026-05-01T17:36:58.618+0000] {processor.py:840} INFO - DAG(s) 'data_pipeline' retrieved from /opt/airflow/dags/pipeline_dag.py
[2026-05-01T17:36:58.657+0000] {logging_mixin.py:188} INFO - [2026-05-01T17:36:58.657+0000] {dag.py:3089} INFO - Sync 1 DAGs
[2026-05-01T17:36:58.682+0000] {logging_mixin.py:188} INFO - [2026-05-01T17:36:58.682+0000] {dag.py:3947} INFO - Setting next_dagrun for data_pipeline to 2026-05-01 06:00:00+00:00, run_after=2026-05-02 06:00:00+00:00
[2026-05-01T17:36:58.705+0000] {processor.py:183} INFO - Processing /opt/airflow/dags/pipeline_dag.py took 0.110 seconds
[2026-05-01T17:37:28.920+0000] {processor.py:161} INFO - Started process (PID=1096) to work on /opt/airflow/dags/pipeline_dag.py
[2026-05-01T17:37:28.922+0000] {processor.py:830} INFO - Processing file /opt/airflow/dags/pipeline_dag.py for tasks to queue
[2026-05-01T17:37:28.924+0000] {logging_mixin.py:188} INFO - [2026-05-01T17:37:28.924+0000] {dagbag.py:545} INFO - Filling up the DagBag from /opt/airflow/dags/pipeline_dag.py
[2026-05-01T17:37:28.938+0000] {processor.py:840} INFO - DAG(s) 'data_pipeline' retrieved from /opt/airflow/dags/pipeline_dag.py
[2026-05-01T17:37:28.979+0000] {logging_mixin.py:188} INFO - [2026-05-01T17:37:28.979+0000] {dag.py:3089} INFO - Sync 1 DAGs
[2026-05-01T17:37:29.006+0000] {logging_mixin.py:188} INFO - [2026-05-01T17:37:29.006+0000] {dag.py:3947} INFO - Setting next_dagrun for data_pipeline to 2026-05-01 06:00:00+00:00, run_after=2026-05-02 06:00:00+00:00
[2026-05-01T17:37:29.028+0000] {processor.py:183} INFO - Processing /opt/airflow/dags/pipeline_dag.py took 0.117 seconds
[2026-05-01T17:37:59.124+0000] {processor.py:161} INFO - Started process (PID=1101) to work on /opt/airflow/dags/pipeline_dag.py
[2026-05-01T17:37:59.125+0000] {processor.py:830} INFO - Processing file /opt/airflow/dags/pipeline_dag.py for tasks to queue
[2026-05-01T17:37:59.127+0000] {logging_mixin.py:188} INFO - [2026-05-01T17:37:59.127+0000] {dagbag.py:545} INFO - Filling up the DagBag from /opt/airflow/dags/pipeline_dag.py
[2026-05-01T17:37:59.141+0000] {processor.py:840} INFO - DAG(s) 'data_pipeline' retrieved from /opt/airflow/dags/pipeline_dag.py
[2026-05-01T17:37:59.184+0000] {logging_mixin.py:188} INFO - [2026-05-01T17:37:59.184+0000] {dag.py:3089} INFO - Sync 1 DAGs
[2026-05-01T17:37:59.217+0000] {logging_mixin.py:188} INFO - [2026-05-01T17:37:59.216+0000] {dag.py:3947} INFO - Setting next_dagrun for data_pipeline to 2026-05-01 06:00:00+00:00, run_after=2026-05-02 06:00:00+00:00
[2026-05-01T17:37:59.241+0000] {processor.py:183} INFO - Processing /opt/airflow/dags/pipeline_dag.py took 0.127 seconds
[2026-05-01T17:38:29.439+0000] {processor.py:161} INFO - Started process (PID=1106) to work on /opt/airflow/dags/pipeline_dag.py
[2026-05-01T17:38:29.448+0000] {processor.py:830} INFO - Processing file /opt/airflow/dags/pipeline_dag.py for tasks to queue
[2026-05-01T17:38:29.452+0000] {logging_mixin.py:188} INFO - [2026-05-01T17:38:29.451+0000] {dagbag.py:545} INFO - Filling up the DagBag from /opt/airflow/dags/pipeline_dag.py
[2026-05-01T17:38:29.466+0000] {processor.py:840} INFO - DAG(s) 'data_pipeline' retrieved from /opt/airflow/dags/pipeline_dag.py
[2026-05-01T17:38:29.505+0000] {logging_mixin.py:188} INFO - [2026-05-01T17:38:29.505+0000] {dag.py:3089} INFO - Sync 1 DAGs
[2026-05-01T17:38:29.532+0000] {logging_mixin.py:188} INFO - [2026-05-01T17:38:29.532+0000] {dag.py:3947} INFO - Setting next_dagrun for data_pipeline to 2026-05-01 06:00:00+00:00, run_after=2026-05-02 06:00:00+00:00
[2026-05-01T17:38:29.555+0000] {processor.py:183} INFO - Processing /opt/airflow/dags/pipeline_dag.py took 0.127 seconds
[2026-05-01T17:38:59.648+0000] {processor.py:161} INFO - Started process (PID=1111) to work on /opt/airflow/dags/pipeline_dag.py
[2026-05-01T17:38:59.650+0000] {processor.py:830} INFO - Processing file /opt/airflow/dags/pipeline_dag.py for tasks to queue
[2026-05-01T17:38:59.652+0000] {logging_mixin.py:188} INFO - [2026-05-01T17:38:59.652+0000] {dagbag.py:545} INFO - Filling up the DagBag from /opt/airflow/dags/pipeline_dag.py
[2026-05-01T17:38:59.666+0000] {processor.py:840} INFO - DAG(s) 'data_pipeline' retrieved from /opt/airflow/dags/pipeline_dag.py
[2026-05-01T17:38:59.706+0000] {logging_mixin.py:188} INFO - [2026-05-01T17:38:59.705+0000] {dag.py:3089} INFO - Sync 1 DAGs
[2026-05-01T17:38:59.733+0000] {logging_mixin.py:188} INFO - [2026-05-01T17:38:59.733+0000] {dag.py:3947} INFO - Setting next_dagrun for data_pipeline to 2026-05-01 06:00:00+00:00, run_after=2026-05-02 06:00:00+00:00
[2026-05-01T17:38:59.757+0000] {processor.py:183} INFO - Processing /opt/airflow/dags/pipeline_dag.py took 0.117 seconds
[2026-05-01T17:39:29.957+0000] {processor.py:161} INFO - Started process (PID=1116) to work on /opt/airflow/dags/pipeline_dag.py
[2026-05-01T17:39:29.959+0000] {processor.py:830} INFO - Processing file /opt/airflow/dags/pipeline_dag.py for tasks to queue
[2026-05-01T17:39:29.961+0000] {logging_mixin.py:188} INFO - [2026-05-01T17:39:29.960+0000] {dagbag.py:545} INFO - Filling up the DagBag from /opt/airflow/dags/pipeline_dag.py
[2026-05-01T17:39:29.975+0000] {processor.py:840} INFO - DAG(s) 'data_pipeline' retrieved from /opt/airflow/dags/pipeline_dag.py
[2026-05-01T17:39:30.016+0000] {logging_mixin.py:188} INFO - [2026-05-01T17:39:30.016+0000] {dag.py:3089} INFO - Sync 1 DAGs
[2026-05-01T17:39:30.040+0000] {logging_mixin.py:188} INFO - [2026-05-01T17:39:30.040+0000] {dag.py:3947} INFO - Setting next_dagrun for data_pipeline to 2026-05-01 06:00:00+00:00, run_after=2026-05-02 06:00:00+00:00
[2026-05-01T17:39:30.060+0000] {processor.py:183} INFO - Processing /opt/airflow/dags/pipeline_dag.py took 0.110 seconds
[2026-05-01T17:40:00.162+0000] {processor.py:161} INFO - Started process (PID=1121) to work on /opt/airflow/dags/pipeline_dag.py
[2026-05-01T17:40:00.163+0000] {processor.py:830} INFO - Processing file /opt/airflow/dags/pipeline_dag.py for tasks to queue
[2026-05-01T17:40:00.165+0000] {logging_mixin.py:188} INFO - [2026-05-01T17:40:00.165+0000] {dagbag.py:545} INFO - Filling up the DagBag from /opt/airflow/dags/pipeline_dag.py
[2026-05-01T17:40:00.179+0000] {processor.py:840} INFO - DAG(s) 'data_pipeline' retrieved from /opt/airflow/dags/pipeline_dag.py
[2026-05-01T17:40:00.220+0000] {logging_mixin.py:188} INFO - [2026-05-01T17:40:00.219+0000] {dag.py:3089} INFO - Sync 1 DAGs
[2026-05-01T17:40:00.245+0000] {logging_mixin.py:188} INFO - [2026-05-01T17:40:00.245+0000] {dag.py:3947} INFO - Setting next_dagrun for data_pipeline to 2026-05-01 06:00:00+00:00, run_after=2026-05-02 06:00:00+00:00
[2026-05-01T17:40:00.267+0000] {processor.py:183} INFO - Processing /opt/airflow/dags/pipeline_dag.py took 0.114 seconds
[2026-05-01T17:40:30.464+0000] {processor.py:161} INFO - Started process (PID=1126) to work on /opt/airflow/dags/pipeline_dag.py
[2026-05-01T17:40:30.465+0000] {processor.py:830} INFO - Processing file /opt/airflow/dags/pipeline_dag.py for tasks to queue
[2026-05-01T17:40:30.467+0000] {logging_mixin.py:188} INFO - [2026-05-01T17:40:30.466+0000] {dagbag.py:545} INFO - Filling up the DagBag from /opt/airflow/dags/pipeline_dag.py
[2026-05-01T17:40:30.483+0000] {processor.py:840} INFO - DAG(s) 'data_pipeline' retrieved from /opt/airflow/dags/pipeline_dag.py
[2026-05-01T17:40:30.527+0000] {logging_mixin.py:188} INFO - [2026-05-01T17:40:30.526+0000] {dag.py:3089} INFO - Sync 1 DAGs
[2026-05-01T17:40:30.555+0000] {logging_mixin.py:188} INFO - [2026-05-01T17:40:30.555+0000] {dag.py:3947} INFO - Setting next_dagrun for data_pipeline to 2026-05-01 06:00:00+00:00, run_after=2026-05-02 06:00:00+00:00
[2026-05-01T17:40:30.578+0000] {processor.py:183} INFO - Processing /opt/airflow/dags/pipeline_dag.py took 0.124 seconds
[2026-05-01T17:41:00.687+0000] {processor.py:161} INFO - Started process (PID=1131) to work on /opt/airflow/dags/pipeline_dag.py
[2026-05-01T17:41:00.688+0000] {processor.py:830} INFO - Processing file /opt/airflow/dags/pipeline_dag.py for tasks to queue
[2026-05-01T17:41:00.690+0000] {logging_mixin.py:188} INFO - [2026-05-01T17:41:00.690+0000] {dagbag.py:545} INFO - Filling up the DagBag from /opt/airflow/dags/pipeline_dag.py
[2026-05-01T17:41:00.704+0000] {processor.py:840} INFO - DAG(s) 'data_pipeline' retrieved from /opt/airflow/dags/pipeline_dag.py
[2026-05-01T17:41:00.746+0000] {logging_mixin.py:188} INFO - [2026-05-01T17:41:00.746+0000] {dag.py:3089} INFO - Sync 1 DAGs
[2026-05-01T17:41:00.775+0000] {logging_mixin.py:188} INFO - [2026-05-01T17:41:00.774+0000] {dag.py:3947} INFO - Setting next_dagrun for data_pipeline to 2026-05-01 06:00:00+00:00, run_after=2026-05-02 06:00:00+00:00
[2026-05-01T17:41:00.799+0000] {processor.py:183} INFO - Processing /opt/airflow/dags/pipeline_dag.py took 0.120 seconds
[2026-05-01T17:41:30.966+0000] {processor.py:161} INFO - Started process (PID=1136) to work on /opt/airflow/dags/pipeline_dag.py
[2026-05-01T17:41:30.967+0000] {processor.py:830} INFO - Processing file /opt/airflow/dags/pipeline_dag.py for tasks to queue
[2026-05-01T17:41:30.969+0000] {logging_mixin.py:188} INFO - [2026-05-01T17:41:30.969+0000] {dagbag.py:545} INFO - Filling up the DagBag from /opt/airflow/dags/pipeline_dag.py
[2026-05-01T17:41:30.983+0000] {processor.py:840} INFO - DAG(s) 'data_pipeline' retrieved from /opt/airflow/dags/pipeline_dag.py
[2026-05-01T17:41:31.025+0000] {logging_mixin.py:188} INFO - [2026-05-01T17:41:31.025+0000] {dag.py:3089} INFO - Sync 1 DAGs
[2026-05-01T17:41:31.051+0000] {logging_mixin.py:188} INFO - [2026-05-01T17:41:31.051+0000] {dag.py:3947} INFO - Setting next_dagrun for data_pipeline to 2026-05-01 06:00:00+00:00, run_after=2026-05-02 06:00:00+00:00
[2026-05-01T17:41:31.072+0000] {processor.py:183} INFO - Processing /opt/airflow/dags/pipeline_dag.py took 0.115 seconds
[2026-05-01T17:42:01.192+0000] {processor.py:161} INFO - Started process (PID=1141) to work on /opt/airflow/dags/pipeline_dag.py
[2026-05-01T17:42:01.202+0000] {processor.py:830} INFO - Processing file /opt/airflow/dags/pipeline_dag.py for tasks to queue
[2026-05-01T17:42:01.205+0000] {logging_mixin.py:188} INFO - [2026-05-01T17:42:01.205+0000] {dagbag.py:545} INFO - Filling up the DagBag from /opt/airflow/dags/pipeline_dag.py
[2026-05-01T17:42:01.221+0000] {processor.py:840} INFO - DAG(s) 'data_pipeline' retrieved from /opt/airflow/dags/pipeline_dag.py
[2026-05-01T17:42:01.263+0000] {logging_mixin.py:188} INFO - [2026-05-01T17:42:01.262+0000] {dag.py:3089} INFO - Sync 1 DAGs
[2026-05-01T17:42:01.289+0000] {logging_mixin.py:188} INFO - [2026-05-01T17:42:01.288+0000] {dag.py:3947} INFO - Setting next_dagrun for data_pipeline to 2026-05-01 06:00:00+00:00, run_after=2026-05-02 06:00:00+00:00
[2026-05-01T17:42:01.311+0000] {processor.py:183} INFO - Processing /opt/airflow/dags/pipeline_dag.py took 0.127 seconds
[2026-05-01T17:54:44.418+0000] {processor.py:161} INFO - Started process (PID=1146) to work on /opt/airflow/dags/pipeline_dag.py
[2026-05-01T17:54:44.419+0000] {processor.py:830} INFO - Processing file /opt/airflow/dags/pipeline_dag.py for tasks to queue
[2026-05-01T17:54:44.422+0000] {logging_mixin.py:188} INFO - [2026-05-01T17:54:44.422+0000] {dagbag.py:545} INFO - Filling up the DagBag from /opt/airflow/dags/pipeline_dag.py
[2026-05-01T17:54:44.450+0000] {processor.py:840} INFO - DAG(s) 'data_pipeline' retrieved from /opt/airflow/dags/pipeline_dag.py
[2026-05-01T17:54:44.489+0000] {logging_mixin.py:188} INFO - [2026-05-01T17:54:44.489+0000] {dag.py:3089} INFO - Sync 1 DAGs
[2026-05-01T17:54:44.512+0000] {logging_mixin.py:188} INFO - [2026-05-01T17:54:44.512+0000] {dag.py:3947} INFO - Setting next_dagrun for data_pipeline to 2026-05-01 06:00:00+00:00, run_after=2026-05-02 06:00:00+00:00
[2026-05-01T17:54:44.531+0000] {processor.py:183} INFO - Processing /opt/airflow/dags/pipeline_dag.py took 0.126 seconds
[2026-05-01T17:55:14.579+0000] {processor.py:161} INFO - Started process (PID=1151) to work on /opt/airflow/dags/pipeline_dag.py
[2026-05-01T17:55:14.580+0000] {processor.py:830} INFO - Processing file /opt/airflow/dags/pipeline_dag.py for tasks to queue
[2026-05-01T17:55:14.580+0000] {logging_mixin.py:188} INFO - [2026-05-01T17:55:14.580+0000] {dagbag.py:545} INFO - Filling up the DagBag from /opt/airflow/dags/pipeline_dag.py
[2026-05-01T17:55:14.586+0000] {processor.py:840} INFO - DAG(s) 'data_pipeline' retrieved from /opt/airflow/dags/pipeline_dag.py
[2026-05-01T17:55:14.605+0000] {logging_mixin.py:188} INFO - [2026-05-01T17:55:14.605+0000] {dag.py:3089} INFO - Sync 1 DAGs
[2026-05-01T17:55:14.617+0000] {logging_mixin.py:188} INFO - [2026-05-01T17:55:14.617+0000] {dag.py:3947} INFO - Setting next_dagrun for data_pipeline to 2026-05-01 06:00:00+00:00, run_after=2026-05-02 06:00:00+00:00
[2026-05-01T17:55:14.629+0000] {processor.py:183} INFO - Processing /opt/airflow/dags/pipeline_dag.py took 0.055 seconds
[2026-05-01T17:55:44.760+0000] {processor.py:161} INFO - Started process (PID=1156) to work on /opt/airflow/dags/pipeline_dag.py
[2026-05-01T17:55:44.769+0000] {processor.py:830} INFO - Processing file /opt/airflow/dags/pipeline_dag.py for tasks to queue
[2026-05-01T17:55:44.771+0000] {logging_mixin.py:188} INFO - [2026-05-01T17:55:44.771+0000] {dagbag.py:545} INFO - Filling up the DagBag from /opt/airflow/dags/pipeline_dag.py
[2026-05-01T17:55:44.779+0000] {processor.py:840} INFO - DAG(s) 'data_pipeline' retrieved from /opt/airflow/dags/pipeline_dag.py
[2026-05-01T17:55:44.798+0000] {logging_mixin.py:188} INFO - [2026-05-01T17:55:44.798+0000] {dag.py:3089} INFO - Sync 1 DAGs
[2026-05-01T17:55:44.810+0000] {logging_mixin.py:188} INFO - [2026-05-01T17:55:44.810+0000] {dag.py:3947} INFO - Setting next_dagrun for data_pipeline to 2026-05-01 06:00:00+00:00, run_after=2026-05-02 06:00:00+00:00
[2026-05-01T17:55:44.821+0000] {processor.py:183} INFO - Processing /opt/airflow/dags/pipeline_dag.py took 0.067 seconds
[2026-05-01T17:56:14.985+0000] {processor.py:161} INFO - Started process (PID=1161) to work on /opt/airflow/dags/pipeline_dag.py
[2026-05-01T17:56:14.986+0000] {processor.py:830} INFO - Processing file /opt/airflow/dags/pipeline_dag.py for tasks to queue
[2026-05-01T17:56:14.987+0000] {logging_mixin.py:188} INFO - [2026-05-01T17:56:14.986+0000] {dagbag.py:545} INFO - Filling up the DagBag from /opt/airflow/dags/pipeline_dag.py
[2026-05-01T17:56:14.993+0000] {processor.py:840} INFO - DAG(s) 'data_pipeline' retrieved from /opt/airflow/dags/pipeline_dag.py
[2026-05-01T17:56:15.014+0000] {logging_mixin.py:188} INFO - [2026-05-01T17:56:15.014+0000] {dag.py:3089} INFO - Sync 1 DAGs
[2026-05-01T17:56:15.029+0000] {logging_mixin.py:188} INFO - [2026-05-01T17:56:15.029+0000] {dag.py:3947} INFO - Setting next_dagrun for data_pipeline to 2026-05-01 06:00:00+00:00, run_after=2026-05-02 06:00:00+00:00
[2026-05-01T17:56:15.043+0000] {processor.py:183} INFO - Processing /opt/airflow/dags/pipeline_dag.py took 0.062 seconds
[2026-05-01T17:56:45.157+0000] {processor.py:161} INFO - Started process (PID=1166) to work on /opt/airflow/dags/pipeline_dag.py
[2026-05-01T17:56:45.157+0000] {processor.py:830} INFO - Processing file /opt/airflow/dags/pipeline_dag.py for tasks to queue
[2026-05-01T17:56:45.159+0000] {logging_mixin.py:188} INFO - [2026-05-01T17:56:45.159+0000] {dagbag.py:545} INFO - Filling up the DagBag from /opt/airflow/dags/pipeline_dag.py
[2026-05-01T17:56:45.165+0000] {processor.py:840} INFO - DAG(s) 'data_pipeline' retrieved from /opt/airflow/dags/pipeline_dag.py
[2026-05-01T17:56:45.184+0000] {logging_mixin.py:188} INFO - [2026-05-01T17:56:45.184+0000] {dag.py:3089} INFO - Sync 1 DAGs
[2026-05-01T17:56:45.197+0000] {logging_mixin.py:188} INFO - [2026-05-01T17:56:45.197+0000] {dag.py:3947} INFO - Setting next_dagrun for data_pipeline to 2026-05-01 06:00:00+00:00, run_after=2026-05-02 06:00:00+00:00
[2026-05-01T17:56:45.209+0000] {processor.py:183} INFO - Processing /opt/airflow/dags/pipeline_dag.py took 0.057 seconds
[2026-05-01T17:57:15.356+0000] {processor.py:161} INFO - Started process (PID=1171) to work on /opt/airflow/dags/pipeline_dag.py
[2026-05-01T17:57:15.357+0000] {processor.py:830} INFO - Processing file /opt/airflow/dags/pipeline_dag.py for tasks to queue
[2026-05-01T17:57:15.358+0000] {logging_mixin.py:188} INFO - [2026-05-01T17:57:15.358+0000] {dagbag.py:545} INFO - Filling up the DagBag from /opt/airflow/dags/pipeline_dag.py
[2026-05-01T17:57:15.367+0000] {processor.py:840} INFO - DAG(s) 'data_pipeline' retrieved from /opt/airflow/dags/pipeline_dag.py
[2026-05-01T17:57:15.391+0000] {logging_mixin.py:188} INFO - [2026-05-01T17:57:15.391+0000] {dag.py:3089} INFO - Sync 1 DAGs
[2026-05-01T17:57:15.405+0000] {logging_mixin.py:188} INFO - [2026-05-01T17:57:15.404+0000] {dag.py:3947} INFO - Setting next_dagrun for data_pipeline to 2026-05-01 06:00:00+00:00, run_after=2026-05-02 06:00:00+00:00
[2026-05-01T17:57:15.416+0000] {processor.py:183} INFO - Processing /opt/airflow/dags/pipeline_dag.py took 0.066 seconds
[2026-05-01T17:57:45.530+0000] {processor.py:161} INFO - Started process (PID=1176) to work on /opt/airflow/dags/pipeline_dag.py
[2026-05-01T17:57:45.539+0000] {processor.py:830} INFO - Processing file /opt/airflow/dags/pipeline_dag.py for tasks to queue
[2026-05-01T17:57:45.541+0000] {logging_mixin.py:188} INFO - [2026-05-01T17:57:45.540+0000] {dagbag.py:545} INFO - Filling up the DagBag from /opt/airflow/dags/pipeline_dag.py
[2026-05-01T17:57:45.548+0000] {processor.py:840} INFO - DAG(s) 'data_pipeline' retrieved from /opt/airflow/dags/pipeline_dag.py
[2026-05-01T17:57:45.570+0000] {logging_mixin.py:188} INFO - [2026-05-01T17:57:45.570+0000] {dag.py:3089} INFO - Sync 1 DAGs
[2026-05-01T17:57:45.583+0000] {logging_mixin.py:188} INFO - [2026-05-01T17:57:45.583+0000] {dag.py:3947} INFO - Setting next_dagrun for data_pipeline to 2026-05-01 06:00:00+00:00, run_after=2026-05-02 06:00:00+00:00
[2026-05-01T17:57:45.595+0000] {processor.py:183} INFO - Processing /opt/airflow/dags/pipeline_dag.py took 0.073 seconds
[2026-05-01T17:58:15.698+0000] {processor.py:161} INFO - Started process (PID=1181) to work on /opt/airflow/dags/pipeline_dag.py
[2026-05-01T17:58:15.698+0000] {processor.py:830} INFO - Processing file /opt/airflow/dags/pipeline_dag.py for tasks to queue
[2026-05-01T17:58:15.699+0000] {logging_mixin.py:188} INFO - [2026-05-01T17:58:15.699+0000] {dagbag.py:545} INFO - Filling up the DagBag from /opt/airflow/dags/pipeline_dag.py
[2026-05-01T17:58:15.706+0000] {processor.py:840} INFO - DAG(s) 'data_pipeline' retrieved from /opt/airflow/dags/pipeline_dag.py
[2026-05-01T17:58:15.738+0000] {logging_mixin.py:188} INFO - [2026-05-01T17:58:15.738+0000] {dag.py:3089} INFO - Sync 1 DAGs
[2026-05-01T17:58:15.752+0000] {logging_mixin.py:188} INFO - [2026-05-01T17:58:15.752+0000] {dag.py:3947} INFO - Setting next_dagrun for data_pipeline to 2026-05-01 06:00:00+00:00, run_after=2026-05-02 06:00:00+00:00
[2026-05-01T17:58:15.763+0000] {processor.py:183} INFO - Processing /opt/airflow/dags/pipeline_dag.py took 0.069 seconds
[2026-05-01T17:58:45.871+0000] {processor.py:161} INFO - Started process (PID=1186) to work on /opt/airflow/dags/pipeline_dag.py
[2026-05-01T17:58:45.880+0000] {processor.py:830} INFO - Processing file /opt/airflow/dags/pipeline_dag.py for tasks to queue
[2026-05-01T17:58:45.881+0000] {logging_mixin.py:188} INFO - [2026-05-01T17:58:45.881+0000] {dagbag.py:545} INFO - Filling up the DagBag from /opt/airflow/dags/pipeline_dag.py
[2026-05-01T17:58:45.889+0000] {processor.py:840} INFO - DAG(s) 'data_pipeline' retrieved from /opt/airflow/dags/pipeline_dag.py
[2026-05-01T17:58:45.909+0000] {logging_mixin.py:188} INFO - [2026-05-01T17:58:45.909+0000] {dag.py:3089} INFO - Sync 1 DAGs
[2026-05-01T17:58:45.922+0000] {logging_mixin.py:188} INFO - [2026-05-01T17:58:45.922+0000] {dag.py:3947} INFO - Setting next_dagrun for data_pipeline to 2026-05-01 06:00:00+00:00, run_after=2026-05-02 06:00:00+00:00
[2026-05-01T17:58:45.933+0000] {processor.py:183} INFO - Processing /opt/airflow/dags/pipeline_dag.py took 0.065 seconds
[2026-05-01T17:59:16.045+0000] {processor.py:161} INFO - Started process (PID=1191) to work on /opt/airflow/dags/pipeline_dag.py
[2026-05-01T17:59:16.045+0000] {processor.py:830} INFO - Processing file /opt/airflow/dags/pipeline_dag.py for tasks to queue
[2026-05-01T17:59:16.046+0000] {logging_mixin.py:188} INFO - [2026-05-01T17:59:16.046+0000] {dagbag.py:545} INFO - Filling up the DagBag from /opt/airflow/dags/pipeline_dag.py
[2026-05-01T17:59:16.054+0000] {processor.py:840} INFO - DAG(s) 'data_pipeline' retrieved from /opt/airflow/dags/pipeline_dag.py
[2026-05-01T17:59:16.083+0000] {logging_mixin.py:188} INFO - [2026-05-01T17:59:16.082+0000] {dag.py:3089} INFO - Sync 1 DAGs
[2026-05-01T17:59:16.097+0000] {logging_mixin.py:188} INFO - [2026-05-01T17:59:16.097+0000] {dag.py:3947} INFO - Setting next_dagrun for data_pipeline to 2026-05-01 06:00:00+00:00, run_after=2026-05-02 06:00:00+00:00
[2026-05-01T17:59:16.111+0000] {processor.py:183} INFO - Processing /opt/airflow/dags/pipeline_dag.py took 0.073 seconds
[2026-05-01T17:59:46.213+0000] {processor.py:161} INFO - Started process (PID=1196) to work on /opt/airflow/dags/pipeline_dag.py
[2026-05-01T17:59:46.222+0000] {processor.py:830} INFO - Processing file /opt/airflow/dags/pipeline_dag.py for tasks to queue
[2026-05-01T17:59:46.223+0000] {logging_mixin.py:188} INFO - [2026-05-01T17:59:46.223+0000] {dagbag.py:545} INFO - Filling up the DagBag from /opt/airflow/dags/pipeline_dag.py
[2026-05-01T17:59:46.232+0000] {processor.py:840} INFO - DAG(s) 'data_pipeline' retrieved from /opt/airflow/dags/pipeline_dag.py
[2026-05-01T17:59:46.256+0000] {logging_mixin.py:188} INFO - [2026-05-01T17:59:46.256+0000] {dag.py:3089} INFO - Sync 1 DAGs
[2026-05-01T17:59:46.274+0000] {logging_mixin.py:188} INFO - [2026-05-01T17:59:46.274+0000] {dag.py:3947} INFO - Setting next_dagrun for data_pipeline to 2026-05-01 06:00:00+00:00, run_after=2026-05-02 06:00:00+00:00
[2026-05-01T17:59:46.286+0000] {processor.py:183} INFO - Processing /opt/airflow/dags/pipeline_dag.py took 0.077 seconds
[2026-05-01T18:00:16.385+0000] {processor.py:161} INFO - Started process (PID=1201) to work on /opt/airflow/dags/pipeline_dag.py
[2026-05-01T18:00:16.386+0000] {processor.py:830} INFO - Processing file /opt/airflow/dags/pipeline_dag.py for tasks to queue
[2026-05-01T18:00:16.387+0000] {logging_mixin.py:188} INFO - [2026-05-01T18:00:16.387+0000] {dagbag.py:545} INFO - Filling up the DagBag from /opt/airflow/dags/pipeline_dag.py
[2026-05-01T18:00:16.393+0000] {processor.py:840} INFO - DAG(s) 'data_pipeline' retrieved from /opt/airflow/dags/pipeline_dag.py
[2026-05-01T18:00:16.411+0000] {logging_mixin.py:188} INFO - [2026-05-01T18:00:16.411+0000] {dag.py:3089} INFO - Sync 1 DAGs
[2026-05-01T18:00:16.424+0000] {logging_mixin.py:188} INFO - [2026-05-01T18:00:16.424+0000] {dag.py:3947} INFO - Setting next_dagrun for data_pipeline to 2026-05-01 06:00:00+00:00, run_after=2026-05-02 06:00:00+00:00
[2026-05-01T18:00:16.434+0000] {processor.py:183} INFO - Processing /opt/airflow/dags/pipeline_dag.py took 0.053 seconds
[2026-05-01T18:00:46.616+0000] {processor.py:161} INFO - Started process (PID=1206) to work on /opt/airflow/dags/pipeline_dag.py
[2026-05-01T18:00:46.616+0000] {processor.py:830} INFO - Processing file /opt/airflow/dags/pipeline_dag.py for tasks to queue
[2026-05-01T18:00:46.617+0000] {logging_mixin.py:188} INFO - [2026-05-01T18:00:46.617+0000] {dagbag.py:545} INFO - Filling up the DagBag from /opt/airflow/dags/pipeline_dag.py
[2026-05-01T18:00:46.624+0000] {processor.py:840} INFO - DAG(s) 'data_pipeline' retrieved from /opt/airflow/dags/pipeline_dag.py
[2026-05-01T18:00:46.646+0000] {logging_mixin.py:188} INFO - [2026-05-01T18:00:46.646+0000] {dag.py:3089} INFO - Sync 1 DAGs
[2026-05-01T18:00:46.660+0000] {logging_mixin.py:188} INFO - [2026-05-01T18:00:46.660+0000] {dag.py:3947} INFO - Setting next_dagrun for data_pipeline to 2026-05-01 06:00:00+00:00, run_after=2026-05-02 06:00:00+00:00
[2026-05-01T18:00:46.672+0000] {processor.py:183} INFO - Processing /opt/airflow/dags/pipeline_dag.py took 0.061 seconds
[2026-05-01T18:01:16.764+0000] {processor.py:161} INFO - Started process (PID=1211) to work on /opt/airflow/dags/pipeline_dag.py
[2026-05-01T18:01:16.765+0000] {processor.py:830} INFO - Processing file /opt/airflow/dags/pipeline_dag.py for tasks to queue
[2026-05-01T18:01:16.766+0000] {logging_mixin.py:188} INFO - [2026-05-01T18:01:16.766+0000] {dagbag.py:545} INFO - Filling up the DagBag from /opt/airflow/dags/pipeline_dag.py
[2026-05-01T18:01:16.773+0000] {processor.py:840} INFO - DAG(s) 'data_pipeline' retrieved from /opt/airflow/dags/pipeline_dag.py
[2026-05-01T18:01:16.795+0000] {logging_mixin.py:188} INFO - [2026-05-01T18:01:16.795+0000] {dag.py:3089} INFO - Sync 1 DAGs
[2026-05-01T18:01:16.809+0000] {logging_mixin.py:188} INFO - [2026-05-01T18:01:16.809+0000] {dag.py:3947} INFO - Setting next_dagrun for data_pipeline to 2026-05-01 06:00:00+00:00, run_after=2026-05-02 06:00:00+00:00
[2026-05-01T18:01:16.820+0000] {processor.py:183} INFO - Processing /opt/airflow/dags/pipeline_dag.py took 0.062 seconds
[2026-05-01T18:01:46.948+0000] {processor.py:161} INFO - Started process (PID=1216) to work on /opt/airflow/dags/pipeline_dag.py
[2026-05-01T18:01:46.957+0000] {processor.py:830} INFO - Processing file /opt/airflow/dags/pipeline_dag.py for tasks to queue
[2026-05-01T18:01:46.958+0000] {logging_mixin.py:188} INFO - [2026-05-01T18:01:46.958+0000] {dagbag.py:545} INFO - Filling up the DagBag from /opt/airflow/dags/pipeline_dag.py
[2026-05-01T18:01:46.966+0000] {processor.py:840} INFO - DAG(s) 'data_pipeline' retrieved from /opt/airflow/dags/pipeline_dag.py
[2026-05-01T18:01:46.985+0000] {logging_mixin.py:188} INFO - [2026-05-01T18:01:46.984+0000] {dag.py:3089} INFO - Sync 1 DAGs
[2026-05-01T18:01:46.998+0000] {logging_mixin.py:188} INFO - [2026-05-01T18:01:46.998+0000] {dag.py:3947} INFO - Setting next_dagrun for data_pipeline to 2026-05-01 06:00:00+00:00, run_after=2026-05-02 06:00:00+00:00
[2026-05-01T18:01:47.010+0000] {processor.py:183} INFO - Processing /opt/airflow/dags/pipeline_dag.py took 0.067 seconds
[2026-05-01T18:02:17.085+0000] {processor.py:161} INFO - Started process (PID=1221) to work on /opt/airflow/dags/pipeline_dag.py
[2026-05-01T18:02:17.086+0000] {processor.py:830} INFO - Processing file /opt/airflow/dags/pipeline_dag.py for tasks to queue
[2026-05-01T18:02:17.087+0000] {logging_mixin.py:188} INFO - [2026-05-01T18:02:17.087+0000] {dagbag.py:545} INFO - Filling up the DagBag from /opt/airflow/dags/pipeline_dag.py
[2026-05-01T18:02:17.094+0000] {processor.py:840} INFO - DAG(s) 'data_pipeline' retrieved from /opt/airflow/dags/pipeline_dag.py
[2026-05-01T18:02:17.114+0000] {logging_mixin.py:188} INFO - [2026-05-01T18:02:17.114+0000] {dag.py:3089} INFO - Sync 1 DAGs
[2026-05-01T18:02:17.134+0000] {logging_mixin.py:188} INFO - [2026-05-01T18:02:17.133+0000] {dag.py:3947} INFO - Setting next_dagrun for data_pipeline to 2026-05-01 06:00:00+00:00, run_after=2026-05-02 06:00:00+00:00
[2026-05-01T18:02:17.146+0000] {processor.py:183} INFO - Processing /opt/airflow/dags/pipeline_dag.py took 0.065 seconds
[2026-05-01T18:02:47.285+0000] {processor.py:161} INFO - Started process (PID=1226) to work on /opt/airflow/dags/pipeline_dag.py
[2026-05-01T18:02:47.285+0000] {processor.py:830} INFO - Processing file /opt/airflow/dags/pipeline_dag.py for tasks to queue
[2026-05-01T18:02:47.287+0000] {logging_mixin.py:188} INFO - [2026-05-01T18:02:47.286+0000] {dagbag.py:545} INFO - Filling up the DagBag from /opt/airflow/dags/pipeline_dag.py
[2026-05-01T18:02:47.295+0000] {processor.py:840} INFO - DAG(s) 'data_pipeline' retrieved from /opt/airflow/dags/pipeline_dag.py
[2026-05-01T18:02:47.313+0000] {logging_mixin.py:188} INFO - [2026-05-01T18:02:47.313+0000] {dag.py:3089} INFO - Sync 1 DAGs
[2026-05-01T18:02:47.331+0000] {logging_mixin.py:188} INFO - [2026-05-01T18:02:47.331+0000] {dag.py:3947} INFO - Setting next_dagrun for data_pipeline to 2026-05-01 06:00:00+00:00, run_after=2026-05-02 06:00:00+00:00
[2026-05-01T18:02:47.343+0000] {processor.py:183} INFO - Processing /opt/airflow/dags/pipeline_dag.py took 0.063 seconds
[2026-05-01T18:03:17.421+0000] {processor.py:161} INFO - Started process (PID=1231) to work on /opt/airflow/dags/pipeline_dag.py
[2026-05-01T18:03:17.421+0000] {processor.py:830} INFO - Processing file /opt/airflow/dags/pipeline_dag.py for tasks to queue
[2026-05-01T18:03:17.423+0000] {logging_mixin.py:188} INFO - [2026-05-01T18:03:17.422+0000] {dagbag.py:545} INFO - Filling up the DagBag from /opt/airflow/dags/pipeline_dag.py
[2026-05-01T18:03:17.429+0000] {processor.py:840} INFO - DAG(s) 'data_pipeline' retrieved from /opt/airflow/dags/pipeline_dag.py
[2026-05-01T18:03:17.449+0000] {logging_mixin.py:188} INFO - [2026-05-01T18:03:17.448+0000] {dag.py:3089} INFO - Sync 1 DAGs
[2026-05-01T18:03:17.462+0000] {logging_mixin.py:188} INFO - [2026-05-01T18:03:17.462+0000] {dag.py:3947} INFO - Setting next_dagrun for data_pipeline to 2026-05-01 06:00:00+00:00, run_after=2026-05-02 06:00:00+00:00
[2026-05-01T18:03:17.474+0000] {processor.py:183} INFO - Processing /opt/airflow/dags/pipeline_dag.py took 0.058 seconds
[2026-05-01T18:03:47.618+0000] {processor.py:161} INFO - Started process (PID=1236) to work on /opt/airflow/dags/pipeline_dag.py
[2026-05-01T18:03:47.627+0000] {processor.py:830} INFO - Processing file /opt/airflow/dags/pipeline_dag.py for tasks to queue
[2026-05-01T18:03:47.630+0000] {logging_mixin.py:188} INFO - [2026-05-01T18:03:47.630+0000] {dagbag.py:545} INFO - Filling up the DagBag from /opt/airflow/dags/pipeline_dag.py
[2026-05-01T18:03:47.639+0000] {processor.py:840} INFO - DAG(s) 'data_pipeline' retrieved from /opt/airflow/dags/pipeline_dag.py
[2026-05-01T18:03:47.659+0000] {logging_mixin.py:188} INFO - [2026-05-01T18:03:47.659+0000] {dag.py:3089} INFO - Sync 1 DAGs
[2026-05-01T18:03:47.672+0000] {logging_mixin.py:188} INFO - [2026-05-01T18:03:47.672+0000] {dag.py:3947} INFO - Setting next_dagrun for data_pipeline to 2026-05-01 06:00:00+00:00, run_after=2026-05-02 06:00:00+00:00
[2026-05-01T18:03:47.683+0000] {processor.py:183} INFO - Processing /opt/airflow/dags/pipeline_dag.py took 0.071 seconds
[2026-05-01T18:04:17.769+0000] {processor.py:161} INFO - Started process (PID=1241) to work on /opt/airflow/dags/pipeline_dag.py
[2026-05-01T18:04:17.770+0000] {processor.py:830} INFO - Processing file /opt/airflow/dags/pipeline_dag.py for tasks to queue
[2026-05-01T18:04:17.772+0000] {logging_mixin.py:188} INFO - [2026-05-01T18:04:17.772+0000] {dagbag.py:545} INFO - Filling up the DagBag from /opt/airflow/dags/pipeline_dag.py
[2026-05-01T18:04:17.778+0000] {processor.py:840} INFO - DAG(s) 'data_pipeline' retrieved from /opt/airflow/dags/pipeline_dag.py
[2026-05-01T18:04:17.797+0000] {logging_mixin.py:188} INFO - [2026-05-01T18:04:17.797+0000] {dag.py:3089} INFO - Sync 1 DAGs
[2026-05-01T18:04:17.811+0000] {logging_mixin.py:188} INFO - [2026-05-01T18:04:17.811+0000] {dag.py:3947} INFO - Setting next_dagrun for data_pipeline to 2026-05-01 06:00:00+00:00, run_after=2026-05-02 06:00:00+00:00
[2026-05-01T18:04:17.824+0000] {processor.py:183} INFO - Processing /opt/airflow/dags/pipeline_dag.py took 0.060 seconds
[2026-05-01T18:04:47.972+0000] {processor.py:161} INFO - Started process (PID=1246) to work on /opt/airflow/dags/pipeline_dag.py
[2026-05-01T18:04:47.981+0000] {processor.py:830} INFO - Processing file /opt/airflow/dags/pipeline_dag.py for tasks to queue
[2026-05-01T18:04:47.982+0000] {logging_mixin.py:188} INFO - [2026-05-01T18:04:47.982+0000] {dagbag.py:545} INFO - Filling up the DagBag from /opt/airflow/dags/pipeline_dag.py
[2026-05-01T18:04:47.989+0000] {processor.py:840} INFO - DAG(s) 'data_pipeline' retrieved from /opt/airflow/dags/pipeline_dag.py
[2026-05-01T18:04:48.007+0000] {logging_mixin.py:188} INFO - [2026-05-01T18:04:48.007+0000] {dag.py:3089} INFO - Sync 1 DAGs
[2026-05-01T18:04:48.021+0000] {logging_mixin.py:188} INFO - [2026-05-01T18:04:48.021+0000] {dag.py:3947} INFO - Setting next_dagrun for data_pipeline to 2026-05-01 06:00:00+00:00, run_after=2026-05-02 06:00:00+00:00
[2026-05-01T18:04:48.036+0000] {processor.py:183} INFO - Processing /opt/airflow/dags/pipeline_dag.py took 0.068 seconds
[2026-05-01T18:05:18.119+0000] {processor.py:161} INFO - Started process (PID=1251) to work on /opt/airflow/dags/pipeline_dag.py
[2026-05-01T18:05:18.119+0000] {processor.py:830} INFO - Processing file /opt/airflow/dags/pipeline_dag.py for tasks to queue
[2026-05-01T18:05:18.121+0000] {logging_mixin.py:188} INFO - [2026-05-01T18:05:18.120+0000] {dagbag.py:545} INFO - Filling up the DagBag from /opt/airflow/dags/pipeline_dag.py
[2026-05-01T18:05:18.128+0000] {processor.py:840} INFO - DAG(s) 'data_pipeline' retrieved from /opt/airflow/dags/pipeline_dag.py
[2026-05-01T18:05:18.145+0000] {logging_mixin.py:188} INFO - [2026-05-01T18:05:18.145+0000] {dag.py:3089} INFO - Sync 1 DAGs
[2026-05-01T18:05:18.158+0000] {logging_mixin.py:188} INFO - [2026-05-01T18:05:18.158+0000] {dag.py:3947} INFO - Setting next_dagrun for data_pipeline to 2026-05-01 06:00:00+00:00, run_after=2026-05-02 06:00:00+00:00
[2026-05-01T18:05:18.168+0000] {processor.py:183} INFO - Processing /opt/airflow/dags/pipeline_dag.py took 0.056 seconds
[2026-05-01T18:05:48.329+0000] {processor.py:161} INFO - Started process (PID=1256) to work on /opt/airflow/dags/pipeline_dag.py
[2026-05-01T18:05:48.338+0000] {processor.py:830} INFO - Processing file /opt/airflow/dags/pipeline_dag.py for tasks to queue
[2026-05-01T18:05:48.340+0000] {logging_mixin.py:188} INFO - [2026-05-01T18:05:48.339+0000] {dagbag.py:545} INFO - Filling up the DagBag from /opt/airflow/dags/pipeline_dag.py
[2026-05-01T18:05:48.347+0000] {processor.py:840} INFO - DAG(s) 'data_pipeline' retrieved from /opt/airflow/dags/pipeline_dag.py
[2026-05-01T18:05:48.366+0000] {logging_mixin.py:188} INFO - [2026-05-01T18:05:48.365+0000] {dag.py:3089} INFO - Sync 1 DAGs
[2026-05-01T18:05:48.379+0000] {logging_mixin.py:188} INFO - [2026-05-01T18:05:48.379+0000] {dag.py:3947} INFO - Setting next_dagrun for data_pipeline to 2026-05-01 06:00:00+00:00, run_after=2026-05-02 06:00:00+00:00
[2026-05-01T18:05:48.390+0000] {processor.py:183} INFO - Processing /opt/airflow/dags/pipeline_dag.py took 0.067 seconds
[2026-05-01T18:06:18.473+0000] {processor.py:161} INFO - Started process (PID=1261) to work on /opt/airflow/dags/pipeline_dag.py
[2026-05-01T18:06:18.473+0000] {processor.py:830} INFO - Processing file /opt/airflow/dags/pipeline_dag.py for tasks to queue
[2026-05-01T18:06:18.474+0000] {logging_mixin.py:188} INFO - [2026-05-01T18:06:18.474+0000] {dagbag.py:545} INFO - Filling up the DagBag from /opt/airflow/dags/pipeline_dag.py
[2026-05-01T18:06:18.480+0000] {processor.py:840} INFO - DAG(s) 'data_pipeline' retrieved from /opt/airflow/dags/pipeline_dag.py
[2026-05-01T18:06:18.499+0000] {logging_mixin.py:188} INFO - [2026-05-01T18:06:18.499+0000] {dag.py:3089} INFO - Sync 1 DAGs
[2026-05-01T18:06:18.512+0000] {logging_mixin.py:188} INFO - [2026-05-01T18:06:18.512+0000] {dag.py:3947} INFO - Setting next_dagrun for data_pipeline to 2026-05-01 06:00:00+00:00, run_after=2026-05-02 06:00:00+00:00
[2026-05-01T18:06:18.524+0000] {processor.py:183} INFO - Processing /opt/airflow/dags/pipeline_dag.py took 0.054 seconds
[2026-05-01T18:06:48.676+0000] {processor.py:161} INFO - Started process (PID=1266) to work on /opt/airflow/dags/pipeline_dag.py
[2026-05-01T18:06:48.685+0000] {processor.py:830} INFO - Processing file /opt/airflow/dags/pipeline_dag.py for tasks to queue
[2026-05-01T18:06:48.687+0000] {logging_mixin.py:188} INFO - [2026-05-01T18:06:48.686+0000] {dagbag.py:545} INFO - Filling up the DagBag from /opt/airflow/dags/pipeline_dag.py
[2026-05-01T18:06:48.694+0000] {processor.py:840} INFO - DAG(s) 'data_pipeline' retrieved from /opt/airflow/dags/pipeline_dag.py
[2026-05-01T18:06:48.714+0000] {logging_mixin.py:188} INFO - [2026-05-01T18:06:48.714+0000] {dag.py:3089} INFO - Sync 1 DAGs
[2026-05-01T18:06:48.727+0000] {logging_mixin.py:188} INFO - [2026-05-01T18:06:48.727+0000] {dag.py:3947} INFO - Setting next_dagrun for data_pipeline to 2026-05-01 06:00:00+00:00, run_after=2026-05-02 06:00:00+00:00
[2026-05-01T18:06:48.742+0000] {processor.py:183} INFO - Processing /opt/airflow/dags/pipeline_dag.py took 0.069 seconds
[2026-05-01T18:07:18.835+0000] {processor.py:161} INFO - Started process (PID=1271) to work on /opt/airflow/dags/pipeline_dag.py
[2026-05-01T18:07:18.835+0000] {processor.py:830} INFO - Processing file /opt/airflow/dags/pipeline_dag.py for tasks to queue
[2026-05-01T18:07:18.837+0000] {logging_mixin.py:188} INFO - [2026-05-01T18:07:18.836+0000] {dagbag.py:545} INFO - Filling up the DagBag from /opt/airflow/dags/pipeline_dag.py
[2026-05-01T18:07:18.844+0000] {processor.py:840} INFO - DAG(s) 'data_pipeline' retrieved from /opt/airflow/dags/pipeline_dag.py
[2026-05-01T18:07:18.866+0000] {logging_mixin.py:188} INFO - [2026-05-01T18:07:18.865+0000] {dag.py:3089} INFO - Sync 1 DAGs
[2026-05-01T18:07:18.878+0000] {logging_mixin.py:188} INFO - [2026-05-01T18:07:18.878+0000] {dag.py:3947} INFO - Setting next_dagrun for data_pipeline to 2026-05-01 06:00:00+00:00, run_after=2026-05-02 06:00:00+00:00
[2026-05-01T18:07:18.889+0000] {processor.py:183} INFO - Processing /opt/airflow/dags/pipeline_dag.py took 0.060 seconds
[2026-05-01T18:07:49.035+0000] {processor.py:161} INFO - Started process (PID=1276) to work on /opt/airflow/dags/pipeline_dag.py
[2026-05-01T18:07:49.045+0000] {processor.py:830} INFO - Processing file /opt/airflow/dags/pipeline_dag.py for tasks to queue
[2026-05-01T18:07:49.047+0000] {logging_mixin.py:188} INFO - [2026-05-01T18:07:49.046+0000] {dagbag.py:545} INFO - Filling up the DagBag from /opt/airflow/dags/pipeline_dag.py
[2026-05-01T18:07:49.055+0000] {processor.py:840} INFO - DAG(s) 'data_pipeline' retrieved from /opt/airflow/dags/pipeline_dag.py
[2026-05-01T18:07:49.078+0000] {logging_mixin.py:188} INFO - [2026-05-01T18:07:49.078+0000] {dag.py:3089} INFO - Sync 1 DAGs
[2026-05-01T18:07:49.090+0000] {logging_mixin.py:188} INFO - [2026-05-01T18:07:49.090+0000] {dag.py:3947} INFO - Setting next_dagrun for data_pipeline to 2026-05-01 06:00:00+00:00, run_after=2026-05-02 06:00:00+00:00
[2026-05-01T18:07:49.102+0000] {processor.py:183} INFO - Processing /opt/airflow/dags/pipeline_dag.py took 0.071 seconds
[2026-05-01T18:08:19.198+0000] {processor.py:161} INFO - Started process (PID=1281) to work on /opt/airflow/dags/pipeline_dag.py
[2026-05-01T18:08:19.198+0000] {processor.py:830} INFO - Processing file /opt/airflow/dags/pipeline_dag.py for tasks to queue
[2026-05-01T18:08:19.199+0000] {logging_mixin.py:188} INFO - [2026-05-01T18:08:19.199+0000] {dagbag.py:545} INFO - Filling up the DagBag from /opt/airflow/dags/pipeline_dag.py
[2026-05-01T18:08:19.205+0000] {processor.py:840} INFO - DAG(s) 'data_pipeline' retrieved from /opt/airflow/dags/pipeline_dag.py
[2026-05-01T18:08:19.223+0000] {logging_mixin.py:188} INFO - [2026-05-01T18:08:19.223+0000] {dag.py:3089} INFO - Sync 1 DAGs
[2026-05-01T18:08:19.236+0000] {logging_mixin.py:188} INFO - [2026-05-01T18:08:19.235+0000] {dag.py:3947} INFO - Setting next_dagrun for data_pipeline to 2026-05-01 06:00:00+00:00, run_after=2026-05-02 06:00:00+00:00
[2026-05-01T18:08:19.246+0000] {processor.py:183} INFO - Processing /opt/airflow/dags/pipeline_dag.py took 0.057 seconds
[2026-05-01T18:08:49.403+0000] {processor.py:161} INFO - Started process (PID=1286) to work on /opt/airflow/dags/pipeline_dag.py
[2026-05-01T18:08:49.412+0000] {processor.py:830} INFO - Processing file /opt/airflow/dags/pipeline_dag.py for tasks to queue
[2026-05-01T18:08:49.413+0000] {logging_mixin.py:188} INFO - [2026-05-01T18:08:49.412+0000] {dagbag.py:545} INFO - Filling up the DagBag from /opt/airflow/dags/pipeline_dag.py
[2026-05-01T18:08:49.420+0000] {processor.py:840} INFO - DAG(s) 'data_pipeline' retrieved from /opt/airflow/dags/pipeline_dag.py
[2026-05-01T18:08:49.444+0000] {logging_mixin.py:188} INFO - [2026-05-01T18:08:49.443+0000] {dag.py:3089} INFO - Sync 1 DAGs
[2026-05-01T18:08:49.457+0000] {logging_mixin.py:188} INFO - [2026-05-01T18:08:49.457+0000] {dag.py:3947} INFO - Setting next_dagrun for data_pipeline to 2026-05-01 06:00:00+00:00, run_after=2026-05-02 06:00:00+00:00
[2026-05-01T18:08:49.469+0000] {processor.py:183} INFO - Processing /opt/airflow/dags/pipeline_dag.py took 0.070 seconds
[2026-05-01T18:09:19.555+0000] {processor.py:161} INFO - Started process (PID=1291) to work on /opt/airflow/dags/pipeline_dag.py
[2026-05-01T18:09:19.556+0000] {processor.py:830} INFO - Processing file /opt/airflow/dags/pipeline_dag.py for tasks to queue
[2026-05-01T18:09:19.557+0000] {logging_mixin.py:188} INFO - [2026-05-01T18:09:19.557+0000] {dagbag.py:545} INFO - Filling up the DagBag from /opt/airflow/dags/pipeline_dag.py
[2026-05-01T18:09:19.563+0000] {processor.py:840} INFO - DAG(s) 'data_pipeline' retrieved from /opt/airflow/dags/pipeline_dag.py
[2026-05-01T18:09:19.587+0000] {logging_mixin.py:188} INFO - [2026-05-01T18:09:19.586+0000] {dag.py:3089} INFO - Sync 1 DAGs
[2026-05-01T18:09:19.604+0000] {logging_mixin.py:188} INFO - [2026-05-01T18:09:19.604+0000] {dag.py:3947} INFO - Setting next_dagrun for data_pipeline to 2026-05-01 06:00:00+00:00, run_after=2026-05-02 06:00:00+00:00
[2026-05-01T18:09:19.619+0000] {processor.py:183} INFO - Processing /opt/airflow/dags/pipeline_dag.py took 0.070 seconds
[2026-05-01T18:09:49.778+0000] {processor.py:161} INFO - Started process (PID=1296) to work on /opt/airflow/dags/pipeline_dag.py
[2026-05-01T18:09:49.787+0000] {processor.py:830} INFO - Processing file /opt/airflow/dags/pipeline_dag.py for tasks to queue
[2026-05-01T18:09:49.790+0000] {logging_mixin.py:188} INFO - [2026-05-01T18:09:49.789+0000] {dagbag.py:545} INFO - Filling up the DagBag from /opt/airflow/dags/pipeline_dag.py
[2026-05-01T18:09:49.800+0000] {processor.py:840} INFO - DAG(s) 'data_pipeline' retrieved from /opt/airflow/dags/pipeline_dag.py
[2026-05-01T18:09:49.825+0000] {logging_mixin.py:188} INFO - [2026-05-01T18:09:49.824+0000] {dag.py:3089} INFO - Sync 1 DAGs
[2026-05-01T18:09:49.837+0000] {logging_mixin.py:188} INFO - [2026-05-01T18:09:49.837+0000] {dag.py:3947} INFO - Setting next_dagrun for data_pipeline to 2026-05-01 06:00:00+00:00, run_after=2026-05-02 06:00:00+00:00
[2026-05-01T18:09:49.849+0000] {processor.py:183} INFO - Processing /opt/airflow/dags/pipeline_dag.py took 0.076 seconds
[2026-05-01T18:10:19.924+0000] {processor.py:161} INFO - Started process (PID=1301) to work on /opt/airflow/dags/pipeline_dag.py
[2026-05-01T18:10:19.924+0000] {processor.py:830} INFO - Processing file /opt/airflow/dags/pipeline_dag.py for tasks to queue
[2026-05-01T18:10:19.925+0000] {logging_mixin.py:188} INFO - [2026-05-01T18:10:19.925+0000] {dagbag.py:545} INFO - Filling up the DagBag from /opt/airflow/dags/pipeline_dag.py
[2026-05-01T18:10:19.932+0000] {processor.py:840} INFO - DAG(s) 'data_pipeline' retrieved from /opt/airflow/dags/pipeline_dag.py
[2026-05-01T18:10:19.951+0000] {logging_mixin.py:188} INFO - [2026-05-01T18:10:19.951+0000] {dag.py:3089} INFO - Sync 1 DAGs
[2026-05-01T18:10:19.965+0000] {logging_mixin.py:188} INFO - [2026-05-01T18:10:19.965+0000] {dag.py:3947} INFO - Setting next_dagrun for data_pipeline to 2026-05-01 06:00:00+00:00, run_after=2026-05-02 06:00:00+00:00
[2026-05-01T18:10:19.976+0000] {processor.py:183} INFO - Processing /opt/airflow/dags/pipeline_dag.py took 0.056 seconds
[2026-05-01T18:10:50.122+0000] {processor.py:161} INFO - Started process (PID=1306) to work on /opt/airflow/dags/pipeline_dag.py
[2026-05-01T18:10:50.124+0000] {processor.py:830} INFO - Processing file /opt/airflow/dags/pipeline_dag.py for tasks to queue
[2026-05-01T18:10:50.125+0000] {logging_mixin.py:188} INFO - [2026-05-01T18:10:50.125+0000] {dagbag.py:545} INFO - Filling up the DagBag from /opt/airflow/dags/pipeline_dag.py
[2026-05-01T18:10:50.131+0000] {processor.py:840} INFO - DAG(s) 'data_pipeline' retrieved from /opt/airflow/dags/pipeline_dag.py
[2026-05-01T18:10:50.155+0000] {logging_mixin.py:188} INFO - [2026-05-01T18:10:50.155+0000] {dag.py:3089} INFO - Sync 1 DAGs
[2026-05-01T18:10:50.176+0000] {logging_mixin.py:188} INFO - [2026-05-01T18:10:50.176+0000] {dag.py:3947} INFO - Setting next_dagrun for data_pipeline to 2026-05-01 06:00:00+00:00, run_after=2026-05-02 06:00:00+00:00
[2026-05-01T18:10:50.192+0000] {processor.py:183} INFO - Processing /opt/airflow/dags/pipeline_dag.py took 0.074 seconds
[2026-05-01T18:11:20.272+0000] {processor.py:161} INFO - Started process (PID=1311) to work on /opt/airflow/dags/pipeline_dag.py
[2026-05-01T18:11:20.275+0000] {processor.py:830} INFO - Processing file /opt/airflow/dags/pipeline_dag.py for tasks to queue
[2026-05-01T18:11:20.276+0000] {logging_mixin.py:188} INFO - [2026-05-01T18:11:20.276+0000] {dagbag.py:545} INFO - Filling up the DagBag from /opt/airflow/dags/pipeline_dag.py
[2026-05-01T18:11:20.283+0000] {processor.py:840} INFO - DAG(s) 'data_pipeline' retrieved from /opt/airflow/dags/pipeline_dag.py
[2026-05-01T18:11:20.308+0000] {logging_mixin.py:188} INFO - [2026-05-01T18:11:20.308+0000] {dag.py:3089} INFO - Sync 1 DAGs
[2026-05-01T18:11:20.321+0000] {logging_mixin.py:188} INFO - [2026-05-01T18:11:20.321+0000] {dag.py:3947} INFO - Setting next_dagrun for data_pipeline to 2026-05-01 06:00:00+00:00, run_after=2026-05-02 06:00:00+00:00
[2026-05-01T18:11:20.333+0000] {processor.py:183} INFO - Processing /opt/airflow/dags/pipeline_dag.py took 0.064 seconds
[2026-05-01T18:11:50.480+0000] {processor.py:161} INFO - Started process (PID=1316) to work on /opt/airflow/dags/pipeline_dag.py
[2026-05-01T18:11:50.489+0000] {processor.py:830} INFO - Processing file /opt/airflow/dags/pipeline_dag.py for tasks to queue
[2026-05-01T18:11:50.491+0000] {logging_mixin.py:188} INFO - [2026-05-01T18:11:50.491+0000] {dagbag.py:545} INFO - Filling up the DagBag from /opt/airflow/dags/pipeline_dag.py
[2026-05-01T18:11:50.499+0000] {processor.py:840} INFO - DAG(s) 'data_pipeline' retrieved from /opt/airflow/dags/pipeline_dag.py
[2026-05-01T18:11:50.522+0000] {logging_mixin.py:188} INFO - [2026-05-01T18:11:50.522+0000] {dag.py:3089} INFO - Sync 1 DAGs
[2026-05-01T18:11:50.535+0000] {logging_mixin.py:188} INFO - [2026-05-01T18:11:50.535+0000] {dag.py:3947} INFO - Setting next_dagrun for data_pipeline to 2026-05-01 06:00:00+00:00, run_after=2026-05-02 06:00:00+00:00
[2026-05-01T18:11:50.546+0000] {processor.py:183} INFO - Processing /opt/airflow/dags/pipeline_dag.py took 0.073 seconds
[2026-05-01T18:12:20.629+0000] {processor.py:161} INFO - Started process (PID=1321) to work on /opt/airflow/dags/pipeline_dag.py
[2026-05-01T18:12:20.630+0000] {processor.py:830} INFO - Processing file /opt/airflow/dags/pipeline_dag.py for tasks to queue
[2026-05-01T18:12:20.631+0000] {logging_mixin.py:188} INFO - [2026-05-01T18:12:20.631+0000] {dagbag.py:545} INFO - Filling up the DagBag from /opt/airflow/dags/pipeline_dag.py
[2026-05-01T18:12:20.638+0000] {processor.py:840} INFO - DAG(s) 'data_pipeline' retrieved from /opt/airflow/dags/pipeline_dag.py
[2026-05-01T18:12:20.658+0000] {logging_mixin.py:188} INFO - [2026-05-01T18:12:20.658+0000] {dag.py:3089} INFO - Sync 1 DAGs
[2026-05-01T18:12:20.671+0000] {logging_mixin.py:188} INFO - [2026-05-01T18:12:20.671+0000] {dag.py:3947} INFO - Setting next_dagrun for data_pipeline to 2026-05-01 06:00:00+00:00, run_after=2026-05-02 06:00:00+00:00
[2026-05-01T18:12:20.682+0000] {processor.py:183} INFO - Processing /opt/airflow/dags/pipeline_dag.py took 0.057 seconds
[2026-05-01T18:12:50.822+0000] {processor.py:161} INFO - Started process (PID=1326) to work on /opt/airflow/dags/pipeline_dag.py
[2026-05-01T18:12:50.831+0000] {processor.py:830} INFO - Processing file /opt/airflow/dags/pipeline_dag.py for tasks to queue
[2026-05-01T18:12:50.832+0000] {logging_mixin.py:188} INFO - [2026-05-01T18:12:50.832+0000] {dagbag.py:545} INFO - Filling up the DagBag from /opt/airflow/dags/pipeline_dag.py
[2026-05-01T18:12:50.839+0000] {processor.py:840} INFO - DAG(s) 'data_pipeline' retrieved from /opt/airflow/dags/pipeline_dag.py
[2026-05-01T18:12:50.856+0000] {logging_mixin.py:188} INFO - [2026-05-01T18:12:50.856+0000] {dag.py:3089} INFO - Sync 1 DAGs
[2026-05-01T18:12:50.869+0000] {logging_mixin.py:188} INFO - [2026-05-01T18:12:50.869+0000] {dag.py:3947} INFO - Setting next_dagrun for data_pipeline to 2026-05-01 06:00:00+00:00, run_after=2026-05-02 06:00:00+00:00
[2026-05-01T18:12:50.880+0000] {processor.py:183} INFO - Processing /opt/airflow/dags/pipeline_dag.py took 0.061 seconds
[2026-05-01T18:13:20.969+0000] {processor.py:161} INFO - Started process (PID=1331) to work on /opt/airflow/dags/pipeline_dag.py
[2026-05-01T18:13:20.969+0000] {processor.py:830} INFO - Processing file /opt/airflow/dags/pipeline_dag.py for tasks to queue
[2026-05-01T18:13:20.971+0000] {logging_mixin.py:188} INFO - [2026-05-01T18:13:20.970+0000] {dagbag.py:545} INFO - Filling up the DagBag from /opt/airflow/dags/pipeline_dag.py
[2026-05-01T18:13:20.977+0000] {processor.py:840} INFO - DAG(s) 'data_pipeline' retrieved from /opt/airflow/dags/pipeline_dag.py
[2026-05-01T18:13:20.997+0000] {logging_mixin.py:188} INFO - [2026-05-01T18:13:20.997+0000] {dag.py:3089} INFO - Sync 1 DAGs
[2026-05-01T18:13:21.010+0000] {logging_mixin.py:188} INFO - [2026-05-01T18:13:21.010+0000] {dag.py:3947} INFO - Setting next_dagrun for data_pipeline to 2026-05-01 06:00:00+00:00, run_after=2026-05-02 06:00:00+00:00
[2026-05-01T18:13:21.022+0000] {processor.py:183} INFO - Processing /opt/airflow/dags/pipeline_dag.py took 0.059 seconds
[2026-05-01T18:13:51.157+0000] {processor.py:161} INFO - Started process (PID=1336) to work on /opt/airflow/dags/pipeline_dag.py
[2026-05-01T18:13:51.166+0000] {processor.py:830} INFO - Processing file /opt/airflow/dags/pipeline_dag.py for tasks to queue
[2026-05-01T18:13:51.168+0000] {logging_mixin.py:188} INFO - [2026-05-01T18:13:51.167+0000] {dagbag.py:545} INFO - Filling up the DagBag from /opt/airflow/dags/pipeline_dag.py
[2026-05-01T18:13:51.174+0000] {processor.py:840} INFO - DAG(s) 'data_pipeline' retrieved from /opt/airflow/dags/pipeline_dag.py
[2026-05-01T18:13:51.195+0000] {logging_mixin.py:188} INFO - [2026-05-01T18:13:51.195+0000] {dag.py:3089} INFO - Sync 1 DAGs
[2026-05-01T18:13:51.208+0000] {logging_mixin.py:188} INFO - [2026-05-01T18:13:51.208+0000] {dag.py:3947} INFO - Setting next_dagrun for data_pipeline to 2026-05-01 06:00:00+00:00, run_after=2026-05-02 06:00:00+00:00
[2026-05-01T18:13:51.220+0000] {processor.py:183} INFO - Processing /opt/airflow/dags/pipeline_dag.py took 0.067 seconds
[2026-05-01T18:14:21.310+0000] {processor.py:161} INFO - Started process (PID=1341) to work on /opt/airflow/dags/pipeline_dag.py
[2026-05-01T18:14:21.311+0000] {processor.py:830} INFO - Processing file /opt/airflow/dags/pipeline_dag.py for tasks to queue
[2026-05-01T18:14:21.312+0000] {logging_mixin.py:188} INFO - [2026-05-01T18:14:21.311+0000] {dagbag.py:545} INFO - Filling up the DagBag from /opt/airflow/dags/pipeline_dag.py
[2026-05-01T18:14:21.318+0000] {processor.py:840} INFO - DAG(s) 'data_pipeline' retrieved from /opt/airflow/dags/pipeline_dag.py
[2026-05-01T18:14:21.338+0000] {logging_mixin.py:188} INFO - [2026-05-01T18:14:21.338+0000] {dag.py:3089} INFO - Sync 1 DAGs
[2026-05-01T18:14:21.351+0000] {logging_mixin.py:188} INFO - [2026-05-01T18:14:21.351+0000] {dag.py:3947} INFO - Setting next_dagrun for data_pipeline to 2026-05-01 06:00:00+00:00, run_after=2026-05-02 06:00:00+00:00
[2026-05-01T18:14:21.362+0000] {processor.py:183} INFO - Processing /opt/airflow/dags/pipeline_dag.py took 0.056 seconds
[2026-05-01T18:14:51.517+0000] {processor.py:161} INFO - Started process (PID=1346) to work on /opt/airflow/dags/pipeline_dag.py
[2026-05-01T18:14:51.526+0000] {processor.py:830} INFO - Processing file /opt/airflow/dags/pipeline_dag.py for tasks to queue
[2026-05-01T18:14:51.528+0000] {logging_mixin.py:188} INFO - [2026-05-01T18:14:51.528+0000] {dagbag.py:545} INFO - Filling up the DagBag from /opt/airflow/dags/pipeline_dag.py
[2026-05-01T18:14:51.539+0000] {processor.py:840} INFO - DAG(s) 'data_pipeline' retrieved from /opt/airflow/dags/pipeline_dag.py
[2026-05-01T18:14:51.562+0000] {logging_mixin.py:188} INFO - [2026-05-01T18:14:51.562+0000] {dag.py:3089} INFO - Sync 1 DAGs
[2026-05-01T18:14:51.575+0000] {logging_mixin.py:188} INFO - [2026-05-01T18:14:51.575+0000] {dag.py:3947} INFO - Setting next_dagrun for data_pipeline to 2026-05-01 06:00:00+00:00, run_after=2026-05-02 06:00:00+00:00
[2026-05-01T18:14:51.586+0000] {processor.py:183} INFO - Processing /opt/airflow/dags/pipeline_dag.py took 0.074 seconds
[2026-05-01T18:15:21.674+0000] {processor.py:161} INFO - Started process (PID=1351) to work on /opt/airflow/dags/pipeline_dag.py
[2026-05-01T18:15:21.674+0000] {processor.py:830} INFO - Processing file /opt/airflow/dags/pipeline_dag.py for tasks to queue
[2026-05-01T18:15:21.676+0000] {logging_mixin.py:188} INFO - [2026-05-01T18:15:21.676+0000] {dagbag.py:545} INFO - Filling up the DagBag from /opt/airflow/dags/pipeline_dag.py
[2026-05-01T18:15:21.683+0000] {processor.py:840} INFO - DAG(s) 'data_pipeline' retrieved from /opt/airflow/dags/pipeline_dag.py
[2026-05-01T18:15:21.706+0000] {logging_mixin.py:188} INFO - [2026-05-01T18:15:21.706+0000] {dag.py:3089} INFO - Sync 1 DAGs
[2026-05-01T18:15:21.723+0000] {logging_mixin.py:188} INFO - [2026-05-01T18:15:21.723+0000] {dag.py:3947} INFO - Setting next_dagrun for data_pipeline to 2026-05-01 06:00:00+00:00, run_after=2026-05-02 06:00:00+00:00
[2026-05-01T18:15:21.736+0000] {processor.py:183} INFO - Processing /opt/airflow/dags/pipeline_dag.py took 0.069 seconds
[2026-05-01T18:15:51.870+0000] {processor.py:161} INFO - Started process (PID=1356) to work on /opt/airflow/dags/pipeline_dag.py
[2026-05-01T18:15:51.870+0000] {processor.py:830} INFO - Processing file /opt/airflow/dags/pipeline_dag.py for tasks to queue
[2026-05-01T18:15:51.872+0000] {logging_mixin.py:188} INFO - [2026-05-01T18:15:51.871+0000] {dagbag.py:545} INFO - Filling up the DagBag from /opt/airflow/dags/pipeline_dag.py
[2026-05-01T18:15:51.878+0000] {processor.py:840} INFO - DAG(s) 'data_pipeline' retrieved from /opt/airflow/dags/pipeline_dag.py
[2026-05-01T18:15:51.898+0000] {logging_mixin.py:188} INFO - [2026-05-01T18:15:51.898+0000] {dag.py:3089} INFO - Sync 1 DAGs
[2026-05-01T18:15:51.912+0000] {logging_mixin.py:188} INFO - [2026-05-01T18:15:51.912+0000] {dag.py:3947} INFO - Setting next_dagrun for data_pipeline to 2026-05-01 06:00:00+00:00, run_after=2026-05-02 06:00:00+00:00
[2026-05-01T18:15:51.924+0000] {processor.py:183} INFO - Processing /opt/airflow/dags/pipeline_dag.py took 0.058 seconds
[2026-05-01T18:16:22.013+0000] {processor.py:161} INFO - Started process (PID=1361) to work on /opt/airflow/dags/pipeline_dag.py
[2026-05-01T18:16:22.013+0000] {processor.py:830} INFO - Processing file /opt/airflow/dags/pipeline_dag.py for tasks to queue
[2026-05-01T18:16:22.015+0000] {logging_mixin.py:188} INFO - [2026-05-01T18:16:22.015+0000] {dagbag.py:545} INFO - Filling up the DagBag from /opt/airflow/dags/pipeline_dag.py
[2026-05-01T18:16:22.022+0000] {processor.py:840} INFO - DAG(s) 'data_pipeline' retrieved from /opt/airflow/dags/pipeline_dag.py
[2026-05-01T18:16:22.043+0000] {logging_mixin.py:188} INFO - [2026-05-01T18:16:22.043+0000] {dag.py:3089} INFO - Sync 1 DAGs
[2026-05-01T18:16:22.056+0000] {logging_mixin.py:188} INFO - [2026-05-01T18:16:22.056+0000] {dag.py:3947} INFO - Setting next_dagrun for data_pipeline to 2026-05-01 06:00:00+00:00, run_after=2026-05-02 06:00:00+00:00
[2026-05-01T18:16:22.069+0000] {processor.py:183} INFO - Processing /opt/airflow/dags/pipeline_dag.py took 0.061 seconds
[2026-05-01T18:16:52.207+0000] {processor.py:161} INFO - Started process (PID=1366) to work on /opt/airflow/dags/pipeline_dag.py
[2026-05-01T18:16:52.217+0000] {processor.py:830} INFO - Processing file /opt/airflow/dags/pipeline_dag.py for tasks to queue
[2026-05-01T18:16:52.219+0000] {logging_mixin.py:188} INFO - [2026-05-01T18:16:52.219+0000] {dagbag.py:545} INFO - Filling up the DagBag from /opt/airflow/dags/pipeline_dag.py
[2026-05-01T18:16:52.226+0000] {processor.py:840} INFO - DAG(s) 'data_pipeline' retrieved from /opt/airflow/dags/pipeline_dag.py
[2026-05-01T18:16:52.250+0000] {logging_mixin.py:188} INFO - [2026-05-01T18:16:52.249+0000] {dag.py:3089} INFO - Sync 1 DAGs
[2026-05-01T18:16:52.262+0000] {logging_mixin.py:188} INFO - [2026-05-01T18:16:52.262+0000] {dag.py:3947} INFO - Setting next_dagrun for data_pipeline to 2026-05-01 06:00:00+00:00, run_after=2026-05-02 06:00:00+00:00
[2026-05-01T18:16:52.275+0000] {processor.py:183} INFO - Processing /opt/airflow/dags/pipeline_dag.py took 0.071 seconds
[2026-05-01T18:17:22.367+0000] {processor.py:161} INFO - Started process (PID=1371) to work on /opt/airflow/dags/pipeline_dag.py
[2026-05-01T18:17:22.367+0000] {processor.py:830} INFO - Processing file /opt/airflow/dags/pipeline_dag.py for tasks to queue
[2026-05-01T18:17:22.368+0000] {logging_mixin.py:188} INFO - [2026-05-01T18:17:22.368+0000] {dagbag.py:545} INFO - Filling up the DagBag from /opt/airflow/dags/pipeline_dag.py
[2026-05-01T18:17:22.374+0000] {processor.py:840} INFO - DAG(s) 'data_pipeline' retrieved from /opt/airflow/dags/pipeline_dag.py
[2026-05-01T18:17:22.394+0000] {logging_mixin.py:188} INFO - [2026-05-01T18:17:22.394+0000] {dag.py:3089} INFO - Sync 1 DAGs
[2026-05-01T18:17:22.408+0000] {logging_mixin.py:188} INFO - [2026-05-01T18:17:22.408+0000] {dag.py:3947} INFO - Setting next_dagrun for data_pipeline to 2026-05-01 06:00:00+00:00, run_after=2026-05-02 06:00:00+00:00
[2026-05-01T18:17:22.420+0000] {processor.py:183} INFO - Processing /opt/airflow/dags/pipeline_dag.py took 0.059 seconds
[2026-05-01T18:17:52.559+0000] {processor.py:161} INFO - Started process (PID=1376) to work on /opt/airflow/dags/pipeline_dag.py
[2026-05-01T18:17:52.568+0000] {processor.py:830} INFO - Processing file /opt/airflow/dags/pipeline_dag.py for tasks to queue
[2026-05-01T18:17:52.570+0000] {logging_mixin.py:188} INFO - [2026-05-01T18:17:52.570+0000] {dagbag.py:545} INFO - Filling up the DagBag from /opt/airflow/dags/pipeline_dag.py
[2026-05-01T18:17:52.578+0000] {processor.py:840} INFO - DAG(s) 'data_pipeline' retrieved from /opt/airflow/dags/pipeline_dag.py
[2026-05-01T18:17:52.601+0000] {logging_mixin.py:188} INFO - [2026-05-01T18:17:52.601+0000] {dag.py:3089} INFO - Sync 1 DAGs
[2026-05-01T18:17:52.614+0000] {logging_mixin.py:188} INFO - [2026-05-01T18:17:52.614+0000] {dag.py:3947} INFO - Setting next_dagrun for data_pipeline to 2026-05-01 06:00:00+00:00, run_after=2026-05-02 06:00:00+00:00
[2026-05-01T18:17:52.626+0000] {processor.py:183} INFO - Processing /opt/airflow/dags/pipeline_dag.py took 0.070 seconds
[2026-05-01T18:18:22.718+0000] {processor.py:161} INFO - Started process (PID=1381) to work on /opt/airflow/dags/pipeline_dag.py
[2026-05-01T18:18:22.718+0000] {processor.py:830} INFO - Processing file /opt/airflow/dags/pipeline_dag.py for tasks to queue
[2026-05-01T18:18:22.720+0000] {logging_mixin.py:188} INFO - [2026-05-01T18:18:22.720+0000] {dagbag.py:545} INFO - Filling up the DagBag from /opt/airflow/dags/pipeline_dag.py
[2026-05-01T18:18:22.727+0000] {processor.py:840} INFO - DAG(s) 'data_pipeline' retrieved from /opt/airflow/dags/pipeline_dag.py
[2026-05-01T18:18:22.748+0000] {logging_mixin.py:188} INFO - [2026-05-01T18:18:22.748+0000] {dag.py:3089} INFO - Sync 1 DAGs
[2026-05-01T18:18:22.768+0000] {logging_mixin.py:188} INFO - [2026-05-01T18:18:22.767+0000] {dag.py:3947} INFO - Setting next_dagrun for data_pipeline to 2026-05-01 06:00:00+00:00, run_after=2026-05-02 06:00:00+00:00
[2026-05-01T18:18:22.778+0000] {processor.py:183} INFO - Processing /opt/airflow/dags/pipeline_dag.py took 0.065 seconds
[2026-05-01T18:18:52.903+0000] {processor.py:161} INFO - Started process (PID=1386) to work on /opt/airflow/dags/pipeline_dag.py
[2026-05-01T18:18:52.912+0000] {processor.py:830} INFO - Processing file /opt/airflow/dags/pipeline_dag.py for tasks to queue
[2026-05-01T18:18:52.914+0000] {logging_mixin.py:188} INFO - [2026-05-01T18:18:52.914+0000] {dagbag.py:545} INFO - Filling up the DagBag from /opt/airflow/dags/pipeline_dag.py
[2026-05-01T18:18:52.923+0000] {processor.py:840} INFO - DAG(s) 'data_pipeline' retrieved from /opt/airflow/dags/pipeline_dag.py
[2026-05-01T18:18:52.946+0000] {logging_mixin.py:188} INFO - [2026-05-01T18:18:52.946+0000] {dag.py:3089} INFO - Sync 1 DAGs
[2026-05-01T18:18:52.961+0000] {logging_mixin.py:188} INFO - [2026-05-01T18:18:52.961+0000] {dag.py:3947} INFO - Setting next_dagrun for data_pipeline to 2026-05-01 06:00:00+00:00, run_after=2026-05-02 06:00:00+00:00
[2026-05-01T18:18:52.974+0000] {processor.py:183} INFO - Processing /opt/airflow/dags/pipeline_dag.py took 0.074 seconds
[2026-05-01T18:19:23.049+0000] {processor.py:161} INFO - Started process (PID=1391) to work on /opt/airflow/dags/pipeline_dag.py
[2026-05-01T18:19:23.049+0000] {processor.py:830} INFO - Processing file /opt/airflow/dags/pipeline_dag.py for tasks to queue
[2026-05-01T18:19:23.051+0000] {logging_mixin.py:188} INFO - [2026-05-01T18:19:23.050+0000] {dagbag.py:545} INFO - Filling up the DagBag from /opt/airflow/dags/pipeline_dag.py
[2026-05-01T18:19:23.057+0000] {processor.py:840} INFO - DAG(s) 'data_pipeline' retrieved from /opt/airflow/dags/pipeline_dag.py
[2026-05-01T18:19:23.080+0000] {logging_mixin.py:188} INFO - [2026-05-01T18:19:23.080+0000] {dag.py:3089} INFO - Sync 1 DAGs
[2026-05-01T18:19:23.094+0000] {logging_mixin.py:188} INFO - [2026-05-01T18:19:23.094+0000] {dag.py:3947} INFO - Setting next_dagrun for data_pipeline to 2026-05-01 06:00:00+00:00, run_after=2026-05-02 06:00:00+00:00
[2026-05-01T18:19:23.106+0000] {processor.py:183} INFO - Processing /opt/airflow/dags/pipeline_dag.py took 0.062 seconds
[2026-05-01T18:19:53.287+0000] {processor.py:161} INFO - Started process (PID=1396) to work on /opt/airflow/dags/pipeline_dag.py
[2026-05-01T18:19:53.297+0000] {processor.py:830} INFO - Processing file /opt/airflow/dags/pipeline_dag.py for tasks to queue
[2026-05-01T18:19:53.301+0000] {logging_mixin.py:188} INFO - [2026-05-01T18:19:53.300+0000] {dagbag.py:545} INFO - Filling up the DagBag from /opt/airflow/dags/pipeline_dag.py
[2026-05-01T18:19:53.318+0000] {processor.py:840} INFO - DAG(s) 'data_pipeline' retrieved from /opt/airflow/dags/pipeline_dag.py
[2026-05-01T18:19:53.372+0000] {logging_mixin.py:188} INFO - [2026-05-01T18:19:53.371+0000] {dag.py:3089} INFO - Sync 1 DAGs
[2026-05-01T18:19:53.407+0000] {logging_mixin.py:188} INFO - [2026-05-01T18:19:53.406+0000] {dag.py:3947} INFO - Setting next_dagrun for data_pipeline to 2026-05-01 06:00:00+00:00, run_after=2026-05-02 06:00:00+00:00
[2026-05-01T18:19:53.449+0000] {processor.py:183} INFO - Processing /opt/airflow/dags/pipeline_dag.py took 0.172 seconds
[2026-05-01T18:20:23.652+0000] {processor.py:161} INFO - Started process (PID=1401) to work on /opt/airflow/dags/pipeline_dag.py
[2026-05-01T18:20:23.654+0000] {processor.py:830} INFO - Processing file /opt/airflow/dags/pipeline_dag.py for tasks to queue
[2026-05-01T18:20:23.656+0000] {logging_mixin.py:188} INFO - [2026-05-01T18:20:23.655+0000] {dagbag.py:545} INFO - Filling up the DagBag from /opt/airflow/dags/pipeline_dag.py
[2026-05-01T18:20:23.672+0000] {processor.py:840} INFO - DAG(s) 'data_pipeline' retrieved from /opt/airflow/dags/pipeline_dag.py
[2026-05-01T18:20:23.726+0000] {logging_mixin.py:188} INFO - [2026-05-01T18:20:23.725+0000] {dag.py:3089} INFO - Sync 1 DAGs
[2026-05-01T18:20:23.762+0000] {logging_mixin.py:188} INFO - [2026-05-01T18:20:23.762+0000] {dag.py:3947} INFO - Setting next_dagrun for data_pipeline to 2026-05-01 06:00:00+00:00, run_after=2026-05-02 06:00:00+00:00
[2026-05-01T18:20:23.799+0000] {processor.py:183} INFO - Processing /opt/airflow/dags/pipeline_dag.py took 0.157 seconds
[2026-05-01T18:20:53.997+0000] {processor.py:161} INFO - Started process (PID=1406) to work on /opt/airflow/dags/pipeline_dag.py
[2026-05-01T18:20:54.004+0000] {processor.py:830} INFO - Processing file /opt/airflow/dags/pipeline_dag.py for tasks to queue
[2026-05-01T18:20:54.006+0000] {logging_mixin.py:188} INFO - [2026-05-01T18:20:54.006+0000] {dagbag.py:545} INFO - Filling up the DagBag from /opt/airflow/dags/pipeline_dag.py
[2026-05-01T18:20:54.013+0000] {processor.py:840} INFO - DAG(s) 'data_pipeline' retrieved from /opt/airflow/dags/pipeline_dag.py
[2026-05-01T18:20:54.036+0000] {logging_mixin.py:188} INFO - [2026-05-01T18:20:54.036+0000] {dag.py:3089} INFO - Sync 1 DAGs
[2026-05-01T18:20:54.048+0000] {logging_mixin.py:188} INFO - [2026-05-01T18:20:54.048+0000] {dag.py:3947} INFO - Setting next_dagrun for data_pipeline to 2026-05-01 06:00:00+00:00, run_after=2026-05-02 06:00:00+00:00
[2026-05-01T18:20:54.059+0000] {processor.py:183} INFO - Processing /opt/airflow/dags/pipeline_dag.py took 0.067 seconds
[2026-05-01T18:21:24.155+0000] {processor.py:161} INFO - Started process (PID=1411) to work on /opt/airflow/dags/pipeline_dag.py
[2026-05-01T18:21:24.156+0000] {processor.py:830} INFO - Processing file /opt/airflow/dags/pipeline_dag.py for tasks to queue
[2026-05-01T18:21:24.157+0000] {logging_mixin.py:188} INFO - [2026-05-01T18:21:24.157+0000] {dagbag.py:545} INFO - Filling up the DagBag from /opt/airflow/dags/pipeline_dag.py
[2026-05-01T18:21:24.164+0000] {processor.py:840} INFO - DAG(s) 'data_pipeline' retrieved from /opt/airflow/dags/pipeline_dag.py
[2026-05-01T18:21:24.189+0000] {logging_mixin.py:188} INFO - [2026-05-01T18:21:24.188+0000] {dag.py:3089} INFO - Sync 1 DAGs
[2026-05-01T18:21:24.201+0000] {logging_mixin.py:188} INFO - [2026-05-01T18:21:24.201+0000] {dag.py:3947} INFO - Setting next_dagrun for data_pipeline to 2026-05-01 06:00:00+00:00, run_after=2026-05-02 06:00:00+00:00
[2026-05-01T18:21:24.212+0000] {processor.py:183} INFO - Processing /opt/airflow/dags/pipeline_dag.py took 0.062 seconds
[2026-05-01T18:21:54.394+0000] {processor.py:161} INFO - Started process (PID=1416) to work on /opt/airflow/dags/pipeline_dag.py
[2026-05-01T18:21:54.394+0000] {processor.py:830} INFO - Processing file /opt/airflow/dags/pipeline_dag.py for tasks to queue
[2026-05-01T18:21:54.396+0000] {logging_mixin.py:188} INFO - [2026-05-01T18:21:54.395+0000] {dagbag.py:545} INFO - Filling up the DagBag from /opt/airflow/dags/pipeline_dag.py
[2026-05-01T18:21:54.403+0000] {processor.py:840} INFO - DAG(s) 'data_pipeline' retrieved from /opt/airflow/dags/pipeline_dag.py
[2026-05-01T18:21:54.425+0000] {logging_mixin.py:188} INFO - [2026-05-01T18:21:54.425+0000] {dag.py:3089} INFO - Sync 1 DAGs
[2026-05-01T18:21:54.437+0000] {logging_mixin.py:188} INFO - [2026-05-01T18:21:54.437+0000] {dag.py:3947} INFO - Setting next_dagrun for data_pipeline to 2026-05-01 06:00:00+00:00, run_after=2026-05-02 06:00:00+00:00
[2026-05-01T18:21:54.448+0000] {processor.py:183} INFO - Processing /opt/airflow/dags/pipeline_dag.py took 0.060 seconds
[2026-05-01T18:22:24.573+0000] {processor.py:161} INFO - Started process (PID=1421) to work on /opt/airflow/dags/pipeline_dag.py
[2026-05-01T18:22:24.573+0000] {processor.py:830} INFO - Processing file /opt/airflow/dags/pipeline_dag.py for tasks to queue
[2026-05-01T18:22:24.574+0000] {logging_mixin.py:188} INFO - [2026-05-01T18:22:24.574+0000] {dagbag.py:545} INFO - Filling up the DagBag from /opt/airflow/dags/pipeline_dag.py
[2026-05-01T18:22:24.581+0000] {processor.py:840} INFO - DAG(s) 'data_pipeline' retrieved from /opt/airflow/dags/pipeline_dag.py
[2026-05-01T18:22:24.600+0000] {logging_mixin.py:188} INFO - [2026-05-01T18:22:24.599+0000] {dag.py:3089} INFO - Sync 1 DAGs
[2026-05-01T18:22:24.612+0000] {logging_mixin.py:188} INFO - [2026-05-01T18:22:24.612+0000] {dag.py:3947} INFO - Setting next_dagrun for data_pipeline to 2026-05-01 06:00:00+00:00, run_after=2026-05-02 06:00:00+00:00
[2026-05-01T18:22:24.622+0000] {processor.py:183} INFO - Processing /opt/airflow/dags/pipeline_dag.py took 0.055 seconds
[2026-05-01T18:22:54.788+0000] {processor.py:161} INFO - Started process (PID=1426) to work on /opt/airflow/dags/pipeline_dag.py
[2026-05-01T18:22:54.789+0000] {processor.py:830} INFO - Processing file /opt/airflow/dags/pipeline_dag.py for tasks to queue
[2026-05-01T18:22:54.790+0000] {logging_mixin.py:188} INFO - [2026-05-01T18:22:54.790+0000] {dagbag.py:545} INFO - Filling up the DagBag from /opt/airflow/dags/pipeline_dag.py
[2026-05-01T18:22:54.795+0000] {processor.py:840} INFO - DAG(s) 'data_pipeline' retrieved from /opt/airflow/dags/pipeline_dag.py
[2026-05-01T18:22:54.812+0000] {logging_mixin.py:188} INFO - [2026-05-01T18:22:54.812+0000] {dag.py:3089} INFO - Sync 1 DAGs
[2026-05-01T18:22:54.825+0000] {logging_mixin.py:188} INFO - [2026-05-01T18:22:54.825+0000] {dag.py:3947} INFO - Setting next_dagrun for data_pipeline to 2026-05-01 06:00:00+00:00, run_after=2026-05-02 06:00:00+00:00
[2026-05-01T18:22:54.836+0000] {processor.py:183} INFO - Processing /opt/airflow/dags/pipeline_dag.py took 0.050 seconds
[2026-05-01T18:23:24.970+0000] {processor.py:161} INFO - Started process (PID=1431) to work on /opt/airflow/dags/pipeline_dag.py
[2026-05-01T18:23:24.977+0000] {processor.py:830} INFO - Processing file /opt/airflow/dags/pipeline_dag.py for tasks to queue
[2026-05-01T18:23:24.978+0000] {logging_mixin.py:188} INFO - [2026-05-01T18:23:24.978+0000] {dagbag.py:545} INFO - Filling up the DagBag from /opt/airflow/dags/pipeline_dag.py
[2026-05-01T18:23:24.985+0000] {processor.py:840} INFO - DAG(s) 'data_pipeline' retrieved from /opt/airflow/dags/pipeline_dag.py
[2026-05-01T18:23:25.009+0000] {logging_mixin.py:188} INFO - [2026-05-01T18:23:25.009+0000] {dag.py:3089} INFO - Sync 1 DAGs
[2026-05-01T18:23:25.027+0000] {logging_mixin.py:188} INFO - [2026-05-01T18:23:25.027+0000] {dag.py:3947} INFO - Setting next_dagrun for data_pipeline to 2026-05-01 06:00:00+00:00, run_after=2026-05-02 06:00:00+00:00
[2026-05-01T18:23:25.038+0000] {processor.py:183} INFO - Processing /opt/airflow/dags/pipeline_dag.py took 0.074 seconds
[2026-05-01T18:23:55.161+0000] {processor.py:161} INFO - Started process (PID=1436) to work on /opt/airflow/dags/pipeline_dag.py
[2026-05-01T18:23:55.162+0000] {processor.py:830} INFO - Processing file /opt/airflow/dags/pipeline_dag.py for tasks to queue
[2026-05-01T18:23:55.163+0000] {logging_mixin.py:188} INFO - [2026-05-01T18:23:55.162+0000] {dagbag.py:545} INFO - Filling up the DagBag from /opt/airflow/dags/pipeline_dag.py
[2026-05-01T18:23:55.170+0000] {processor.py:840} INFO - DAG(s) 'data_pipeline' retrieved from /opt/airflow/dags/pipeline_dag.py
[2026-05-01T18:23:55.192+0000] {logging_mixin.py:188} INFO - [2026-05-01T18:23:55.192+0000] {dag.py:3089} INFO - Sync 1 DAGs
[2026-05-01T18:23:55.204+0000] {logging_mixin.py:188} INFO - [2026-05-01T18:23:55.204+0000] {dag.py:3947} INFO - Setting next_dagrun for data_pipeline to 2026-05-01 06:00:00+00:00, run_after=2026-05-02 06:00:00+00:00
[2026-05-01T18:23:55.216+0000] {processor.py:183} INFO - Processing /opt/airflow/dags/pipeline_dag.py took 0.061 seconds
[2026-05-01T18:24:25.356+0000] {processor.py:161} INFO - Started process (PID=1441) to work on /opt/airflow/dags/pipeline_dag.py
[2026-05-01T18:24:25.365+0000] {processor.py:830} INFO - Processing file /opt/airflow/dags/pipeline_dag.py for tasks to queue
[2026-05-01T18:24:25.367+0000] {logging_mixin.py:188} INFO - [2026-05-01T18:24:25.366+0000] {dagbag.py:545} INFO - Filling up the DagBag from /opt/airflow/dags/pipeline_dag.py
[2026-05-01T18:24:25.377+0000] {processor.py:840} INFO - DAG(s) 'data_pipeline' retrieved from /opt/airflow/dags/pipeline_dag.py
[2026-05-01T18:24:25.398+0000] {logging_mixin.py:188} INFO - [2026-05-01T18:24:25.398+0000] {dag.py:3089} INFO - Sync 1 DAGs
[2026-05-01T18:24:25.411+0000] {logging_mixin.py:188} INFO - [2026-05-01T18:24:25.411+0000] {dag.py:3947} INFO - Setting next_dagrun for data_pipeline to 2026-05-01 06:00:00+00:00, run_after=2026-05-02 06:00:00+00:00
[2026-05-01T18:24:25.422+0000] {processor.py:183} INFO - Processing /opt/airflow/dags/pipeline_dag.py took 0.073 seconds
[2026-05-01T18:24:55.559+0000] {processor.py:161} INFO - Started process (PID=1446) to work on /opt/airflow/dags/pipeline_dag.py
[2026-05-01T18:24:55.560+0000] {processor.py:830} INFO - Processing file /opt/airflow/dags/pipeline_dag.py for tasks to queue
[2026-05-01T18:24:55.561+0000] {logging_mixin.py:188} INFO - [2026-05-01T18:24:55.561+0000] {dagbag.py:545} INFO - Filling up the DagBag from /opt/airflow/dags/pipeline_dag.py
[2026-05-01T18:24:55.568+0000] {processor.py:840} INFO - DAG(s) 'data_pipeline' retrieved from /opt/airflow/dags/pipeline_dag.py
[2026-05-01T18:24:55.592+0000] {logging_mixin.py:188} INFO - [2026-05-01T18:24:55.592+0000] {dag.py:3089} INFO - Sync 1 DAGs
[2026-05-01T18:24:55.608+0000] {logging_mixin.py:188} INFO - [2026-05-01T18:24:55.608+0000] {dag.py:3947} INFO - Setting next_dagrun for data_pipeline to 2026-05-01 06:00:00+00:00, run_after=2026-05-02 06:00:00+00:00
[2026-05-01T18:24:55.623+0000] {processor.py:183} INFO - Processing /opt/airflow/dags/pipeline_dag.py took 0.070 seconds
[2026-05-01T18:25:25.751+0000] {processor.py:161} INFO - Started process (PID=1451) to work on /opt/airflow/dags/pipeline_dag.py
[2026-05-01T18:25:25.760+0000] {processor.py:830} INFO - Processing file /opt/airflow/dags/pipeline_dag.py for tasks to queue
[2026-05-01T18:25:25.761+0000] {logging_mixin.py:188} INFO - [2026-05-01T18:25:25.761+0000] {dagbag.py:545} INFO - Filling up the DagBag from /opt/airflow/dags/pipeline_dag.py
[2026-05-01T18:25:25.768+0000] {processor.py:840} INFO - DAG(s) 'data_pipeline' retrieved from /opt/airflow/dags/pipeline_dag.py
[2026-05-01T18:25:25.784+0000] {logging_mixin.py:188} INFO - [2026-05-01T18:25:25.784+0000] {dag.py:3089} INFO - Sync 1 DAGs
[2026-05-01T18:25:25.796+0000] {logging_mixin.py:188} INFO - [2026-05-01T18:25:25.796+0000] {dag.py:3947} INFO - Setting next_dagrun for data_pipeline to 2026-05-01 06:00:00+00:00, run_after=2026-05-02 06:00:00+00:00
[2026-05-01T18:25:25.808+0000] {processor.py:183} INFO - Processing /opt/airflow/dags/pipeline_dag.py took 0.061 seconds
[2026-05-01T18:25:55.920+0000] {processor.py:161} INFO - Started process (PID=1456) to work on /opt/airflow/dags/pipeline_dag.py
[2026-05-01T18:25:55.920+0000] {processor.py:830} INFO - Processing file /opt/airflow/dags/pipeline_dag.py for tasks to queue
[2026-05-01T18:25:55.921+0000] {logging_mixin.py:188} INFO - [2026-05-01T18:25:55.921+0000] {dagbag.py:545} INFO - Filling up the DagBag from /opt/airflow/dags/pipeline_dag.py
[2026-05-01T18:25:55.927+0000] {processor.py:840} INFO - DAG(s) 'data_pipeline' retrieved from /opt/airflow/dags/pipeline_dag.py
[2026-05-01T18:25:55.950+0000] {logging_mixin.py:188} INFO - [2026-05-01T18:25:55.949+0000] {dag.py:3089} INFO - Sync 1 DAGs
[2026-05-01T18:25:55.962+0000] {logging_mixin.py:188} INFO - [2026-05-01T18:25:55.962+0000] {dag.py:3947} INFO - Setting next_dagrun for data_pipeline to 2026-05-01 06:00:00+00:00, run_after=2026-05-02 06:00:00+00:00
[2026-05-01T18:25:55.975+0000] {processor.py:183} INFO - Processing /opt/airflow/dags/pipeline_dag.py took 0.060 seconds
[2026-05-01T18:26:26.117+0000] {processor.py:161} INFO - Started process (PID=1461) to work on /opt/airflow/dags/pipeline_dag.py
[2026-05-01T18:26:26.126+0000] {processor.py:830} INFO - Processing file /opt/airflow/dags/pipeline_dag.py for tasks to queue
[2026-05-01T18:26:26.128+0000] {logging_mixin.py:188} INFO - [2026-05-01T18:26:26.128+0000] {dagbag.py:545} INFO - Filling up the DagBag from /opt/airflow/dags/pipeline_dag.py
[2026-05-01T18:26:26.135+0000] {processor.py:840} INFO - DAG(s) 'data_pipeline' retrieved from /opt/airflow/dags/pipeline_dag.py
[2026-05-01T18:26:26.159+0000] {logging_mixin.py:188} INFO - [2026-05-01T18:26:26.159+0000] {dag.py:3089} INFO - Sync 1 DAGs
[2026-05-01T18:26:26.172+0000] {logging_mixin.py:188} INFO - [2026-05-01T18:26:26.172+0000] {dag.py:3947} INFO - Setting next_dagrun for data_pipeline to 2026-05-01 06:00:00+00:00, run_after=2026-05-02 06:00:00+00:00
[2026-05-01T18:26:26.183+0000] {processor.py:183} INFO - Processing /opt/airflow/dags/pipeline_dag.py took 0.071 seconds
[2026-05-01T18:26:56.304+0000] {processor.py:161} INFO - Started process (PID=1466) to work on /opt/airflow/dags/pipeline_dag.py
[2026-05-01T18:26:56.304+0000] {processor.py:830} INFO - Processing file /opt/airflow/dags/pipeline_dag.py for tasks to queue
[2026-05-01T18:26:56.306+0000] {logging_mixin.py:188} INFO - [2026-05-01T18:26:56.305+0000] {dagbag.py:545} INFO - Filling up the DagBag from /opt/airflow/dags/pipeline_dag.py
[2026-05-01T18:26:56.312+0000] {processor.py:840} INFO - DAG(s) 'data_pipeline' retrieved from /opt/airflow/dags/pipeline_dag.py
[2026-05-01T18:26:56.331+0000] {logging_mixin.py:188} INFO - [2026-05-01T18:26:56.330+0000] {dag.py:3089} INFO - Sync 1 DAGs
[2026-05-01T18:26:56.343+0000] {logging_mixin.py:188} INFO - [2026-05-01T18:26:56.343+0000] {dag.py:3947} INFO - Setting next_dagrun for data_pipeline to 2026-05-01 06:00:00+00:00, run_after=2026-05-02 06:00:00+00:00
[2026-05-01T18:26:56.353+0000] {processor.py:183} INFO - Processing /opt/airflow/dags/pipeline_dag.py took 0.057 seconds
[2026-05-01T18:27:26.503+0000] {processor.py:161} INFO - Started process (PID=1471) to work on /opt/airflow/dags/pipeline_dag.py
[2026-05-01T18:27:26.512+0000] {processor.py:830} INFO - Processing file /opt/airflow/dags/pipeline_dag.py for tasks to queue
[2026-05-01T18:27:26.514+0000] {logging_mixin.py:188} INFO - [2026-05-01T18:27:26.514+0000] {dagbag.py:545} INFO - Filling up the DagBag from /opt/airflow/dags/pipeline_dag.py
[2026-05-01T18:27:26.523+0000] {processor.py:840} INFO - DAG(s) 'data_pipeline' retrieved from /opt/airflow/dags/pipeline_dag.py
[2026-05-01T18:27:26.548+0000] {logging_mixin.py:188} INFO - [2026-05-01T18:27:26.548+0000] {dag.py:3089} INFO - Sync 1 DAGs
[2026-05-01T18:27:26.560+0000] {logging_mixin.py:188} INFO - [2026-05-01T18:27:26.560+0000] {dag.py:3947} INFO - Setting next_dagrun for data_pipeline to 2026-05-01 06:00:00+00:00, run_after=2026-05-02 06:00:00+00:00
[2026-05-01T18:27:26.572+0000] {processor.py:183} INFO - Processing /opt/airflow/dags/pipeline_dag.py took 0.074 seconds
[2026-05-01T18:27:56.684+0000] {processor.py:161} INFO - Started process (PID=1476) to work on /opt/airflow/dags/pipeline_dag.py
[2026-05-01T18:27:56.685+0000] {processor.py:830} INFO - Processing file /opt/airflow/dags/pipeline_dag.py for tasks to queue
[2026-05-01T18:27:56.686+0000] {logging_mixin.py:188} INFO - [2026-05-01T18:27:56.686+0000] {dagbag.py:545} INFO - Filling up the DagBag from /opt/airflow/dags/pipeline_dag.py
[2026-05-01T18:27:56.692+0000] {processor.py:840} INFO - DAG(s) 'data_pipeline' retrieved from /opt/airflow/dags/pipeline_dag.py
[2026-05-01T18:27:56.712+0000] {logging_mixin.py:188} INFO - [2026-05-01T18:27:56.712+0000] {dag.py:3089} INFO - Sync 1 DAGs
[2026-05-01T18:27:56.724+0000] {logging_mixin.py:188} INFO - [2026-05-01T18:27:56.724+0000] {dag.py:3947} INFO - Setting next_dagrun for data_pipeline to 2026-05-01 06:00:00+00:00, run_after=2026-05-02 06:00:00+00:00
[2026-05-01T18:27:56.736+0000] {processor.py:183} INFO - Processing /opt/airflow/dags/pipeline_dag.py took 0.058 seconds
[2026-05-01T18:28:26.913+0000] {processor.py:161} INFO - Started process (PID=1481) to work on /opt/airflow/dags/pipeline_dag.py
[2026-05-01T18:28:26.922+0000] {processor.py:830} INFO - Processing file /opt/airflow/dags/pipeline_dag.py for tasks to queue
[2026-05-01T18:28:26.925+0000] {logging_mixin.py:188} INFO - [2026-05-01T18:28:26.924+0000] {dagbag.py:545} INFO - Filling up the DagBag from /opt/airflow/dags/pipeline_dag.py
[2026-05-01T18:28:26.933+0000] {processor.py:840} INFO - DAG(s) 'data_pipeline' retrieved from /opt/airflow/dags/pipeline_dag.py
[2026-05-01T18:28:26.955+0000] {logging_mixin.py:188} INFO - [2026-05-01T18:28:26.955+0000] {dag.py:3089} INFO - Sync 1 DAGs
[2026-05-01T18:28:26.968+0000] {logging_mixin.py:188} INFO - [2026-05-01T18:28:26.968+0000] {dag.py:3947} INFO - Setting next_dagrun for data_pipeline to 2026-05-01 06:00:00+00:00, run_after=2026-05-02 06:00:00+00:00
[2026-05-01T18:28:26.979+0000] {processor.py:183} INFO - Processing /opt/airflow/dags/pipeline_dag.py took 0.071 seconds
[2026-05-01T18:28:57.528+0000] {processor.py:161} INFO - Started process (PID=1486) to work on /opt/airflow/dags/pipeline_dag.py
[2026-05-01T18:28:57.528+0000] {processor.py:830} INFO - Processing file /opt/airflow/dags/pipeline_dag.py for tasks to queue
[2026-05-01T18:28:57.529+0000] {logging_mixin.py:188} INFO - [2026-05-01T18:28:57.529+0000] {dagbag.py:545} INFO - Filling up the DagBag from /opt/airflow/dags/pipeline_dag.py
[2026-05-01T18:28:57.535+0000] {processor.py:840} INFO - DAG(s) 'data_pipeline' retrieved from /opt/airflow/dags/pipeline_dag.py
[2026-05-01T18:28:57.552+0000] {logging_mixin.py:188} INFO - [2026-05-01T18:28:57.552+0000] {dag.py:3089} INFO - Sync 1 DAGs
[2026-05-01T18:28:57.565+0000] {logging_mixin.py:188} INFO - [2026-05-01T18:28:57.565+0000] {dag.py:3947} INFO - Setting next_dagrun for data_pipeline to 2026-05-01 06:00:00+00:00, run_after=2026-05-02 06:00:00+00:00
[2026-05-01T18:28:57.576+0000] {processor.py:183} INFO - Processing /opt/airflow/dags/pipeline_dag.py took 0.052 seconds
[2026-05-01T18:29:27.735+0000] {processor.py:161} INFO - Started process (PID=1491) to work on /opt/airflow/dags/pipeline_dag.py
[2026-05-01T18:29:27.745+0000] {processor.py:830} INFO - Processing file /opt/airflow/dags/pipeline_dag.py for tasks to queue
[2026-05-01T18:29:27.746+0000] {logging_mixin.py:188} INFO - [2026-05-01T18:29:27.745+0000] {dagbag.py:545} INFO - Filling up the DagBag from /opt/airflow/dags/pipeline_dag.py
[2026-05-01T18:29:27.752+0000] {processor.py:840} INFO - DAG(s) 'data_pipeline' retrieved from /opt/airflow/dags/pipeline_dag.py
[2026-05-01T18:29:27.769+0000] {logging_mixin.py:188} INFO - [2026-05-01T18:29:27.769+0000] {dag.py:3089} INFO - Sync 1 DAGs
[2026-05-01T18:29:27.782+0000] {logging_mixin.py:188} INFO - [2026-05-01T18:29:27.782+0000] {dag.py:3947} INFO - Setting next_dagrun for data_pipeline to 2026-05-01 06:00:00+00:00, run_after=2026-05-02 06:00:00+00:00
[2026-05-01T18:29:27.792+0000] {processor.py:183} INFO - Processing /opt/airflow/dags/pipeline_dag.py took 0.061 seconds
[2026-05-01T18:29:57.919+0000] {processor.py:161} INFO - Started process (PID=1496) to work on /opt/airflow/dags/pipeline_dag.py
[2026-05-01T18:29:57.920+0000] {processor.py:830} INFO - Processing file /opt/airflow/dags/pipeline_dag.py for tasks to queue
[2026-05-01T18:29:57.922+0000] {logging_mixin.py:188} INFO - [2026-05-01T18:29:57.921+0000] {dagbag.py:545} INFO - Filling up the DagBag from /opt/airflow/dags/pipeline_dag.py
[2026-05-01T18:29:57.928+0000] {processor.py:840} INFO - DAG(s) 'data_pipeline' retrieved from /opt/airflow/dags/pipeline_dag.py
[2026-05-01T18:29:57.952+0000] {logging_mixin.py:188} INFO - [2026-05-01T18:29:57.952+0000] {dag.py:3089} INFO - Sync 1 DAGs
[2026-05-01T18:29:57.967+0000] {logging_mixin.py:188} INFO - [2026-05-01T18:29:57.967+0000] {dag.py:3947} INFO - Setting next_dagrun for data_pipeline to 2026-05-01 06:00:00+00:00, run_after=2026-05-02 06:00:00+00:00
[2026-05-01T18:29:57.978+0000] {processor.py:183} INFO - Processing /opt/airflow/dags/pipeline_dag.py took 0.066 seconds
[2026-05-01T18:30:28.110+0000] {processor.py:161} INFO - Started process (PID=1501) to work on /opt/airflow/dags/pipeline_dag.py
[2026-05-01T18:30:28.119+0000] {processor.py:830} INFO - Processing file /opt/airflow/dags/pipeline_dag.py for tasks to queue
[2026-05-01T18:30:28.122+0000] {logging_mixin.py:188} INFO - [2026-05-01T18:30:28.122+0000] {dagbag.py:545} INFO - Filling up the DagBag from /opt/airflow/dags/pipeline_dag.py
[2026-05-01T18:30:28.131+0000] {processor.py:840} INFO - DAG(s) 'data_pipeline' retrieved from /opt/airflow/dags/pipeline_dag.py
[2026-05-01T18:30:28.153+0000] {logging_mixin.py:188} INFO - [2026-05-01T18:30:28.153+0000] {dag.py:3089} INFO - Sync 1 DAGs
[2026-05-01T18:30:28.165+0000] {logging_mixin.py:188} INFO - [2026-05-01T18:30:28.165+0000] {dag.py:3947} INFO - Setting next_dagrun for data_pipeline to 2026-05-01 06:00:00+00:00, run_after=2026-05-02 06:00:00+00:00
[2026-05-01T18:30:28.179+0000] {processor.py:183} INFO - Processing /opt/airflow/dags/pipeline_dag.py took 0.076 seconds
[2026-05-01T18:30:58.311+0000] {processor.py:161} INFO - Started process (PID=1506) to work on /opt/airflow/dags/pipeline_dag.py
[2026-05-01T18:30:58.311+0000] {processor.py:830} INFO - Processing file /opt/airflow/dags/pipeline_dag.py for tasks to queue
[2026-05-01T18:30:58.313+0000] {logging_mixin.py:188} INFO - [2026-05-01T18:30:58.313+0000] {dagbag.py:545} INFO - Filling up the DagBag from /opt/airflow/dags/pipeline_dag.py
[2026-05-01T18:30:58.320+0000] {processor.py:840} INFO - DAG(s) 'data_pipeline' retrieved from /opt/airflow/dags/pipeline_dag.py
[2026-05-01T18:30:58.339+0000] {logging_mixin.py:188} INFO - [2026-05-01T18:30:58.339+0000] {dag.py:3089} INFO - Sync 1 DAGs
[2026-05-01T18:30:58.351+0000] {logging_mixin.py:188} INFO - [2026-05-01T18:30:58.351+0000] {dag.py:3947} INFO - Setting next_dagrun for data_pipeline to 2026-05-01 06:00:00+00:00, run_after=2026-05-02 06:00:00+00:00
[2026-05-01T18:30:58.362+0000] {processor.py:183} INFO - Processing /opt/airflow/dags/pipeline_dag.py took 0.057 seconds
[2026-05-01T18:31:28.510+0000] {processor.py:161} INFO - Started process (PID=1511) to work on /opt/airflow/dags/pipeline_dag.py
[2026-05-01T18:31:28.519+0000] {processor.py:830} INFO - Processing file /opt/airflow/dags/pipeline_dag.py for tasks to queue
[2026-05-01T18:31:28.522+0000] {logging_mixin.py:188} INFO - [2026-05-01T18:31:28.521+0000] {dagbag.py:545} INFO - Filling up the DagBag from /opt/airflow/dags/pipeline_dag.py
[2026-05-01T18:31:28.529+0000] {processor.py:840} INFO - DAG(s) 'data_pipeline' retrieved from /opt/airflow/dags/pipeline_dag.py
[2026-05-01T18:31:28.560+0000] {logging_mixin.py:188} INFO - [2026-05-01T18:31:28.560+0000] {dag.py:3089} INFO - Sync 1 DAGs
[2026-05-01T18:31:28.573+0000] {logging_mixin.py:188} INFO - [2026-05-01T18:31:28.573+0000] {dag.py:3947} INFO - Setting next_dagrun for data_pipeline to 2026-05-01 06:00:00+00:00, run_after=2026-05-02 06:00:00+00:00
[2026-05-01T18:31:28.584+0000] {processor.py:183} INFO - Processing /opt/airflow/dags/pipeline_dag.py took 0.080 seconds
[2026-05-01T18:31:58.693+0000] {processor.py:161} INFO - Started process (PID=1516) to work on /opt/airflow/dags/pipeline_dag.py
[2026-05-01T18:31:58.693+0000] {processor.py:830} INFO - Processing file /opt/airflow/dags/pipeline_dag.py for tasks to queue
[2026-05-01T18:31:58.694+0000] {logging_mixin.py:188} INFO - [2026-05-01T18:31:58.694+0000] {dagbag.py:545} INFO - Filling up the DagBag from /opt/airflow/dags/pipeline_dag.py
[2026-05-01T18:31:58.700+0000] {processor.py:840} INFO - DAG(s) 'data_pipeline' retrieved from /opt/airflow/dags/pipeline_dag.py
[2026-05-01T18:31:58.718+0000] {logging_mixin.py:188} INFO - [2026-05-01T18:31:58.717+0000] {dag.py:3089} INFO - Sync 1 DAGs
[2026-05-01T18:31:58.731+0000] {logging_mixin.py:188} INFO - [2026-05-01T18:31:58.731+0000] {dag.py:3947} INFO - Setting next_dagrun for data_pipeline to 2026-05-01 06:00:00+00:00, run_after=2026-05-02 06:00:00+00:00
[2026-05-01T18:31:58.742+0000] {processor.py:183} INFO - Processing /opt/airflow/dags/pipeline_dag.py took 0.055 seconds
[2026-05-01T18:32:28.903+0000] {processor.py:161} INFO - Started process (PID=1521) to work on /opt/airflow/dags/pipeline_dag.py
[2026-05-01T18:32:28.912+0000] {processor.py:830} INFO - Processing file /opt/airflow/dags/pipeline_dag.py for tasks to queue
[2026-05-01T18:32:28.915+0000] {logging_mixin.py:188} INFO - [2026-05-01T18:32:28.915+0000] {dagbag.py:545} INFO - Filling up the DagBag from /opt/airflow/dags/pipeline_dag.py
[2026-05-01T18:32:28.923+0000] {processor.py:840} INFO - DAG(s) 'data_pipeline' retrieved from /opt/airflow/dags/pipeline_dag.py
[2026-05-01T18:32:28.941+0000] {logging_mixin.py:188} INFO - [2026-05-01T18:32:28.941+0000] {dag.py:3089} INFO - Sync 1 DAGs
[2026-05-01T18:32:28.953+0000] {logging_mixin.py:188} INFO - [2026-05-01T18:32:28.953+0000] {dag.py:3947} INFO - Setting next_dagrun for data_pipeline to 2026-05-01 06:00:00+00:00, run_after=2026-05-02 06:00:00+00:00
[2026-05-01T18:32:28.963+0000] {processor.py:183} INFO - Processing /opt/airflow/dags/pipeline_dag.py took 0.066 seconds
[2026-05-01T18:32:59.079+0000] {processor.py:161} INFO - Started process (PID=1526) to work on /opt/airflow/dags/pipeline_dag.py
[2026-05-01T18:32:59.080+0000] {processor.py:830} INFO - Processing file /opt/airflow/dags/pipeline_dag.py for tasks to queue
[2026-05-01T18:32:59.082+0000] {logging_mixin.py:188} INFO - [2026-05-01T18:32:59.082+0000] {dagbag.py:545} INFO - Filling up the DagBag from /opt/airflow/dags/pipeline_dag.py
[2026-05-01T18:32:59.089+0000] {processor.py:840} INFO - DAG(s) 'data_pipeline' retrieved from /opt/airflow/dags/pipeline_dag.py
[2026-05-01T18:32:59.109+0000] {logging_mixin.py:188} INFO - [2026-05-01T18:32:59.109+0000] {dag.py:3089} INFO - Sync 1 DAGs
[2026-05-01T18:32:59.123+0000] {logging_mixin.py:188} INFO - [2026-05-01T18:32:59.123+0000] {dag.py:3947} INFO - Setting next_dagrun for data_pipeline to 2026-05-01 06:00:00+00:00, run_after=2026-05-02 06:00:00+00:00
[2026-05-01T18:32:59.141+0000] {processor.py:183} INFO - Processing /opt/airflow/dags/pipeline_dag.py took 0.067 seconds
[2026-05-01T18:33:29.288+0000] {processor.py:161} INFO - Started process (PID=1531) to work on /opt/airflow/dags/pipeline_dag.py
[2026-05-01T18:33:29.297+0000] {processor.py:830} INFO - Processing file /opt/airflow/dags/pipeline_dag.py for tasks to queue
[2026-05-01T18:33:29.298+0000] {logging_mixin.py:188} INFO - [2026-05-01T18:33:29.298+0000] {dagbag.py:545} INFO - Filling up the DagBag from /opt/airflow/dags/pipeline_dag.py
[2026-05-01T18:33:29.304+0000] {processor.py:840} INFO - DAG(s) 'data_pipeline' retrieved from /opt/airflow/dags/pipeline_dag.py
[2026-05-01T18:33:29.321+0000] {logging_mixin.py:188} INFO - [2026-05-01T18:33:29.321+0000] {dag.py:3089} INFO - Sync 1 DAGs
[2026-05-01T18:33:29.333+0000] {logging_mixin.py:188} INFO - [2026-05-01T18:33:29.333+0000] {dag.py:3947} INFO - Setting next_dagrun for data_pipeline to 2026-05-01 06:00:00+00:00, run_after=2026-05-02 06:00:00+00:00
[2026-05-01T18:33:29.344+0000] {processor.py:183} INFO - Processing /opt/airflow/dags/pipeline_dag.py took 0.059 seconds
[2026-05-01T18:33:59.465+0000] {processor.py:161} INFO - Started process (PID=1536) to work on /opt/airflow/dags/pipeline_dag.py
[2026-05-01T18:33:59.465+0000] {processor.py:830} INFO - Processing file /opt/airflow/dags/pipeline_dag.py for tasks to queue
[2026-05-01T18:33:59.466+0000] {logging_mixin.py:188} INFO - [2026-05-01T18:33:59.466+0000] {dagbag.py:545} INFO - Filling up the DagBag from /opt/airflow/dags/pipeline_dag.py
[2026-05-01T18:33:59.472+0000] {processor.py:840} INFO - DAG(s) 'data_pipeline' retrieved from /opt/airflow/dags/pipeline_dag.py
[2026-05-01T18:33:59.490+0000] {logging_mixin.py:188} INFO - [2026-05-01T18:33:59.490+0000] {dag.py:3089} INFO - Sync 1 DAGs
[2026-05-01T18:33:59.503+0000] {logging_mixin.py:188} INFO - [2026-05-01T18:33:59.503+0000] {dag.py:3947} INFO - Setting next_dagrun for data_pipeline to 2026-05-01 06:00:00+00:00, run_after=2026-05-02 06:00:00+00:00
[2026-05-01T18:33:59.514+0000] {processor.py:183} INFO - Processing /opt/airflow/dags/pipeline_dag.py took 0.052 seconds
[2026-05-01T18:34:29.662+0000] {processor.py:161} INFO - Started process (PID=1541) to work on /opt/airflow/dags/pipeline_dag.py
[2026-05-01T18:34:29.671+0000] {processor.py:830} INFO - Processing file /opt/airflow/dags/pipeline_dag.py for tasks to queue
[2026-05-01T18:34:29.672+0000] {logging_mixin.py:188} INFO - [2026-05-01T18:34:29.672+0000] {dagbag.py:545} INFO - Filling up the DagBag from /opt/airflow/dags/pipeline_dag.py
[2026-05-01T18:34:29.678+0000] {processor.py:840} INFO - DAG(s) 'data_pipeline' retrieved from /opt/airflow/dags/pipeline_dag.py
[2026-05-01T18:34:29.703+0000] {logging_mixin.py:188} INFO - [2026-05-01T18:34:29.703+0000] {dag.py:3089} INFO - Sync 1 DAGs
[2026-05-01T18:34:29.715+0000] {logging_mixin.py:188} INFO - [2026-05-01T18:34:29.715+0000] {dag.py:3947} INFO - Setting next_dagrun for data_pipeline to 2026-05-01 06:00:00+00:00, run_after=2026-05-02 06:00:00+00:00
[2026-05-01T18:34:29.727+0000] {processor.py:183} INFO - Processing /opt/airflow/dags/pipeline_dag.py took 0.068 seconds
[2026-05-01T18:34:59.845+0000] {processor.py:161} INFO - Started process (PID=1546) to work on /opt/airflow/dags/pipeline_dag.py
[2026-05-01T18:34:59.846+0000] {processor.py:830} INFO - Processing file /opt/airflow/dags/pipeline_dag.py for tasks to queue
[2026-05-01T18:34:59.846+0000] {logging_mixin.py:188} INFO - [2026-05-01T18:34:59.846+0000] {dagbag.py:545} INFO - Filling up the DagBag from /opt/airflow/dags/pipeline_dag.py
[2026-05-01T18:34:59.852+0000] {processor.py:840} INFO - DAG(s) 'data_pipeline' retrieved from /opt/airflow/dags/pipeline_dag.py
[2026-05-01T18:34:59.876+0000] {logging_mixin.py:188} INFO - [2026-05-01T18:34:59.876+0000] {dag.py:3089} INFO - Sync 1 DAGs
[2026-05-01T18:34:59.889+0000] {logging_mixin.py:188} INFO - [2026-05-01T18:34:59.889+0000] {dag.py:3947} INFO - Setting next_dagrun for data_pipeline to 2026-05-01 06:00:00+00:00, run_after=2026-05-02 06:00:00+00:00
[2026-05-01T18:34:59.900+0000] {processor.py:183} INFO - Processing /opt/airflow/dags/pipeline_dag.py took 0.061 seconds
[2026-05-01T18:35:30.043+0000] {processor.py:161} INFO - Started process (PID=1551) to work on /opt/airflow/dags/pipeline_dag.py
[2026-05-01T18:35:30.052+0000] {processor.py:830} INFO - Processing file /opt/airflow/dags/pipeline_dag.py for tasks to queue
[2026-05-01T18:35:30.054+0000] {logging_mixin.py:188} INFO - [2026-05-01T18:35:30.054+0000] {dagbag.py:545} INFO - Filling up the DagBag from /opt/airflow/dags/pipeline_dag.py
[2026-05-01T18:35:30.062+0000] {processor.py:840} INFO - DAG(s) 'data_pipeline' retrieved from /opt/airflow/dags/pipeline_dag.py
[2026-05-01T18:35:30.079+0000] {logging_mixin.py:188} INFO - [2026-05-01T18:35:30.079+0000] {dag.py:3089} INFO - Sync 1 DAGs
[2026-05-01T18:35:30.091+0000] {logging_mixin.py:188} INFO - [2026-05-01T18:35:30.091+0000] {dag.py:3947} INFO - Setting next_dagrun for data_pipeline to 2026-05-01 06:00:00+00:00, run_after=2026-05-02 06:00:00+00:00
[2026-05-01T18:35:30.102+0000] {processor.py:183} INFO - Processing /opt/airflow/dags/pipeline_dag.py took 0.063 seconds
[2026-05-01T18:36:00.232+0000] {processor.py:161} INFO - Started process (PID=1556) to work on /opt/airflow/dags/pipeline_dag.py
[2026-05-01T18:36:00.232+0000] {processor.py:830} INFO - Processing file /opt/airflow/dags/pipeline_dag.py for tasks to queue
[2026-05-01T18:36:00.234+0000] {logging_mixin.py:188} INFO - [2026-05-01T18:36:00.233+0000] {dagbag.py:545} INFO - Filling up the DagBag from /opt/airflow/dags/pipeline_dag.py
[2026-05-01T18:36:00.241+0000] {processor.py:840} INFO - DAG(s) 'data_pipeline' retrieved from /opt/airflow/dags/pipeline_dag.py
[2026-05-01T18:36:00.265+0000] {logging_mixin.py:188} INFO - [2026-05-01T18:36:00.265+0000] {dag.py:3089} INFO - Sync 1 DAGs
[2026-05-01T18:36:00.277+0000] {logging_mixin.py:188} INFO - [2026-05-01T18:36:00.277+0000] {dag.py:3947} INFO - Setting next_dagrun for data_pipeline to 2026-05-01 06:00:00+00:00, run_after=2026-05-02 06:00:00+00:00
[2026-05-01T18:36:00.288+0000] {processor.py:183} INFO - Processing /opt/airflow/dags/pipeline_dag.py took 0.062 seconds
[2026-05-01T18:36:30.431+0000] {processor.py:161} INFO - Started process (PID=1561) to work on /opt/airflow/dags/pipeline_dag.py
[2026-05-01T18:36:30.431+0000] {processor.py:830} INFO - Processing file /opt/airflow/dags/pipeline_dag.py for tasks to queue
[2026-05-01T18:36:30.433+0000] {logging_mixin.py:188} INFO - [2026-05-01T18:36:30.432+0000] {dagbag.py:545} INFO - Filling up the DagBag from /opt/airflow/dags/pipeline_dag.py
[2026-05-01T18:36:30.439+0000] {processor.py:840} INFO - DAG(s) 'data_pipeline' retrieved from /opt/airflow/dags/pipeline_dag.py
[2026-05-01T18:36:30.463+0000] {logging_mixin.py:188} INFO - [2026-05-01T18:36:30.463+0000] {dag.py:3089} INFO - Sync 1 DAGs
[2026-05-01T18:36:30.475+0000] {logging_mixin.py:188} INFO - [2026-05-01T18:36:30.475+0000] {dag.py:3947} INFO - Setting next_dagrun for data_pipeline to 2026-05-01 06:00:00+00:00, run_after=2026-05-02 06:00:00+00:00
[2026-05-01T18:36:30.486+0000] {processor.py:183} INFO - Processing /opt/airflow/dags/pipeline_dag.py took 0.062 seconds
[2026-05-01T18:37:00.616+0000] {processor.py:161} INFO - Started process (PID=1566) to work on /opt/airflow/dags/pipeline_dag.py
[2026-05-01T18:37:00.617+0000] {processor.py:830} INFO - Processing file /opt/airflow/dags/pipeline_dag.py for tasks to queue
[2026-05-01T18:37:00.618+0000] {logging_mixin.py:188} INFO - [2026-05-01T18:37:00.618+0000] {dagbag.py:545} INFO - Filling up the DagBag from /opt/airflow/dags/pipeline_dag.py
[2026-05-01T18:37:00.625+0000] {processor.py:840} INFO - DAG(s) 'data_pipeline' retrieved from /opt/airflow/dags/pipeline_dag.py
[2026-05-01T18:37:00.648+0000] {logging_mixin.py:188} INFO - [2026-05-01T18:37:00.648+0000] {dag.py:3089} INFO - Sync 1 DAGs
[2026-05-01T18:37:00.661+0000] {logging_mixin.py:188} INFO - [2026-05-01T18:37:00.661+0000] {dag.py:3947} INFO - Setting next_dagrun for data_pipeline to 2026-05-01 06:00:00+00:00, run_after=2026-05-02 06:00:00+00:00
[2026-05-01T18:37:00.672+0000] {processor.py:183} INFO - Processing /opt/airflow/dags/pipeline_dag.py took 0.062 seconds
[2026-05-01T18:37:30.809+0000] {processor.py:161} INFO - Started process (PID=1571) to work on /opt/airflow/dags/pipeline_dag.py
[2026-05-01T18:37:30.818+0000] {processor.py:830} INFO - Processing file /opt/airflow/dags/pipeline_dag.py for tasks to queue
[2026-05-01T18:37:30.819+0000] {logging_mixin.py:188} INFO - [2026-05-01T18:37:30.819+0000] {dagbag.py:545} INFO - Filling up the DagBag from /opt/airflow/dags/pipeline_dag.py
[2026-05-01T18:37:30.825+0000] {processor.py:840} INFO - DAG(s) 'data_pipeline' retrieved from /opt/airflow/dags/pipeline_dag.py
[2026-05-01T18:37:30.842+0000] {logging_mixin.py:188} INFO - [2026-05-01T18:37:30.842+0000] {dag.py:3089} INFO - Sync 1 DAGs
[2026-05-01T18:37:30.854+0000] {logging_mixin.py:188} INFO - [2026-05-01T18:37:30.854+0000] {dag.py:3947} INFO - Setting next_dagrun for data_pipeline to 2026-05-01 06:00:00+00:00, run_after=2026-05-02 06:00:00+00:00
[2026-05-01T18:37:30.866+0000] {processor.py:183} INFO - Processing /opt/airflow/dags/pipeline_dag.py took 0.061 seconds
[2026-05-01T18:38:00.960+0000] {processor.py:161} INFO - Started process (PID=1576) to work on /opt/airflow/dags/pipeline_dag.py
[2026-05-01T18:38:00.961+0000] {processor.py:830} INFO - Processing file /opt/airflow/dags/pipeline_dag.py for tasks to queue
[2026-05-01T18:38:00.962+0000] {logging_mixin.py:188} INFO - [2026-05-01T18:38:00.962+0000] {dagbag.py:545} INFO - Filling up the DagBag from /opt/airflow/dags/pipeline_dag.py
[2026-05-01T18:38:00.969+0000] {processor.py:840} INFO - DAG(s) 'data_pipeline' retrieved from /opt/airflow/dags/pipeline_dag.py
[2026-05-01T18:38:00.988+0000] {logging_mixin.py:188} INFO - [2026-05-01T18:38:00.988+0000] {dag.py:3089} INFO - Sync 1 DAGs
[2026-05-01T18:38:01.002+0000] {logging_mixin.py:188} INFO - [2026-05-01T18:38:01.002+0000] {dag.py:3947} INFO - Setting next_dagrun for data_pipeline to 2026-05-01 06:00:00+00:00, run_after=2026-05-02 06:00:00+00:00
[2026-05-01T18:38:01.012+0000] {processor.py:183} INFO - Processing /opt/airflow/dags/pipeline_dag.py took 0.056 seconds
[2026-05-01T18:38:31.152+0000] {processor.py:161} INFO - Started process (PID=1581) to work on /opt/airflow/dags/pipeline_dag.py
[2026-05-01T18:38:31.161+0000] {processor.py:830} INFO - Processing file /opt/airflow/dags/pipeline_dag.py for tasks to queue
[2026-05-01T18:38:31.163+0000] {logging_mixin.py:188} INFO - [2026-05-01T18:38:31.163+0000] {dagbag.py:545} INFO - Filling up the DagBag from /opt/airflow/dags/pipeline_dag.py
[2026-05-01T18:38:31.171+0000] {processor.py:840} INFO - DAG(s) 'data_pipeline' retrieved from /opt/airflow/dags/pipeline_dag.py
[2026-05-01T18:38:31.193+0000] {logging_mixin.py:188} INFO - [2026-05-01T18:38:31.193+0000] {dag.py:3089} INFO - Sync 1 DAGs
[2026-05-01T18:38:31.206+0000] {logging_mixin.py:188} INFO - [2026-05-01T18:38:31.206+0000] {dag.py:3947} INFO - Setting next_dagrun for data_pipeline to 2026-05-01 06:00:00+00:00, run_after=2026-05-02 06:00:00+00:00
[2026-05-01T18:38:31.217+0000] {processor.py:183} INFO - Processing /opt/airflow/dags/pipeline_dag.py took 0.071 seconds
[2026-05-01T18:39:01.332+0000] {processor.py:161} INFO - Started process (PID=1586) to work on /opt/airflow/dags/pipeline_dag.py
[2026-05-01T18:39:01.333+0000] {processor.py:830} INFO - Processing file /opt/airflow/dags/pipeline_dag.py for tasks to queue
[2026-05-01T18:39:01.334+0000] {logging_mixin.py:188} INFO - [2026-05-01T18:39:01.334+0000] {dagbag.py:545} INFO - Filling up the DagBag from /opt/airflow/dags/pipeline_dag.py
[2026-05-01T18:39:01.340+0000] {processor.py:840} INFO - DAG(s) 'data_pipeline' retrieved from /opt/airflow/dags/pipeline_dag.py
[2026-05-01T18:39:01.364+0000] {logging_mixin.py:188} INFO - [2026-05-01T18:39:01.363+0000] {dag.py:3089} INFO - Sync 1 DAGs
[2026-05-01T18:39:01.377+0000] {logging_mixin.py:188} INFO - [2026-05-01T18:39:01.377+0000] {dag.py:3947} INFO - Setting next_dagrun for data_pipeline to 2026-05-01 06:00:00+00:00, run_after=2026-05-02 06:00:00+00:00
[2026-05-01T18:39:01.387+0000] {processor.py:183} INFO - Processing /opt/airflow/dags/pipeline_dag.py took 0.062 seconds
[2026-05-01T18:39:31.510+0000] {processor.py:161} INFO - Started process (PID=1591) to work on /opt/airflow/dags/pipeline_dag.py
[2026-05-01T18:39:31.519+0000] {processor.py:830} INFO - Processing file /opt/airflow/dags/pipeline_dag.py for tasks to queue
[2026-05-01T18:39:31.520+0000] {logging_mixin.py:188} INFO - [2026-05-01T18:39:31.520+0000] {dagbag.py:545} INFO - Filling up the DagBag from /opt/airflow/dags/pipeline_dag.py
[2026-05-01T18:39:31.528+0000] {processor.py:840} INFO - DAG(s) 'data_pipeline' retrieved from /opt/airflow/dags/pipeline_dag.py
[2026-05-01T18:39:31.545+0000] {logging_mixin.py:188} INFO - [2026-05-01T18:39:31.545+0000] {dag.py:3089} INFO - Sync 1 DAGs
[2026-05-01T18:39:31.560+0000] {logging_mixin.py:188} INFO - [2026-05-01T18:39:31.560+0000] {dag.py:3947} INFO - Setting next_dagrun for data_pipeline to 2026-05-01 06:00:00+00:00, run_after=2026-05-02 06:00:00+00:00
[2026-05-01T18:39:31.571+0000] {processor.py:183} INFO - Processing /opt/airflow/dags/pipeline_dag.py took 0.065 seconds
[2026-05-01T18:40:01.680+0000] {processor.py:161} INFO - Started process (PID=1596) to work on /opt/airflow/dags/pipeline_dag.py
[2026-05-01T18:40:01.681+0000] {processor.py:830} INFO - Processing file /opt/airflow/dags/pipeline_dag.py for tasks to queue
[2026-05-01T18:40:01.682+0000] {logging_mixin.py:188} INFO - [2026-05-01T18:40:01.682+0000] {dagbag.py:545} INFO - Filling up the DagBag from /opt/airflow/dags/pipeline_dag.py
[2026-05-01T18:40:01.689+0000] {processor.py:840} INFO - DAG(s) 'data_pipeline' retrieved from /opt/airflow/dags/pipeline_dag.py
[2026-05-01T18:40:01.711+0000] {logging_mixin.py:188} INFO - [2026-05-01T18:40:01.711+0000] {dag.py:3089} INFO - Sync 1 DAGs
[2026-05-01T18:40:01.724+0000] {logging_mixin.py:188} INFO - [2026-05-01T18:40:01.724+0000] {dag.py:3947} INFO - Setting next_dagrun for data_pipeline to 2026-05-01 06:00:00+00:00, run_after=2026-05-02 06:00:00+00:00
[2026-05-01T18:40:01.736+0000] {processor.py:183} INFO - Processing /opt/airflow/dags/pipeline_dag.py took 0.062 seconds
[2026-05-01T18:40:31.869+0000] {processor.py:161} INFO - Started process (PID=1601) to work on /opt/airflow/dags/pipeline_dag.py
[2026-05-01T18:40:31.878+0000] {processor.py:830} INFO - Processing file /opt/airflow/dags/pipeline_dag.py for tasks to queue
[2026-05-01T18:40:31.880+0000] {logging_mixin.py:188} INFO - [2026-05-01T18:40:31.880+0000] {dagbag.py:545} INFO - Filling up the DagBag from /opt/airflow/dags/pipeline_dag.py
[2026-05-01T18:40:31.887+0000] {processor.py:840} INFO - DAG(s) 'data_pipeline' retrieved from /opt/airflow/dags/pipeline_dag.py
[2026-05-01T18:40:31.910+0000] {logging_mixin.py:188} INFO - [2026-05-01T18:40:31.910+0000] {dag.py:3089} INFO - Sync 1 DAGs
[2026-05-01T18:40:31.923+0000] {logging_mixin.py:188} INFO - [2026-05-01T18:40:31.923+0000] {dag.py:3947} INFO - Setting next_dagrun for data_pipeline to 2026-05-01 06:00:00+00:00, run_after=2026-05-02 06:00:00+00:00
[2026-05-01T18:40:31.935+0000] {processor.py:183} INFO - Processing /opt/airflow/dags/pipeline_dag.py took 0.069 seconds
[2026-05-01T18:41:02.037+0000] {processor.py:161} INFO - Started process (PID=1606) to work on /opt/airflow/dags/pipeline_dag.py
[2026-05-01T18:41:02.038+0000] {processor.py:830} INFO - Processing file /opt/airflow/dags/pipeline_dag.py for tasks to queue
[2026-05-01T18:41:02.039+0000] {logging_mixin.py:188} INFO - [2026-05-01T18:41:02.038+0000] {dagbag.py:545} INFO - Filling up the DagBag from /opt/airflow/dags/pipeline_dag.py
[2026-05-01T18:41:02.045+0000] {processor.py:840} INFO - DAG(s) 'data_pipeline' retrieved from /opt/airflow/dags/pipeline_dag.py
[2026-05-01T18:41:02.064+0000] {logging_mixin.py:188} INFO - [2026-05-01T18:41:02.064+0000] {dag.py:3089} INFO - Sync 1 DAGs
[2026-05-01T18:41:02.078+0000] {logging_mixin.py:188} INFO - [2026-05-01T18:41:02.078+0000] {dag.py:3947} INFO - Setting next_dagrun for data_pipeline to 2026-05-01 06:00:00+00:00, run_after=2026-05-02 06:00:00+00:00
[2026-05-01T18:41:02.088+0000] {processor.py:183} INFO - Processing /opt/airflow/dags/pipeline_dag.py took 0.055 seconds
[2026-05-01T18:41:32.236+0000] {processor.py:161} INFO - Started process (PID=1611) to work on /opt/airflow/dags/pipeline_dag.py
[2026-05-01T18:41:32.245+0000] {processor.py:830} INFO - Processing file /opt/airflow/dags/pipeline_dag.py for tasks to queue
[2026-05-01T18:41:32.246+0000] {logging_mixin.py:188} INFO - [2026-05-01T18:41:32.246+0000] {dagbag.py:545} INFO - Filling up the DagBag from /opt/airflow/dags/pipeline_dag.py
[2026-05-01T18:41:32.255+0000] {processor.py:840} INFO - DAG(s) 'data_pipeline' retrieved from /opt/airflow/dags/pipeline_dag.py
[2026-05-01T18:41:32.277+0000] {logging_mixin.py:188} INFO - [2026-05-01T18:41:32.277+0000] {dag.py:3089} INFO - Sync 1 DAGs
[2026-05-01T18:41:32.290+0000] {logging_mixin.py:188} INFO - [2026-05-01T18:41:32.290+0000] {dag.py:3947} INFO - Setting next_dagrun for data_pipeline to 2026-05-01 06:00:00+00:00, run_after=2026-05-02 06:00:00+00:00
[2026-05-01T18:41:32.300+0000] {processor.py:183} INFO - Processing /opt/airflow/dags/pipeline_dag.py took 0.068 seconds
[2026-05-01T18:42:02.399+0000] {processor.py:161} INFO - Started process (PID=1616) to work on /opt/airflow/dags/pipeline_dag.py
[2026-05-01T18:42:02.399+0000] {processor.py:830} INFO - Processing file /opt/airflow/dags/pipeline_dag.py for tasks to queue
[2026-05-01T18:42:02.400+0000] {logging_mixin.py:188} INFO - [2026-05-01T18:42:02.400+0000] {dagbag.py:545} INFO - Filling up the DagBag from /opt/airflow/dags/pipeline_dag.py
[2026-05-01T18:42:02.406+0000] {processor.py:840} INFO - DAG(s) 'data_pipeline' retrieved from /opt/airflow/dags/pipeline_dag.py
[2026-05-01T18:42:02.427+0000] {logging_mixin.py:188} INFO - [2026-05-01T18:42:02.427+0000] {dag.py:3089} INFO - Sync 1 DAGs
[2026-05-01T18:42:02.439+0000] {logging_mixin.py:188} INFO - [2026-05-01T18:42:02.439+0000] {dag.py:3947} INFO - Setting next_dagrun for data_pipeline to 2026-05-01 06:00:00+00:00, run_after=2026-05-02 06:00:00+00:00
[2026-05-01T18:42:02.452+0000] {processor.py:183} INFO - Processing /opt/airflow/dags/pipeline_dag.py took 0.058 seconds
[2026-05-01T18:42:32.617+0000] {processor.py:161} INFO - Started process (PID=1621) to work on /opt/airflow/dags/pipeline_dag.py
[2026-05-01T18:42:32.626+0000] {processor.py:830} INFO - Processing file /opt/airflow/dags/pipeline_dag.py for tasks to queue
[2026-05-01T18:42:32.629+0000] {logging_mixin.py:188} INFO - [2026-05-01T18:42:32.629+0000] {dagbag.py:545} INFO - Filling up the DagBag from /opt/airflow/dags/pipeline_dag.py
[2026-05-01T18:42:32.637+0000] {processor.py:840} INFO - DAG(s) 'data_pipeline' retrieved from /opt/airflow/dags/pipeline_dag.py
[2026-05-01T18:42:32.658+0000] {logging_mixin.py:188} INFO - [2026-05-01T18:42:32.658+0000] {dag.py:3089} INFO - Sync 1 DAGs
[2026-05-01T18:42:32.671+0000] {logging_mixin.py:188} INFO - [2026-05-01T18:42:32.671+0000] {dag.py:3947} INFO - Setting next_dagrun for data_pipeline to 2026-05-01 06:00:00+00:00, run_after=2026-05-02 06:00:00+00:00
[2026-05-01T18:42:32.683+0000] {processor.py:183} INFO - Processing /opt/airflow/dags/pipeline_dag.py took 0.072 seconds
[2026-05-01T18:43:02.768+0000] {processor.py:161} INFO - Started process (PID=1626) to work on /opt/airflow/dags/pipeline_dag.py
[2026-05-01T18:43:02.768+0000] {processor.py:830} INFO - Processing file /opt/airflow/dags/pipeline_dag.py for tasks to queue
[2026-05-01T18:43:02.769+0000] {logging_mixin.py:188} INFO - [2026-05-01T18:43:02.769+0000] {dagbag.py:545} INFO - Filling up the DagBag from /opt/airflow/dags/pipeline_dag.py
[2026-05-01T18:43:02.776+0000] {processor.py:840} INFO - DAG(s) 'data_pipeline' retrieved from /opt/airflow/dags/pipeline_dag.py
[2026-05-01T18:43:02.794+0000] {logging_mixin.py:188} INFO - [2026-05-01T18:43:02.794+0000] {dag.py:3089} INFO - Sync 1 DAGs
[2026-05-01T18:43:02.808+0000] {logging_mixin.py:188} INFO - [2026-05-01T18:43:02.807+0000] {dag.py:3947} INFO - Setting next_dagrun for data_pipeline to 2026-05-01 06:00:00+00:00, run_after=2026-05-02 06:00:00+00:00
[2026-05-01T18:43:02.818+0000] {processor.py:183} INFO - Processing /opt/airflow/dags/pipeline_dag.py took 0.054 seconds
[2026-05-01T18:43:32.978+0000] {processor.py:161} INFO - Started process (PID=1631) to work on /opt/airflow/dags/pipeline_dag.py
[2026-05-01T18:43:32.987+0000] {processor.py:830} INFO - Processing file /opt/airflow/dags/pipeline_dag.py for tasks to queue
[2026-05-01T18:43:32.989+0000] {logging_mixin.py:188} INFO - [2026-05-01T18:43:32.988+0000] {dagbag.py:545} INFO - Filling up the DagBag from /opt/airflow/dags/pipeline_dag.py
[2026-05-01T18:43:32.996+0000] {processor.py:840} INFO - DAG(s) 'data_pipeline' retrieved from /opt/airflow/dags/pipeline_dag.py
[2026-05-01T18:43:33.016+0000] {logging_mixin.py:188} INFO - [2026-05-01T18:43:33.016+0000] {dag.py:3089} INFO - Sync 1 DAGs
[2026-05-01T18:43:33.028+0000] {logging_mixin.py:188} INFO - [2026-05-01T18:43:33.028+0000] {dag.py:3947} INFO - Setting next_dagrun for data_pipeline to 2026-05-01 06:00:00+00:00, run_after=2026-05-02 06:00:00+00:00
[2026-05-01T18:43:33.040+0000] {processor.py:183} INFO - Processing /opt/airflow/dags/pipeline_dag.py took 0.066 seconds
[2026-05-01T18:44:03.147+0000] {processor.py:161} INFO - Started process (PID=1636) to work on /opt/airflow/dags/pipeline_dag.py
[2026-05-01T18:44:03.147+0000] {processor.py:830} INFO - Processing file /opt/airflow/dags/pipeline_dag.py for tasks to queue
[2026-05-01T18:44:03.149+0000] {logging_mixin.py:188} INFO - [2026-05-01T18:44:03.149+0000] {dagbag.py:545} INFO - Filling up the DagBag from /opt/airflow/dags/pipeline_dag.py
[2026-05-01T18:44:03.155+0000] {processor.py:840} INFO - DAG(s) 'data_pipeline' retrieved from /opt/airflow/dags/pipeline_dag.py
[2026-05-01T18:44:03.175+0000] {logging_mixin.py:188} INFO - [2026-05-01T18:44:03.175+0000] {dag.py:3089} INFO - Sync 1 DAGs
[2026-05-01T18:44:03.189+0000] {logging_mixin.py:188} INFO - [2026-05-01T18:44:03.189+0000] {dag.py:3947} INFO - Setting next_dagrun for data_pipeline to 2026-05-01 06:00:00+00:00, run_after=2026-05-02 06:00:00+00:00
[2026-05-01T18:44:03.199+0000] {processor.py:183} INFO - Processing /opt/airflow/dags/pipeline_dag.py took 0.058 seconds
[2026-05-01T18:44:33.335+0000] {processor.py:161} INFO - Started process (PID=1641) to work on /opt/airflow/dags/pipeline_dag.py
[2026-05-01T18:44:33.336+0000] {processor.py:830} INFO - Processing file /opt/airflow/dags/pipeline_dag.py for tasks to queue
[2026-05-01T18:44:33.338+0000] {logging_mixin.py:188} INFO - [2026-05-01T18:44:33.337+0000] {dagbag.py:545} INFO - Filling up the DagBag from /opt/airflow/dags/pipeline_dag.py
[2026-05-01T18:44:33.345+0000] {processor.py:840} INFO - DAG(s) 'data_pipeline' retrieved from /opt/airflow/dags/pipeline_dag.py
[2026-05-01T18:44:33.365+0000] {logging_mixin.py:188} INFO - [2026-05-01T18:44:33.364+0000] {dag.py:3089} INFO - Sync 1 DAGs
[2026-05-01T18:44:33.378+0000] {logging_mixin.py:188} INFO - [2026-05-01T18:44:33.377+0000] {dag.py:3947} INFO - Setting next_dagrun for data_pipeline to 2026-05-01 06:00:00+00:00, run_after=2026-05-02 06:00:00+00:00
[2026-05-01T18:44:33.388+0000] {processor.py:183} INFO - Processing /opt/airflow/dags/pipeline_dag.py took 0.058 seconds
[2026-05-01T18:45:03.503+0000] {processor.py:161} INFO - Started process (PID=1646) to work on /opt/airflow/dags/pipeline_dag.py
[2026-05-01T18:45:03.504+0000] {processor.py:830} INFO - Processing file /opt/airflow/dags/pipeline_dag.py for tasks to queue
[2026-05-01T18:45:03.505+0000] {logging_mixin.py:188} INFO - [2026-05-01T18:45:03.505+0000] {dagbag.py:545} INFO - Filling up the DagBag from /opt/airflow/dags/pipeline_dag.py
[2026-05-01T18:45:03.513+0000] {processor.py:840} INFO - DAG(s) 'data_pipeline' retrieved from /opt/airflow/dags/pipeline_dag.py
[2026-05-01T18:45:03.537+0000] {logging_mixin.py:188} INFO - [2026-05-01T18:45:03.537+0000] {dag.py:3089} INFO - Sync 1 DAGs
[2026-05-01T18:45:03.549+0000] {logging_mixin.py:188} INFO - [2026-05-01T18:45:03.549+0000] {dag.py:3947} INFO - Setting next_dagrun for data_pipeline to 2026-05-01 06:00:00+00:00, run_after=2026-05-02 06:00:00+00:00
[2026-05-01T18:45:03.562+0000] {processor.py:183} INFO - Processing /opt/airflow/dags/pipeline_dag.py took 0.065 seconds
[2026-05-01T18:45:33.688+0000] {processor.py:161} INFO - Started process (PID=1651) to work on /opt/airflow/dags/pipeline_dag.py
[2026-05-01T18:45:33.697+0000] {processor.py:830} INFO - Processing file /opt/airflow/dags/pipeline_dag.py for tasks to queue
[2026-05-01T18:45:33.698+0000] {logging_mixin.py:188} INFO - [2026-05-01T18:45:33.698+0000] {dagbag.py:545} INFO - Filling up the DagBag from /opt/airflow/dags/pipeline_dag.py
[2026-05-01T18:45:33.706+0000] {processor.py:840} INFO - DAG(s) 'data_pipeline' retrieved from /opt/airflow/dags/pipeline_dag.py
[2026-05-01T18:45:33.726+0000] {logging_mixin.py:188} INFO - [2026-05-01T18:45:33.726+0000] {dag.py:3089} INFO - Sync 1 DAGs
[2026-05-01T18:45:33.738+0000] {logging_mixin.py:188} INFO - [2026-05-01T18:45:33.738+0000] {dag.py:3947} INFO - Setting next_dagrun for data_pipeline to 2026-05-01 06:00:00+00:00, run_after=2026-05-02 06:00:00+00:00
[2026-05-01T18:45:33.750+0000] {processor.py:183} INFO - Processing /opt/airflow/dags/pipeline_dag.py took 0.067 seconds
[2026-05-01T18:46:03.864+0000] {processor.py:161} INFO - Started process (PID=1656) to work on /opt/airflow/dags/pipeline_dag.py
[2026-05-01T18:46:03.865+0000] {processor.py:830} INFO - Processing file /opt/airflow/dags/pipeline_dag.py for tasks to queue
[2026-05-01T18:46:03.866+0000] {logging_mixin.py:188} INFO - [2026-05-01T18:46:03.865+0000] {dagbag.py:545} INFO - Filling up the DagBag from /opt/airflow/dags/pipeline_dag.py
[2026-05-01T18:46:03.871+0000] {processor.py:840} INFO - DAG(s) 'data_pipeline' retrieved from /opt/airflow/dags/pipeline_dag.py
[2026-05-01T18:46:03.890+0000] {logging_mixin.py:188} INFO - [2026-05-01T18:46:03.890+0000] {dag.py:3089} INFO - Sync 1 DAGs
[2026-05-01T18:46:03.903+0000] {logging_mixin.py:188} INFO - [2026-05-01T18:46:03.903+0000] {dag.py:3947} INFO - Setting next_dagrun for data_pipeline to 2026-05-01 06:00:00+00:00, run_after=2026-05-02 06:00:00+00:00
[2026-05-01T18:46:03.914+0000] {processor.py:183} INFO - Processing /opt/airflow/dags/pipeline_dag.py took 0.053 seconds
[2026-05-01T18:46:34.037+0000] {processor.py:161} INFO - Started process (PID=1661) to work on /opt/airflow/dags/pipeline_dag.py
[2026-05-01T18:46:34.046+0000] {processor.py:830} INFO - Processing file /opt/airflow/dags/pipeline_dag.py for tasks to queue
[2026-05-01T18:46:34.049+0000] {logging_mixin.py:188} INFO - [2026-05-01T18:46:34.048+0000] {dagbag.py:545} INFO - Filling up the DagBag from /opt/airflow/dags/pipeline_dag.py
[2026-05-01T18:46:34.061+0000] {processor.py:840} INFO - DAG(s) 'data_pipeline' retrieved from /opt/airflow/dags/pipeline_dag.py
[2026-05-01T18:46:34.086+0000] {logging_mixin.py:188} INFO - [2026-05-01T18:46:34.086+0000] {dag.py:3089} INFO - Sync 1 DAGs
[2026-05-01T18:46:34.101+0000] {logging_mixin.py:188} INFO - [2026-05-01T18:46:34.101+0000] {dag.py:3947} INFO - Setting next_dagrun for data_pipeline to 2026-05-01 06:00:00+00:00, run_after=2026-05-02 06:00:00+00:00
[2026-05-01T18:46:34.111+0000] {processor.py:183} INFO - Processing /opt/airflow/dags/pipeline_dag.py took 0.080 seconds
[2026-05-01T18:47:04.186+0000] {processor.py:161} INFO - Started process (PID=1666) to work on /opt/airflow/dags/pipeline_dag.py
[2026-05-01T18:47:04.186+0000] {processor.py:830} INFO - Processing file /opt/airflow/dags/pipeline_dag.py for tasks to queue
[2026-05-01T18:47:04.187+0000] {logging_mixin.py:188} INFO - [2026-05-01T18:47:04.187+0000] {dagbag.py:545} INFO - Filling up the DagBag from /opt/airflow/dags/pipeline_dag.py
[2026-05-01T18:47:04.195+0000] {processor.py:840} INFO - DAG(s) 'data_pipeline' retrieved from /opt/airflow/dags/pipeline_dag.py
[2026-05-01T18:47:04.214+0000] {logging_mixin.py:188} INFO - [2026-05-01T18:47:04.213+0000] {dag.py:3089} INFO - Sync 1 DAGs
[2026-05-01T18:47:04.226+0000] {logging_mixin.py:188} INFO - [2026-05-01T18:47:04.226+0000] {dag.py:3947} INFO - Setting next_dagrun for data_pipeline to 2026-05-01 06:00:00+00:00, run_after=2026-05-02 06:00:00+00:00
[2026-05-01T18:47:04.241+0000] {processor.py:183} INFO - Processing /opt/airflow/dags/pipeline_dag.py took 0.061 seconds
[2026-05-01T18:47:34.404+0000] {processor.py:161} INFO - Started process (PID=1671) to work on /opt/airflow/dags/pipeline_dag.py
[2026-05-01T18:47:34.404+0000] {processor.py:830} INFO - Processing file /opt/airflow/dags/pipeline_dag.py for tasks to queue
[2026-05-01T18:47:34.405+0000] {logging_mixin.py:188} INFO - [2026-05-01T18:47:34.405+0000] {dagbag.py:545} INFO - Filling up the DagBag from /opt/airflow/dags/pipeline_dag.py
[2026-05-01T18:47:34.411+0000] {processor.py:840} INFO - DAG(s) 'data_pipeline' retrieved from /opt/airflow/dags/pipeline_dag.py
[2026-05-01T18:47:34.433+0000] {logging_mixin.py:188} INFO - [2026-05-01T18:47:34.432+0000] {dag.py:3089} INFO - Sync 1 DAGs
[2026-05-01T18:47:34.445+0000] {logging_mixin.py:188} INFO - [2026-05-01T18:47:34.445+0000] {dag.py:3947} INFO - Setting next_dagrun for data_pipeline to 2026-05-01 06:00:00+00:00, run_after=2026-05-02 06:00:00+00:00
[2026-05-01T18:47:34.455+0000] {processor.py:183} INFO - Processing /opt/airflow/dags/pipeline_dag.py took 0.055 seconds
[2026-05-01T18:48:04.567+0000] {processor.py:161} INFO - Started process (PID=1676) to work on /opt/airflow/dags/pipeline_dag.py
[2026-05-01T18:48:04.567+0000] {processor.py:830} INFO - Processing file /opt/airflow/dags/pipeline_dag.py for tasks to queue
[2026-05-01T18:48:04.568+0000] {logging_mixin.py:188} INFO - [2026-05-01T18:48:04.568+0000] {dagbag.py:545} INFO - Filling up the DagBag from /opt/airflow/dags/pipeline_dag.py
[2026-05-01T18:48:04.575+0000] {processor.py:840} INFO - DAG(s) 'data_pipeline' retrieved from /opt/airflow/dags/pipeline_dag.py
[2026-05-01T18:48:04.594+0000] {logging_mixin.py:188} INFO - [2026-05-01T18:48:04.594+0000] {dag.py:3089} INFO - Sync 1 DAGs
[2026-05-01T18:48:04.608+0000] {logging_mixin.py:188} INFO - [2026-05-01T18:48:04.608+0000] {dag.py:3947} INFO - Setting next_dagrun for data_pipeline to 2026-05-01 06:00:00+00:00, run_after=2026-05-02 06:00:00+00:00
[2026-05-01T18:48:04.619+0000] {processor.py:183} INFO - Processing /opt/airflow/dags/pipeline_dag.py took 0.058 seconds
[2026-05-01T18:48:34.747+0000] {processor.py:161} INFO - Started process (PID=1681) to work on /opt/airflow/dags/pipeline_dag.py
[2026-05-01T18:48:34.757+0000] {processor.py:830} INFO - Processing file /opt/airflow/dags/pipeline_dag.py for tasks to queue
[2026-05-01T18:48:34.758+0000] {logging_mixin.py:188} INFO - [2026-05-01T18:48:34.758+0000] {dagbag.py:545} INFO - Filling up the DagBag from /opt/airflow/dags/pipeline_dag.py
[2026-05-01T18:48:34.766+0000] {processor.py:840} INFO - DAG(s) 'data_pipeline' retrieved from /opt/airflow/dags/pipeline_dag.py
[2026-05-01T18:48:34.790+0000] {logging_mixin.py:188} INFO - [2026-05-01T18:48:34.790+0000] {dag.py:3089} INFO - Sync 1 DAGs
[2026-05-01T18:48:34.804+0000] {logging_mixin.py:188} INFO - [2026-05-01T18:48:34.803+0000] {dag.py:3947} INFO - Setting next_dagrun for data_pipeline to 2026-05-01 06:00:00+00:00, run_after=2026-05-02 06:00:00+00:00
[2026-05-01T18:48:34.814+0000] {processor.py:183} INFO - Processing /opt/airflow/dags/pipeline_dag.py took 0.073 seconds
[2026-05-01T18:49:04.919+0000] {processor.py:161} INFO - Started process (PID=1686) to work on /opt/airflow/dags/pipeline_dag.py
[2026-05-01T18:49:04.920+0000] {processor.py:830} INFO - Processing file /opt/airflow/dags/pipeline_dag.py for tasks to queue
[2026-05-01T18:49:04.921+0000] {logging_mixin.py:188} INFO - [2026-05-01T18:49:04.920+0000] {dagbag.py:545} INFO - Filling up the DagBag from /opt/airflow/dags/pipeline_dag.py
[2026-05-01T18:49:04.930+0000] {processor.py:840} INFO - DAG(s) 'data_pipeline' retrieved from /opt/airflow/dags/pipeline_dag.py
[2026-05-01T18:49:04.950+0000] {logging_mixin.py:188} INFO - [2026-05-01T18:49:04.950+0000] {dag.py:3089} INFO - Sync 1 DAGs
[2026-05-01T18:49:04.962+0000] {logging_mixin.py:188} INFO - [2026-05-01T18:49:04.962+0000] {dag.py:3947} INFO - Setting next_dagrun for data_pipeline to 2026-05-01 06:00:00+00:00, run_after=2026-05-02 06:00:00+00:00
[2026-05-01T18:49:04.974+0000] {processor.py:183} INFO - Processing /opt/airflow/dags/pipeline_dag.py took 0.062 seconds
[2026-05-01T18:49:35.106+0000] {processor.py:161} INFO - Started process (PID=1691) to work on /opt/airflow/dags/pipeline_dag.py
[2026-05-01T18:49:35.115+0000] {processor.py:830} INFO - Processing file /opt/airflow/dags/pipeline_dag.py for tasks to queue
[2026-05-01T18:49:35.116+0000] {logging_mixin.py:188} INFO - [2026-05-01T18:49:35.116+0000] {dagbag.py:545} INFO - Filling up the DagBag from /opt/airflow/dags/pipeline_dag.py
[2026-05-01T18:49:35.124+0000] {processor.py:840} INFO - DAG(s) 'data_pipeline' retrieved from /opt/airflow/dags/pipeline_dag.py
[2026-05-01T18:49:35.144+0000] {logging_mixin.py:188} INFO - [2026-05-01T18:49:35.143+0000] {dag.py:3089} INFO - Sync 1 DAGs
[2026-05-01T18:49:35.157+0000] {logging_mixin.py:188} INFO - [2026-05-01T18:49:35.156+0000] {dag.py:3947} INFO - Setting next_dagrun for data_pipeline to 2026-05-01 06:00:00+00:00, run_after=2026-05-02 06:00:00+00:00
[2026-05-01T18:49:35.168+0000] {processor.py:183} INFO - Processing /opt/airflow/dags/pipeline_dag.py took 0.068 seconds
[2026-05-01T18:50:05.295+0000] {processor.py:161} INFO - Started process (PID=1696) to work on /opt/airflow/dags/pipeline_dag.py
[2026-05-01T18:50:05.296+0000] {processor.py:830} INFO - Processing file /opt/airflow/dags/pipeline_dag.py for tasks to queue
[2026-05-01T18:50:05.297+0000] {logging_mixin.py:188} INFO - [2026-05-01T18:50:05.297+0000] {dagbag.py:545} INFO - Filling up the DagBag from /opt/airflow/dags/pipeline_dag.py
[2026-05-01T18:50:05.305+0000] {processor.py:840} INFO - DAG(s) 'data_pipeline' retrieved from /opt/airflow/dags/pipeline_dag.py
[2026-05-01T18:50:05.327+0000] {logging_mixin.py:188} INFO - [2026-05-01T18:50:05.326+0000] {dag.py:3089} INFO - Sync 1 DAGs
[2026-05-01T18:50:05.340+0000] {logging_mixin.py:188} INFO - [2026-05-01T18:50:05.340+0000] {dag.py:3947} INFO - Setting next_dagrun for data_pipeline to 2026-05-01 06:00:00+00:00, run_after=2026-05-02 06:00:00+00:00
[2026-05-01T18:50:05.353+0000] {processor.py:183} INFO - Processing /opt/airflow/dags/pipeline_dag.py took 0.067 seconds
[2026-05-01T18:50:35.462+0000] {processor.py:161} INFO - Started process (PID=1701) to work on /opt/airflow/dags/pipeline_dag.py
[2026-05-01T18:50:35.471+0000] {processor.py:830} INFO - Processing file /opt/airflow/dags/pipeline_dag.py for tasks to queue
[2026-05-01T18:50:35.473+0000] {logging_mixin.py:188} INFO - [2026-05-01T18:50:35.473+0000] {dagbag.py:545} INFO - Filling up the DagBag from /opt/airflow/dags/pipeline_dag.py
[2026-05-01T18:50:35.480+0000] {processor.py:840} INFO - DAG(s) 'data_pipeline' retrieved from /opt/airflow/dags/pipeline_dag.py
[2026-05-01T18:50:35.506+0000] {logging_mixin.py:188} INFO - [2026-05-01T18:50:35.505+0000] {dag.py:3089} INFO - Sync 1 DAGs
[2026-05-01T18:50:35.518+0000] {logging_mixin.py:188} INFO - [2026-05-01T18:50:35.518+0000] {dag.py:3947} INFO - Setting next_dagrun for data_pipeline to 2026-05-01 06:00:00+00:00, run_after=2026-05-02 06:00:00+00:00
[2026-05-01T18:50:35.528+0000] {processor.py:183} INFO - Processing /opt/airflow/dags/pipeline_dag.py took 0.072 seconds
[2026-05-01T18:51:05.634+0000] {processor.py:161} INFO - Started process (PID=1706) to work on /opt/airflow/dags/pipeline_dag.py
[2026-05-01T18:51:05.634+0000] {processor.py:830} INFO - Processing file /opt/airflow/dags/pipeline_dag.py for tasks to queue
[2026-05-01T18:51:05.636+0000] {logging_mixin.py:188} INFO - [2026-05-01T18:51:05.636+0000] {dagbag.py:545} INFO - Filling up the DagBag from /opt/airflow/dags/pipeline_dag.py
[2026-05-01T18:51:05.646+0000] {processor.py:840} INFO - DAG(s) 'data_pipeline' retrieved from /opt/airflow/dags/pipeline_dag.py
[2026-05-01T18:51:05.671+0000] {logging_mixin.py:188} INFO - [2026-05-01T18:51:05.671+0000] {dag.py:3089} INFO - Sync 1 DAGs
[2026-05-01T18:51:05.691+0000] {logging_mixin.py:188} INFO - [2026-05-01T18:51:05.691+0000] {dag.py:3947} INFO - Setting next_dagrun for data_pipeline to 2026-05-01 06:00:00+00:00, run_after=2026-05-02 06:00:00+00:00
[2026-05-01T18:51:05.706+0000] {processor.py:183} INFO - Processing /opt/airflow/dags/pipeline_dag.py took 0.079 seconds
[2026-05-01T18:51:35.812+0000] {processor.py:161} INFO - Started process (PID=1711) to work on /opt/airflow/dags/pipeline_dag.py
[2026-05-01T18:51:35.821+0000] {processor.py:830} INFO - Processing file /opt/airflow/dags/pipeline_dag.py for tasks to queue
[2026-05-01T18:51:35.822+0000] {logging_mixin.py:188} INFO - [2026-05-01T18:51:35.822+0000] {dagbag.py:545} INFO - Filling up the DagBag from /opt/airflow/dags/pipeline_dag.py
[2026-05-01T18:51:35.829+0000] {processor.py:840} INFO - DAG(s) 'data_pipeline' retrieved from /opt/airflow/dags/pipeline_dag.py
[2026-05-01T18:51:35.850+0000] {logging_mixin.py:188} INFO - [2026-05-01T18:51:35.850+0000] {dag.py:3089} INFO - Sync 1 DAGs
[2026-05-01T18:51:35.864+0000] {logging_mixin.py:188} INFO - [2026-05-01T18:51:35.864+0000] {dag.py:3947} INFO - Setting next_dagrun for data_pipeline to 2026-05-01 06:00:00+00:00, run_after=2026-05-02 06:00:00+00:00
[2026-05-01T18:51:35.875+0000] {processor.py:183} INFO - Processing /opt/airflow/dags/pipeline_dag.py took 0.066 seconds
[2026-05-01T18:52:06.006+0000] {processor.py:161} INFO - Started process (PID=1716) to work on /opt/airflow/dags/pipeline_dag.py
[2026-05-01T18:52:06.007+0000] {processor.py:830} INFO - Processing file /opt/airflow/dags/pipeline_dag.py for tasks to queue
[2026-05-01T18:52:06.008+0000] {logging_mixin.py:188} INFO - [2026-05-01T18:52:06.008+0000] {dagbag.py:545} INFO - Filling up the DagBag from /opt/airflow/dags/pipeline_dag.py
[2026-05-01T18:52:06.014+0000] {processor.py:840} INFO - DAG(s) 'data_pipeline' retrieved from /opt/airflow/dags/pipeline_dag.py
[2026-05-01T18:52:06.031+0000] {logging_mixin.py:188} INFO - [2026-05-01T18:52:06.031+0000] {dag.py:3089} INFO - Sync 1 DAGs
[2026-05-01T18:52:06.043+0000] {logging_mixin.py:188} INFO - [2026-05-01T18:52:06.043+0000] {dag.py:3947} INFO - Setting next_dagrun for data_pipeline to 2026-05-01 06:00:00+00:00, run_after=2026-05-02 06:00:00+00:00
[2026-05-01T18:52:06.054+0000] {processor.py:183} INFO - Processing /opt/airflow/dags/pipeline_dag.py took 0.052 seconds
[2026-05-01T18:52:36.181+0000] {processor.py:161} INFO - Started process (PID=1721) to work on /opt/airflow/dags/pipeline_dag.py
[2026-05-01T18:52:36.190+0000] {processor.py:830} INFO - Processing file /opt/airflow/dags/pipeline_dag.py for tasks to queue
[2026-05-01T18:52:36.191+0000] {logging_mixin.py:188} INFO - [2026-05-01T18:52:36.191+0000] {dagbag.py:545} INFO - Filling up the DagBag from /opt/airflow/dags/pipeline_dag.py
[2026-05-01T18:52:36.198+0000] {processor.py:840} INFO - DAG(s) 'data_pipeline' retrieved from /opt/airflow/dags/pipeline_dag.py
[2026-05-01T18:52:36.216+0000] {logging_mixin.py:188} INFO - [2026-05-01T18:52:36.215+0000] {dag.py:3089} INFO - Sync 1 DAGs
[2026-05-01T18:52:36.228+0000] {logging_mixin.py:188} INFO - [2026-05-01T18:52:36.228+0000] {dag.py:3947} INFO - Setting next_dagrun for data_pipeline to 2026-05-01 06:00:00+00:00, run_after=2026-05-02 06:00:00+00:00
[2026-05-01T18:52:36.239+0000] {processor.py:183} INFO - Processing /opt/airflow/dags/pipeline_dag.py took 0.062 seconds
[2026-05-01T18:53:06.360+0000] {processor.py:161} INFO - Started process (PID=1726) to work on /opt/airflow/dags/pipeline_dag.py
[2026-05-01T18:53:06.360+0000] {processor.py:830} INFO - Processing file /opt/airflow/dags/pipeline_dag.py for tasks to queue
[2026-05-01T18:53:06.361+0000] {logging_mixin.py:188} INFO - [2026-05-01T18:53:06.361+0000] {dagbag.py:545} INFO - Filling up the DagBag from /opt/airflow/dags/pipeline_dag.py
[2026-05-01T18:53:06.367+0000] {processor.py:840} INFO - DAG(s) 'data_pipeline' retrieved from /opt/airflow/dags/pipeline_dag.py
[2026-05-01T18:53:06.387+0000] {logging_mixin.py:188} INFO - [2026-05-01T18:53:06.387+0000] {dag.py:3089} INFO - Sync 1 DAGs
[2026-05-01T18:53:06.403+0000] {logging_mixin.py:188} INFO - [2026-05-01T18:53:06.403+0000] {dag.py:3947} INFO - Setting next_dagrun for data_pipeline to 2026-05-01 06:00:00+00:00, run_after=2026-05-02 06:00:00+00:00
[2026-05-01T18:53:06.419+0000] {processor.py:183} INFO - Processing /opt/airflow/dags/pipeline_dag.py took 0.063 seconds
[2026-05-01T18:53:36.535+0000] {processor.py:161} INFO - Started process (PID=1731) to work on /opt/airflow/dags/pipeline_dag.py
[2026-05-01T18:53:36.544+0000] {processor.py:830} INFO - Processing file /opt/airflow/dags/pipeline_dag.py for tasks to queue
[2026-05-01T18:53:36.546+0000] {logging_mixin.py:188} INFO - [2026-05-01T18:53:36.545+0000] {dagbag.py:545} INFO - Filling up the DagBag from /opt/airflow/dags/pipeline_dag.py
[2026-05-01T18:53:36.555+0000] {processor.py:840} INFO - DAG(s) 'data_pipeline' retrieved from /opt/airflow/dags/pipeline_dag.py
[2026-05-01T18:53:36.574+0000] {logging_mixin.py:188} INFO - [2026-05-01T18:53:36.573+0000] {dag.py:3089} INFO - Sync 1 DAGs
[2026-05-01T18:53:36.587+0000] {logging_mixin.py:188} INFO - [2026-05-01T18:53:36.587+0000] {dag.py:3947} INFO - Setting next_dagrun for data_pipeline to 2026-05-01 06:00:00+00:00, run_after=2026-05-02 06:00:00+00:00
[2026-05-01T18:53:36.597+0000] {processor.py:183} INFO - Processing /opt/airflow/dags/pipeline_dag.py took 0.068 seconds
[2026-05-01T18:54:06.729+0000] {processor.py:161} INFO - Started process (PID=1736) to work on /opt/airflow/dags/pipeline_dag.py
[2026-05-01T18:54:06.729+0000] {processor.py:830} INFO - Processing file /opt/airflow/dags/pipeline_dag.py for tasks to queue
[2026-05-01T18:54:06.731+0000] {logging_mixin.py:188} INFO - [2026-05-01T18:54:06.731+0000] {dagbag.py:545} INFO - Filling up the DagBag from /opt/airflow/dags/pipeline_dag.py
[2026-05-01T18:54:06.738+0000] {processor.py:840} INFO - DAG(s) 'data_pipeline' retrieved from /opt/airflow/dags/pipeline_dag.py
[2026-05-01T18:54:06.758+0000] {logging_mixin.py:188} INFO - [2026-05-01T18:54:06.757+0000] {dag.py:3089} INFO - Sync 1 DAGs
[2026-05-01T18:54:06.770+0000] {logging_mixin.py:188} INFO - [2026-05-01T18:54:06.770+0000] {dag.py:3947} INFO - Setting next_dagrun for data_pipeline to 2026-05-01 06:00:00+00:00, run_after=2026-05-02 06:00:00+00:00
[2026-05-01T18:54:06.782+0000] {processor.py:183} INFO - Processing /opt/airflow/dags/pipeline_dag.py took 0.060 seconds
[2026-05-01T18:54:36.915+0000] {processor.py:161} INFO - Started process (PID=1741) to work on /opt/airflow/dags/pipeline_dag.py
[2026-05-01T18:54:36.924+0000] {processor.py:830} INFO - Processing file /opt/airflow/dags/pipeline_dag.py for tasks to queue
[2026-05-01T18:54:36.926+0000] {logging_mixin.py:188} INFO - [2026-05-01T18:54:36.926+0000] {dagbag.py:545} INFO - Filling up the DagBag from /opt/airflow/dags/pipeline_dag.py
[2026-05-01T18:54:36.936+0000] {processor.py:840} INFO - DAG(s) 'data_pipeline' retrieved from /opt/airflow/dags/pipeline_dag.py
[2026-05-01T18:54:36.954+0000] {logging_mixin.py:188} INFO - [2026-05-01T18:54:36.954+0000] {dag.py:3089} INFO - Sync 1 DAGs
[2026-05-01T18:54:36.966+0000] {logging_mixin.py:188} INFO - [2026-05-01T18:54:36.966+0000] {dag.py:3947} INFO - Setting next_dagrun for data_pipeline to 2026-05-01 06:00:00+00:00, run_after=2026-05-02 06:00:00+00:00
[2026-05-01T18:54:36.977+0000] {processor.py:183} INFO - Processing /opt/airflow/dags/pipeline_dag.py took 0.068 seconds
[2026-05-01T18:55:07.101+0000] {processor.py:161} INFO - Started process (PID=1746) to work on /opt/airflow/dags/pipeline_dag.py
[2026-05-01T18:55:07.101+0000] {processor.py:830} INFO - Processing file /opt/airflow/dags/pipeline_dag.py for tasks to queue
[2026-05-01T18:55:07.103+0000] {logging_mixin.py:188} INFO - [2026-05-01T18:55:07.102+0000] {dagbag.py:545} INFO - Filling up the DagBag from /opt/airflow/dags/pipeline_dag.py
[2026-05-01T18:55:07.110+0000] {processor.py:840} INFO - DAG(s) 'data_pipeline' retrieved from /opt/airflow/dags/pipeline_dag.py
[2026-05-01T18:55:07.128+0000] {logging_mixin.py:188} INFO - [2026-05-01T18:55:07.128+0000] {dag.py:3089} INFO - Sync 1 DAGs
[2026-05-01T18:55:07.140+0000] {logging_mixin.py:188} INFO - [2026-05-01T18:55:07.140+0000] {dag.py:3947} INFO - Setting next_dagrun for data_pipeline to 2026-05-01 06:00:00+00:00, run_after=2026-05-02 06:00:00+00:00
[2026-05-01T18:55:07.151+0000] {processor.py:183} INFO - Processing /opt/airflow/dags/pipeline_dag.py took 0.055 seconds
[2026-05-01T18:55:37.274+0000] {processor.py:161} INFO - Started process (PID=1751) to work on /opt/airflow/dags/pipeline_dag.py
[2026-05-01T18:55:37.284+0000] {processor.py:830} INFO - Processing file /opt/airflow/dags/pipeline_dag.py for tasks to queue
[2026-05-01T18:55:37.285+0000] {logging_mixin.py:188} INFO - [2026-05-01T18:55:37.284+0000] {dagbag.py:545} INFO - Filling up the DagBag from /opt/airflow/dags/pipeline_dag.py
[2026-05-01T18:55:37.292+0000] {processor.py:840} INFO - DAG(s) 'data_pipeline' retrieved from /opt/airflow/dags/pipeline_dag.py
[2026-05-01T18:55:37.312+0000] {logging_mixin.py:188} INFO - [2026-05-01T18:55:37.312+0000] {dag.py:3089} INFO - Sync 1 DAGs
[2026-05-01T18:55:37.326+0000] {logging_mixin.py:188} INFO - [2026-05-01T18:55:37.326+0000] {dag.py:3947} INFO - Setting next_dagrun for data_pipeline to 2026-05-01 06:00:00+00:00, run_after=2026-05-02 06:00:00+00:00
[2026-05-01T18:55:37.337+0000] {processor.py:183} INFO - Processing /opt/airflow/dags/pipeline_dag.py took 0.066 seconds
[2026-05-01T18:56:07.430+0000] {processor.py:161} INFO - Started process (PID=1756) to work on /opt/airflow/dags/pipeline_dag.py
[2026-05-01T18:56:07.430+0000] {processor.py:830} INFO - Processing file /opt/airflow/dags/pipeline_dag.py for tasks to queue
[2026-05-01T18:56:07.431+0000] {logging_mixin.py:188} INFO - [2026-05-01T18:56:07.431+0000] {dagbag.py:545} INFO - Filling up the DagBag from /opt/airflow/dags/pipeline_dag.py
[2026-05-01T18:56:07.437+0000] {processor.py:840} INFO - DAG(s) 'data_pipeline' retrieved from /opt/airflow/dags/pipeline_dag.py
[2026-05-01T18:56:07.456+0000] {logging_mixin.py:188} INFO - [2026-05-01T18:56:07.456+0000] {dag.py:3089} INFO - Sync 1 DAGs
[2026-05-01T18:56:07.469+0000] {logging_mixin.py:188} INFO - [2026-05-01T18:56:07.469+0000] {dag.py:3947} INFO - Setting next_dagrun for data_pipeline to 2026-05-01 06:00:00+00:00, run_after=2026-05-02 06:00:00+00:00
[2026-05-01T18:56:07.480+0000] {processor.py:183} INFO - Processing /opt/airflow/dags/pipeline_dag.py took 0.053 seconds
[2026-05-01T18:56:37.642+0000] {processor.py:161} INFO - Started process (PID=1761) to work on /opt/airflow/dags/pipeline_dag.py
[2026-05-01T18:56:37.651+0000] {processor.py:830} INFO - Processing file /opt/airflow/dags/pipeline_dag.py for tasks to queue
[2026-05-01T18:56:37.653+0000] {logging_mixin.py:188} INFO - [2026-05-01T18:56:37.652+0000] {dagbag.py:545} INFO - Filling up the DagBag from /opt/airflow/dags/pipeline_dag.py
[2026-05-01T18:56:37.659+0000] {processor.py:840} INFO - DAG(s) 'data_pipeline' retrieved from /opt/airflow/dags/pipeline_dag.py
[2026-05-01T18:56:37.679+0000] {logging_mixin.py:188} INFO - [2026-05-01T18:56:37.679+0000] {dag.py:3089} INFO - Sync 1 DAGs
[2026-05-01T18:56:37.692+0000] {logging_mixin.py:188} INFO - [2026-05-01T18:56:37.692+0000] {dag.py:3947} INFO - Setting next_dagrun for data_pipeline to 2026-05-01 06:00:00+00:00, run_after=2026-05-02 06:00:00+00:00
[2026-05-01T18:56:37.703+0000] {processor.py:183} INFO - Processing /opt/airflow/dags/pipeline_dag.py took 0.066 seconds
[2026-05-01T18:57:07.807+0000] {processor.py:161} INFO - Started process (PID=1766) to work on /opt/airflow/dags/pipeline_dag.py
[2026-05-01T18:57:07.808+0000] {processor.py:830} INFO - Processing file /opt/airflow/dags/pipeline_dag.py for tasks to queue
[2026-05-01T18:57:07.809+0000] {logging_mixin.py:188} INFO - [2026-05-01T18:57:07.809+0000] {dagbag.py:545} INFO - Filling up the DagBag from /opt/airflow/dags/pipeline_dag.py
[2026-05-01T18:57:07.817+0000] {processor.py:840} INFO - DAG(s) 'data_pipeline' retrieved from /opt/airflow/dags/pipeline_dag.py
[2026-05-01T18:57:07.834+0000] {logging_mixin.py:188} INFO - [2026-05-01T18:57:07.834+0000] {dag.py:3089} INFO - Sync 1 DAGs
[2026-05-01T18:57:07.848+0000] {logging_mixin.py:188} INFO - [2026-05-01T18:57:07.848+0000] {dag.py:3947} INFO - Setting next_dagrun for data_pipeline to 2026-05-01 06:00:00+00:00, run_after=2026-05-02 06:00:00+00:00
[2026-05-01T18:57:07.859+0000] {processor.py:183} INFO - Processing /opt/airflow/dags/pipeline_dag.py took 0.059 seconds
[2026-05-01T18:57:37.992+0000] {processor.py:161} INFO - Started process (PID=1771) to work on /opt/airflow/dags/pipeline_dag.py
[2026-05-01T18:57:37.993+0000] {processor.py:830} INFO - Processing file /opt/airflow/dags/pipeline_dag.py for tasks to queue
[2026-05-01T18:57:37.994+0000] {logging_mixin.py:188} INFO - [2026-05-01T18:57:37.994+0000] {dagbag.py:545} INFO - Filling up the DagBag from /opt/airflow/dags/pipeline_dag.py
[2026-05-01T18:57:38.001+0000] {processor.py:840} INFO - DAG(s) 'data_pipeline' retrieved from /opt/airflow/dags/pipeline_dag.py
[2026-05-01T18:57:38.021+0000] {logging_mixin.py:188} INFO - [2026-05-01T18:57:38.021+0000] {dag.py:3089} INFO - Sync 1 DAGs
[2026-05-01T18:57:38.033+0000] {logging_mixin.py:188} INFO - [2026-05-01T18:57:38.033+0000] {dag.py:3947} INFO - Setting next_dagrun for data_pipeline to 2026-05-01 06:00:00+00:00, run_after=2026-05-02 06:00:00+00:00
[2026-05-01T18:57:38.046+0000] {processor.py:183} INFO - Processing /opt/airflow/dags/pipeline_dag.py took 0.059 seconds
[2026-05-01T18:58:08.158+0000] {processor.py:161} INFO - Started process (PID=1776) to work on /opt/airflow/dags/pipeline_dag.py
[2026-05-01T18:58:08.159+0000] {processor.py:830} INFO - Processing file /opt/airflow/dags/pipeline_dag.py for tasks to queue
[2026-05-01T18:58:08.160+0000] {logging_mixin.py:188} INFO - [2026-05-01T18:58:08.160+0000] {dagbag.py:545} INFO - Filling up the DagBag from /opt/airflow/dags/pipeline_dag.py
[2026-05-01T18:58:08.167+0000] {processor.py:840} INFO - DAG(s) 'data_pipeline' retrieved from /opt/airflow/dags/pipeline_dag.py
[2026-05-01T18:58:08.185+0000] {logging_mixin.py:188} INFO - [2026-05-01T18:58:08.185+0000] {dag.py:3089} INFO - Sync 1 DAGs
[2026-05-01T18:58:08.198+0000] {logging_mixin.py:188} INFO - [2026-05-01T18:58:08.198+0000] {dag.py:3947} INFO - Setting next_dagrun for data_pipeline to 2026-05-01 06:00:00+00:00, run_after=2026-05-02 06:00:00+00:00
[2026-05-01T18:58:08.210+0000] {processor.py:183} INFO - Processing /opt/airflow/dags/pipeline_dag.py took 0.058 seconds
[2026-05-01T18:58:38.354+0000] {processor.py:161} INFO - Started process (PID=1781) to work on /opt/airflow/dags/pipeline_dag.py
[2026-05-01T18:58:38.363+0000] {processor.py:830} INFO - Processing file /opt/airflow/dags/pipeline_dag.py for tasks to queue
[2026-05-01T18:58:38.365+0000] {logging_mixin.py:188} INFO - [2026-05-01T18:58:38.365+0000] {dagbag.py:545} INFO - Filling up the DagBag from /opt/airflow/dags/pipeline_dag.py
[2026-05-01T18:58:38.372+0000] {processor.py:840} INFO - DAG(s) 'data_pipeline' retrieved from /opt/airflow/dags/pipeline_dag.py
[2026-05-01T18:58:38.391+0000] {logging_mixin.py:188} INFO - [2026-05-01T18:58:38.390+0000] {dag.py:3089} INFO - Sync 1 DAGs
[2026-05-01T18:58:38.404+0000] {logging_mixin.py:188} INFO - [2026-05-01T18:58:38.404+0000] {dag.py:3947} INFO - Setting next_dagrun for data_pipeline to 2026-05-01 06:00:00+00:00, run_after=2026-05-02 06:00:00+00:00
[2026-05-01T18:58:38.416+0000] {processor.py:183} INFO - Processing /opt/airflow/dags/pipeline_dag.py took 0.066 seconds
[2026-05-01T18:59:08.526+0000] {processor.py:161} INFO - Started process (PID=1786) to work on /opt/airflow/dags/pipeline_dag.py
[2026-05-01T18:59:08.526+0000] {processor.py:830} INFO - Processing file /opt/airflow/dags/pipeline_dag.py for tasks to queue
[2026-05-01T18:59:08.528+0000] {logging_mixin.py:188} INFO - [2026-05-01T18:59:08.528+0000] {dagbag.py:545} INFO - Filling up the DagBag from /opt/airflow/dags/pipeline_dag.py
[2026-05-01T18:59:08.534+0000] {processor.py:840} INFO - DAG(s) 'data_pipeline' retrieved from /opt/airflow/dags/pipeline_dag.py
[2026-05-01T18:59:08.551+0000] {logging_mixin.py:188} INFO - [2026-05-01T18:59:08.551+0000] {dag.py:3089} INFO - Sync 1 DAGs
[2026-05-01T18:59:08.565+0000] {logging_mixin.py:188} INFO - [2026-05-01T18:59:08.565+0000] {dag.py:3947} INFO - Setting next_dagrun for data_pipeline to 2026-05-01 06:00:00+00:00, run_after=2026-05-02 06:00:00+00:00
[2026-05-01T18:59:08.577+0000] {processor.py:183} INFO - Processing /opt/airflow/dags/pipeline_dag.py took 0.057 seconds
[2026-05-01T18:59:38.713+0000] {processor.py:161} INFO - Started process (PID=1791) to work on /opt/airflow/dags/pipeline_dag.py
[2026-05-01T18:59:38.723+0000] {processor.py:830} INFO - Processing file /opt/airflow/dags/pipeline_dag.py for tasks to queue
[2026-05-01T18:59:38.725+0000] {logging_mixin.py:188} INFO - [2026-05-01T18:59:38.725+0000] {dagbag.py:545} INFO - Filling up the DagBag from /opt/airflow/dags/pipeline_dag.py
[2026-05-01T18:59:38.732+0000] {processor.py:840} INFO - DAG(s) 'data_pipeline' retrieved from /opt/airflow/dags/pipeline_dag.py
[2026-05-01T18:59:38.753+0000] {logging_mixin.py:188} INFO - [2026-05-01T18:59:38.752+0000] {dag.py:3089} INFO - Sync 1 DAGs
[2026-05-01T18:59:38.765+0000] {logging_mixin.py:188} INFO - [2026-05-01T18:59:38.765+0000] {dag.py:3947} INFO - Setting next_dagrun for data_pipeline to 2026-05-01 06:00:00+00:00, run_after=2026-05-02 06:00:00+00:00
[2026-05-01T18:59:38.777+0000] {processor.py:183} INFO - Processing /opt/airflow/dags/pipeline_dag.py took 0.068 seconds
[2026-05-01T19:00:08.893+0000] {processor.py:161} INFO - Started process (PID=1796) to work on /opt/airflow/dags/pipeline_dag.py
[2026-05-01T19:00:08.893+0000] {processor.py:830} INFO - Processing file /opt/airflow/dags/pipeline_dag.py for tasks to queue
[2026-05-01T19:00:08.894+0000] {logging_mixin.py:188} INFO - [2026-05-01T19:00:08.894+0000] {dagbag.py:545} INFO - Filling up the DagBag from /opt/airflow/dags/pipeline_dag.py
[2026-05-01T19:00:08.900+0000] {processor.py:840} INFO - DAG(s) 'data_pipeline' retrieved from /opt/airflow/dags/pipeline_dag.py
[2026-05-01T19:00:08.924+0000] {logging_mixin.py:188} INFO - [2026-05-01T19:00:08.924+0000] {dag.py:3089} INFO - Sync 1 DAGs
[2026-05-01T19:00:08.937+0000] {logging_mixin.py:188} INFO - [2026-05-01T19:00:08.937+0000] {dag.py:3947} INFO - Setting next_dagrun for data_pipeline to 2026-05-01 06:00:00+00:00, run_after=2026-05-02 06:00:00+00:00
[2026-05-01T19:00:08.946+0000] {processor.py:183} INFO - Processing /opt/airflow/dags/pipeline_dag.py took 0.057 seconds
[2026-05-01T19:00:39.087+0000] {processor.py:161} INFO - Started process (PID=1801) to work on /opt/airflow/dags/pipeline_dag.py
[2026-05-01T19:00:39.096+0000] {processor.py:830} INFO - Processing file /opt/airflow/dags/pipeline_dag.py for tasks to queue
[2026-05-01T19:00:39.097+0000] {logging_mixin.py:188} INFO - [2026-05-01T19:00:39.096+0000] {dagbag.py:545} INFO - Filling up the DagBag from /opt/airflow/dags/pipeline_dag.py
[2026-05-01T19:00:39.103+0000] {processor.py:840} INFO - DAG(s) 'data_pipeline' retrieved from /opt/airflow/dags/pipeline_dag.py
[2026-05-01T19:00:39.127+0000] {logging_mixin.py:188} INFO - [2026-05-01T19:00:39.127+0000] {dag.py:3089} INFO - Sync 1 DAGs
[2026-05-01T19:00:39.140+0000] {logging_mixin.py:188} INFO - [2026-05-01T19:00:39.140+0000] {dag.py:3947} INFO - Setting next_dagrun for data_pipeline to 2026-05-01 06:00:00+00:00, run_after=2026-05-02 06:00:00+00:00
[2026-05-01T19:00:39.150+0000] {processor.py:183} INFO - Processing /opt/airflow/dags/pipeline_dag.py took 0.067 seconds
[2026-05-01T19:01:09.261+0000] {processor.py:161} INFO - Started process (PID=1806) to work on /opt/airflow/dags/pipeline_dag.py
[2026-05-01T19:01:09.262+0000] {processor.py:830} INFO - Processing file /opt/airflow/dags/pipeline_dag.py for tasks to queue
[2026-05-01T19:01:09.263+0000] {logging_mixin.py:188} INFO - [2026-05-01T19:01:09.263+0000] {dagbag.py:545} INFO - Filling up the DagBag from /opt/airflow/dags/pipeline_dag.py
[2026-05-01T19:01:09.271+0000] {processor.py:840} INFO - DAG(s) 'data_pipeline' retrieved from /opt/airflow/dags/pipeline_dag.py
[2026-05-01T19:01:09.291+0000] {logging_mixin.py:188} INFO - [2026-05-01T19:01:09.291+0000] {dag.py:3089} INFO - Sync 1 DAGs
[2026-05-01T19:01:09.308+0000] {logging_mixin.py:188} INFO - [2026-05-01T19:01:09.308+0000] {dag.py:3947} INFO - Setting next_dagrun for data_pipeline to 2026-05-01 06:00:00+00:00, run_after=2026-05-02 06:00:00+00:00
[2026-05-01T19:01:09.322+0000] {processor.py:183} INFO - Processing /opt/airflow/dags/pipeline_dag.py took 0.065 seconds
[2026-05-01T19:01:39.459+0000] {processor.py:161} INFO - Started process (PID=1811) to work on /opt/airflow/dags/pipeline_dag.py
[2026-05-01T19:01:39.468+0000] {processor.py:830} INFO - Processing file /opt/airflow/dags/pipeline_dag.py for tasks to queue
[2026-05-01T19:01:39.470+0000] {logging_mixin.py:188} INFO - [2026-05-01T19:01:39.470+0000] {dagbag.py:545} INFO - Filling up the DagBag from /opt/airflow/dags/pipeline_dag.py
[2026-05-01T19:01:39.477+0000] {processor.py:840} INFO - DAG(s) 'data_pipeline' retrieved from /opt/airflow/dags/pipeline_dag.py
[2026-05-01T19:01:39.497+0000] {logging_mixin.py:188} INFO - [2026-05-01T19:01:39.497+0000] {dag.py:3089} INFO - Sync 1 DAGs
[2026-05-01T19:01:39.510+0000] {logging_mixin.py:188} INFO - [2026-05-01T19:01:39.510+0000] {dag.py:3947} INFO - Setting next_dagrun for data_pipeline to 2026-05-01 06:00:00+00:00, run_after=2026-05-02 06:00:00+00:00
[2026-05-01T19:01:39.520+0000] {processor.py:183} INFO - Processing /opt/airflow/dags/pipeline_dag.py took 0.066 seconds
[2026-05-01T19:02:09.614+0000] {processor.py:161} INFO - Started process (PID=1816) to work on /opt/airflow/dags/pipeline_dag.py
[2026-05-01T19:02:09.615+0000] {processor.py:830} INFO - Processing file /opt/airflow/dags/pipeline_dag.py for tasks to queue
[2026-05-01T19:02:09.616+0000] {logging_mixin.py:188} INFO - [2026-05-01T19:02:09.616+0000] {dagbag.py:545} INFO - Filling up the DagBag from /opt/airflow/dags/pipeline_dag.py
[2026-05-01T19:02:09.623+0000] {processor.py:840} INFO - DAG(s) 'data_pipeline' retrieved from /opt/airflow/dags/pipeline_dag.py
[2026-05-01T19:02:09.642+0000] {logging_mixin.py:188} INFO - [2026-05-01T19:02:09.641+0000] {dag.py:3089} INFO - Sync 1 DAGs
[2026-05-01T19:02:09.656+0000] {logging_mixin.py:188} INFO - [2026-05-01T19:02:09.655+0000] {dag.py:3947} INFO - Setting next_dagrun for data_pipeline to 2026-05-01 06:00:00+00:00, run_after=2026-05-02 06:00:00+00:00
[2026-05-01T19:02:09.667+0000] {processor.py:183} INFO - Processing /opt/airflow/dags/pipeline_dag.py took 0.056 seconds
[2026-05-01T19:02:39.816+0000] {processor.py:161} INFO - Started process (PID=1821) to work on /opt/airflow/dags/pipeline_dag.py
[2026-05-01T19:02:39.825+0000] {processor.py:830} INFO - Processing file /opt/airflow/dags/pipeline_dag.py for tasks to queue
[2026-05-01T19:02:39.826+0000] {logging_mixin.py:188} INFO - [2026-05-01T19:02:39.826+0000] {dagbag.py:545} INFO - Filling up the DagBag from /opt/airflow/dags/pipeline_dag.py
[2026-05-01T19:02:39.832+0000] {processor.py:840} INFO - DAG(s) 'data_pipeline' retrieved from /opt/airflow/dags/pipeline_dag.py
[2026-05-01T19:02:39.855+0000] {logging_mixin.py:188} INFO - [2026-05-01T19:02:39.855+0000] {dag.py:3089} INFO - Sync 1 DAGs
[2026-05-01T19:02:39.873+0000] {logging_mixin.py:188} INFO - [2026-05-01T19:02:39.873+0000] {dag.py:3947} INFO - Setting next_dagrun for data_pipeline to 2026-05-01 06:00:00+00:00, run_after=2026-05-02 06:00:00+00:00
[2026-05-01T19:02:39.884+0000] {processor.py:183} INFO - Processing /opt/airflow/dags/pipeline_dag.py took 0.072 seconds
[2026-05-01T19:03:09.994+0000] {processor.py:161} INFO - Started process (PID=1826) to work on /opt/airflow/dags/pipeline_dag.py
[2026-05-01T19:03:09.994+0000] {processor.py:830} INFO - Processing file /opt/airflow/dags/pipeline_dag.py for tasks to queue
[2026-05-01T19:03:09.995+0000] {logging_mixin.py:188} INFO - [2026-05-01T19:03:09.995+0000] {dagbag.py:545} INFO - Filling up the DagBag from /opt/airflow/dags/pipeline_dag.py
[2026-05-01T19:03:10.001+0000] {processor.py:840} INFO - DAG(s) 'data_pipeline' retrieved from /opt/airflow/dags/pipeline_dag.py
[2026-05-01T19:03:10.018+0000] {logging_mixin.py:188} INFO - [2026-05-01T19:03:10.018+0000] {dag.py:3089} INFO - Sync 1 DAGs
[2026-05-01T19:03:10.031+0000] {logging_mixin.py:188} INFO - [2026-05-01T19:03:10.031+0000] {dag.py:3947} INFO - Setting next_dagrun for data_pipeline to 2026-05-01 06:00:00+00:00, run_after=2026-05-02 06:00:00+00:00
[2026-05-01T19:03:10.041+0000] {processor.py:183} INFO - Processing /opt/airflow/dags/pipeline_dag.py took 0.052 seconds
[2026-05-01T19:03:40.206+0000] {processor.py:161} INFO - Started process (PID=1831) to work on /opt/airflow/dags/pipeline_dag.py
[2026-05-01T19:03:40.215+0000] {processor.py:830} INFO - Processing file /opt/airflow/dags/pipeline_dag.py for tasks to queue
[2026-05-01T19:03:40.218+0000] {logging_mixin.py:188} INFO - [2026-05-01T19:03:40.217+0000] {dagbag.py:545} INFO - Filling up the DagBag from /opt/airflow/dags/pipeline_dag.py
[2026-05-01T19:03:40.226+0000] {processor.py:840} INFO - DAG(s) 'data_pipeline' retrieved from /opt/airflow/dags/pipeline_dag.py
[2026-05-01T19:03:40.247+0000] {logging_mixin.py:188} INFO - [2026-05-01T19:03:40.247+0000] {dag.py:3089} INFO - Sync 1 DAGs
[2026-05-01T19:03:40.259+0000] {logging_mixin.py:188} INFO - [2026-05-01T19:03:40.259+0000] {dag.py:3947} INFO - Setting next_dagrun for data_pipeline to 2026-05-01 06:00:00+00:00, run_after=2026-05-02 06:00:00+00:00
[2026-05-01T19:03:40.271+0000] {processor.py:183} INFO - Processing /opt/airflow/dags/pipeline_dag.py took 0.070 seconds
[2026-05-01T19:04:10.402+0000] {processor.py:161} INFO - Started process (PID=1836) to work on /opt/airflow/dags/pipeline_dag.py
[2026-05-01T19:04:10.402+0000] {processor.py:830} INFO - Processing file /opt/airflow/dags/pipeline_dag.py for tasks to queue
[2026-05-01T19:04:10.403+0000] {logging_mixin.py:188} INFO - [2026-05-01T19:04:10.403+0000] {dagbag.py:545} INFO - Filling up the DagBag from /opt/airflow/dags/pipeline_dag.py
[2026-05-01T19:04:10.410+0000] {processor.py:840} INFO - DAG(s) 'data_pipeline' retrieved from /opt/airflow/dags/pipeline_dag.py
[2026-05-01T19:04:10.431+0000] {logging_mixin.py:188} INFO - [2026-05-01T19:04:10.431+0000] {dag.py:3089} INFO - Sync 1 DAGs
[2026-05-01T19:04:10.444+0000] {logging_mixin.py:188} INFO - [2026-05-01T19:04:10.444+0000] {dag.py:3947} INFO - Setting next_dagrun for data_pipeline to 2026-05-01 06:00:00+00:00, run_after=2026-05-02 06:00:00+00:00
[2026-05-01T19:04:10.459+0000] {processor.py:183} INFO - Processing /opt/airflow/dags/pipeline_dag.py took 0.063 seconds
[2026-05-01T19:04:40.601+0000] {processor.py:161} INFO - Started process (PID=1841) to work on /opt/airflow/dags/pipeline_dag.py
[2026-05-01T19:04:40.610+0000] {processor.py:830} INFO - Processing file /opt/airflow/dags/pipeline_dag.py for tasks to queue
[2026-05-01T19:04:40.612+0000] {logging_mixin.py:188} INFO - [2026-05-01T19:04:40.611+0000] {dagbag.py:545} INFO - Filling up the DagBag from /opt/airflow/dags/pipeline_dag.py
[2026-05-01T19:04:40.620+0000] {processor.py:840} INFO - DAG(s) 'data_pipeline' retrieved from /opt/airflow/dags/pipeline_dag.py
[2026-05-01T19:04:40.642+0000] {logging_mixin.py:188} INFO - [2026-05-01T19:04:40.642+0000] {dag.py:3089} INFO - Sync 1 DAGs
[2026-05-01T19:04:40.655+0000] {logging_mixin.py:188} INFO - [2026-05-01T19:04:40.655+0000] {dag.py:3947} INFO - Setting next_dagrun for data_pipeline to 2026-05-01 06:00:00+00:00, run_after=2026-05-02 06:00:00+00:00
[2026-05-01T19:04:40.666+0000] {processor.py:183} INFO - Processing /opt/airflow/dags/pipeline_dag.py took 0.071 seconds
[2026-05-01T19:05:10.795+0000] {processor.py:161} INFO - Started process (PID=1846) to work on /opt/airflow/dags/pipeline_dag.py
[2026-05-01T19:05:10.795+0000] {processor.py:830} INFO - Processing file /opt/airflow/dags/pipeline_dag.py for tasks to queue
[2026-05-01T19:05:10.796+0000] {logging_mixin.py:188} INFO - [2026-05-01T19:05:10.796+0000] {dagbag.py:545} INFO - Filling up the DagBag from /opt/airflow/dags/pipeline_dag.py
[2026-05-01T19:05:10.802+0000] {processor.py:840} INFO - DAG(s) 'data_pipeline' retrieved from /opt/airflow/dags/pipeline_dag.py
[2026-05-01T19:05:10.822+0000] {logging_mixin.py:188} INFO - [2026-05-01T19:05:10.822+0000] {dag.py:3089} INFO - Sync 1 DAGs
[2026-05-01T19:05:10.835+0000] {logging_mixin.py:188} INFO - [2026-05-01T19:05:10.834+0000] {dag.py:3947} INFO - Setting next_dagrun for data_pipeline to 2026-05-01 06:00:00+00:00, run_after=2026-05-02 06:00:00+00:00
[2026-05-01T19:05:10.845+0000] {processor.py:183} INFO - Processing /opt/airflow/dags/pipeline_dag.py took 0.053 seconds
[2026-05-01T19:05:40.992+0000] {processor.py:161} INFO - Started process (PID=1851) to work on /opt/airflow/dags/pipeline_dag.py
[2026-05-01T19:05:40.992+0000] {processor.py:830} INFO - Processing file /opt/airflow/dags/pipeline_dag.py for tasks to queue
[2026-05-01T19:05:40.993+0000] {logging_mixin.py:188} INFO - [2026-05-01T19:05:40.993+0000] {dagbag.py:545} INFO - Filling up the DagBag from /opt/airflow/dags/pipeline_dag.py
[2026-05-01T19:05:40.999+0000] {processor.py:840} INFO - DAG(s) 'data_pipeline' retrieved from /opt/airflow/dags/pipeline_dag.py
[2026-05-01T19:05:41.020+0000] {logging_mixin.py:188} INFO - [2026-05-01T19:05:41.020+0000] {dag.py:3089} INFO - Sync 1 DAGs
[2026-05-01T19:05:41.032+0000] {logging_mixin.py:188} INFO - [2026-05-01T19:05:41.032+0000] {dag.py:3947} INFO - Setting next_dagrun for data_pipeline to 2026-05-01 06:00:00+00:00, run_after=2026-05-02 06:00:00+00:00
[2026-05-01T19:05:41.045+0000] {processor.py:183} INFO - Processing /opt/airflow/dags/pipeline_dag.py took 0.057 seconds
[2026-05-01T19:06:11.163+0000] {processor.py:161} INFO - Started process (PID=1856) to work on /opt/airflow/dags/pipeline_dag.py
[2026-05-01T19:06:11.163+0000] {processor.py:830} INFO - Processing file /opt/airflow/dags/pipeline_dag.py for tasks to queue
[2026-05-01T19:06:11.164+0000] {logging_mixin.py:188} INFO - [2026-05-01T19:06:11.164+0000] {dagbag.py:545} INFO - Filling up the DagBag from /opt/airflow/dags/pipeline_dag.py
[2026-05-01T19:06:11.172+0000] {processor.py:840} INFO - DAG(s) 'data_pipeline' retrieved from /opt/airflow/dags/pipeline_dag.py
[2026-05-01T19:06:11.194+0000] {logging_mixin.py:188} INFO - [2026-05-01T19:06:11.194+0000] {dag.py:3089} INFO - Sync 1 DAGs
[2026-05-01T19:06:11.206+0000] {logging_mixin.py:188} INFO - [2026-05-01T19:06:11.206+0000] {dag.py:3947} INFO - Setting next_dagrun for data_pipeline to 2026-05-01 06:00:00+00:00, run_after=2026-05-02 06:00:00+00:00
[2026-05-01T19:06:11.217+0000] {processor.py:183} INFO - Processing /opt/airflow/dags/pipeline_dag.py took 0.060 seconds
[2026-05-01T19:06:41.382+0000] {processor.py:161} INFO - Started process (PID=1861) to work on /opt/airflow/dags/pipeline_dag.py
[2026-05-01T19:06:41.391+0000] {processor.py:830} INFO - Processing file /opt/airflow/dags/pipeline_dag.py for tasks to queue
[2026-05-01T19:06:41.392+0000] {logging_mixin.py:188} INFO - [2026-05-01T19:06:41.392+0000] {dagbag.py:545} INFO - Filling up the DagBag from /opt/airflow/dags/pipeline_dag.py
[2026-05-01T19:06:41.398+0000] {processor.py:840} INFO - DAG(s) 'data_pipeline' retrieved from /opt/airflow/dags/pipeline_dag.py
[2026-05-01T19:06:41.415+0000] {logging_mixin.py:188} INFO - [2026-05-01T19:06:41.415+0000] {dag.py:3089} INFO - Sync 1 DAGs
[2026-05-01T19:06:41.428+0000] {logging_mixin.py:188} INFO - [2026-05-01T19:06:41.427+0000] {dag.py:3947} INFO - Setting next_dagrun for data_pipeline to 2026-05-01 06:00:00+00:00, run_after=2026-05-02 06:00:00+00:00
[2026-05-01T19:06:41.437+0000] {processor.py:183} INFO - Processing /opt/airflow/dags/pipeline_dag.py took 0.059 seconds
[2026-05-01T19:07:11.559+0000] {processor.py:161} INFO - Started process (PID=1866) to work on /opt/airflow/dags/pipeline_dag.py
[2026-05-01T19:07:11.560+0000] {processor.py:830} INFO - Processing file /opt/airflow/dags/pipeline_dag.py for tasks to queue
[2026-05-01T19:07:11.561+0000] {logging_mixin.py:188} INFO - [2026-05-01T19:07:11.561+0000] {dagbag.py:545} INFO - Filling up the DagBag from /opt/airflow/dags/pipeline_dag.py
[2026-05-01T19:07:11.570+0000] {processor.py:840} INFO - DAG(s) 'data_pipeline' retrieved from /opt/airflow/dags/pipeline_dag.py
[2026-05-01T19:07:11.591+0000] {logging_mixin.py:188} INFO - [2026-05-01T19:07:11.591+0000] {dag.py:3089} INFO - Sync 1 DAGs
[2026-05-01T19:07:11.603+0000] {logging_mixin.py:188} INFO - [2026-05-01T19:07:11.603+0000] {dag.py:3947} INFO - Setting next_dagrun for data_pipeline to 2026-05-01 06:00:00+00:00, run_after=2026-05-02 06:00:00+00:00
[2026-05-01T19:07:11.615+0000] {processor.py:183} INFO - Processing /opt/airflow/dags/pipeline_dag.py took 0.062 seconds
[2026-05-01T19:07:41.745+0000] {processor.py:161} INFO - Started process (PID=1871) to work on /opt/airflow/dags/pipeline_dag.py
[2026-05-01T19:07:41.754+0000] {processor.py:830} INFO - Processing file /opt/airflow/dags/pipeline_dag.py for tasks to queue
[2026-05-01T19:07:41.756+0000] {logging_mixin.py:188} INFO - [2026-05-01T19:07:41.755+0000] {dagbag.py:545} INFO - Filling up the DagBag from /opt/airflow/dags/pipeline_dag.py
[2026-05-01T19:07:41.764+0000] {processor.py:840} INFO - DAG(s) 'data_pipeline' retrieved from /opt/airflow/dags/pipeline_dag.py
[2026-05-01T19:07:41.787+0000] {logging_mixin.py:188} INFO - [2026-05-01T19:07:41.786+0000] {dag.py:3089} INFO - Sync 1 DAGs
[2026-05-01T19:07:41.799+0000] {logging_mixin.py:188} INFO - [2026-05-01T19:07:41.799+0000] {dag.py:3947} INFO - Setting next_dagrun for data_pipeline to 2026-05-01 06:00:00+00:00, run_after=2026-05-02 06:00:00+00:00
[2026-05-01T19:07:41.810+0000] {processor.py:183} INFO - Processing /opt/airflow/dags/pipeline_dag.py took 0.069 seconds
[2026-05-01T19:08:11.925+0000] {processor.py:161} INFO - Started process (PID=1876) to work on /opt/airflow/dags/pipeline_dag.py
[2026-05-01T19:08:11.925+0000] {processor.py:830} INFO - Processing file /opt/airflow/dags/pipeline_dag.py for tasks to queue
[2026-05-01T19:08:11.926+0000] {logging_mixin.py:188} INFO - [2026-05-01T19:08:11.926+0000] {dagbag.py:545} INFO - Filling up the DagBag from /opt/airflow/dags/pipeline_dag.py
[2026-05-01T19:08:11.934+0000] {processor.py:840} INFO - DAG(s) 'data_pipeline' retrieved from /opt/airflow/dags/pipeline_dag.py
[2026-05-01T19:08:11.957+0000] {logging_mixin.py:188} INFO - [2026-05-01T19:08:11.957+0000] {dag.py:3089} INFO - Sync 1 DAGs
[2026-05-01T19:08:11.974+0000] {logging_mixin.py:188} INFO - [2026-05-01T19:08:11.974+0000] {dag.py:3947} INFO - Setting next_dagrun for data_pipeline to 2026-05-01 06:00:00+00:00, run_after=2026-05-02 06:00:00+00:00
[2026-05-01T19:08:11.985+0000] {processor.py:183} INFO - Processing /opt/airflow/dags/pipeline_dag.py took 0.066 seconds
[2026-05-01T19:08:42.130+0000] {processor.py:161} INFO - Started process (PID=1881) to work on /opt/airflow/dags/pipeline_dag.py
[2026-05-01T19:08:42.132+0000] {processor.py:830} INFO - Processing file /opt/airflow/dags/pipeline_dag.py for tasks to queue
[2026-05-01T19:08:42.132+0000] {logging_mixin.py:188} INFO - [2026-05-01T19:08:42.132+0000] {dagbag.py:545} INFO - Filling up the DagBag from /opt/airflow/dags/pipeline_dag.py
[2026-05-01T19:08:42.138+0000] {processor.py:840} INFO - DAG(s) 'data_pipeline' retrieved from /opt/airflow/dags/pipeline_dag.py
[2026-05-01T19:08:42.156+0000] {logging_mixin.py:188} INFO - [2026-05-01T19:08:42.156+0000] {dag.py:3089} INFO - Sync 1 DAGs
[2026-05-01T19:08:42.169+0000] {logging_mixin.py:188} INFO - [2026-05-01T19:08:42.169+0000] {dag.py:3947} INFO - Setting next_dagrun for data_pipeline to 2026-05-01 06:00:00+00:00, run_after=2026-05-02 06:00:00+00:00
[2026-05-01T19:08:42.180+0000] {processor.py:183} INFO - Processing /opt/airflow/dags/pipeline_dag.py took 0.054 seconds
[2026-05-01T19:09:12.317+0000] {processor.py:161} INFO - Started process (PID=1886) to work on /opt/airflow/dags/pipeline_dag.py
[2026-05-01T19:09:12.317+0000] {processor.py:830} INFO - Processing file /opt/airflow/dags/pipeline_dag.py for tasks to queue
[2026-05-01T19:09:12.318+0000] {logging_mixin.py:188} INFO - [2026-05-01T19:09:12.318+0000] {dagbag.py:545} INFO - Filling up the DagBag from /opt/airflow/dags/pipeline_dag.py
[2026-05-01T19:09:12.324+0000] {processor.py:840} INFO - DAG(s) 'data_pipeline' retrieved from /opt/airflow/dags/pipeline_dag.py
[2026-05-01T19:09:12.343+0000] {logging_mixin.py:188} INFO - [2026-05-01T19:09:12.343+0000] {dag.py:3089} INFO - Sync 1 DAGs
[2026-05-01T19:09:12.355+0000] {logging_mixin.py:188} INFO - [2026-05-01T19:09:12.355+0000] {dag.py:3947} INFO - Setting next_dagrun for data_pipeline to 2026-05-01 06:00:00+00:00, run_after=2026-05-02 06:00:00+00:00
[2026-05-01T19:09:12.365+0000] {processor.py:183} INFO - Processing /opt/airflow/dags/pipeline_dag.py took 0.052 seconds
[2026-05-01T19:09:42.516+0000] {processor.py:161} INFO - Started process (PID=1891) to work on /opt/airflow/dags/pipeline_dag.py
[2026-05-01T19:09:42.524+0000] {processor.py:830} INFO - Processing file /opt/airflow/dags/pipeline_dag.py for tasks to queue
[2026-05-01T19:09:42.526+0000] {logging_mixin.py:188} INFO - [2026-05-01T19:09:42.525+0000] {dagbag.py:545} INFO - Filling up the DagBag from /opt/airflow/dags/pipeline_dag.py
[2026-05-01T19:09:42.532+0000] {processor.py:840} INFO - DAG(s) 'data_pipeline' retrieved from /opt/airflow/dags/pipeline_dag.py
[2026-05-01T19:09:42.553+0000] {logging_mixin.py:188} INFO - [2026-05-01T19:09:42.553+0000] {dag.py:3089} INFO - Sync 1 DAGs
[2026-05-01T19:09:42.570+0000] {logging_mixin.py:188} INFO - [2026-05-01T19:09:42.570+0000] {dag.py:3947} INFO - Setting next_dagrun for data_pipeline to 2026-05-01 06:00:00+00:00, run_after=2026-05-02 06:00:00+00:00
[2026-05-01T19:09:42.581+0000] {processor.py:183} INFO - Processing /opt/airflow/dags/pipeline_dag.py took 0.069 seconds
[2026-05-01T19:10:12.712+0000] {processor.py:161} INFO - Started process (PID=1896) to work on /opt/airflow/dags/pipeline_dag.py
[2026-05-01T19:10:12.712+0000] {processor.py:830} INFO - Processing file /opt/airflow/dags/pipeline_dag.py for tasks to queue
[2026-05-01T19:10:12.713+0000] {logging_mixin.py:188} INFO - [2026-05-01T19:10:12.713+0000] {dagbag.py:545} INFO - Filling up the DagBag from /opt/airflow/dags/pipeline_dag.py
[2026-05-01T19:10:12.720+0000] {processor.py:840} INFO - DAG(s) 'data_pipeline' retrieved from /opt/airflow/dags/pipeline_dag.py
[2026-05-01T19:10:12.741+0000] {logging_mixin.py:188} INFO - [2026-05-01T19:10:12.741+0000] {dag.py:3089} INFO - Sync 1 DAGs
[2026-05-01T19:10:12.753+0000] {logging_mixin.py:188} INFO - [2026-05-01T19:10:12.753+0000] {dag.py:3947} INFO - Setting next_dagrun for data_pipeline to 2026-05-01 06:00:00+00:00, run_after=2026-05-02 06:00:00+00:00
[2026-05-01T19:10:12.764+0000] {processor.py:183} INFO - Processing /opt/airflow/dags/pipeline_dag.py took 0.058 seconds
[2026-05-01T19:10:42.909+0000] {processor.py:161} INFO - Started process (PID=1901) to work on /opt/airflow/dags/pipeline_dag.py
[2026-05-01T19:10:42.919+0000] {processor.py:830} INFO - Processing file /opt/airflow/dags/pipeline_dag.py for tasks to queue
[2026-05-01T19:10:42.921+0000] {logging_mixin.py:188} INFO - [2026-05-01T19:10:42.920+0000] {dagbag.py:545} INFO - Filling up the DagBag from /opt/airflow/dags/pipeline_dag.py
[2026-05-01T19:10:42.928+0000] {processor.py:840} INFO - DAG(s) 'data_pipeline' retrieved from /opt/airflow/dags/pipeline_dag.py
[2026-05-01T19:10:42.946+0000] {logging_mixin.py:188} INFO - [2026-05-01T19:10:42.946+0000] {dag.py:3089} INFO - Sync 1 DAGs
[2026-05-01T19:10:42.959+0000] {logging_mixin.py:188} INFO - [2026-05-01T19:10:42.959+0000] {dag.py:3947} INFO - Setting next_dagrun for data_pipeline to 2026-05-01 06:00:00+00:00, run_after=2026-05-02 06:00:00+00:00
[2026-05-01T19:10:42.970+0000] {processor.py:183} INFO - Processing /opt/airflow/dags/pipeline_dag.py took 0.066 seconds
[2026-05-01T19:11:13.095+0000] {processor.py:161} INFO - Started process (PID=1906) to work on /opt/airflow/dags/pipeline_dag.py
[2026-05-01T19:11:13.096+0000] {processor.py:830} INFO - Processing file /opt/airflow/dags/pipeline_dag.py for tasks to queue
[2026-05-01T19:11:13.097+0000] {logging_mixin.py:188} INFO - [2026-05-01T19:11:13.097+0000] {dagbag.py:545} INFO - Filling up the DagBag from /opt/airflow/dags/pipeline_dag.py
[2026-05-01T19:11:13.103+0000] {processor.py:840} INFO - DAG(s) 'data_pipeline' retrieved from /opt/airflow/dags/pipeline_dag.py
[2026-05-01T19:11:13.123+0000] {logging_mixin.py:188} INFO - [2026-05-01T19:11:13.122+0000] {dag.py:3089} INFO - Sync 1 DAGs
[2026-05-01T19:11:13.135+0000] {logging_mixin.py:188} INFO - [2026-05-01T19:11:13.135+0000] {dag.py:3947} INFO - Setting next_dagrun for data_pipeline to 2026-05-01 06:00:00+00:00, run_after=2026-05-02 06:00:00+00:00
[2026-05-01T19:11:13.146+0000] {processor.py:183} INFO - Processing /opt/airflow/dags/pipeline_dag.py took 0.057 seconds
[2026-05-01T19:11:43.305+0000] {processor.py:161} INFO - Started process (PID=1911) to work on /opt/airflow/dags/pipeline_dag.py
[2026-05-01T19:11:43.314+0000] {processor.py:830} INFO - Processing file /opt/airflow/dags/pipeline_dag.py for tasks to queue
[2026-05-01T19:11:43.317+0000] {logging_mixin.py:188} INFO - [2026-05-01T19:11:43.317+0000] {dagbag.py:545} INFO - Filling up the DagBag from /opt/airflow/dags/pipeline_dag.py
[2026-05-01T19:11:43.325+0000] {processor.py:840} INFO - DAG(s) 'data_pipeline' retrieved from /opt/airflow/dags/pipeline_dag.py
[2026-05-01T19:11:43.344+0000] {logging_mixin.py:188} INFO - [2026-05-01T19:11:43.344+0000] {dag.py:3089} INFO - Sync 1 DAGs
[2026-05-01T19:11:43.356+0000] {logging_mixin.py:188} INFO - [2026-05-01T19:11:43.356+0000] {dag.py:3947} INFO - Setting next_dagrun for data_pipeline to 2026-05-01 06:00:00+00:00, run_after=2026-05-02 06:00:00+00:00
[2026-05-01T19:11:43.367+0000] {processor.py:183} INFO - Processing /opt/airflow/dags/pipeline_dag.py took 0.068 seconds
[2026-05-01T19:12:13.488+0000] {processor.py:161} INFO - Started process (PID=1916) to work on /opt/airflow/dags/pipeline_dag.py
[2026-05-01T19:12:13.488+0000] {processor.py:830} INFO - Processing file /opt/airflow/dags/pipeline_dag.py for tasks to queue
[2026-05-01T19:12:13.490+0000] {logging_mixin.py:188} INFO - [2026-05-01T19:12:13.490+0000] {dagbag.py:545} INFO - Filling up the DagBag from /opt/airflow/dags/pipeline_dag.py
[2026-05-01T19:12:13.497+0000] {processor.py:840} INFO - DAG(s) 'data_pipeline' retrieved from /opt/airflow/dags/pipeline_dag.py
[2026-05-01T19:12:13.516+0000] {logging_mixin.py:188} INFO - [2026-05-01T19:12:13.515+0000] {dag.py:3089} INFO - Sync 1 DAGs
[2026-05-01T19:12:13.528+0000] {logging_mixin.py:188} INFO - [2026-05-01T19:12:13.528+0000] {dag.py:3947} INFO - Setting next_dagrun for data_pipeline to 2026-05-01 06:00:00+00:00, run_after=2026-05-02 06:00:00+00:00
[2026-05-01T19:12:13.539+0000] {processor.py:183} INFO - Processing /opt/airflow/dags/pipeline_dag.py took 0.057 seconds
[2026-05-01T19:12:43.698+0000] {processor.py:161} INFO - Started process (PID=1921) to work on /opt/airflow/dags/pipeline_dag.py
[2026-05-01T19:12:43.705+0000] {processor.py:830} INFO - Processing file /opt/airflow/dags/pipeline_dag.py for tasks to queue
[2026-05-01T19:12:43.707+0000] {logging_mixin.py:188} INFO - [2026-05-01T19:12:43.707+0000] {dagbag.py:545} INFO - Filling up the DagBag from /opt/airflow/dags/pipeline_dag.py
[2026-05-01T19:12:43.713+0000] {processor.py:840} INFO - DAG(s) 'data_pipeline' retrieved from /opt/airflow/dags/pipeline_dag.py
[2026-05-01T19:12:43.730+0000] {logging_mixin.py:188} INFO - [2026-05-01T19:12:43.730+0000] {dag.py:3089} INFO - Sync 1 DAGs
[2026-05-01T19:12:43.742+0000] {logging_mixin.py:188} INFO - [2026-05-01T19:12:43.742+0000] {dag.py:3947} INFO - Setting next_dagrun for data_pipeline to 2026-05-01 06:00:00+00:00, run_after=2026-05-02 06:00:00+00:00
[2026-05-01T19:12:43.752+0000] {processor.py:183} INFO - Processing /opt/airflow/dags/pipeline_dag.py took 0.058 seconds
[2026-05-01T19:13:13.886+0000] {processor.py:161} INFO - Started process (PID=1926) to work on /opt/airflow/dags/pipeline_dag.py
[2026-05-01T19:13:13.887+0000] {processor.py:830} INFO - Processing file /opt/airflow/dags/pipeline_dag.py for tasks to queue
[2026-05-01T19:13:13.888+0000] {logging_mixin.py:188} INFO - [2026-05-01T19:13:13.888+0000] {dagbag.py:545} INFO - Filling up the DagBag from /opt/airflow/dags/pipeline_dag.py
[2026-05-01T19:13:13.895+0000] {processor.py:840} INFO - DAG(s) 'data_pipeline' retrieved from /opt/airflow/dags/pipeline_dag.py
[2026-05-01T19:13:13.915+0000] {logging_mixin.py:188} INFO - [2026-05-01T19:13:13.915+0000] {dag.py:3089} INFO - Sync 1 DAGs
[2026-05-01T19:13:13.928+0000] {logging_mixin.py:188} INFO - [2026-05-01T19:13:13.928+0000] {dag.py:3947} INFO - Setting next_dagrun for data_pipeline to 2026-05-01 06:00:00+00:00, run_after=2026-05-02 06:00:00+00:00
[2026-05-01T19:13:13.939+0000] {processor.py:183} INFO - Processing /opt/airflow/dags/pipeline_dag.py took 0.059 seconds
[2026-05-01T19:13:44.078+0000] {processor.py:161} INFO - Started process (PID=1931) to work on /opt/airflow/dags/pipeline_dag.py
[2026-05-01T19:13:44.088+0000] {processor.py:830} INFO - Processing file /opt/airflow/dags/pipeline_dag.py for tasks to queue
[2026-05-01T19:13:44.090+0000] {logging_mixin.py:188} INFO - [2026-05-01T19:13:44.090+0000] {dagbag.py:545} INFO - Filling up the DagBag from /opt/airflow/dags/pipeline_dag.py
[2026-05-01T19:13:44.097+0000] {processor.py:840} INFO - DAG(s) 'data_pipeline' retrieved from /opt/airflow/dags/pipeline_dag.py
[2026-05-01T19:13:44.118+0000] {logging_mixin.py:188} INFO - [2026-05-01T19:13:44.118+0000] {dag.py:3089} INFO - Sync 1 DAGs
[2026-05-01T19:13:44.131+0000] {logging_mixin.py:188} INFO - [2026-05-01T19:13:44.131+0000] {dag.py:3947} INFO - Setting next_dagrun for data_pipeline to 2026-05-01 06:00:00+00:00, run_after=2026-05-02 06:00:00+00:00
[2026-05-01T19:13:44.142+0000] {processor.py:183} INFO - Processing /opt/airflow/dags/pipeline_dag.py took 0.070 seconds
[2026-05-01T19:14:14.268+0000] {processor.py:161} INFO - Started process (PID=1936) to work on /opt/airflow/dags/pipeline_dag.py
[2026-05-01T19:14:14.268+0000] {processor.py:830} INFO - Processing file /opt/airflow/dags/pipeline_dag.py for tasks to queue
[2026-05-01T19:14:14.270+0000] {logging_mixin.py:188} INFO - [2026-05-01T19:14:14.270+0000] {dagbag.py:545} INFO - Filling up the DagBag from /opt/airflow/dags/pipeline_dag.py
[2026-05-01T19:14:14.276+0000] {processor.py:840} INFO - DAG(s) 'data_pipeline' retrieved from /opt/airflow/dags/pipeline_dag.py
[2026-05-01T19:14:14.294+0000] {logging_mixin.py:188} INFO - [2026-05-01T19:14:14.294+0000] {dag.py:3089} INFO - Sync 1 DAGs
[2026-05-01T19:14:14.306+0000] {logging_mixin.py:188} INFO - [2026-05-01T19:14:14.306+0000] {dag.py:3947} INFO - Setting next_dagrun for data_pipeline to 2026-05-01 06:00:00+00:00, run_after=2026-05-02 06:00:00+00:00
[2026-05-01T19:14:14.316+0000] {processor.py:183} INFO - Processing /opt/airflow/dags/pipeline_dag.py took 0.053 seconds
[2026-05-01T19:14:44.474+0000] {processor.py:161} INFO - Started process (PID=1941) to work on /opt/airflow/dags/pipeline_dag.py
[2026-05-01T19:14:44.483+0000] {processor.py:830} INFO - Processing file /opt/airflow/dags/pipeline_dag.py for tasks to queue
[2026-05-01T19:14:44.485+0000] {logging_mixin.py:188} INFO - [2026-05-01T19:14:44.485+0000] {dagbag.py:545} INFO - Filling up the DagBag from /opt/airflow/dags/pipeline_dag.py
[2026-05-01T19:14:44.493+0000] {processor.py:840} INFO - DAG(s) 'data_pipeline' retrieved from /opt/airflow/dags/pipeline_dag.py
[2026-05-01T19:14:44.510+0000] {logging_mixin.py:188} INFO - [2026-05-01T19:14:44.510+0000] {dag.py:3089} INFO - Sync 1 DAGs
[2026-05-01T19:14:44.522+0000] {logging_mixin.py:188} INFO - [2026-05-01T19:14:44.522+0000] {dag.py:3947} INFO - Setting next_dagrun for data_pipeline to 2026-05-01 06:00:00+00:00, run_after=2026-05-02 06:00:00+00:00
[2026-05-01T19:14:44.532+0000] {processor.py:183} INFO - Processing /opt/airflow/dags/pipeline_dag.py took 0.064 seconds
[2026-05-01T19:15:14.637+0000] {processor.py:161} INFO - Started process (PID=1946) to work on /opt/airflow/dags/pipeline_dag.py
[2026-05-01T19:15:14.637+0000] {processor.py:830} INFO - Processing file /opt/airflow/dags/pipeline_dag.py for tasks to queue
[2026-05-01T19:15:14.638+0000] {logging_mixin.py:188} INFO - [2026-05-01T19:15:14.638+0000] {dagbag.py:545} INFO - Filling up the DagBag from /opt/airflow/dags/pipeline_dag.py
[2026-05-01T19:15:14.644+0000] {processor.py:840} INFO - DAG(s) 'data_pipeline' retrieved from /opt/airflow/dags/pipeline_dag.py
[2026-05-01T19:15:14.668+0000] {logging_mixin.py:188} INFO - [2026-05-01T19:15:14.668+0000] {dag.py:3089} INFO - Sync 1 DAGs
[2026-05-01T19:15:14.683+0000] {logging_mixin.py:188} INFO - [2026-05-01T19:15:14.683+0000] {dag.py:3947} INFO - Setting next_dagrun for data_pipeline to 2026-05-01 06:00:00+00:00, run_after=2026-05-02 06:00:00+00:00
[2026-05-01T19:15:14.694+0000] {processor.py:183} INFO - Processing /opt/airflow/dags/pipeline_dag.py took 0.064 seconds
[2026-05-01T19:15:44.845+0000] {processor.py:161} INFO - Started process (PID=1951) to work on /opt/airflow/dags/pipeline_dag.py
[2026-05-01T19:15:44.854+0000] {processor.py:830} INFO - Processing file /opt/airflow/dags/pipeline_dag.py for tasks to queue
[2026-05-01T19:15:44.855+0000] {logging_mixin.py:188} INFO - [2026-05-01T19:15:44.855+0000] {dagbag.py:545} INFO - Filling up the DagBag from /opt/airflow/dags/pipeline_dag.py
[2026-05-01T19:15:44.861+0000] {processor.py:840} INFO - DAG(s) 'data_pipeline' retrieved from /opt/airflow/dags/pipeline_dag.py
[2026-05-01T19:15:44.884+0000] {logging_mixin.py:188} INFO - [2026-05-01T19:15:44.883+0000] {dag.py:3089} INFO - Sync 1 DAGs
[2026-05-01T19:15:44.896+0000] {logging_mixin.py:188} INFO - [2026-05-01T19:15:44.896+0000] {dag.py:3947} INFO - Setting next_dagrun for data_pipeline to 2026-05-01 06:00:00+00:00, run_after=2026-05-02 06:00:00+00:00
[2026-05-01T19:15:44.906+0000] {processor.py:183} INFO - Processing /opt/airflow/dags/pipeline_dag.py took 0.066 seconds
[2026-05-01T19:16:15.026+0000] {processor.py:161} INFO - Started process (PID=1956) to work on /opt/airflow/dags/pipeline_dag.py
[2026-05-01T19:16:15.027+0000] {processor.py:830} INFO - Processing file /opt/airflow/dags/pipeline_dag.py for tasks to queue
[2026-05-01T19:16:15.028+0000] {logging_mixin.py:188} INFO - [2026-05-01T19:16:15.028+0000] {dagbag.py:545} INFO - Filling up the DagBag from /opt/airflow/dags/pipeline_dag.py
[2026-05-01T19:16:15.035+0000] {processor.py:840} INFO - DAG(s) 'data_pipeline' retrieved from /opt/airflow/dags/pipeline_dag.py
[2026-05-01T19:16:15.052+0000] {logging_mixin.py:188} INFO - [2026-05-01T19:16:15.052+0000] {dag.py:3089} INFO - Sync 1 DAGs
[2026-05-01T19:16:15.065+0000] {logging_mixin.py:188} INFO - [2026-05-01T19:16:15.065+0000] {dag.py:3947} INFO - Setting next_dagrun for data_pipeline to 2026-05-01 06:00:00+00:00, run_after=2026-05-02 06:00:00+00:00
[2026-05-01T19:16:15.075+0000] {processor.py:183} INFO - Processing /opt/airflow/dags/pipeline_dag.py took 0.056 seconds
[2026-05-01T19:16:45.233+0000] {processor.py:161} INFO - Started process (PID=1961) to work on /opt/airflow/dags/pipeline_dag.py
[2026-05-01T19:16:45.242+0000] {processor.py:830} INFO - Processing file /opt/airflow/dags/pipeline_dag.py for tasks to queue
[2026-05-01T19:16:45.243+0000] {logging_mixin.py:188} INFO - [2026-05-01T19:16:45.243+0000] {dagbag.py:545} INFO - Filling up the DagBag from /opt/airflow/dags/pipeline_dag.py
[2026-05-01T19:16:45.249+0000] {processor.py:840} INFO - DAG(s) 'data_pipeline' retrieved from /opt/airflow/dags/pipeline_dag.py
[2026-05-01T19:16:45.267+0000] {logging_mixin.py:188} INFO - [2026-05-01T19:16:45.267+0000] {dag.py:3089} INFO - Sync 1 DAGs
[2026-05-01T19:16:45.280+0000] {logging_mixin.py:188} INFO - [2026-05-01T19:16:45.280+0000] {dag.py:3947} INFO - Setting next_dagrun for data_pipeline to 2026-05-01 06:00:00+00:00, run_after=2026-05-02 06:00:00+00:00
[2026-05-01T19:16:45.290+0000] {processor.py:183} INFO - Processing /opt/airflow/dags/pipeline_dag.py took 0.060 seconds
[2026-05-01T19:17:15.419+0000] {processor.py:161} INFO - Started process (PID=1966) to work on /opt/airflow/dags/pipeline_dag.py
[2026-05-01T19:17:15.419+0000] {processor.py:830} INFO - Processing file /opt/airflow/dags/pipeline_dag.py for tasks to queue
[2026-05-01T19:17:15.420+0000] {logging_mixin.py:188} INFO - [2026-05-01T19:17:15.420+0000] {dagbag.py:545} INFO - Filling up the DagBag from /opt/airflow/dags/pipeline_dag.py
[2026-05-01T19:17:15.427+0000] {processor.py:840} INFO - DAG(s) 'data_pipeline' retrieved from /opt/airflow/dags/pipeline_dag.py
[2026-05-01T19:17:15.444+0000] {logging_mixin.py:188} INFO - [2026-05-01T19:17:15.444+0000] {dag.py:3089} INFO - Sync 1 DAGs
[2026-05-01T19:17:15.457+0000] {logging_mixin.py:188} INFO - [2026-05-01T19:17:15.457+0000] {dag.py:3947} INFO - Setting next_dagrun for data_pipeline to 2026-05-01 06:00:00+00:00, run_after=2026-05-02 06:00:00+00:00
[2026-05-01T19:17:15.466+0000] {processor.py:183} INFO - Processing /opt/airflow/dags/pipeline_dag.py took 0.054 seconds
[2026-05-01T19:17:45.624+0000] {processor.py:161} INFO - Started process (PID=1971) to work on /opt/airflow/dags/pipeline_dag.py
[2026-05-01T19:17:45.633+0000] {processor.py:830} INFO - Processing file /opt/airflow/dags/pipeline_dag.py for tasks to queue
[2026-05-01T19:17:45.635+0000] {logging_mixin.py:188} INFO - [2026-05-01T19:17:45.635+0000] {dagbag.py:545} INFO - Filling up the DagBag from /opt/airflow/dags/pipeline_dag.py
[2026-05-01T19:17:45.642+0000] {processor.py:840} INFO - DAG(s) 'data_pipeline' retrieved from /opt/airflow/dags/pipeline_dag.py
[2026-05-01T19:17:45.666+0000] {logging_mixin.py:188} INFO - [2026-05-01T19:17:45.666+0000] {dag.py:3089} INFO - Sync 1 DAGs
[2026-05-01T19:17:45.678+0000] {logging_mixin.py:188} INFO - [2026-05-01T19:17:45.678+0000] {dag.py:3947} INFO - Setting next_dagrun for data_pipeline to 2026-05-01 06:00:00+00:00, run_after=2026-05-02 06:00:00+00:00
[2026-05-01T19:17:45.689+0000] {processor.py:183} INFO - Processing /opt/airflow/dags/pipeline_dag.py took 0.070 seconds
[2026-05-01T19:18:15.799+0000] {processor.py:161} INFO - Started process (PID=1976) to work on /opt/airflow/dags/pipeline_dag.py
[2026-05-01T19:18:15.800+0000] {processor.py:830} INFO - Processing file /opt/airflow/dags/pipeline_dag.py for tasks to queue
[2026-05-01T19:18:15.801+0000] {logging_mixin.py:188} INFO - [2026-05-01T19:18:15.800+0000] {dagbag.py:545} INFO - Filling up the DagBag from /opt/airflow/dags/pipeline_dag.py
[2026-05-01T19:18:15.807+0000] {processor.py:840} INFO - DAG(s) 'data_pipeline' retrieved from /opt/airflow/dags/pipeline_dag.py
[2026-05-01T19:18:15.831+0000] {logging_mixin.py:188} INFO - [2026-05-01T19:18:15.831+0000] {dag.py:3089} INFO - Sync 1 DAGs
[2026-05-01T19:18:15.843+0000] {logging_mixin.py:188} INFO - [2026-05-01T19:18:15.843+0000] {dag.py:3947} INFO - Setting next_dagrun for data_pipeline to 2026-05-01 06:00:00+00:00, run_after=2026-05-02 06:00:00+00:00
[2026-05-01T19:18:15.854+0000] {processor.py:183} INFO - Processing /opt/airflow/dags/pipeline_dag.py took 0.060 seconds
[2026-05-01T19:18:46.031+0000] {processor.py:161} INFO - Started process (PID=1981) to work on /opt/airflow/dags/pipeline_dag.py
[2026-05-01T19:18:46.033+0000] {processor.py:830} INFO - Processing file /opt/airflow/dags/pipeline_dag.py for tasks to queue
[2026-05-01T19:18:46.034+0000] {logging_mixin.py:188} INFO - [2026-05-01T19:18:46.034+0000] {dagbag.py:545} INFO - Filling up the DagBag from /opt/airflow/dags/pipeline_dag.py
[2026-05-01T19:18:46.041+0000] {processor.py:840} INFO - DAG(s) 'data_pipeline' retrieved from /opt/airflow/dags/pipeline_dag.py
[2026-05-01T19:18:46.066+0000] {logging_mixin.py:188} INFO - [2026-05-01T19:18:46.066+0000] {dag.py:3089} INFO - Sync 1 DAGs
[2026-05-01T19:18:46.079+0000] {logging_mixin.py:188} INFO - [2026-05-01T19:18:46.079+0000] {dag.py:3947} INFO - Setting next_dagrun for data_pipeline to 2026-05-01 06:00:00+00:00, run_after=2026-05-02 06:00:00+00:00
[2026-05-01T19:18:46.089+0000] {processor.py:183} INFO - Processing /opt/airflow/dags/pipeline_dag.py took 0.064 seconds
[2026-05-01T19:19:16.207+0000] {processor.py:161} INFO - Started process (PID=1986) to work on /opt/airflow/dags/pipeline_dag.py
[2026-05-01T19:19:16.207+0000] {processor.py:830} INFO - Processing file /opt/airflow/dags/pipeline_dag.py for tasks to queue
[2026-05-01T19:19:16.208+0000] {logging_mixin.py:188} INFO - [2026-05-01T19:19:16.208+0000] {dagbag.py:545} INFO - Filling up the DagBag from /opt/airflow/dags/pipeline_dag.py
[2026-05-01T19:19:16.214+0000] {processor.py:840} INFO - DAG(s) 'data_pipeline' retrieved from /opt/airflow/dags/pipeline_dag.py
[2026-05-01T19:19:16.231+0000] {logging_mixin.py:188} INFO - [2026-05-01T19:19:16.231+0000] {dag.py:3089} INFO - Sync 1 DAGs
[2026-05-01T19:19:16.244+0000] {logging_mixin.py:188} INFO - [2026-05-01T19:19:16.244+0000] {dag.py:3947} INFO - Setting next_dagrun for data_pipeline to 2026-05-01 06:00:00+00:00, run_after=2026-05-02 06:00:00+00:00
[2026-05-01T19:19:16.253+0000] {processor.py:183} INFO - Processing /opt/airflow/dags/pipeline_dag.py took 0.050 seconds
[2026-05-01T19:19:46.439+0000] {processor.py:161} INFO - Started process (PID=1991) to work on /opt/airflow/dags/pipeline_dag.py
[2026-05-01T19:19:46.448+0000] {processor.py:830} INFO - Processing file /opt/airflow/dags/pipeline_dag.py for tasks to queue
[2026-05-01T19:19:46.450+0000] {logging_mixin.py:188} INFO - [2026-05-01T19:19:46.450+0000] {dagbag.py:545} INFO - Filling up the DagBag from /opt/airflow/dags/pipeline_dag.py
[2026-05-01T19:19:46.460+0000] {processor.py:840} INFO - DAG(s) 'data_pipeline' retrieved from /opt/airflow/dags/pipeline_dag.py
[2026-05-01T19:19:46.477+0000] {logging_mixin.py:188} INFO - [2026-05-01T19:19:46.477+0000] {dag.py:3089} INFO - Sync 1 DAGs
[2026-05-01T19:19:46.490+0000] {logging_mixin.py:188} INFO - [2026-05-01T19:19:46.490+0000] {dag.py:3947} INFO - Setting next_dagrun for data_pipeline to 2026-05-01 06:00:00+00:00, run_after=2026-05-02 06:00:00+00:00
[2026-05-01T19:19:46.501+0000] {processor.py:183} INFO - Processing /opt/airflow/dags/pipeline_dag.py took 0.068 seconds
[2026-05-01T19:20:16.633+0000] {processor.py:161} INFO - Started process (PID=1996) to work on /opt/airflow/dags/pipeline_dag.py
[2026-05-01T19:20:16.633+0000] {processor.py:830} INFO - Processing file /opt/airflow/dags/pipeline_dag.py for tasks to queue
[2026-05-01T19:20:16.634+0000] {logging_mixin.py:188} INFO - [2026-05-01T19:20:16.634+0000] {dagbag.py:545} INFO - Filling up the DagBag from /opt/airflow/dags/pipeline_dag.py
[2026-05-01T19:20:16.641+0000] {processor.py:840} INFO - DAG(s) 'data_pipeline' retrieved from /opt/airflow/dags/pipeline_dag.py
[2026-05-01T19:20:16.659+0000] {logging_mixin.py:188} INFO - [2026-05-01T19:20:16.659+0000] {dag.py:3089} INFO - Sync 1 DAGs
[2026-05-01T19:20:16.672+0000] {logging_mixin.py:188} INFO - [2026-05-01T19:20:16.672+0000] {dag.py:3947} INFO - Setting next_dagrun for data_pipeline to 2026-05-01 06:00:00+00:00, run_after=2026-05-02 06:00:00+00:00
[2026-05-01T19:20:16.683+0000] {processor.py:183} INFO - Processing /opt/airflow/dags/pipeline_dag.py took 0.056 seconds
[2026-05-01T19:20:46.841+0000] {processor.py:161} INFO - Started process (PID=2001) to work on /opt/airflow/dags/pipeline_dag.py
[2026-05-01T19:20:46.850+0000] {processor.py:830} INFO - Processing file /opt/airflow/dags/pipeline_dag.py for tasks to queue
[2026-05-01T19:20:46.853+0000] {logging_mixin.py:188} INFO - [2026-05-01T19:20:46.852+0000] {dagbag.py:545} INFO - Filling up the DagBag from /opt/airflow/dags/pipeline_dag.py
[2026-05-01T19:20:46.863+0000] {processor.py:840} INFO - DAG(s) 'data_pipeline' retrieved from /opt/airflow/dags/pipeline_dag.py
[2026-05-01T19:20:46.882+0000] {logging_mixin.py:188} INFO - [2026-05-01T19:20:46.881+0000] {dag.py:3089} INFO - Sync 1 DAGs
[2026-05-01T19:20:46.894+0000] {logging_mixin.py:188} INFO - [2026-05-01T19:20:46.894+0000] {dag.py:3947} INFO - Setting next_dagrun for data_pipeline to 2026-05-01 06:00:00+00:00, run_after=2026-05-02 06:00:00+00:00
[2026-05-01T19:20:46.906+0000] {processor.py:183} INFO - Processing /opt/airflow/dags/pipeline_dag.py took 0.071 seconds
[2026-05-01T19:21:17.021+0000] {processor.py:161} INFO - Started process (PID=2006) to work on /opt/airflow/dags/pipeline_dag.py
[2026-05-01T19:21:17.021+0000] {processor.py:830} INFO - Processing file /opt/airflow/dags/pipeline_dag.py for tasks to queue
[2026-05-01T19:21:17.022+0000] {logging_mixin.py:188} INFO - [2026-05-01T19:21:17.022+0000] {dagbag.py:545} INFO - Filling up the DagBag from /opt/airflow/dags/pipeline_dag.py
[2026-05-01T19:21:17.031+0000] {processor.py:840} INFO - DAG(s) 'data_pipeline' retrieved from /opt/airflow/dags/pipeline_dag.py
[2026-05-01T19:21:17.054+0000] {logging_mixin.py:188} INFO - [2026-05-01T19:21:17.054+0000] {dag.py:3089} INFO - Sync 1 DAGs
[2026-05-01T19:21:17.066+0000] {logging_mixin.py:188} INFO - [2026-05-01T19:21:17.066+0000] {dag.py:3947} INFO - Setting next_dagrun for data_pipeline to 2026-05-01 06:00:00+00:00, run_after=2026-05-02 06:00:00+00:00
[2026-05-01T19:21:17.077+0000] {processor.py:183} INFO - Processing /opt/airflow/dags/pipeline_dag.py took 0.062 seconds
[2026-05-01T19:21:47.229+0000] {processor.py:161} INFO - Started process (PID=2011) to work on /opt/airflow/dags/pipeline_dag.py
[2026-05-01T19:21:47.239+0000] {processor.py:830} INFO - Processing file /opt/airflow/dags/pipeline_dag.py for tasks to queue
[2026-05-01T19:21:47.241+0000] {logging_mixin.py:188} INFO - [2026-05-01T19:21:47.240+0000] {dagbag.py:545} INFO - Filling up the DagBag from /opt/airflow/dags/pipeline_dag.py
[2026-05-01T19:21:47.248+0000] {processor.py:840} INFO - DAG(s) 'data_pipeline' retrieved from /opt/airflow/dags/pipeline_dag.py
[2026-05-01T19:21:47.269+0000] {logging_mixin.py:188} INFO - [2026-05-01T19:21:47.269+0000] {dag.py:3089} INFO - Sync 1 DAGs
[2026-05-01T19:21:47.281+0000] {logging_mixin.py:188} INFO - [2026-05-01T19:21:47.281+0000] {dag.py:3947} INFO - Setting next_dagrun for data_pipeline to 2026-05-01 06:00:00+00:00, run_after=2026-05-02 06:00:00+00:00
[2026-05-01T19:21:47.293+0000] {processor.py:183} INFO - Processing /opt/airflow/dags/pipeline_dag.py took 0.069 seconds
[2026-05-01T19:22:17.420+0000] {processor.py:161} INFO - Started process (PID=2016) to work on /opt/airflow/dags/pipeline_dag.py
[2026-05-01T19:22:17.421+0000] {processor.py:830} INFO - Processing file /opt/airflow/dags/pipeline_dag.py for tasks to queue
[2026-05-01T19:22:17.422+0000] {logging_mixin.py:188} INFO - [2026-05-01T19:22:17.422+0000] {dagbag.py:545} INFO - Filling up the DagBag from /opt/airflow/dags/pipeline_dag.py
[2026-05-01T19:22:17.429+0000] {processor.py:840} INFO - DAG(s) 'data_pipeline' retrieved from /opt/airflow/dags/pipeline_dag.py
[2026-05-01T19:22:17.446+0000] {logging_mixin.py:188} INFO - [2026-05-01T19:22:17.446+0000] {dag.py:3089} INFO - Sync 1 DAGs
[2026-05-01T19:22:17.459+0000] {logging_mixin.py:188} INFO - [2026-05-01T19:22:17.459+0000] {dag.py:3947} INFO - Setting next_dagrun for data_pipeline to 2026-05-01 06:00:00+00:00, run_after=2026-05-02 06:00:00+00:00
[2026-05-01T19:22:17.469+0000] {processor.py:183} INFO - Processing /opt/airflow/dags/pipeline_dag.py took 0.056 seconds
[2026-05-01T19:22:47.626+0000] {processor.py:161} INFO - Started process (PID=2021) to work on /opt/airflow/dags/pipeline_dag.py
[2026-05-01T19:22:47.635+0000] {processor.py:830} INFO - Processing file /opt/airflow/dags/pipeline_dag.py for tasks to queue
[2026-05-01T19:22:47.637+0000] {logging_mixin.py:188} INFO - [2026-05-01T19:22:47.637+0000] {dagbag.py:545} INFO - Filling up the DagBag from /opt/airflow/dags/pipeline_dag.py
[2026-05-01T19:22:47.644+0000] {processor.py:840} INFO - DAG(s) 'data_pipeline' retrieved from /opt/airflow/dags/pipeline_dag.py
[2026-05-01T19:22:47.661+0000] {logging_mixin.py:188} INFO - [2026-05-01T19:22:47.661+0000] {dag.py:3089} INFO - Sync 1 DAGs
[2026-05-01T19:22:47.674+0000] {logging_mixin.py:188} INFO - [2026-05-01T19:22:47.674+0000] {dag.py:3947} INFO - Setting next_dagrun for data_pipeline to 2026-05-01 06:00:00+00:00, run_after=2026-05-02 06:00:00+00:00
[2026-05-01T19:22:47.685+0000] {processor.py:183} INFO - Processing /opt/airflow/dags/pipeline_dag.py took 0.064 seconds
[2026-05-01T19:23:17.800+0000] {processor.py:161} INFO - Started process (PID=2026) to work on /opt/airflow/dags/pipeline_dag.py
[2026-05-01T19:23:17.800+0000] {processor.py:830} INFO - Processing file /opt/airflow/dags/pipeline_dag.py for tasks to queue
[2026-05-01T19:23:17.801+0000] {logging_mixin.py:188} INFO - [2026-05-01T19:23:17.801+0000] {dagbag.py:545} INFO - Filling up the DagBag from /opt/airflow/dags/pipeline_dag.py
[2026-05-01T19:23:17.807+0000] {processor.py:840} INFO - DAG(s) 'data_pipeline' retrieved from /opt/airflow/dags/pipeline_dag.py
[2026-05-01T19:23:17.831+0000] {logging_mixin.py:188} INFO - [2026-05-01T19:23:17.831+0000] {dag.py:3089} INFO - Sync 1 DAGs
[2026-05-01T19:23:17.843+0000] {logging_mixin.py:188} INFO - [2026-05-01T19:23:17.843+0000] {dag.py:3947} INFO - Setting next_dagrun for data_pipeline to 2026-05-01 06:00:00+00:00, run_after=2026-05-02 06:00:00+00:00
[2026-05-01T19:23:17.854+0000] {processor.py:183} INFO - Processing /opt/airflow/dags/pipeline_dag.py took 0.059 seconds
[2026-05-01T19:23:48.019+0000] {processor.py:161} INFO - Started process (PID=2031) to work on /opt/airflow/dags/pipeline_dag.py
[2026-05-01T19:23:48.028+0000] {processor.py:830} INFO - Processing file /opt/airflow/dags/pipeline_dag.py for tasks to queue
[2026-05-01T19:23:48.029+0000] {logging_mixin.py:188} INFO - [2026-05-01T19:23:48.029+0000] {dagbag.py:545} INFO - Filling up the DagBag from /opt/airflow/dags/pipeline_dag.py
[2026-05-01T19:23:48.035+0000] {processor.py:840} INFO - DAG(s) 'data_pipeline' retrieved from /opt/airflow/dags/pipeline_dag.py
[2026-05-01T19:23:48.052+0000] {logging_mixin.py:188} INFO - [2026-05-01T19:23:48.052+0000] {dag.py:3089} INFO - Sync 1 DAGs
[2026-05-01T19:23:48.064+0000] {logging_mixin.py:188} INFO - [2026-05-01T19:23:48.064+0000] {dag.py:3947} INFO - Setting next_dagrun for data_pipeline to 2026-05-01 06:00:00+00:00, run_after=2026-05-02 06:00:00+00:00
[2026-05-01T19:23:48.075+0000] {processor.py:183} INFO - Processing /opt/airflow/dags/pipeline_dag.py took 0.060 seconds
[2026-05-01T19:24:18.204+0000] {processor.py:161} INFO - Started process (PID=2036) to work on /opt/airflow/dags/pipeline_dag.py
[2026-05-01T19:24:18.204+0000] {processor.py:830} INFO - Processing file /opt/airflow/dags/pipeline_dag.py for tasks to queue
[2026-05-01T19:24:18.206+0000] {logging_mixin.py:188} INFO - [2026-05-01T19:24:18.205+0000] {dagbag.py:545} INFO - Filling up the DagBag from /opt/airflow/dags/pipeline_dag.py
[2026-05-01T19:24:18.213+0000] {processor.py:840} INFO - DAG(s) 'data_pipeline' retrieved from /opt/airflow/dags/pipeline_dag.py
[2026-05-01T19:24:18.230+0000] {logging_mixin.py:188} INFO - [2026-05-01T19:24:18.230+0000] {dag.py:3089} INFO - Sync 1 DAGs
[2026-05-01T19:24:18.242+0000] {logging_mixin.py:188} INFO - [2026-05-01T19:24:18.242+0000] {dag.py:3947} INFO - Setting next_dagrun for data_pipeline to 2026-05-01 06:00:00+00:00, run_after=2026-05-02 06:00:00+00:00
[2026-05-01T19:24:18.252+0000] {processor.py:183} INFO - Processing /opt/airflow/dags/pipeline_dag.py took 0.054 seconds
[2026-05-01T19:24:48.422+0000] {processor.py:161} INFO - Started process (PID=2041) to work on /opt/airflow/dags/pipeline_dag.py
[2026-05-01T19:24:48.431+0000] {processor.py:830} INFO - Processing file /opt/airflow/dags/pipeline_dag.py for tasks to queue
[2026-05-01T19:24:48.433+0000] {logging_mixin.py:188} INFO - [2026-05-01T19:24:48.433+0000] {dagbag.py:545} INFO - Filling up the DagBag from /opt/airflow/dags/pipeline_dag.py
[2026-05-01T19:24:48.441+0000] {processor.py:840} INFO - DAG(s) 'data_pipeline' retrieved from /opt/airflow/dags/pipeline_dag.py
[2026-05-01T19:24:48.463+0000] {logging_mixin.py:188} INFO - [2026-05-01T19:24:48.462+0000] {dag.py:3089} INFO - Sync 1 DAGs
[2026-05-01T19:24:48.475+0000] {logging_mixin.py:188} INFO - [2026-05-01T19:24:48.475+0000] {dag.py:3947} INFO - Setting next_dagrun for data_pipeline to 2026-05-01 06:00:00+00:00, run_after=2026-05-02 06:00:00+00:00
[2026-05-01T19:24:48.487+0000] {processor.py:183} INFO - Processing /opt/airflow/dags/pipeline_dag.py took 0.070 seconds
[2026-05-01T19:25:18.600+0000] {processor.py:161} INFO - Started process (PID=2046) to work on /opt/airflow/dags/pipeline_dag.py
[2026-05-01T19:25:18.601+0000] {processor.py:830} INFO - Processing file /opt/airflow/dags/pipeline_dag.py for tasks to queue
[2026-05-01T19:25:18.602+0000] {logging_mixin.py:188} INFO - [2026-05-01T19:25:18.602+0000] {dagbag.py:545} INFO - Filling up the DagBag from /opt/airflow/dags/pipeline_dag.py
[2026-05-01T19:25:18.609+0000] {processor.py:840} INFO - DAG(s) 'data_pipeline' retrieved from /opt/airflow/dags/pipeline_dag.py
[2026-05-01T19:25:18.628+0000] {logging_mixin.py:188} INFO - [2026-05-01T19:25:18.628+0000] {dag.py:3089} INFO - Sync 1 DAGs
[2026-05-01T19:25:18.640+0000] {logging_mixin.py:188} INFO - [2026-05-01T19:25:18.640+0000] {dag.py:3947} INFO - Setting next_dagrun for data_pipeline to 2026-05-01 06:00:00+00:00, run_after=2026-05-02 06:00:00+00:00
[2026-05-01T19:25:18.652+0000] {processor.py:183} INFO - Processing /opt/airflow/dags/pipeline_dag.py took 0.057 seconds
[2026-05-01T19:25:48.830+0000] {processor.py:161} INFO - Started process (PID=2051) to work on /opt/airflow/dags/pipeline_dag.py
[2026-05-01T19:25:48.839+0000] {processor.py:830} INFO - Processing file /opt/airflow/dags/pipeline_dag.py for tasks to queue
[2026-05-01T19:25:48.841+0000] {logging_mixin.py:188} INFO - [2026-05-01T19:25:48.841+0000] {dagbag.py:545} INFO - Filling up the DagBag from /opt/airflow/dags/pipeline_dag.py
[2026-05-01T19:25:48.847+0000] {processor.py:840} INFO - DAG(s) 'data_pipeline' retrieved from /opt/airflow/dags/pipeline_dag.py
[2026-05-01T19:25:48.869+0000] {logging_mixin.py:188} INFO - [2026-05-01T19:25:48.869+0000] {dag.py:3089} INFO - Sync 1 DAGs
[2026-05-01T19:25:48.882+0000] {logging_mixin.py:188} INFO - [2026-05-01T19:25:48.882+0000] {dag.py:3947} INFO - Setting next_dagrun for data_pipeline to 2026-05-01 06:00:00+00:00, run_after=2026-05-02 06:00:00+00:00
[2026-05-01T19:25:48.893+0000] {processor.py:183} INFO - Processing /opt/airflow/dags/pipeline_dag.py took 0.067 seconds
[2026-05-01T19:26:19.014+0000] {processor.py:161} INFO - Started process (PID=2056) to work on /opt/airflow/dags/pipeline_dag.py
[2026-05-01T19:26:19.015+0000] {processor.py:830} INFO - Processing file /opt/airflow/dags/pipeline_dag.py for tasks to queue
[2026-05-01T19:26:19.016+0000] {logging_mixin.py:188} INFO - [2026-05-01T19:26:19.016+0000] {dagbag.py:545} INFO - Filling up the DagBag from /opt/airflow/dags/pipeline_dag.py
[2026-05-01T19:26:19.022+0000] {processor.py:840} INFO - DAG(s) 'data_pipeline' retrieved from /opt/airflow/dags/pipeline_dag.py
[2026-05-01T19:26:19.040+0000] {logging_mixin.py:188} INFO - [2026-05-01T19:26:19.040+0000] {dag.py:3089} INFO - Sync 1 DAGs
[2026-05-01T19:26:19.052+0000] {logging_mixin.py:188} INFO - [2026-05-01T19:26:19.052+0000] {dag.py:3947} INFO - Setting next_dagrun for data_pipeline to 2026-05-01 06:00:00+00:00, run_after=2026-05-02 06:00:00+00:00
[2026-05-01T19:26:19.062+0000] {processor.py:183} INFO - Processing /opt/airflow/dags/pipeline_dag.py took 0.052 seconds
[2026-05-01T19:26:49.228+0000] {processor.py:161} INFO - Started process (PID=2061) to work on /opt/airflow/dags/pipeline_dag.py
[2026-05-01T19:26:49.237+0000] {processor.py:830} INFO - Processing file /opt/airflow/dags/pipeline_dag.py for tasks to queue
[2026-05-01T19:26:49.238+0000] {logging_mixin.py:188} INFO - [2026-05-01T19:26:49.238+0000] {dagbag.py:545} INFO - Filling up the DagBag from /opt/airflow/dags/pipeline_dag.py
[2026-05-01T19:26:49.244+0000] {processor.py:840} INFO - DAG(s) 'data_pipeline' retrieved from /opt/airflow/dags/pipeline_dag.py
[2026-05-01T19:26:49.267+0000] {logging_mixin.py:188} INFO - [2026-05-01T19:26:49.267+0000] {dag.py:3089} INFO - Sync 1 DAGs
[2026-05-01T19:26:49.279+0000] {logging_mixin.py:188} INFO - [2026-05-01T19:26:49.279+0000] {dag.py:3947} INFO - Setting next_dagrun for data_pipeline to 2026-05-01 06:00:00+00:00, run_after=2026-05-02 06:00:00+00:00
[2026-05-01T19:26:49.290+0000] {processor.py:183} INFO - Processing /opt/airflow/dags/pipeline_dag.py took 0.066 seconds
[2026-05-01T19:27:19.417+0000] {processor.py:161} INFO - Started process (PID=2066) to work on /opt/airflow/dags/pipeline_dag.py
[2026-05-01T19:27:19.418+0000] {processor.py:830} INFO - Processing file /opt/airflow/dags/pipeline_dag.py for tasks to queue
[2026-05-01T19:27:19.419+0000] {logging_mixin.py:188} INFO - [2026-05-01T19:27:19.419+0000] {dagbag.py:545} INFO - Filling up the DagBag from /opt/airflow/dags/pipeline_dag.py
[2026-05-01T19:27:19.426+0000] {processor.py:840} INFO - DAG(s) 'data_pipeline' retrieved from /opt/airflow/dags/pipeline_dag.py
[2026-05-01T19:27:19.445+0000] {logging_mixin.py:188} INFO - [2026-05-01T19:27:19.445+0000] {dag.py:3089} INFO - Sync 1 DAGs
[2026-05-01T19:27:19.458+0000] {logging_mixin.py:188} INFO - [2026-05-01T19:27:19.458+0000] {dag.py:3947} INFO - Setting next_dagrun for data_pipeline to 2026-05-01 06:00:00+00:00, run_after=2026-05-02 06:00:00+00:00
[2026-05-01T19:27:19.469+0000] {processor.py:183} INFO - Processing /opt/airflow/dags/pipeline_dag.py took 0.058 seconds
[2026-05-01T19:27:49.627+0000] {processor.py:161} INFO - Started process (PID=2071) to work on /opt/airflow/dags/pipeline_dag.py
[2026-05-01T19:27:49.636+0000] {processor.py:830} INFO - Processing file /opt/airflow/dags/pipeline_dag.py for tasks to queue
[2026-05-01T19:27:49.637+0000] {logging_mixin.py:188} INFO - [2026-05-01T19:27:49.637+0000] {dagbag.py:545} INFO - Filling up the DagBag from /opt/airflow/dags/pipeline_dag.py
[2026-05-01T19:27:49.643+0000] {processor.py:840} INFO - DAG(s) 'data_pipeline' retrieved from /opt/airflow/dags/pipeline_dag.py
[2026-05-01T19:27:49.660+0000] {logging_mixin.py:188} INFO - [2026-05-01T19:27:49.660+0000] {dag.py:3089} INFO - Sync 1 DAGs
[2026-05-01T19:27:49.672+0000] {logging_mixin.py:188} INFO - [2026-05-01T19:27:49.672+0000] {dag.py:3947} INFO - Setting next_dagrun for data_pipeline to 2026-05-01 06:00:00+00:00, run_after=2026-05-02 06:00:00+00:00
[2026-05-01T19:27:49.684+0000] {processor.py:183} INFO - Processing /opt/airflow/dags/pipeline_dag.py took 0.060 seconds
[2026-05-01T19:28:19.818+0000] {processor.py:161} INFO - Started process (PID=2076) to work on /opt/airflow/dags/pipeline_dag.py
[2026-05-01T19:28:19.819+0000] {processor.py:830} INFO - Processing file /opt/airflow/dags/pipeline_dag.py for tasks to queue
[2026-05-01T19:28:19.821+0000] {logging_mixin.py:188} INFO - [2026-05-01T19:28:19.820+0000] {dagbag.py:545} INFO - Filling up the DagBag from /opt/airflow/dags/pipeline_dag.py
[2026-05-01T19:28:19.827+0000] {processor.py:840} INFO - DAG(s) 'data_pipeline' retrieved from /opt/airflow/dags/pipeline_dag.py
[2026-05-01T19:28:19.848+0000] {logging_mixin.py:188} INFO - [2026-05-01T19:28:19.848+0000] {dag.py:3089} INFO - Sync 1 DAGs
[2026-05-01T19:28:19.861+0000] {logging_mixin.py:188} INFO - [2026-05-01T19:28:19.861+0000] {dag.py:3947} INFO - Setting next_dagrun for data_pipeline to 2026-05-01 06:00:00+00:00, run_after=2026-05-02 06:00:00+00:00
[2026-05-01T19:28:19.872+0000] {processor.py:183} INFO - Processing /opt/airflow/dags/pipeline_dag.py took 0.060 seconds
[2026-05-01T19:28:50.011+0000] {processor.py:161} INFO - Started process (PID=2081) to work on /opt/airflow/dags/pipeline_dag.py
[2026-05-01T19:28:50.020+0000] {processor.py:830} INFO - Processing file /opt/airflow/dags/pipeline_dag.py for tasks to queue
[2026-05-01T19:28:50.022+0000] {logging_mixin.py:188} INFO - [2026-05-01T19:28:50.022+0000] {dagbag.py:545} INFO - Filling up the DagBag from /opt/airflow/dags/pipeline_dag.py
[2026-05-01T19:28:50.030+0000] {processor.py:840} INFO - DAG(s) 'data_pipeline' retrieved from /opt/airflow/dags/pipeline_dag.py
[2026-05-01T19:28:50.049+0000] {logging_mixin.py:188} INFO - [2026-05-01T19:28:50.048+0000] {dag.py:3089} INFO - Sync 1 DAGs
[2026-05-01T19:28:50.061+0000] {logging_mixin.py:188} INFO - [2026-05-01T19:28:50.061+0000] {dag.py:3947} INFO - Setting next_dagrun for data_pipeline to 2026-05-01 06:00:00+00:00, run_after=2026-05-02 06:00:00+00:00
[2026-05-01T19:28:50.072+0000] {processor.py:183} INFO - Processing /opt/airflow/dags/pipeline_dag.py took 0.068 seconds
[2026-05-01T19:29:20.205+0000] {processor.py:161} INFO - Started process (PID=2086) to work on /opt/airflow/dags/pipeline_dag.py
[2026-05-01T19:29:20.205+0000] {processor.py:830} INFO - Processing file /opt/airflow/dags/pipeline_dag.py for tasks to queue
[2026-05-01T19:29:20.206+0000] {logging_mixin.py:188} INFO - [2026-05-01T19:29:20.206+0000] {dagbag.py:545} INFO - Filling up the DagBag from /opt/airflow/dags/pipeline_dag.py
[2026-05-01T19:29:20.212+0000] {processor.py:840} INFO - DAG(s) 'data_pipeline' retrieved from /opt/airflow/dags/pipeline_dag.py
[2026-05-01T19:29:20.236+0000] {logging_mixin.py:188} INFO - [2026-05-01T19:29:20.236+0000] {dag.py:3089} INFO - Sync 1 DAGs
[2026-05-01T19:29:20.249+0000] {logging_mixin.py:188} INFO - [2026-05-01T19:29:20.249+0000] {dag.py:3947} INFO - Setting next_dagrun for data_pipeline to 2026-05-01 06:00:00+00:00, run_after=2026-05-02 06:00:00+00:00
[2026-05-01T19:29:20.259+0000] {processor.py:183} INFO - Processing /opt/airflow/dags/pipeline_dag.py took 0.059 seconds
[2026-05-01T19:29:50.408+0000] {processor.py:161} INFO - Started process (PID=2091) to work on /opt/airflow/dags/pipeline_dag.py
[2026-05-01T19:29:50.417+0000] {processor.py:830} INFO - Processing file /opt/airflow/dags/pipeline_dag.py for tasks to queue
[2026-05-01T19:29:50.418+0000] {logging_mixin.py:188} INFO - [2026-05-01T19:29:50.418+0000] {dagbag.py:545} INFO - Filling up the DagBag from /opt/airflow/dags/pipeline_dag.py
[2026-05-01T19:29:50.424+0000] {processor.py:840} INFO - DAG(s) 'data_pipeline' retrieved from /opt/airflow/dags/pipeline_dag.py
[2026-05-01T19:29:50.441+0000] {logging_mixin.py:188} INFO - [2026-05-01T19:29:50.441+0000] {dag.py:3089} INFO - Sync 1 DAGs
[2026-05-01T19:29:50.454+0000] {logging_mixin.py:188} INFO - [2026-05-01T19:29:50.453+0000] {dag.py:3947} INFO - Setting next_dagrun for data_pipeline to 2026-05-01 06:00:00+00:00, run_after=2026-05-02 06:00:00+00:00
[2026-05-01T19:29:50.465+0000] {processor.py:183} INFO - Processing /opt/airflow/dags/pipeline_dag.py took 0.060 seconds
[2026-05-01T19:30:20.606+0000] {processor.py:161} INFO - Started process (PID=2096) to work on /opt/airflow/dags/pipeline_dag.py
[2026-05-01T19:30:20.606+0000] {processor.py:830} INFO - Processing file /opt/airflow/dags/pipeline_dag.py for tasks to queue
[2026-05-01T19:30:20.607+0000] {logging_mixin.py:188} INFO - [2026-05-01T19:30:20.607+0000] {dagbag.py:545} INFO - Filling up the DagBag from /opt/airflow/dags/pipeline_dag.py
[2026-05-01T19:30:20.614+0000] {processor.py:840} INFO - DAG(s) 'data_pipeline' retrieved from /opt/airflow/dags/pipeline_dag.py
[2026-05-01T19:30:20.633+0000] {logging_mixin.py:188} INFO - [2026-05-01T19:30:20.633+0000] {dag.py:3089} INFO - Sync 1 DAGs
[2026-05-01T19:30:20.645+0000] {logging_mixin.py:188} INFO - [2026-05-01T19:30:20.645+0000] {dag.py:3947} INFO - Setting next_dagrun for data_pipeline to 2026-05-01 06:00:00+00:00, run_after=2026-05-02 06:00:00+00:00
[2026-05-01T19:30:20.660+0000] {processor.py:183} INFO - Processing /opt/airflow/dags/pipeline_dag.py took 0.061 seconds
[2026-05-01T19:30:50.794+0000] {processor.py:161} INFO - Started process (PID=2101) to work on /opt/airflow/dags/pipeline_dag.py
[2026-05-01T19:30:50.803+0000] {processor.py:830} INFO - Processing file /opt/airflow/dags/pipeline_dag.py for tasks to queue
[2026-05-01T19:30:50.805+0000] {logging_mixin.py:188} INFO - [2026-05-01T19:30:50.805+0000] {dagbag.py:545} INFO - Filling up the DagBag from /opt/airflow/dags/pipeline_dag.py
[2026-05-01T19:30:50.813+0000] {processor.py:840} INFO - DAG(s) 'data_pipeline' retrieved from /opt/airflow/dags/pipeline_dag.py
[2026-05-01T19:30:50.838+0000] {logging_mixin.py:188} INFO - [2026-05-01T19:30:50.838+0000] {dag.py:3089} INFO - Sync 1 DAGs
[2026-05-01T19:30:50.850+0000] {logging_mixin.py:188} INFO - [2026-05-01T19:30:50.850+0000] {dag.py:3947} INFO - Setting next_dagrun for data_pipeline to 2026-05-01 06:00:00+00:00, run_after=2026-05-02 06:00:00+00:00
[2026-05-01T19:30:50.862+0000] {processor.py:183} INFO - Processing /opt/airflow/dags/pipeline_dag.py took 0.074 seconds
[2026-05-01T19:31:20.999+0000] {processor.py:161} INFO - Started process (PID=2106) to work on /opt/airflow/dags/pipeline_dag.py
[2026-05-01T19:31:20.999+0000] {processor.py:830} INFO - Processing file /opt/airflow/dags/pipeline_dag.py for tasks to queue
[2026-05-01T19:31:21.000+0000] {logging_mixin.py:188} INFO - [2026-05-01T19:31:21.000+0000] {dagbag.py:545} INFO - Filling up the DagBag from /opt/airflow/dags/pipeline_dag.py
[2026-05-01T19:31:21.006+0000] {processor.py:840} INFO - DAG(s) 'data_pipeline' retrieved from /opt/airflow/dags/pipeline_dag.py
[2026-05-01T19:31:21.023+0000] {logging_mixin.py:188} INFO - [2026-05-01T19:31:21.023+0000] {dag.py:3089} INFO - Sync 1 DAGs
[2026-05-01T19:31:21.036+0000] {logging_mixin.py:188} INFO - [2026-05-01T19:31:21.036+0000] {dag.py:3947} INFO - Setting next_dagrun for data_pipeline to 2026-05-01 06:00:00+00:00, run_after=2026-05-02 06:00:00+00:00
[2026-05-01T19:31:21.045+0000] {processor.py:183} INFO - Processing /opt/airflow/dags/pipeline_dag.py took 0.050 seconds
[2026-05-01T19:31:51.195+0000] {processor.py:161} INFO - Started process (PID=2111) to work on /opt/airflow/dags/pipeline_dag.py
[2026-05-01T19:31:51.204+0000] {processor.py:830} INFO - Processing file /opt/airflow/dags/pipeline_dag.py for tasks to queue
[2026-05-01T19:31:51.207+0000] {logging_mixin.py:188} INFO - [2026-05-01T19:31:51.206+0000] {dagbag.py:545} INFO - Filling up the DagBag from /opt/airflow/dags/pipeline_dag.py
[2026-05-01T19:31:51.215+0000] {processor.py:840} INFO - DAG(s) 'data_pipeline' retrieved from /opt/airflow/dags/pipeline_dag.py
[2026-05-01T19:31:51.232+0000] {logging_mixin.py:188} INFO - [2026-05-01T19:31:51.232+0000] {dag.py:3089} INFO - Sync 1 DAGs
[2026-05-01T19:31:51.245+0000] {logging_mixin.py:188} INFO - [2026-05-01T19:31:51.245+0000] {dag.py:3947} INFO - Setting next_dagrun for data_pipeline to 2026-05-01 06:00:00+00:00, run_after=2026-05-02 06:00:00+00:00
[2026-05-01T19:31:51.255+0000] {processor.py:183} INFO - Processing /opt/airflow/dags/pipeline_dag.py took 0.063 seconds
[2026-05-01T19:32:21.388+0000] {processor.py:161} INFO - Started process (PID=2116) to work on /opt/airflow/dags/pipeline_dag.py
[2026-05-01T19:32:21.389+0000] {processor.py:830} INFO - Processing file /opt/airflow/dags/pipeline_dag.py for tasks to queue
[2026-05-01T19:32:21.390+0000] {logging_mixin.py:188} INFO - [2026-05-01T19:32:21.390+0000] {dagbag.py:545} INFO - Filling up the DagBag from /opt/airflow/dags/pipeline_dag.py
[2026-05-01T19:32:21.397+0000] {processor.py:840} INFO - DAG(s) 'data_pipeline' retrieved from /opt/airflow/dags/pipeline_dag.py
[2026-05-01T19:32:21.416+0000] {logging_mixin.py:188} INFO - [2026-05-01T19:32:21.416+0000] {dag.py:3089} INFO - Sync 1 DAGs
[2026-05-01T19:32:21.430+0000] {logging_mixin.py:188} INFO - [2026-05-01T19:32:21.429+0000] {dag.py:3947} INFO - Setting next_dagrun for data_pipeline to 2026-05-01 06:00:00+00:00, run_after=2026-05-02 06:00:00+00:00
[2026-05-01T19:32:21.440+0000] {processor.py:183} INFO - Processing /opt/airflow/dags/pipeline_dag.py took 0.058 seconds
[2026-05-01T19:32:51.593+0000] {processor.py:161} INFO - Started process (PID=2121) to work on /opt/airflow/dags/pipeline_dag.py
[2026-05-01T19:32:51.602+0000] {processor.py:830} INFO - Processing file /opt/airflow/dags/pipeline_dag.py for tasks to queue
[2026-05-01T19:32:51.603+0000] {logging_mixin.py:188} INFO - [2026-05-01T19:32:51.603+0000] {dagbag.py:545} INFO - Filling up the DagBag from /opt/airflow/dags/pipeline_dag.py
[2026-05-01T19:32:51.609+0000] {processor.py:840} INFO - DAG(s) 'data_pipeline' retrieved from /opt/airflow/dags/pipeline_dag.py
[2026-05-01T19:32:51.630+0000] {logging_mixin.py:188} INFO - [2026-05-01T19:32:51.630+0000] {dag.py:3089} INFO - Sync 1 DAGs
[2026-05-01T19:32:51.642+0000] {logging_mixin.py:188} INFO - [2026-05-01T19:32:51.642+0000] {dag.py:3947} INFO - Setting next_dagrun for data_pipeline to 2026-05-01 06:00:00+00:00, run_after=2026-05-02 06:00:00+00:00
[2026-05-01T19:32:51.653+0000] {processor.py:183} INFO - Processing /opt/airflow/dags/pipeline_dag.py took 0.064 seconds
[2026-05-01T19:33:21.776+0000] {processor.py:161} INFO - Started process (PID=2126) to work on /opt/airflow/dags/pipeline_dag.py
[2026-05-01T19:33:21.777+0000] {processor.py:830} INFO - Processing file /opt/airflow/dags/pipeline_dag.py for tasks to queue
[2026-05-01T19:33:21.778+0000] {logging_mixin.py:188} INFO - [2026-05-01T19:33:21.777+0000] {dagbag.py:545} INFO - Filling up the DagBag from /opt/airflow/dags/pipeline_dag.py
[2026-05-01T19:33:21.784+0000] {processor.py:840} INFO - DAG(s) 'data_pipeline' retrieved from /opt/airflow/dags/pipeline_dag.py
[2026-05-01T19:33:21.802+0000] {logging_mixin.py:188} INFO - [2026-05-01T19:33:21.802+0000] {dag.py:3089} INFO - Sync 1 DAGs
[2026-05-01T19:33:21.814+0000] {logging_mixin.py:188} INFO - [2026-05-01T19:33:21.814+0000] {dag.py:3947} INFO - Setting next_dagrun for data_pipeline to 2026-05-01 06:00:00+00:00, run_after=2026-05-02 06:00:00+00:00
[2026-05-01T19:33:21.824+0000] {processor.py:183} INFO - Processing /opt/airflow/dags/pipeline_dag.py took 0.051 seconds
[2026-05-01T19:33:51.982+0000] {processor.py:161} INFO - Started process (PID=2131) to work on /opt/airflow/dags/pipeline_dag.py
[2026-05-01T19:33:51.992+0000] {processor.py:830} INFO - Processing file /opt/airflow/dags/pipeline_dag.py for tasks to queue
[2026-05-01T19:33:51.993+0000] {logging_mixin.py:188} INFO - [2026-05-01T19:33:51.993+0000] {dagbag.py:545} INFO - Filling up the DagBag from /opt/airflow/dags/pipeline_dag.py
[2026-05-01T19:33:52.001+0000] {processor.py:840} INFO - DAG(s) 'data_pipeline' retrieved from /opt/airflow/dags/pipeline_dag.py
[2026-05-01T19:33:52.027+0000] {logging_mixin.py:188} INFO - [2026-05-01T19:33:52.027+0000] {dag.py:3089} INFO - Sync 1 DAGs
[2026-05-01T19:33:52.040+0000] {logging_mixin.py:188} INFO - [2026-05-01T19:33:52.040+0000] {dag.py:3947} INFO - Setting next_dagrun for data_pipeline to 2026-05-01 06:00:00+00:00, run_after=2026-05-02 06:00:00+00:00
[2026-05-01T19:33:52.051+0000] {processor.py:183} INFO - Processing /opt/airflow/dags/pipeline_dag.py took 0.075 seconds
[2026-05-01T19:34:22.160+0000] {processor.py:161} INFO - Started process (PID=2136) to work on /opt/airflow/dags/pipeline_dag.py
[2026-05-01T19:34:22.161+0000] {processor.py:830} INFO - Processing file /opt/airflow/dags/pipeline_dag.py for tasks to queue
[2026-05-01T19:34:22.162+0000] {logging_mixin.py:188} INFO - [2026-05-01T19:34:22.162+0000] {dagbag.py:545} INFO - Filling up the DagBag from /opt/airflow/dags/pipeline_dag.py
[2026-05-01T19:34:22.168+0000] {processor.py:840} INFO - DAG(s) 'data_pipeline' retrieved from /opt/airflow/dags/pipeline_dag.py
[2026-05-01T19:34:22.186+0000] {logging_mixin.py:188} INFO - [2026-05-01T19:34:22.186+0000] {dag.py:3089} INFO - Sync 1 DAGs
[2026-05-01T19:34:22.199+0000] {logging_mixin.py:188} INFO - [2026-05-01T19:34:22.199+0000] {dag.py:3947} INFO - Setting next_dagrun for data_pipeline to 2026-05-01 06:00:00+00:00, run_after=2026-05-02 06:00:00+00:00
[2026-05-01T19:34:22.209+0000] {processor.py:183} INFO - Processing /opt/airflow/dags/pipeline_dag.py took 0.054 seconds
[2026-05-01T19:34:52.395+0000] {processor.py:161} INFO - Started process (PID=2141) to work on /opt/airflow/dags/pipeline_dag.py
[2026-05-01T19:34:52.404+0000] {processor.py:830} INFO - Processing file /opt/airflow/dags/pipeline_dag.py for tasks to queue
[2026-05-01T19:34:52.407+0000] {logging_mixin.py:188} INFO - [2026-05-01T19:34:52.406+0000] {dagbag.py:545} INFO - Filling up the DagBag from /opt/airflow/dags/pipeline_dag.py
[2026-05-01T19:34:52.417+0000] {processor.py:840} INFO - DAG(s) 'data_pipeline' retrieved from /opt/airflow/dags/pipeline_dag.py
[2026-05-01T19:34:52.441+0000] {logging_mixin.py:188} INFO - [2026-05-01T19:34:52.441+0000] {dag.py:3089} INFO - Sync 1 DAGs
[2026-05-01T19:34:52.453+0000] {logging_mixin.py:188} INFO - [2026-05-01T19:34:52.453+0000] {dag.py:3947} INFO - Setting next_dagrun for data_pipeline to 2026-05-01 06:00:00+00:00, run_after=2026-05-02 06:00:00+00:00
[2026-05-01T19:34:52.464+0000] {processor.py:183} INFO - Processing /opt/airflow/dags/pipeline_dag.py took 0.075 seconds
[2026-05-01T19:35:22.575+0000] {processor.py:161} INFO - Started process (PID=2146) to work on /opt/airflow/dags/pipeline_dag.py
[2026-05-01T19:35:22.575+0000] {processor.py:830} INFO - Processing file /opt/airflow/dags/pipeline_dag.py for tasks to queue
[2026-05-01T19:35:22.576+0000] {logging_mixin.py:188} INFO - [2026-05-01T19:35:22.575+0000] {dagbag.py:545} INFO - Filling up the DagBag from /opt/airflow/dags/pipeline_dag.py
[2026-05-01T19:35:22.582+0000] {processor.py:840} INFO - DAG(s) 'data_pipeline' retrieved from /opt/airflow/dags/pipeline_dag.py
[2026-05-01T19:35:22.599+0000] {logging_mixin.py:188} INFO - [2026-05-01T19:35:22.599+0000] {dag.py:3089} INFO - Sync 1 DAGs
[2026-05-01T19:35:22.611+0000] {logging_mixin.py:188} INFO - [2026-05-01T19:35:22.611+0000] {dag.py:3947} INFO - Setting next_dagrun for data_pipeline to 2026-05-01 06:00:00+00:00, run_after=2026-05-02 06:00:00+00:00
[2026-05-01T19:35:22.621+0000] {processor.py:183} INFO - Processing /opt/airflow/dags/pipeline_dag.py took 0.051 seconds
[2026-05-01T19:35:52.814+0000] {processor.py:161} INFO - Started process (PID=2151) to work on /opt/airflow/dags/pipeline_dag.py
[2026-05-01T19:35:52.823+0000] {processor.py:830} INFO - Processing file /opt/airflow/dags/pipeline_dag.py for tasks to queue
[2026-05-01T19:35:52.824+0000] {logging_mixin.py:188} INFO - [2026-05-01T19:35:52.824+0000] {dagbag.py:545} INFO - Filling up the DagBag from /opt/airflow/dags/pipeline_dag.py
[2026-05-01T19:35:52.832+0000] {processor.py:840} INFO - DAG(s) 'data_pipeline' retrieved from /opt/airflow/dags/pipeline_dag.py
[2026-05-01T19:35:52.850+0000] {logging_mixin.py:188} INFO - [2026-05-01T19:35:52.850+0000] {dag.py:3089} INFO - Sync 1 DAGs
[2026-05-01T19:35:52.862+0000] {logging_mixin.py:188} INFO - [2026-05-01T19:35:52.862+0000] {dag.py:3947} INFO - Setting next_dagrun for data_pipeline to 2026-05-01 06:00:00+00:00, run_after=2026-05-02 06:00:00+00:00
[2026-05-01T19:35:52.872+0000] {processor.py:183} INFO - Processing /opt/airflow/dags/pipeline_dag.py took 0.065 seconds
[2026-05-01T19:36:22.990+0000] {processor.py:161} INFO - Started process (PID=2156) to work on /opt/airflow/dags/pipeline_dag.py
[2026-05-01T19:36:22.990+0000] {processor.py:830} INFO - Processing file /opt/airflow/dags/pipeline_dag.py for tasks to queue
[2026-05-01T19:36:22.992+0000] {logging_mixin.py:188} INFO - [2026-05-01T19:36:22.991+0000] {dagbag.py:545} INFO - Filling up the DagBag from /opt/airflow/dags/pipeline_dag.py
[2026-05-01T19:36:22.999+0000] {processor.py:840} INFO - DAG(s) 'data_pipeline' retrieved from /opt/airflow/dags/pipeline_dag.py
[2026-05-01T19:36:23.022+0000] {logging_mixin.py:188} INFO - [2026-05-01T19:36:23.021+0000] {dag.py:3089} INFO - Sync 1 DAGs
[2026-05-01T19:36:23.039+0000] {logging_mixin.py:188} INFO - [2026-05-01T19:36:23.039+0000] {dag.py:3947} INFO - Setting next_dagrun for data_pipeline to 2026-05-01 06:00:00+00:00, run_after=2026-05-02 06:00:00+00:00
[2026-05-01T19:36:23.053+0000] {processor.py:183} INFO - Processing /opt/airflow/dags/pipeline_dag.py took 0.069 seconds
[2026-05-01T19:36:53.192+0000] {processor.py:161} INFO - Started process (PID=2161) to work on /opt/airflow/dags/pipeline_dag.py
[2026-05-01T19:36:53.201+0000] {processor.py:830} INFO - Processing file /opt/airflow/dags/pipeline_dag.py for tasks to queue
[2026-05-01T19:36:53.202+0000] {logging_mixin.py:188} INFO - [2026-05-01T19:36:53.202+0000] {dagbag.py:545} INFO - Filling up the DagBag from /opt/airflow/dags/pipeline_dag.py
[2026-05-01T19:36:53.208+0000] {processor.py:840} INFO - DAG(s) 'data_pipeline' retrieved from /opt/airflow/dags/pipeline_dag.py
[2026-05-01T19:36:53.231+0000] {logging_mixin.py:188} INFO - [2026-05-01T19:36:53.231+0000] {dag.py:3089} INFO - Sync 1 DAGs
[2026-05-01T19:36:53.244+0000] {logging_mixin.py:188} INFO - [2026-05-01T19:36:53.244+0000] {dag.py:3947} INFO - Setting next_dagrun for data_pipeline to 2026-05-01 06:00:00+00:00, run_after=2026-05-02 06:00:00+00:00
[2026-05-01T19:36:53.255+0000] {processor.py:183} INFO - Processing /opt/airflow/dags/pipeline_dag.py took 0.067 seconds
[2026-05-01T19:37:23.394+0000] {processor.py:161} INFO - Started process (PID=2166) to work on /opt/airflow/dags/pipeline_dag.py
[2026-05-01T19:37:23.395+0000] {processor.py:830} INFO - Processing file /opt/airflow/dags/pipeline_dag.py for tasks to queue
[2026-05-01T19:37:23.396+0000] {logging_mixin.py:188} INFO - [2026-05-01T19:37:23.395+0000] {dagbag.py:545} INFO - Filling up the DagBag from /opt/airflow/dags/pipeline_dag.py
[2026-05-01T19:37:23.402+0000] {processor.py:840} INFO - DAG(s) 'data_pipeline' retrieved from /opt/airflow/dags/pipeline_dag.py
[2026-05-01T19:37:23.420+0000] {logging_mixin.py:188} INFO - [2026-05-01T19:37:23.419+0000] {dag.py:3089} INFO - Sync 1 DAGs
[2026-05-01T19:37:23.434+0000] {logging_mixin.py:188} INFO - [2026-05-01T19:37:23.433+0000] {dag.py:3947} INFO - Setting next_dagrun for data_pipeline to 2026-05-01 06:00:00+00:00, run_after=2026-05-02 06:00:00+00:00
[2026-05-01T19:37:23.444+0000] {processor.py:183} INFO - Processing /opt/airflow/dags/pipeline_dag.py took 0.056 seconds
[2026-05-01T19:37:53.580+0000] {processor.py:161} INFO - Started process (PID=2171) to work on /opt/airflow/dags/pipeline_dag.py
[2026-05-01T19:37:53.589+0000] {processor.py:830} INFO - Processing file /opt/airflow/dags/pipeline_dag.py for tasks to queue
[2026-05-01T19:37:53.590+0000] {logging_mixin.py:188} INFO - [2026-05-01T19:37:53.590+0000] {dagbag.py:545} INFO - Filling up the DagBag from /opt/airflow/dags/pipeline_dag.py
[2026-05-01T19:37:53.598+0000] {processor.py:840} INFO - DAG(s) 'data_pipeline' retrieved from /opt/airflow/dags/pipeline_dag.py
[2026-05-01T19:37:53.619+0000] {logging_mixin.py:188} INFO - [2026-05-01T19:37:53.618+0000] {dag.py:3089} INFO - Sync 1 DAGs
[2026-05-01T19:37:53.631+0000] {logging_mixin.py:188} INFO - [2026-05-01T19:37:53.631+0000] {dag.py:3947} INFO - Setting next_dagrun for data_pipeline to 2026-05-01 06:00:00+00:00, run_after=2026-05-02 06:00:00+00:00
[2026-05-01T19:37:53.642+0000] {processor.py:183} INFO - Processing /opt/airflow/dags/pipeline_dag.py took 0.068 seconds
[2026-05-01T19:38:23.768+0000] {processor.py:161} INFO - Started process (PID=2176) to work on /opt/airflow/dags/pipeline_dag.py
[2026-05-01T19:38:23.769+0000] {processor.py:830} INFO - Processing file /opt/airflow/dags/pipeline_dag.py for tasks to queue
[2026-05-01T19:38:23.770+0000] {logging_mixin.py:188} INFO - [2026-05-01T19:38:23.770+0000] {dagbag.py:545} INFO - Filling up the DagBag from /opt/airflow/dags/pipeline_dag.py
[2026-05-01T19:38:23.778+0000] {processor.py:840} INFO - DAG(s) 'data_pipeline' retrieved from /opt/airflow/dags/pipeline_dag.py
[2026-05-01T19:38:23.803+0000] {logging_mixin.py:188} INFO - [2026-05-01T19:38:23.803+0000] {dag.py:3089} INFO - Sync 1 DAGs
[2026-05-01T19:38:23.815+0000] {logging_mixin.py:188} INFO - [2026-05-01T19:38:23.815+0000] {dag.py:3947} INFO - Setting next_dagrun for data_pipeline to 2026-05-01 06:00:00+00:00, run_after=2026-05-02 06:00:00+00:00
[2026-05-01T19:38:23.826+0000] {processor.py:183} INFO - Processing /opt/airflow/dags/pipeline_dag.py took 0.063 seconds
[2026-05-01T19:38:53.964+0000] {processor.py:161} INFO - Started process (PID=2181) to work on /opt/airflow/dags/pipeline_dag.py
[2026-05-01T19:38:53.964+0000] {processor.py:830} INFO - Processing file /opt/airflow/dags/pipeline_dag.py for tasks to queue
[2026-05-01T19:38:53.965+0000] {logging_mixin.py:188} INFO - [2026-05-01T19:38:53.965+0000] {dagbag.py:545} INFO - Filling up the DagBag from /opt/airflow/dags/pipeline_dag.py
[2026-05-01T19:38:53.971+0000] {processor.py:840} INFO - DAG(s) 'data_pipeline' retrieved from /opt/airflow/dags/pipeline_dag.py
[2026-05-01T19:38:53.988+0000] {logging_mixin.py:188} INFO - [2026-05-01T19:38:53.988+0000] {dag.py:3089} INFO - Sync 1 DAGs
[2026-05-01T19:38:54.001+0000] {logging_mixin.py:188} INFO - [2026-05-01T19:38:54.001+0000] {dag.py:3947} INFO - Setting next_dagrun for data_pipeline to 2026-05-01 06:00:00+00:00, run_after=2026-05-02 06:00:00+00:00
[2026-05-01T19:38:54.013+0000] {processor.py:183} INFO - Processing /opt/airflow/dags/pipeline_dag.py took 0.053 seconds
[2026-05-01T19:39:24.147+0000] {processor.py:161} INFO - Started process (PID=2186) to work on /opt/airflow/dags/pipeline_dag.py
[2026-05-01T19:39:24.148+0000] {processor.py:830} INFO - Processing file /opt/airflow/dags/pipeline_dag.py for tasks to queue
[2026-05-01T19:39:24.149+0000] {logging_mixin.py:188} INFO - [2026-05-01T19:39:24.149+0000] {dagbag.py:545} INFO - Filling up the DagBag from /opt/airflow/dags/pipeline_dag.py
[2026-05-01T19:39:24.155+0000] {processor.py:840} INFO - DAG(s) 'data_pipeline' retrieved from /opt/airflow/dags/pipeline_dag.py
[2026-05-01T19:39:24.173+0000] {logging_mixin.py:188} INFO - [2026-05-01T19:39:24.173+0000] {dag.py:3089} INFO - Sync 1 DAGs
[2026-05-01T19:39:24.185+0000] {logging_mixin.py:188} INFO - [2026-05-01T19:39:24.185+0000] {dag.py:3947} INFO - Setting next_dagrun for data_pipeline to 2026-05-01 06:00:00+00:00, run_after=2026-05-02 06:00:00+00:00
[2026-05-01T19:39:24.195+0000] {processor.py:183} INFO - Processing /opt/airflow/dags/pipeline_dag.py took 0.052 seconds
[2026-05-01T19:39:54.358+0000] {processor.py:161} INFO - Started process (PID=2191) to work on /opt/airflow/dags/pipeline_dag.py
[2026-05-01T19:39:54.367+0000] {processor.py:830} INFO - Processing file /opt/airflow/dags/pipeline_dag.py for tasks to queue
[2026-05-01T19:39:54.369+0000] {logging_mixin.py:188} INFO - [2026-05-01T19:39:54.369+0000] {dagbag.py:545} INFO - Filling up the DagBag from /opt/airflow/dags/pipeline_dag.py
[2026-05-01T19:39:54.377+0000] {processor.py:840} INFO - DAG(s) 'data_pipeline' retrieved from /opt/airflow/dags/pipeline_dag.py
[2026-05-01T19:39:54.404+0000] {logging_mixin.py:188} INFO - [2026-05-01T19:39:54.404+0000] {dag.py:3089} INFO - Sync 1 DAGs
[2026-05-01T19:39:54.416+0000] {logging_mixin.py:188} INFO - [2026-05-01T19:39:54.416+0000] {dag.py:3947} INFO - Setting next_dagrun for data_pipeline to 2026-05-01 06:00:00+00:00, run_after=2026-05-02 06:00:00+00:00
[2026-05-01T19:39:54.429+0000] {processor.py:183} INFO - Processing /opt/airflow/dags/pipeline_dag.py took 0.077 seconds
[2026-05-01T19:40:24.557+0000] {processor.py:161} INFO - Started process (PID=2196) to work on /opt/airflow/dags/pipeline_dag.py
[2026-05-01T19:40:24.557+0000] {processor.py:830} INFO - Processing file /opt/airflow/dags/pipeline_dag.py for tasks to queue
[2026-05-01T19:40:24.559+0000] {logging_mixin.py:188} INFO - [2026-05-01T19:40:24.558+0000] {dagbag.py:545} INFO - Filling up the DagBag from /opt/airflow/dags/pipeline_dag.py
[2026-05-01T19:40:24.564+0000] {processor.py:840} INFO - DAG(s) 'data_pipeline' retrieved from /opt/airflow/dags/pipeline_dag.py
[2026-05-01T19:40:24.587+0000] {logging_mixin.py:188} INFO - [2026-05-01T19:40:24.587+0000] {dag.py:3089} INFO - Sync 1 DAGs
[2026-05-01T19:40:24.600+0000] {logging_mixin.py:188} INFO - [2026-05-01T19:40:24.600+0000] {dag.py:3947} INFO - Setting next_dagrun for data_pipeline to 2026-05-01 06:00:00+00:00, run_after=2026-05-02 06:00:00+00:00
[2026-05-01T19:40:24.610+0000] {processor.py:183} INFO - Processing /opt/airflow/dags/pipeline_dag.py took 0.059 seconds
[2026-05-01T19:40:54.766+0000] {processor.py:161} INFO - Started process (PID=2201) to work on /opt/airflow/dags/pipeline_dag.py
[2026-05-01T19:40:54.775+0000] {processor.py:830} INFO - Processing file /opt/airflow/dags/pipeline_dag.py for tasks to queue
[2026-05-01T19:40:54.776+0000] {logging_mixin.py:188} INFO - [2026-05-01T19:40:54.776+0000] {dagbag.py:545} INFO - Filling up the DagBag from /opt/airflow/dags/pipeline_dag.py
[2026-05-01T19:40:54.782+0000] {processor.py:840} INFO - DAG(s) 'data_pipeline' retrieved from /opt/airflow/dags/pipeline_dag.py
[2026-05-01T19:40:54.805+0000] {logging_mixin.py:188} INFO - [2026-05-01T19:40:54.805+0000] {dag.py:3089} INFO - Sync 1 DAGs
[2026-05-01T19:40:54.819+0000] {logging_mixin.py:188} INFO - [2026-05-01T19:40:54.819+0000] {dag.py:3947} INFO - Setting next_dagrun for data_pipeline to 2026-05-01 06:00:00+00:00, run_after=2026-05-02 06:00:00+00:00
[2026-05-01T19:40:54.830+0000] {processor.py:183} INFO - Processing /opt/airflow/dags/pipeline_dag.py took 0.068 seconds
[2026-05-01T19:41:24.945+0000] {processor.py:161} INFO - Started process (PID=2206) to work on /opt/airflow/dags/pipeline_dag.py
[2026-05-01T19:41:24.945+0000] {processor.py:830} INFO - Processing file /opt/airflow/dags/pipeline_dag.py for tasks to queue
[2026-05-01T19:41:24.946+0000] {logging_mixin.py:188} INFO - [2026-05-01T19:41:24.946+0000] {dagbag.py:545} INFO - Filling up the DagBag from /opt/airflow/dags/pipeline_dag.py
[2026-05-01T19:41:24.952+0000] {processor.py:840} INFO - DAG(s) 'data_pipeline' retrieved from /opt/airflow/dags/pipeline_dag.py
[2026-05-01T19:41:24.970+0000] {logging_mixin.py:188} INFO - [2026-05-01T19:41:24.970+0000] {dag.py:3089} INFO - Sync 1 DAGs
[2026-05-01T19:41:24.982+0000] {logging_mixin.py:188} INFO - [2026-05-01T19:41:24.982+0000] {dag.py:3947} INFO - Setting next_dagrun for data_pipeline to 2026-05-01 06:00:00+00:00, run_after=2026-05-02 06:00:00+00:00
[2026-05-01T19:41:24.993+0000] {processor.py:183} INFO - Processing /opt/airflow/dags/pipeline_dag.py took 0.054 seconds
[2026-05-01T19:41:55.161+0000] {processor.py:161} INFO - Started process (PID=2211) to work on /opt/airflow/dags/pipeline_dag.py
[2026-05-01T19:41:55.171+0000] {processor.py:830} INFO - Processing file /opt/airflow/dags/pipeline_dag.py for tasks to queue
[2026-05-01T19:41:55.174+0000] {logging_mixin.py:188} INFO - [2026-05-01T19:41:55.173+0000] {dagbag.py:545} INFO - Filling up the DagBag from /opt/airflow/dags/pipeline_dag.py
[2026-05-01T19:41:55.183+0000] {processor.py:840} INFO - DAG(s) 'data_pipeline' retrieved from /opt/airflow/dags/pipeline_dag.py
[2026-05-01T19:41:55.202+0000] {logging_mixin.py:188} INFO - [2026-05-01T19:41:55.201+0000] {dag.py:3089} INFO - Sync 1 DAGs
[2026-05-01T19:41:55.214+0000] {logging_mixin.py:188} INFO - [2026-05-01T19:41:55.214+0000] {dag.py:3947} INFO - Setting next_dagrun for data_pipeline to 2026-05-01 06:00:00+00:00, run_after=2026-05-02 06:00:00+00:00
[2026-05-01T19:41:55.225+0000] {processor.py:183} INFO - Processing /opt/airflow/dags/pipeline_dag.py took 0.070 seconds
[2026-05-01T19:42:25.354+0000] {processor.py:161} INFO - Started process (PID=2216) to work on /opt/airflow/dags/pipeline_dag.py
[2026-05-01T19:42:25.354+0000] {processor.py:830} INFO - Processing file /opt/airflow/dags/pipeline_dag.py for tasks to queue
[2026-05-01T19:42:25.356+0000] {logging_mixin.py:188} INFO - [2026-05-01T19:42:25.356+0000] {dagbag.py:545} INFO - Filling up the DagBag from /opt/airflow/dags/pipeline_dag.py
[2026-05-01T19:42:25.363+0000] {processor.py:840} INFO - DAG(s) 'data_pipeline' retrieved from /opt/airflow/dags/pipeline_dag.py
[2026-05-01T19:42:25.382+0000] {logging_mixin.py:188} INFO - [2026-05-01T19:42:25.382+0000] {dag.py:3089} INFO - Sync 1 DAGs
[2026-05-01T19:42:25.394+0000] {logging_mixin.py:188} INFO - [2026-05-01T19:42:25.394+0000] {dag.py:3947} INFO - Setting next_dagrun for data_pipeline to 2026-05-01 06:00:00+00:00, run_after=2026-05-02 06:00:00+00:00
[2026-05-01T19:42:25.405+0000] {processor.py:183} INFO - Processing /opt/airflow/dags/pipeline_dag.py took 0.057 seconds
[2026-05-01T19:42:55.561+0000] {processor.py:161} INFO - Started process (PID=2221) to work on /opt/airflow/dags/pipeline_dag.py
[2026-05-01T19:42:55.570+0000] {processor.py:830} INFO - Processing file /opt/airflow/dags/pipeline_dag.py for tasks to queue
[2026-05-01T19:42:55.571+0000] {logging_mixin.py:188} INFO - [2026-05-01T19:42:55.571+0000] {dagbag.py:545} INFO - Filling up the DagBag from /opt/airflow/dags/pipeline_dag.py
[2026-05-01T19:42:55.577+0000] {processor.py:840} INFO - DAG(s) 'data_pipeline' retrieved from /opt/airflow/dags/pipeline_dag.py
[2026-05-01T19:42:55.595+0000] {logging_mixin.py:188} INFO - [2026-05-01T19:42:55.595+0000] {dag.py:3089} INFO - Sync 1 DAGs
[2026-05-01T19:42:55.607+0000] {logging_mixin.py:188} INFO - [2026-05-01T19:42:55.607+0000] {dag.py:3947} INFO - Setting next_dagrun for data_pipeline to 2026-05-01 06:00:00+00:00, run_after=2026-05-02 06:00:00+00:00
[2026-05-01T19:42:55.618+0000] {processor.py:183} INFO - Processing /opt/airflow/dags/pipeline_dag.py took 0.061 seconds
[2026-05-01T19:43:25.743+0000] {processor.py:161} INFO - Started process (PID=2226) to work on /opt/airflow/dags/pipeline_dag.py
[2026-05-01T19:43:25.744+0000] {processor.py:830} INFO - Processing file /opt/airflow/dags/pipeline_dag.py for tasks to queue
[2026-05-01T19:43:25.745+0000] {logging_mixin.py:188} INFO - [2026-05-01T19:43:25.745+0000] {dagbag.py:545} INFO - Filling up the DagBag from /opt/airflow/dags/pipeline_dag.py
[2026-05-01T19:43:25.752+0000] {processor.py:840} INFO - DAG(s) 'data_pipeline' retrieved from /opt/airflow/dags/pipeline_dag.py
[2026-05-01T19:43:25.772+0000] {logging_mixin.py:188} INFO - [2026-05-01T19:43:25.772+0000] {dag.py:3089} INFO - Sync 1 DAGs
[2026-05-01T19:43:25.785+0000] {logging_mixin.py:188} INFO - [2026-05-01T19:43:25.785+0000] {dag.py:3947} INFO - Setting next_dagrun for data_pipeline to 2026-05-01 06:00:00+00:00, run_after=2026-05-02 06:00:00+00:00
[2026-05-01T19:43:25.795+0000] {processor.py:183} INFO - Processing /opt/airflow/dags/pipeline_dag.py took 0.059 seconds
[2026-05-01T19:43:55.943+0000] {processor.py:161} INFO - Started process (PID=2231) to work on /opt/airflow/dags/pipeline_dag.py
[2026-05-01T19:43:55.952+0000] {processor.py:830} INFO - Processing file /opt/airflow/dags/pipeline_dag.py for tasks to queue
[2026-05-01T19:43:55.954+0000] {logging_mixin.py:188} INFO - [2026-05-01T19:43:55.953+0000] {dagbag.py:545} INFO - Filling up the DagBag from /opt/airflow/dags/pipeline_dag.py
[2026-05-01T19:43:55.961+0000] {processor.py:840} INFO - DAG(s) 'data_pipeline' retrieved from /opt/airflow/dags/pipeline_dag.py
[2026-05-01T19:43:55.984+0000] {logging_mixin.py:188} INFO - [2026-05-01T19:43:55.983+0000] {dag.py:3089} INFO - Sync 1 DAGs
[2026-05-01T19:43:55.996+0000] {logging_mixin.py:188} INFO - [2026-05-01T19:43:55.996+0000] {dag.py:3947} INFO - Setting next_dagrun for data_pipeline to 2026-05-01 06:00:00+00:00, run_after=2026-05-02 06:00:00+00:00
[2026-05-01T19:43:56.006+0000] {processor.py:183} INFO - Processing /opt/airflow/dags/pipeline_dag.py took 0.070 seconds
[2026-05-01T19:44:26.124+0000] {processor.py:161} INFO - Started process (PID=2236) to work on /opt/airflow/dags/pipeline_dag.py
[2026-05-01T19:44:26.124+0000] {processor.py:830} INFO - Processing file /opt/airflow/dags/pipeline_dag.py for tasks to queue
[2026-05-01T19:44:26.125+0000] {logging_mixin.py:188} INFO - [2026-05-01T19:44:26.125+0000] {dagbag.py:545} INFO - Filling up the DagBag from /opt/airflow/dags/pipeline_dag.py
[2026-05-01T19:44:26.131+0000] {processor.py:840} INFO - DAG(s) 'data_pipeline' retrieved from /opt/airflow/dags/pipeline_dag.py
[2026-05-01T19:44:26.154+0000] {logging_mixin.py:188} INFO - [2026-05-01T19:44:26.154+0000] {dag.py:3089} INFO - Sync 1 DAGs
[2026-05-01T19:44:26.167+0000] {logging_mixin.py:188} INFO - [2026-05-01T19:44:26.167+0000] {dag.py:3947} INFO - Setting next_dagrun for data_pipeline to 2026-05-01 06:00:00+00:00, run_after=2026-05-02 06:00:00+00:00
[2026-05-01T19:44:26.177+0000] {processor.py:183} INFO - Processing /opt/airflow/dags/pipeline_dag.py took 0.058 seconds
[2026-05-01T19:44:56.361+0000] {processor.py:161} INFO - Started process (PID=2241) to work on /opt/airflow/dags/pipeline_dag.py
[2026-05-01T19:44:56.370+0000] {processor.py:830} INFO - Processing file /opt/airflow/dags/pipeline_dag.py for tasks to queue
[2026-05-01T19:44:56.372+0000] {logging_mixin.py:188} INFO - [2026-05-01T19:44:56.372+0000] {dagbag.py:545} INFO - Filling up the DagBag from /opt/airflow/dags/pipeline_dag.py
[2026-05-01T19:44:56.382+0000] {processor.py:840} INFO - DAG(s) 'data_pipeline' retrieved from /opt/airflow/dags/pipeline_dag.py
[2026-05-01T19:44:56.404+0000] {logging_mixin.py:188} INFO - [2026-05-01T19:44:56.404+0000] {dag.py:3089} INFO - Sync 1 DAGs
[2026-05-01T19:44:56.416+0000] {logging_mixin.py:188} INFO - [2026-05-01T19:44:56.416+0000] {dag.py:3947} INFO - Setting next_dagrun for data_pipeline to 2026-05-01 06:00:00+00:00, run_after=2026-05-02 06:00:00+00:00
[2026-05-01T19:44:56.426+0000] {processor.py:183} INFO - Processing /opt/airflow/dags/pipeline_dag.py took 0.071 seconds
[2026-05-01T19:45:26.539+0000] {processor.py:161} INFO - Started process (PID=2246) to work on /opt/airflow/dags/pipeline_dag.py
[2026-05-01T19:45:26.539+0000] {processor.py:830} INFO - Processing file /opt/airflow/dags/pipeline_dag.py for tasks to queue
[2026-05-01T19:45:26.540+0000] {logging_mixin.py:188} INFO - [2026-05-01T19:45:26.540+0000] {dagbag.py:545} INFO - Filling up the DagBag from /opt/airflow/dags/pipeline_dag.py
[2026-05-01T19:45:26.547+0000] {processor.py:840} INFO - DAG(s) 'data_pipeline' retrieved from /opt/airflow/dags/pipeline_dag.py
[2026-05-01T19:45:26.572+0000] {logging_mixin.py:188} INFO - [2026-05-01T19:45:26.571+0000] {dag.py:3089} INFO - Sync 1 DAGs
[2026-05-01T19:45:26.584+0000] {logging_mixin.py:188} INFO - [2026-05-01T19:45:26.584+0000] {dag.py:3947} INFO - Setting next_dagrun for data_pipeline to 2026-05-01 06:00:00+00:00, run_after=2026-05-02 06:00:00+00:00
[2026-05-01T19:45:26.595+0000] {processor.py:183} INFO - Processing /opt/airflow/dags/pipeline_dag.py took 0.062 seconds
[2026-05-01T19:45:56.759+0000] {processor.py:161} INFO - Started process (PID=2251) to work on /opt/airflow/dags/pipeline_dag.py
[2026-05-01T19:45:56.761+0000] {processor.py:830} INFO - Processing file /opt/airflow/dags/pipeline_dag.py for tasks to queue
[2026-05-01T19:45:56.762+0000] {logging_mixin.py:188} INFO - [2026-05-01T19:45:56.762+0000] {dagbag.py:545} INFO - Filling up the DagBag from /opt/airflow/dags/pipeline_dag.py
[2026-05-01T19:45:56.768+0000] {processor.py:840} INFO - DAG(s) 'data_pipeline' retrieved from /opt/airflow/dags/pipeline_dag.py
[2026-05-01T19:45:56.785+0000] {logging_mixin.py:188} INFO - [2026-05-01T19:45:56.785+0000] {dag.py:3089} INFO - Sync 1 DAGs
[2026-05-01T19:45:56.798+0000] {logging_mixin.py:188} INFO - [2026-05-01T19:45:56.798+0000] {dag.py:3947} INFO - Setting next_dagrun for data_pipeline to 2026-05-01 06:00:00+00:00, run_after=2026-05-02 06:00:00+00:00
[2026-05-01T19:45:56.807+0000] {processor.py:183} INFO - Processing /opt/airflow/dags/pipeline_dag.py took 0.052 seconds
[2026-05-01T19:46:26.946+0000] {processor.py:161} INFO - Started process (PID=2256) to work on /opt/airflow/dags/pipeline_dag.py
[2026-05-01T19:46:26.947+0000] {processor.py:830} INFO - Processing file /opt/airflow/dags/pipeline_dag.py for tasks to queue
[2026-05-01T19:46:26.948+0000] {logging_mixin.py:188} INFO - [2026-05-01T19:46:26.947+0000] {dagbag.py:545} INFO - Filling up the DagBag from /opt/airflow/dags/pipeline_dag.py
[2026-05-01T19:46:26.954+0000] {processor.py:840} INFO - DAG(s) 'data_pipeline' retrieved from /opt/airflow/dags/pipeline_dag.py
[2026-05-01T19:46:26.972+0000] {logging_mixin.py:188} INFO - [2026-05-01T19:46:26.972+0000] {dag.py:3089} INFO - Sync 1 DAGs
[2026-05-01T19:46:26.985+0000] {logging_mixin.py:188} INFO - [2026-05-01T19:46:26.985+0000] {dag.py:3947} INFO - Setting next_dagrun for data_pipeline to 2026-05-01 06:00:00+00:00, run_after=2026-05-02 06:00:00+00:00
[2026-05-01T19:46:26.996+0000] {processor.py:183} INFO - Processing /opt/airflow/dags/pipeline_dag.py took 0.056 seconds
[2026-05-01T19:46:57.135+0000] {processor.py:161} INFO - Started process (PID=2261) to work on /opt/airflow/dags/pipeline_dag.py
[2026-05-01T19:46:57.144+0000] {processor.py:830} INFO - Processing file /opt/airflow/dags/pipeline_dag.py for tasks to queue
[2026-05-01T19:46:57.145+0000] {logging_mixin.py:188} INFO - [2026-05-01T19:46:57.145+0000] {dagbag.py:545} INFO - Filling up the DagBag from /opt/airflow/dags/pipeline_dag.py
[2026-05-01T19:46:57.151+0000] {processor.py:840} INFO - DAG(s) 'data_pipeline' retrieved from /opt/airflow/dags/pipeline_dag.py
[2026-05-01T19:46:57.169+0000] {logging_mixin.py:188} INFO - [2026-05-01T19:46:57.169+0000] {dag.py:3089} INFO - Sync 1 DAGs
[2026-05-01T19:46:57.181+0000] {logging_mixin.py:188} INFO - [2026-05-01T19:46:57.181+0000] {dag.py:3947} INFO - Setting next_dagrun for data_pipeline to 2026-05-01 06:00:00+00:00, run_after=2026-05-02 06:00:00+00:00
[2026-05-01T19:46:57.192+0000] {processor.py:183} INFO - Processing /opt/airflow/dags/pipeline_dag.py took 0.061 seconds
[2026-05-01T19:47:27.323+0000] {processor.py:161} INFO - Started process (PID=2266) to work on /opt/airflow/dags/pipeline_dag.py
[2026-05-01T19:47:27.324+0000] {processor.py:830} INFO - Processing file /opt/airflow/dags/pipeline_dag.py for tasks to queue
[2026-05-01T19:47:27.325+0000] {logging_mixin.py:188} INFO - [2026-05-01T19:47:27.325+0000] {dagbag.py:545} INFO - Filling up the DagBag from /opt/airflow/dags/pipeline_dag.py
[2026-05-01T19:47:27.333+0000] {processor.py:840} INFO - DAG(s) 'data_pipeline' retrieved from /opt/airflow/dags/pipeline_dag.py
[2026-05-01T19:47:27.359+0000] {logging_mixin.py:188} INFO - [2026-05-01T19:47:27.359+0000] {dag.py:3089} INFO - Sync 1 DAGs
[2026-05-01T19:47:27.374+0000] {logging_mixin.py:188} INFO - [2026-05-01T19:47:27.374+0000] {dag.py:3947} INFO - Setting next_dagrun for data_pipeline to 2026-05-01 06:00:00+00:00, run_after=2026-05-02 06:00:00+00:00
[2026-05-01T19:47:27.388+0000] {processor.py:183} INFO - Processing /opt/airflow/dags/pipeline_dag.py took 0.071 seconds
[2026-05-01T19:47:57.519+0000] {processor.py:161} INFO - Started process (PID=2271) to work on /opt/airflow/dags/pipeline_dag.py
[2026-05-01T19:47:57.519+0000] {processor.py:830} INFO - Processing file /opt/airflow/dags/pipeline_dag.py for tasks to queue
[2026-05-01T19:47:57.520+0000] {logging_mixin.py:188} INFO - [2026-05-01T19:47:57.520+0000] {dagbag.py:545} INFO - Filling up the DagBag from /opt/airflow/dags/pipeline_dag.py
[2026-05-01T19:47:57.526+0000] {processor.py:840} INFO - DAG(s) 'data_pipeline' retrieved from /opt/airflow/dags/pipeline_dag.py
[2026-05-01T19:47:57.544+0000] {logging_mixin.py:188} INFO - [2026-05-01T19:47:57.544+0000] {dag.py:3089} INFO - Sync 1 DAGs
[2026-05-01T19:47:57.557+0000] {logging_mixin.py:188} INFO - [2026-05-01T19:47:57.557+0000] {dag.py:3947} INFO - Setting next_dagrun for data_pipeline to 2026-05-01 06:00:00+00:00, run_after=2026-05-02 06:00:00+00:00
[2026-05-01T19:47:57.567+0000] {processor.py:183} INFO - Processing /opt/airflow/dags/pipeline_dag.py took 0.054 seconds
[2026-05-01T19:48:27.718+0000] {processor.py:161} INFO - Started process (PID=2276) to work on /opt/airflow/dags/pipeline_dag.py
[2026-05-01T19:48:27.718+0000] {processor.py:830} INFO - Processing file /opt/airflow/dags/pipeline_dag.py for tasks to queue
[2026-05-01T19:48:27.719+0000] {logging_mixin.py:188} INFO - [2026-05-01T19:48:27.719+0000] {dagbag.py:545} INFO - Filling up the DagBag from /opt/airflow/dags/pipeline_dag.py
[2026-05-01T19:48:27.728+0000] {processor.py:840} INFO - DAG(s) 'data_pipeline' retrieved from /opt/airflow/dags/pipeline_dag.py
[2026-05-01T19:48:27.746+0000] {logging_mixin.py:188} INFO - [2026-05-01T19:48:27.746+0000] {dag.py:3089} INFO - Sync 1 DAGs
[2026-05-01T19:48:27.758+0000] {logging_mixin.py:188} INFO - [2026-05-01T19:48:27.758+0000] {dag.py:3947} INFO - Setting next_dagrun for data_pipeline to 2026-05-01 06:00:00+00:00, run_after=2026-05-02 06:00:00+00:00
[2026-05-01T19:48:27.769+0000] {processor.py:183} INFO - Processing /opt/airflow/dags/pipeline_dag.py took 0.056 seconds
[2026-05-01T19:48:57.907+0000] {processor.py:161} INFO - Started process (PID=2281) to work on /opt/airflow/dags/pipeline_dag.py
[2026-05-01T19:48:57.916+0000] {processor.py:830} INFO - Processing file /opt/airflow/dags/pipeline_dag.py for tasks to queue
[2026-05-01T19:48:57.918+0000] {logging_mixin.py:188} INFO - [2026-05-01T19:48:57.918+0000] {dagbag.py:545} INFO - Filling up the DagBag from /opt/airflow/dags/pipeline_dag.py
[2026-05-01T19:48:57.926+0000] {processor.py:840} INFO - DAG(s) 'data_pipeline' retrieved from /opt/airflow/dags/pipeline_dag.py
[2026-05-01T19:48:57.956+0000] {logging_mixin.py:188} INFO - [2026-05-01T19:48:57.956+0000] {dag.py:3089} INFO - Sync 1 DAGs
[2026-05-01T19:48:57.969+0000] {logging_mixin.py:188} INFO - [2026-05-01T19:48:57.969+0000] {dag.py:3947} INFO - Setting next_dagrun for data_pipeline to 2026-05-01 06:00:00+00:00, run_after=2026-05-02 06:00:00+00:00
[2026-05-01T19:48:57.979+0000] {processor.py:183} INFO - Processing /opt/airflow/dags/pipeline_dag.py took 0.078 seconds
[2026-05-01T19:49:28.091+0000] {processor.py:161} INFO - Started process (PID=2286) to work on /opt/airflow/dags/pipeline_dag.py
[2026-05-01T19:49:28.091+0000] {processor.py:830} INFO - Processing file /opt/airflow/dags/pipeline_dag.py for tasks to queue
[2026-05-01T19:49:28.093+0000] {logging_mixin.py:188} INFO - [2026-05-01T19:49:28.092+0000] {dagbag.py:545} INFO - Filling up the DagBag from /opt/airflow/dags/pipeline_dag.py
[2026-05-01T19:49:28.099+0000] {processor.py:840} INFO - DAG(s) 'data_pipeline' retrieved from /opt/airflow/dags/pipeline_dag.py
[2026-05-01T19:49:28.122+0000] {logging_mixin.py:188} INFO - [2026-05-01T19:49:28.121+0000] {dag.py:3089} INFO - Sync 1 DAGs
[2026-05-01T19:49:28.134+0000] {logging_mixin.py:188} INFO - [2026-05-01T19:49:28.134+0000] {dag.py:3947} INFO - Setting next_dagrun for data_pipeline to 2026-05-01 06:00:00+00:00, run_after=2026-05-02 06:00:00+00:00
[2026-05-01T19:49:28.145+0000] {processor.py:183} INFO - Processing /opt/airflow/dags/pipeline_dag.py took 0.061 seconds
[2026-05-01T19:49:58.317+0000] {processor.py:161} INFO - Started process (PID=2291) to work on /opt/airflow/dags/pipeline_dag.py
[2026-05-01T19:49:58.326+0000] {processor.py:830} INFO - Processing file /opt/airflow/dags/pipeline_dag.py for tasks to queue
[2026-05-01T19:49:58.328+0000] {logging_mixin.py:188} INFO - [2026-05-01T19:49:58.327+0000] {dagbag.py:545} INFO - Filling up the DagBag from /opt/airflow/dags/pipeline_dag.py
[2026-05-01T19:49:58.334+0000] {processor.py:840} INFO - DAG(s) 'data_pipeline' retrieved from /opt/airflow/dags/pipeline_dag.py
[2026-05-01T19:49:58.351+0000] {logging_mixin.py:188} INFO - [2026-05-01T19:49:58.351+0000] {dag.py:3089} INFO - Sync 1 DAGs
[2026-05-01T19:49:58.363+0000] {logging_mixin.py:188} INFO - [2026-05-01T19:49:58.363+0000] {dag.py:3947} INFO - Setting next_dagrun for data_pipeline to 2026-05-01 06:00:00+00:00, run_after=2026-05-02 06:00:00+00:00
[2026-05-01T19:49:58.377+0000] {processor.py:183} INFO - Processing /opt/airflow/dags/pipeline_dag.py took 0.064 seconds
[2026-05-01T19:50:28.516+0000] {processor.py:161} INFO - Started process (PID=2296) to work on /opt/airflow/dags/pipeline_dag.py
[2026-05-01T19:50:28.516+0000] {processor.py:830} INFO - Processing file /opt/airflow/dags/pipeline_dag.py for tasks to queue
[2026-05-01T19:50:28.518+0000] {logging_mixin.py:188} INFO - [2026-05-01T19:50:28.518+0000] {dagbag.py:545} INFO - Filling up the DagBag from /opt/airflow/dags/pipeline_dag.py
[2026-05-01T19:50:28.525+0000] {processor.py:840} INFO - DAG(s) 'data_pipeline' retrieved from /opt/airflow/dags/pipeline_dag.py
[2026-05-01T19:50:28.545+0000] {logging_mixin.py:188} INFO - [2026-05-01T19:50:28.545+0000] {dag.py:3089} INFO - Sync 1 DAGs
[2026-05-01T19:50:28.557+0000] {logging_mixin.py:188} INFO - [2026-05-01T19:50:28.557+0000] {dag.py:3947} INFO - Setting next_dagrun for data_pipeline to 2026-05-01 06:00:00+00:00, run_after=2026-05-02 06:00:00+00:00
[2026-05-01T19:50:28.567+0000] {processor.py:183} INFO - Processing /opt/airflow/dags/pipeline_dag.py took 0.058 seconds
[2026-05-01T19:50:58.707+0000] {processor.py:161} INFO - Started process (PID=2301) to work on /opt/airflow/dags/pipeline_dag.py
[2026-05-01T19:50:58.716+0000] {processor.py:830} INFO - Processing file /opt/airflow/dags/pipeline_dag.py for tasks to queue
[2026-05-01T19:50:58.717+0000] {logging_mixin.py:188} INFO - [2026-05-01T19:50:58.717+0000] {dagbag.py:545} INFO - Filling up the DagBag from /opt/airflow/dags/pipeline_dag.py
[2026-05-01T19:50:58.726+0000] {processor.py:840} INFO - DAG(s) 'data_pipeline' retrieved from /opt/airflow/dags/pipeline_dag.py
[2026-05-01T19:50:58.744+0000] {logging_mixin.py:188} INFO - [2026-05-01T19:50:58.744+0000] {dag.py:3089} INFO - Sync 1 DAGs
[2026-05-01T19:50:58.756+0000] {logging_mixin.py:188} INFO - [2026-05-01T19:50:58.756+0000] {dag.py:3947} INFO - Setting next_dagrun for data_pipeline to 2026-05-01 06:00:00+00:00, run_after=2026-05-02 06:00:00+00:00
[2026-05-01T19:50:58.766+0000] {processor.py:183} INFO - Processing /opt/airflow/dags/pipeline_dag.py took 0.066 seconds
[2026-05-01T19:51:28.912+0000] {processor.py:161} INFO - Started process (PID=2306) to work on /opt/airflow/dags/pipeline_dag.py
[2026-05-01T19:51:28.913+0000] {processor.py:830} INFO - Processing file /opt/airflow/dags/pipeline_dag.py for tasks to queue
[2026-05-01T19:51:28.914+0000] {logging_mixin.py:188} INFO - [2026-05-01T19:51:28.914+0000] {dagbag.py:545} INFO - Filling up the DagBag from /opt/airflow/dags/pipeline_dag.py
[2026-05-01T19:51:28.921+0000] {processor.py:840} INFO - DAG(s) 'data_pipeline' retrieved from /opt/airflow/dags/pipeline_dag.py
[2026-05-01T19:51:28.941+0000] {logging_mixin.py:188} INFO - [2026-05-01T19:51:28.941+0000] {dag.py:3089} INFO - Sync 1 DAGs
[2026-05-01T19:51:28.954+0000] {logging_mixin.py:188} INFO - [2026-05-01T19:51:28.954+0000] {dag.py:3947} INFO - Setting next_dagrun for data_pipeline to 2026-05-01 06:00:00+00:00, run_after=2026-05-02 06:00:00+00:00
[2026-05-01T19:51:28.967+0000] {processor.py:183} INFO - Processing /opt/airflow/dags/pipeline_dag.py took 0.060 seconds
[2026-05-01T19:51:59.092+0000] {processor.py:161} INFO - Started process (PID=2311) to work on /opt/airflow/dags/pipeline_dag.py
[2026-05-01T19:51:59.101+0000] {processor.py:830} INFO - Processing file /opt/airflow/dags/pipeline_dag.py for tasks to queue
[2026-05-01T19:51:59.102+0000] {logging_mixin.py:188} INFO - [2026-05-01T19:51:59.102+0000] {dagbag.py:545} INFO - Filling up the DagBag from /opt/airflow/dags/pipeline_dag.py
[2026-05-01T19:51:59.108+0000] {processor.py:840} INFO - DAG(s) 'data_pipeline' retrieved from /opt/airflow/dags/pipeline_dag.py
[2026-05-01T19:51:59.131+0000] {logging_mixin.py:188} INFO - [2026-05-01T19:51:59.130+0000] {dag.py:3089} INFO - Sync 1 DAGs
[2026-05-01T19:51:59.143+0000] {logging_mixin.py:188} INFO - [2026-05-01T19:51:59.143+0000] {dag.py:3947} INFO - Setting next_dagrun for data_pipeline to 2026-05-01 06:00:00+00:00, run_after=2026-05-02 06:00:00+00:00
[2026-05-01T19:51:59.154+0000] {processor.py:183} INFO - Processing /opt/airflow/dags/pipeline_dag.py took 0.066 seconds
[2026-05-01T19:52:29.302+0000] {processor.py:161} INFO - Started process (PID=2316) to work on /opt/airflow/dags/pipeline_dag.py
[2026-05-01T19:52:29.303+0000] {processor.py:830} INFO - Processing file /opt/airflow/dags/pipeline_dag.py for tasks to queue
[2026-05-01T19:52:29.304+0000] {logging_mixin.py:188} INFO - [2026-05-01T19:52:29.304+0000] {dagbag.py:545} INFO - Filling up the DagBag from /opt/airflow/dags/pipeline_dag.py
[2026-05-01T19:52:29.311+0000] {processor.py:840} INFO - DAG(s) 'data_pipeline' retrieved from /opt/airflow/dags/pipeline_dag.py
[2026-05-01T19:52:29.337+0000] {logging_mixin.py:188} INFO - [2026-05-01T19:52:29.336+0000] {dag.py:3089} INFO - Sync 1 DAGs
[2026-05-01T19:52:29.349+0000] {logging_mixin.py:188} INFO - [2026-05-01T19:52:29.349+0000] {dag.py:3947} INFO - Setting next_dagrun for data_pipeline to 2026-05-01 06:00:00+00:00, run_after=2026-05-02 06:00:00+00:00
[2026-05-01T19:52:29.360+0000] {processor.py:183} INFO - Processing /opt/airflow/dags/pipeline_dag.py took 0.064 seconds
[2026-05-01T19:52:59.501+0000] {processor.py:161} INFO - Started process (PID=2321) to work on /opt/airflow/dags/pipeline_dag.py
[2026-05-01T19:52:59.510+0000] {processor.py:830} INFO - Processing file /opt/airflow/dags/pipeline_dag.py for tasks to queue
[2026-05-01T19:52:59.512+0000] {logging_mixin.py:188} INFO - [2026-05-01T19:52:59.512+0000] {dagbag.py:545} INFO - Filling up the DagBag from /opt/airflow/dags/pipeline_dag.py
[2026-05-01T19:52:59.521+0000] {processor.py:840} INFO - DAG(s) 'data_pipeline' retrieved from /opt/airflow/dags/pipeline_dag.py
[2026-05-01T19:52:59.545+0000] {logging_mixin.py:188} INFO - [2026-05-01T19:52:59.545+0000] {dag.py:3089} INFO - Sync 1 DAGs
[2026-05-01T19:52:59.565+0000] {logging_mixin.py:188} INFO - [2026-05-01T19:52:59.565+0000] {dag.py:3947} INFO - Setting next_dagrun for data_pipeline to 2026-05-01 06:00:00+00:00, run_after=2026-05-02 06:00:00+00:00
[2026-05-01T19:52:59.580+0000] {processor.py:183} INFO - Processing /opt/airflow/dags/pipeline_dag.py took 0.085 seconds
[2026-05-01T19:53:29.702+0000] {processor.py:161} INFO - Started process (PID=2326) to work on /opt/airflow/dags/pipeline_dag.py
[2026-05-01T19:53:29.702+0000] {processor.py:830} INFO - Processing file /opt/airflow/dags/pipeline_dag.py for tasks to queue
[2026-05-01T19:53:29.703+0000] {logging_mixin.py:188} INFO - [2026-05-01T19:53:29.703+0000] {dagbag.py:545} INFO - Filling up the DagBag from /opt/airflow/dags/pipeline_dag.py
[2026-05-01T19:53:29.709+0000] {processor.py:840} INFO - DAG(s) 'data_pipeline' retrieved from /opt/airflow/dags/pipeline_dag.py
[2026-05-01T19:53:29.727+0000] {logging_mixin.py:188} INFO - [2026-05-01T19:53:29.727+0000] {dag.py:3089} INFO - Sync 1 DAGs
[2026-05-01T19:53:29.739+0000] {logging_mixin.py:188} INFO - [2026-05-01T19:53:29.739+0000] {dag.py:3947} INFO - Setting next_dagrun for data_pipeline to 2026-05-01 06:00:00+00:00, run_after=2026-05-02 06:00:00+00:00
[2026-05-01T19:53:29.750+0000] {processor.py:183} INFO - Processing /opt/airflow/dags/pipeline_dag.py took 0.051 seconds
[2026-05-01T19:53:59.908+0000] {processor.py:161} INFO - Started process (PID=2331) to work on /opt/airflow/dags/pipeline_dag.py
[2026-05-01T19:53:59.917+0000] {processor.py:830} INFO - Processing file /opt/airflow/dags/pipeline_dag.py for tasks to queue
[2026-05-01T19:53:59.919+0000] {logging_mixin.py:188} INFO - [2026-05-01T19:53:59.918+0000] {dagbag.py:545} INFO - Filling up the DagBag from /opt/airflow/dags/pipeline_dag.py
[2026-05-01T19:53:59.928+0000] {processor.py:840} INFO - DAG(s) 'data_pipeline' retrieved from /opt/airflow/dags/pipeline_dag.py
[2026-05-01T19:53:59.945+0000] {logging_mixin.py:188} INFO - [2026-05-01T19:53:59.945+0000] {dag.py:3089} INFO - Sync 1 DAGs
[2026-05-01T19:53:59.958+0000] {logging_mixin.py:188} INFO - [2026-05-01T19:53:59.958+0000] {dag.py:3947} INFO - Setting next_dagrun for data_pipeline to 2026-05-01 06:00:00+00:00, run_after=2026-05-02 06:00:00+00:00
[2026-05-01T19:53:59.974+0000] {processor.py:183} INFO - Processing /opt/airflow/dags/pipeline_dag.py took 0.070 seconds
[2026-05-01T19:54:30.085+0000] {processor.py:161} INFO - Started process (PID=2336) to work on /opt/airflow/dags/pipeline_dag.py
[2026-05-01T19:54:30.085+0000] {processor.py:830} INFO - Processing file /opt/airflow/dags/pipeline_dag.py for tasks to queue
[2026-05-01T19:54:30.086+0000] {logging_mixin.py:188} INFO - [2026-05-01T19:54:30.086+0000] {dagbag.py:545} INFO - Filling up the DagBag from /opt/airflow/dags/pipeline_dag.py
[2026-05-01T19:54:30.092+0000] {processor.py:840} INFO - DAG(s) 'data_pipeline' retrieved from /opt/airflow/dags/pipeline_dag.py
[2026-05-01T19:54:30.110+0000] {logging_mixin.py:188} INFO - [2026-05-01T19:54:30.110+0000] {dag.py:3089} INFO - Sync 1 DAGs
[2026-05-01T19:54:30.122+0000] {logging_mixin.py:188} INFO - [2026-05-01T19:54:30.122+0000] {dag.py:3947} INFO - Setting next_dagrun for data_pipeline to 2026-05-01 06:00:00+00:00, run_after=2026-05-02 06:00:00+00:00
[2026-05-01T19:54:30.134+0000] {processor.py:183} INFO - Processing /opt/airflow/dags/pipeline_dag.py took 0.053 seconds
[2026-05-01T19:55:00.318+0000] {processor.py:161} INFO - Started process (PID=2341) to work on /opt/airflow/dags/pipeline_dag.py
[2026-05-01T19:55:00.327+0000] {processor.py:830} INFO - Processing file /opt/airflow/dags/pipeline_dag.py for tasks to queue
[2026-05-01T19:55:00.329+0000] {logging_mixin.py:188} INFO - [2026-05-01T19:55:00.328+0000] {dagbag.py:545} INFO - Filling up the DagBag from /opt/airflow/dags/pipeline_dag.py
[2026-05-01T19:55:00.334+0000] {processor.py:840} INFO - DAG(s) 'data_pipeline' retrieved from /opt/airflow/dags/pipeline_dag.py
[2026-05-01T19:55:00.351+0000] {logging_mixin.py:188} INFO - [2026-05-01T19:55:00.351+0000] {dag.py:3089} INFO - Sync 1 DAGs
[2026-05-01T19:55:00.363+0000] {logging_mixin.py:188} INFO - [2026-05-01T19:55:00.363+0000] {dag.py:3947} INFO - Setting next_dagrun for data_pipeline to 2026-05-01 06:00:00+00:00, run_after=2026-05-02 06:00:00+00:00
[2026-05-01T19:55:00.373+0000] {processor.py:183} INFO - Processing /opt/airflow/dags/pipeline_dag.py took 0.058 seconds
[2026-05-01T19:55:30.503+0000] {processor.py:161} INFO - Started process (PID=2346) to work on /opt/airflow/dags/pipeline_dag.py
[2026-05-01T19:55:30.503+0000] {processor.py:830} INFO - Processing file /opt/airflow/dags/pipeline_dag.py for tasks to queue
[2026-05-01T19:55:30.505+0000] {logging_mixin.py:188} INFO - [2026-05-01T19:55:30.505+0000] {dagbag.py:545} INFO - Filling up the DagBag from /opt/airflow/dags/pipeline_dag.py
[2026-05-01T19:55:30.511+0000] {processor.py:840} INFO - DAG(s) 'data_pipeline' retrieved from /opt/airflow/dags/pipeline_dag.py
[2026-05-01T19:55:30.537+0000] {logging_mixin.py:188} INFO - [2026-05-01T19:55:30.537+0000] {dag.py:3089} INFO - Sync 1 DAGs
[2026-05-01T19:55:30.549+0000] {logging_mixin.py:188} INFO - [2026-05-01T19:55:30.549+0000] {dag.py:3947} INFO - Setting next_dagrun for data_pipeline to 2026-05-01 06:00:00+00:00, run_after=2026-05-02 06:00:00+00:00
[2026-05-01T19:55:30.562+0000] {processor.py:183} INFO - Processing /opt/airflow/dags/pipeline_dag.py took 0.066 seconds
[2026-05-01T19:56:00.689+0000] {processor.py:161} INFO - Started process (PID=2351) to work on /opt/airflow/dags/pipeline_dag.py
[2026-05-01T19:56:00.698+0000] {processor.py:830} INFO - Processing file /opt/airflow/dags/pipeline_dag.py for tasks to queue
[2026-05-01T19:56:00.700+0000] {logging_mixin.py:188} INFO - [2026-05-01T19:56:00.700+0000] {dagbag.py:545} INFO - Filling up the DagBag from /opt/airflow/dags/pipeline_dag.py
[2026-05-01T19:56:00.708+0000] {processor.py:840} INFO - DAG(s) 'data_pipeline' retrieved from /opt/airflow/dags/pipeline_dag.py
[2026-05-01T19:56:00.728+0000] {logging_mixin.py:188} INFO - [2026-05-01T19:56:00.728+0000] {dag.py:3089} INFO - Sync 1 DAGs
[2026-05-01T19:56:00.740+0000] {logging_mixin.py:188} INFO - [2026-05-01T19:56:00.740+0000] {dag.py:3947} INFO - Setting next_dagrun for data_pipeline to 2026-05-01 06:00:00+00:00, run_after=2026-05-02 06:00:00+00:00
[2026-05-01T19:56:00.750+0000] {processor.py:183} INFO - Processing /opt/airflow/dags/pipeline_dag.py took 0.068 seconds
[2026-05-01T19:56:30.890+0000] {processor.py:161} INFO - Started process (PID=2356) to work on /opt/airflow/dags/pipeline_dag.py
[2026-05-01T19:56:30.890+0000] {processor.py:830} INFO - Processing file /opt/airflow/dags/pipeline_dag.py for tasks to queue
[2026-05-01T19:56:30.891+0000] {logging_mixin.py:188} INFO - [2026-05-01T19:56:30.890+0000] {dagbag.py:545} INFO - Filling up the DagBag from /opt/airflow/dags/pipeline_dag.py
[2026-05-01T19:56:30.897+0000] {processor.py:840} INFO - DAG(s) 'data_pipeline' retrieved from /opt/airflow/dags/pipeline_dag.py
[2026-05-01T19:56:30.914+0000] {logging_mixin.py:188} INFO - [2026-05-01T19:56:30.914+0000] {dag.py:3089} INFO - Sync 1 DAGs
[2026-05-01T19:56:30.926+0000] {logging_mixin.py:188} INFO - [2026-05-01T19:56:30.926+0000] {dag.py:3947} INFO - Setting next_dagrun for data_pipeline to 2026-05-01 06:00:00+00:00, run_after=2026-05-02 06:00:00+00:00
[2026-05-01T19:56:30.936+0000] {processor.py:183} INFO - Processing /opt/airflow/dags/pipeline_dag.py took 0.051 seconds
[2026-05-01T19:57:01.077+0000] {processor.py:161} INFO - Started process (PID=2361) to work on /opt/airflow/dags/pipeline_dag.py
[2026-05-01T19:57:01.086+0000] {processor.py:830} INFO - Processing file /opt/airflow/dags/pipeline_dag.py for tasks to queue
[2026-05-01T19:57:01.088+0000] {logging_mixin.py:188} INFO - [2026-05-01T19:57:01.087+0000] {dagbag.py:545} INFO - Filling up the DagBag from /opt/airflow/dags/pipeline_dag.py
[2026-05-01T19:57:01.094+0000] {processor.py:840} INFO - DAG(s) 'data_pipeline' retrieved from /opt/airflow/dags/pipeline_dag.py
[2026-05-01T19:57:01.111+0000] {logging_mixin.py:188} INFO - [2026-05-01T19:57:01.111+0000] {dag.py:3089} INFO - Sync 1 DAGs
[2026-05-01T19:57:01.123+0000] {logging_mixin.py:188} INFO - [2026-05-01T19:57:01.123+0000] {dag.py:3947} INFO - Setting next_dagrun for data_pipeline to 2026-05-01 06:00:00+00:00, run_after=2026-05-02 06:00:00+00:00
[2026-05-01T19:57:01.133+0000] {processor.py:183} INFO - Processing /opt/airflow/dags/pipeline_dag.py took 0.063 seconds
[2026-05-01T19:57:31.274+0000] {processor.py:161} INFO - Started process (PID=2366) to work on /opt/airflow/dags/pipeline_dag.py
[2026-05-01T19:57:31.275+0000] {processor.py:830} INFO - Processing file /opt/airflow/dags/pipeline_dag.py for tasks to queue
[2026-05-01T19:57:31.276+0000] {logging_mixin.py:188} INFO - [2026-05-01T19:57:31.276+0000] {dagbag.py:545} INFO - Filling up the DagBag from /opt/airflow/dags/pipeline_dag.py
[2026-05-01T19:57:31.283+0000] {processor.py:840} INFO - DAG(s) 'data_pipeline' retrieved from /opt/airflow/dags/pipeline_dag.py
[2026-05-01T19:57:31.314+0000] {logging_mixin.py:188} INFO - [2026-05-01T19:57:31.314+0000] {dag.py:3089} INFO - Sync 1 DAGs
[2026-05-01T19:57:31.332+0000] {logging_mixin.py:188} INFO - [2026-05-01T19:57:31.332+0000] {dag.py:3947} INFO - Setting next_dagrun for data_pipeline to 2026-05-01 06:00:00+00:00, run_after=2026-05-02 06:00:00+00:00
[2026-05-01T19:57:31.343+0000] {processor.py:183} INFO - Processing /opt/airflow/dags/pipeline_dag.py took 0.075 seconds
[2026-05-01T19:58:01.482+0000] {processor.py:161} INFO - Started process (PID=2371) to work on /opt/airflow/dags/pipeline_dag.py
[2026-05-01T19:58:01.491+0000] {processor.py:830} INFO - Processing file /opt/airflow/dags/pipeline_dag.py for tasks to queue
[2026-05-01T19:58:01.493+0000] {logging_mixin.py:188} INFO - [2026-05-01T19:58:01.493+0000] {dagbag.py:545} INFO - Filling up the DagBag from /opt/airflow/dags/pipeline_dag.py
[2026-05-01T19:58:01.501+0000] {processor.py:840} INFO - DAG(s) 'data_pipeline' retrieved from /opt/airflow/dags/pipeline_dag.py
[2026-05-01T19:58:01.524+0000] {logging_mixin.py:188} INFO - [2026-05-01T19:58:01.524+0000] {dag.py:3089} INFO - Sync 1 DAGs
[2026-05-01T19:58:01.537+0000] {logging_mixin.py:188} INFO - [2026-05-01T19:58:01.537+0000] {dag.py:3947} INFO - Setting next_dagrun for data_pipeline to 2026-05-01 06:00:00+00:00, run_after=2026-05-02 06:00:00+00:00
[2026-05-01T19:58:01.550+0000] {processor.py:183} INFO - Processing /opt/airflow/dags/pipeline_dag.py took 0.074 seconds
[2026-05-01T19:58:31.675+0000] {processor.py:161} INFO - Started process (PID=2376) to work on /opt/airflow/dags/pipeline_dag.py
[2026-05-01T19:58:31.676+0000] {processor.py:830} INFO - Processing file /opt/airflow/dags/pipeline_dag.py for tasks to queue
[2026-05-01T19:58:31.677+0000] {logging_mixin.py:188} INFO - [2026-05-01T19:58:31.677+0000] {dagbag.py:545} INFO - Filling up the DagBag from /opt/airflow/dags/pipeline_dag.py
[2026-05-01T19:58:31.683+0000] {processor.py:840} INFO - DAG(s) 'data_pipeline' retrieved from /opt/airflow/dags/pipeline_dag.py
[2026-05-01T19:58:31.713+0000] {logging_mixin.py:188} INFO - [2026-05-01T19:58:31.713+0000] {dag.py:3089} INFO - Sync 1 DAGs
[2026-05-01T19:58:31.726+0000] {logging_mixin.py:188} INFO - [2026-05-01T19:58:31.725+0000] {dag.py:3947} INFO - Setting next_dagrun for data_pipeline to 2026-05-01 06:00:00+00:00, run_after=2026-05-02 06:00:00+00:00
[2026-05-01T19:58:31.737+0000] {processor.py:183} INFO - Processing /opt/airflow/dags/pipeline_dag.py took 0.068 seconds
[2026-05-01T19:59:01.883+0000] {processor.py:161} INFO - Started process (PID=2381) to work on /opt/airflow/dags/pipeline_dag.py
[2026-05-01T19:59:01.892+0000] {processor.py:830} INFO - Processing file /opt/airflow/dags/pipeline_dag.py for tasks to queue
[2026-05-01T19:59:01.895+0000] {logging_mixin.py:188} INFO - [2026-05-01T19:59:01.894+0000] {dagbag.py:545} INFO - Filling up the DagBag from /opt/airflow/dags/pipeline_dag.py
[2026-05-01T19:59:01.903+0000] {processor.py:840} INFO - DAG(s) 'data_pipeline' retrieved from /opt/airflow/dags/pipeline_dag.py
[2026-05-01T19:59:01.920+0000] {logging_mixin.py:188} INFO - [2026-05-01T19:59:01.920+0000] {dag.py:3089} INFO - Sync 1 DAGs
[2026-05-01T19:59:01.932+0000] {logging_mixin.py:188} INFO - [2026-05-01T19:59:01.932+0000] {dag.py:3947} INFO - Setting next_dagrun for data_pipeline to 2026-05-01 06:00:00+00:00, run_after=2026-05-02 06:00:00+00:00
[2026-05-01T19:59:01.944+0000] {processor.py:183} INFO - Processing /opt/airflow/dags/pipeline_dag.py took 0.066 seconds
[2026-05-01T19:59:32.057+0000] {processor.py:161} INFO - Started process (PID=2386) to work on /opt/airflow/dags/pipeline_dag.py
[2026-05-01T19:59:32.057+0000] {processor.py:830} INFO - Processing file /opt/airflow/dags/pipeline_dag.py for tasks to queue
[2026-05-01T19:59:32.058+0000] {logging_mixin.py:188} INFO - [2026-05-01T19:59:32.058+0000] {dagbag.py:545} INFO - Filling up the DagBag from /opt/airflow/dags/pipeline_dag.py
[2026-05-01T19:59:32.065+0000] {processor.py:840} INFO - DAG(s) 'data_pipeline' retrieved from /opt/airflow/dags/pipeline_dag.py
[2026-05-01T19:59:32.083+0000] {logging_mixin.py:188} INFO - [2026-05-01T19:59:32.083+0000] {dag.py:3089} INFO - Sync 1 DAGs
[2026-05-01T19:59:32.095+0000] {logging_mixin.py:188} INFO - [2026-05-01T19:59:32.095+0000] {dag.py:3947} INFO - Setting next_dagrun for data_pipeline to 2026-05-01 06:00:00+00:00, run_after=2026-05-02 06:00:00+00:00
[2026-05-01T19:59:32.106+0000] {processor.py:183} INFO - Processing /opt/airflow/dags/pipeline_dag.py took 0.056 seconds
[2026-05-01T20:00:02.245+0000] {processor.py:161} INFO - Started process (PID=2391) to work on /opt/airflow/dags/pipeline_dag.py
[2026-05-01T20:00:02.255+0000] {processor.py:830} INFO - Processing file /opt/airflow/dags/pipeline_dag.py for tasks to queue
[2026-05-01T20:00:02.257+0000] {logging_mixin.py:188} INFO - [2026-05-01T20:00:02.256+0000] {dagbag.py:545} INFO - Filling up the DagBag from /opt/airflow/dags/pipeline_dag.py
[2026-05-01T20:00:02.265+0000] {processor.py:840} INFO - DAG(s) 'data_pipeline' retrieved from /opt/airflow/dags/pipeline_dag.py
[2026-05-01T20:00:02.284+0000] {logging_mixin.py:188} INFO - [2026-05-01T20:00:02.283+0000] {dag.py:3089} INFO - Sync 1 DAGs
[2026-05-01T20:00:02.296+0000] {logging_mixin.py:188} INFO - [2026-05-01T20:00:02.295+0000] {dag.py:3947} INFO - Setting next_dagrun for data_pipeline to 2026-05-01 06:00:00+00:00, run_after=2026-05-02 06:00:00+00:00
[2026-05-01T20:00:02.306+0000] {processor.py:183} INFO - Processing /opt/airflow/dags/pipeline_dag.py took 0.066 seconds
[2026-05-01T20:00:32.442+0000] {processor.py:161} INFO - Started process (PID=2396) to work on /opt/airflow/dags/pipeline_dag.py
[2026-05-01T20:00:32.442+0000] {processor.py:830} INFO - Processing file /opt/airflow/dags/pipeline_dag.py for tasks to queue
[2026-05-01T20:00:32.444+0000] {logging_mixin.py:188} INFO - [2026-05-01T20:00:32.444+0000] {dagbag.py:545} INFO - Filling up the DagBag from /opt/airflow/dags/pipeline_dag.py
[2026-05-01T20:00:32.457+0000] {processor.py:840} INFO - DAG(s) 'data_pipeline' retrieved from /opt/airflow/dags/pipeline_dag.py
[2026-05-01T20:00:32.493+0000] {logging_mixin.py:188} INFO - [2026-05-01T20:00:32.492+0000] {dag.py:3089} INFO - Sync 1 DAGs
[2026-05-01T20:00:32.519+0000] {logging_mixin.py:188} INFO - [2026-05-01T20:00:32.518+0000] {dag.py:3947} INFO - Setting next_dagrun for data_pipeline to 2026-05-01 06:00:00+00:00, run_after=2026-05-02 06:00:00+00:00
[2026-05-01T20:00:32.537+0000] {processor.py:183} INFO - Processing /opt/airflow/dags/pipeline_dag.py took 0.103 seconds
[2026-05-01T20:01:02.651+0000] {processor.py:161} INFO - Started process (PID=2401) to work on /opt/airflow/dags/pipeline_dag.py
[2026-05-01T20:01:02.652+0000] {processor.py:830} INFO - Processing file /opt/airflow/dags/pipeline_dag.py for tasks to queue
[2026-05-01T20:01:02.655+0000] {logging_mixin.py:188} INFO - [2026-05-01T20:01:02.654+0000] {dagbag.py:545} INFO - Filling up the DagBag from /opt/airflow/dags/pipeline_dag.py
[2026-05-01T20:01:02.670+0000] {processor.py:840} INFO - DAG(s) 'data_pipeline' retrieved from /opt/airflow/dags/pipeline_dag.py
[2026-05-01T20:01:02.715+0000] {logging_mixin.py:188} INFO - [2026-05-01T20:01:02.715+0000] {dag.py:3089} INFO - Sync 1 DAGs
[2026-05-01T20:01:02.743+0000] {logging_mixin.py:188} INFO - [2026-05-01T20:01:02.743+0000] {dag.py:3947} INFO - Setting next_dagrun for data_pipeline to 2026-05-01 06:00:00+00:00, run_after=2026-05-02 06:00:00+00:00
[2026-05-01T20:01:02.770+0000] {processor.py:183} INFO - Processing /opt/airflow/dags/pipeline_dag.py took 0.127 seconds
[2026-05-01T20:01:32.882+0000] {processor.py:161} INFO - Started process (PID=2406) to work on /opt/airflow/dags/pipeline_dag.py
[2026-05-01T20:01:32.883+0000] {processor.py:830} INFO - Processing file /opt/airflow/dags/pipeline_dag.py for tasks to queue
[2026-05-01T20:01:32.885+0000] {logging_mixin.py:188} INFO - [2026-05-01T20:01:32.885+0000] {dagbag.py:545} INFO - Filling up the DagBag from /opt/airflow/dags/pipeline_dag.py
[2026-05-01T20:01:32.899+0000] {processor.py:840} INFO - DAG(s) 'data_pipeline' retrieved from /opt/airflow/dags/pipeline_dag.py
[2026-05-01T20:01:32.938+0000] {logging_mixin.py:188} INFO - [2026-05-01T20:01:32.937+0000] {dag.py:3089} INFO - Sync 1 DAGs
[2026-05-01T20:01:32.965+0000] {logging_mixin.py:188} INFO - [2026-05-01T20:01:32.965+0000] {dag.py:3947} INFO - Setting next_dagrun for data_pipeline to 2026-05-01 06:00:00+00:00, run_after=2026-05-02 06:00:00+00:00
[2026-05-01T20:01:32.988+0000] {processor.py:183} INFO - Processing /opt/airflow/dags/pipeline_dag.py took 0.115 seconds
[2026-05-01T20:02:03.135+0000] {processor.py:161} INFO - Started process (PID=2411) to work on /opt/airflow/dags/pipeline_dag.py
[2026-05-01T20:02:03.145+0000] {processor.py:830} INFO - Processing file /opt/airflow/dags/pipeline_dag.py for tasks to queue
[2026-05-01T20:02:03.147+0000] {logging_mixin.py:188} INFO - [2026-05-01T20:02:03.147+0000] {dagbag.py:545} INFO - Filling up the DagBag from /opt/airflow/dags/pipeline_dag.py
[2026-05-01T20:02:03.163+0000] {processor.py:840} INFO - DAG(s) 'data_pipeline' retrieved from /opt/airflow/dags/pipeline_dag.py
[2026-05-01T20:02:03.206+0000] {logging_mixin.py:188} INFO - [2026-05-01T20:02:03.205+0000] {dag.py:3089} INFO - Sync 1 DAGs
[2026-05-01T20:02:03.233+0000] {logging_mixin.py:188} INFO - [2026-05-01T20:02:03.233+0000] {dag.py:3947} INFO - Setting next_dagrun for data_pipeline to 2026-05-01 06:00:00+00:00, run_after=2026-05-02 06:00:00+00:00
[2026-05-01T20:02:03.255+0000] {processor.py:183} INFO - Processing /opt/airflow/dags/pipeline_dag.py took 0.129 seconds
[2026-05-01T20:02:33.351+0000] {processor.py:161} INFO - Started process (PID=2416) to work on /opt/airflow/dags/pipeline_dag.py
[2026-05-01T20:02:33.352+0000] {processor.py:830} INFO - Processing file /opt/airflow/dags/pipeline_dag.py for tasks to queue
[2026-05-01T20:02:33.354+0000] {logging_mixin.py:188} INFO - [2026-05-01T20:02:33.354+0000] {dagbag.py:545} INFO - Filling up the DagBag from /opt/airflow/dags/pipeline_dag.py
[2026-05-01T20:02:33.369+0000] {processor.py:840} INFO - DAG(s) 'data_pipeline' retrieved from /opt/airflow/dags/pipeline_dag.py
[2026-05-01T20:02:33.409+0000] {logging_mixin.py:188} INFO - [2026-05-01T20:02:33.408+0000] {dag.py:3089} INFO - Sync 1 DAGs
[2026-05-01T20:02:33.434+0000] {logging_mixin.py:188} INFO - [2026-05-01T20:02:33.434+0000] {dag.py:3947} INFO - Setting next_dagrun for data_pipeline to 2026-05-01 06:00:00+00:00, run_after=2026-05-02 06:00:00+00:00
[2026-05-01T20:02:33.458+0000] {processor.py:183} INFO - Processing /opt/airflow/dags/pipeline_dag.py took 0.114 seconds
[2026-05-01T20:03:03.635+0000] {processor.py:161} INFO - Started process (PID=2421) to work on /opt/airflow/dags/pipeline_dag.py
[2026-05-01T20:03:03.645+0000] {processor.py:830} INFO - Processing file /opt/airflow/dags/pipeline_dag.py for tasks to queue
[2026-05-01T20:03:03.648+0000] {logging_mixin.py:188} INFO - [2026-05-01T20:03:03.648+0000] {dagbag.py:545} INFO - Filling up the DagBag from /opt/airflow/dags/pipeline_dag.py
[2026-05-01T20:03:03.663+0000] {processor.py:840} INFO - DAG(s) 'data_pipeline' retrieved from /opt/airflow/dags/pipeline_dag.py
[2026-05-01T20:03:03.704+0000] {logging_mixin.py:188} INFO - [2026-05-01T20:03:03.703+0000] {dag.py:3089} INFO - Sync 1 DAGs
[2026-05-01T20:03:03.737+0000] {logging_mixin.py:188} INFO - [2026-05-01T20:03:03.737+0000] {dag.py:3947} INFO - Setting next_dagrun for data_pipeline to 2026-05-01 06:00:00+00:00, run_after=2026-05-02 06:00:00+00:00
[2026-05-01T20:03:03.764+0000] {processor.py:183} INFO - Processing /opt/airflow/dags/pipeline_dag.py took 0.137 seconds
[2026-05-01T20:03:33.826+0000] {processor.py:161} INFO - Started process (PID=2426) to work on /opt/airflow/dags/pipeline_dag.py
[2026-05-01T20:03:33.827+0000] {processor.py:830} INFO - Processing file /opt/airflow/dags/pipeline_dag.py for tasks to queue
[2026-05-01T20:03:33.829+0000] {logging_mixin.py:188} INFO - [2026-05-01T20:03:33.828+0000] {dagbag.py:545} INFO - Filling up the DagBag from /opt/airflow/dags/pipeline_dag.py
[2026-05-01T20:03:33.843+0000] {processor.py:840} INFO - DAG(s) 'data_pipeline' retrieved from /opt/airflow/dags/pipeline_dag.py
[2026-05-01T20:03:33.884+0000] {logging_mixin.py:188} INFO - [2026-05-01T20:03:33.884+0000] {dag.py:3089} INFO - Sync 1 DAGs
[2026-05-01T20:03:33.910+0000] {logging_mixin.py:188} INFO - [2026-05-01T20:03:33.909+0000] {dag.py:3947} INFO - Setting next_dagrun for data_pipeline to 2026-05-01 06:00:00+00:00, run_after=2026-05-02 06:00:00+00:00
[2026-05-01T20:03:33.939+0000] {processor.py:183} INFO - Processing /opt/airflow/dags/pipeline_dag.py took 0.122 seconds
[2026-05-01T20:04:04.132+0000] {processor.py:161} INFO - Started process (PID=2431) to work on /opt/airflow/dags/pipeline_dag.py
[2026-05-01T20:04:04.142+0000] {processor.py:830} INFO - Processing file /opt/airflow/dags/pipeline_dag.py for tasks to queue
[2026-05-01T20:04:04.145+0000] {logging_mixin.py:188} INFO - [2026-05-01T20:04:04.144+0000] {dagbag.py:545} INFO - Filling up the DagBag from /opt/airflow/dags/pipeline_dag.py
[2026-05-01T20:04:04.159+0000] {processor.py:840} INFO - DAG(s) 'data_pipeline' retrieved from /opt/airflow/dags/pipeline_dag.py
[2026-05-01T20:04:04.204+0000] {logging_mixin.py:188} INFO - [2026-05-01T20:04:04.203+0000] {dag.py:3089} INFO - Sync 1 DAGs
[2026-05-01T20:04:04.231+0000] {logging_mixin.py:188} INFO - [2026-05-01T20:04:04.231+0000] {dag.py:3947} INFO - Setting next_dagrun for data_pipeline to 2026-05-01 06:00:00+00:00, run_after=2026-05-02 06:00:00+00:00
[2026-05-01T20:04:04.252+0000] {processor.py:183} INFO - Processing /opt/airflow/dags/pipeline_dag.py took 0.128 seconds
[2026-05-01T20:04:34.324+0000] {processor.py:161} INFO - Started process (PID=2436) to work on /opt/airflow/dags/pipeline_dag.py
[2026-05-01T20:04:34.324+0000] {processor.py:830} INFO - Processing file /opt/airflow/dags/pipeline_dag.py for tasks to queue
[2026-05-01T20:04:34.326+0000] {logging_mixin.py:188} INFO - [2026-05-01T20:04:34.326+0000] {dagbag.py:545} INFO - Filling up the DagBag from /opt/airflow/dags/pipeline_dag.py
[2026-05-01T20:04:34.343+0000] {processor.py:840} INFO - DAG(s) 'data_pipeline' retrieved from /opt/airflow/dags/pipeline_dag.py
[2026-05-01T20:04:34.386+0000] {logging_mixin.py:188} INFO - [2026-05-01T20:04:34.385+0000] {dag.py:3089} INFO - Sync 1 DAGs
[2026-05-01T20:04:34.411+0000] {logging_mixin.py:188} INFO - [2026-05-01T20:04:34.410+0000] {dag.py:3947} INFO - Setting next_dagrun for data_pipeline to 2026-05-01 06:00:00+00:00, run_after=2026-05-02 06:00:00+00:00
[2026-05-01T20:04:34.436+0000] {processor.py:183} INFO - Processing /opt/airflow/dags/pipeline_dag.py took 0.121 seconds
[2026-05-01T20:05:04.644+0000] {processor.py:161} INFO - Started process (PID=2441) to work on /opt/airflow/dags/pipeline_dag.py
[2026-05-01T20:05:04.653+0000] {processor.py:830} INFO - Processing file /opt/airflow/dags/pipeline_dag.py for tasks to queue
[2026-05-01T20:05:04.656+0000] {logging_mixin.py:188} INFO - [2026-05-01T20:05:04.656+0000] {dagbag.py:545} INFO - Filling up the DagBag from /opt/airflow/dags/pipeline_dag.py
[2026-05-01T20:05:04.672+0000] {processor.py:840} INFO - DAG(s) 'data_pipeline' retrieved from /opt/airflow/dags/pipeline_dag.py
[2026-05-01T20:05:04.714+0000] {logging_mixin.py:188} INFO - [2026-05-01T20:05:04.714+0000] {dag.py:3089} INFO - Sync 1 DAGs
[2026-05-01T20:05:04.740+0000] {logging_mixin.py:188} INFO - [2026-05-01T20:05:04.740+0000] {dag.py:3947} INFO - Setting next_dagrun for data_pipeline to 2026-05-01 06:00:00+00:00, run_after=2026-05-02 06:00:00+00:00
[2026-05-01T20:05:04.764+0000] {processor.py:183} INFO - Processing /opt/airflow/dags/pipeline_dag.py took 0.129 seconds
[2026-05-01T20:05:34.839+0000] {processor.py:161} INFO - Started process (PID=2446) to work on /opt/airflow/dags/pipeline_dag.py
[2026-05-01T20:05:34.840+0000] {processor.py:830} INFO - Processing file /opt/airflow/dags/pipeline_dag.py for tasks to queue
[2026-05-01T20:05:34.842+0000] {logging_mixin.py:188} INFO - [2026-05-01T20:05:34.841+0000] {dagbag.py:545} INFO - Filling up the DagBag from /opt/airflow/dags/pipeline_dag.py
[2026-05-01T20:05:34.856+0000] {processor.py:840} INFO - DAG(s) 'data_pipeline' retrieved from /opt/airflow/dags/pipeline_dag.py
[2026-05-01T20:05:34.896+0000] {logging_mixin.py:188} INFO - [2026-05-01T20:05:34.896+0000] {dag.py:3089} INFO - Sync 1 DAGs
[2026-05-01T20:05:34.922+0000] {logging_mixin.py:188} INFO - [2026-05-01T20:05:34.921+0000] {dag.py:3947} INFO - Setting next_dagrun for data_pipeline to 2026-05-01 06:00:00+00:00, run_after=2026-05-02 06:00:00+00:00
[2026-05-01T20:05:34.945+0000] {processor.py:183} INFO - Processing /opt/airflow/dags/pipeline_dag.py took 0.115 seconds
[2026-05-01T20:06:05.130+0000] {processor.py:161} INFO - Started process (PID=2451) to work on /opt/airflow/dags/pipeline_dag.py
[2026-05-01T20:06:05.140+0000] {processor.py:830} INFO - Processing file /opt/airflow/dags/pipeline_dag.py for tasks to queue
[2026-05-01T20:06:05.143+0000] {logging_mixin.py:188} INFO - [2026-05-01T20:06:05.142+0000] {dagbag.py:545} INFO - Filling up the DagBag from /opt/airflow/dags/pipeline_dag.py
[2026-05-01T20:06:05.158+0000] {processor.py:840} INFO - DAG(s) 'data_pipeline' retrieved from /opt/airflow/dags/pipeline_dag.py
[2026-05-01T20:06:05.198+0000] {logging_mixin.py:188} INFO - [2026-05-01T20:06:05.198+0000] {dag.py:3089} INFO - Sync 1 DAGs
[2026-05-01T20:06:05.223+0000] {logging_mixin.py:188} INFO - [2026-05-01T20:06:05.223+0000] {dag.py:3947} INFO - Setting next_dagrun for data_pipeline to 2026-05-01 06:00:00+00:00, run_after=2026-05-02 06:00:00+00:00
[2026-05-01T20:06:05.244+0000] {processor.py:183} INFO - Processing /opt/airflow/dags/pipeline_dag.py took 0.122 seconds
[2026-05-01T20:06:35.333+0000] {processor.py:161} INFO - Started process (PID=2456) to work on /opt/airflow/dags/pipeline_dag.py
[2026-05-01T20:06:35.334+0000] {processor.py:830} INFO - Processing file /opt/airflow/dags/pipeline_dag.py for tasks to queue
[2026-05-01T20:06:35.336+0000] {logging_mixin.py:188} INFO - [2026-05-01T20:06:35.335+0000] {dagbag.py:545} INFO - Filling up the DagBag from /opt/airflow/dags/pipeline_dag.py
[2026-05-01T20:06:35.350+0000] {processor.py:840} INFO - DAG(s) 'data_pipeline' retrieved from /opt/airflow/dags/pipeline_dag.py
[2026-05-01T20:06:35.391+0000] {logging_mixin.py:188} INFO - [2026-05-01T20:06:35.390+0000] {dag.py:3089} INFO - Sync 1 DAGs
[2026-05-01T20:06:35.415+0000] {logging_mixin.py:188} INFO - [2026-05-01T20:06:35.415+0000] {dag.py:3947} INFO - Setting next_dagrun for data_pipeline to 2026-05-01 06:00:00+00:00, run_after=2026-05-02 06:00:00+00:00
[2026-05-01T20:06:35.437+0000] {processor.py:183} INFO - Processing /opt/airflow/dags/pipeline_dag.py took 0.113 seconds
[2026-05-01T20:07:05.625+0000] {processor.py:161} INFO - Started process (PID=2461) to work on /opt/airflow/dags/pipeline_dag.py
[2026-05-01T20:07:05.634+0000] {processor.py:830} INFO - Processing file /opt/airflow/dags/pipeline_dag.py for tasks to queue
[2026-05-01T20:07:05.638+0000] {logging_mixin.py:188} INFO - [2026-05-01T20:07:05.637+0000] {dagbag.py:545} INFO - Filling up the DagBag from /opt/airflow/dags/pipeline_dag.py
[2026-05-01T20:07:05.653+0000] {processor.py:840} INFO - DAG(s) 'data_pipeline' retrieved from /opt/airflow/dags/pipeline_dag.py
[2026-05-01T20:07:05.692+0000] {logging_mixin.py:188} INFO - [2026-05-01T20:07:05.691+0000] {dag.py:3089} INFO - Sync 1 DAGs
[2026-05-01T20:07:05.719+0000] {logging_mixin.py:188} INFO - [2026-05-01T20:07:05.719+0000] {dag.py:3947} INFO - Setting next_dagrun for data_pipeline to 2026-05-01 06:00:00+00:00, run_after=2026-05-02 06:00:00+00:00
[2026-05-01T20:07:05.742+0000] {processor.py:183} INFO - Processing /opt/airflow/dags/pipeline_dag.py took 0.125 seconds
[2026-05-01T20:07:35.823+0000] {processor.py:161} INFO - Started process (PID=2466) to work on /opt/airflow/dags/pipeline_dag.py
[2026-05-01T20:07:35.824+0000] {processor.py:830} INFO - Processing file /opt/airflow/dags/pipeline_dag.py for tasks to queue
[2026-05-01T20:07:35.826+0000] {logging_mixin.py:188} INFO - [2026-05-01T20:07:35.825+0000] {dagbag.py:545} INFO - Filling up the DagBag from /opt/airflow/dags/pipeline_dag.py
[2026-05-01T20:07:35.840+0000] {processor.py:840} INFO - DAG(s) 'data_pipeline' retrieved from /opt/airflow/dags/pipeline_dag.py
[2026-05-01T20:07:35.881+0000] {logging_mixin.py:188} INFO - [2026-05-01T20:07:35.881+0000] {dag.py:3089} INFO - Sync 1 DAGs
[2026-05-01T20:07:35.906+0000] {logging_mixin.py:188} INFO - [2026-05-01T20:07:35.906+0000] {dag.py:3947} INFO - Setting next_dagrun for data_pipeline to 2026-05-01 06:00:00+00:00, run_after=2026-05-02 06:00:00+00:00
[2026-05-01T20:07:35.928+0000] {processor.py:183} INFO - Processing /opt/airflow/dags/pipeline_dag.py took 0.115 seconds
[2026-05-01T20:08:06.096+0000] {processor.py:161} INFO - Started process (PID=2471) to work on /opt/airflow/dags/pipeline_dag.py
[2026-05-01T20:08:06.105+0000] {processor.py:830} INFO - Processing file /opt/airflow/dags/pipeline_dag.py for tasks to queue
[2026-05-01T20:08:06.107+0000] {logging_mixin.py:188} INFO - [2026-05-01T20:08:06.107+0000] {dagbag.py:545} INFO - Filling up the DagBag from /opt/airflow/dags/pipeline_dag.py
[2026-05-01T20:08:06.120+0000] {processor.py:840} INFO - DAG(s) 'data_pipeline' retrieved from /opt/airflow/dags/pipeline_dag.py
[2026-05-01T20:08:06.156+0000] {logging_mixin.py:188} INFO - [2026-05-01T20:08:06.156+0000] {dag.py:3089} INFO - Sync 1 DAGs
[2026-05-01T20:08:06.182+0000] {logging_mixin.py:188} INFO - [2026-05-01T20:08:06.181+0000] {dag.py:3947} INFO - Setting next_dagrun for data_pipeline to 2026-05-01 06:00:00+00:00, run_after=2026-05-02 06:00:00+00:00
[2026-05-01T20:08:06.200+0000] {processor.py:183} INFO - Processing /opt/airflow/dags/pipeline_dag.py took 0.110 seconds
[2026-05-01T20:08:36.275+0000] {processor.py:161} INFO - Started process (PID=2476) to work on /opt/airflow/dags/pipeline_dag.py
[2026-05-01T20:08:36.276+0000] {processor.py:830} INFO - Processing file /opt/airflow/dags/pipeline_dag.py for tasks to queue
[2026-05-01T20:08:36.278+0000] {logging_mixin.py:188} INFO - [2026-05-01T20:08:36.278+0000] {dagbag.py:545} INFO - Filling up the DagBag from /opt/airflow/dags/pipeline_dag.py
[2026-05-01T20:08:36.293+0000] {processor.py:840} INFO - DAG(s) 'data_pipeline' retrieved from /opt/airflow/dags/pipeline_dag.py
[2026-05-01T20:08:36.332+0000] {logging_mixin.py:188} INFO - [2026-05-01T20:08:36.332+0000] {dag.py:3089} INFO - Sync 1 DAGs
[2026-05-01T20:08:36.359+0000] {logging_mixin.py:188} INFO - [2026-05-01T20:08:36.359+0000] {dag.py:3947} INFO - Setting next_dagrun for data_pipeline to 2026-05-01 06:00:00+00:00, run_after=2026-05-02 06:00:00+00:00
[2026-05-01T20:08:36.382+0000] {processor.py:183} INFO - Processing /opt/airflow/dags/pipeline_dag.py took 0.115 seconds
[2026-05-01T20:09:06.545+0000] {processor.py:161} INFO - Started process (PID=2481) to work on /opt/airflow/dags/pipeline_dag.py
[2026-05-01T20:09:06.554+0000] {processor.py:830} INFO - Processing file /opt/airflow/dags/pipeline_dag.py for tasks to queue
[2026-05-01T20:09:06.557+0000] {logging_mixin.py:188} INFO - [2026-05-01T20:09:06.556+0000] {dagbag.py:545} INFO - Filling up the DagBag from /opt/airflow/dags/pipeline_dag.py
[2026-05-01T20:09:06.572+0000] {processor.py:840} INFO - DAG(s) 'data_pipeline' retrieved from /opt/airflow/dags/pipeline_dag.py
[2026-05-01T20:09:06.611+0000] {logging_mixin.py:188} INFO - [2026-05-01T20:09:06.611+0000] {dag.py:3089} INFO - Sync 1 DAGs
[2026-05-01T20:09:06.637+0000] {logging_mixin.py:188} INFO - [2026-05-01T20:09:06.636+0000] {dag.py:3947} INFO - Setting next_dagrun for data_pipeline to 2026-05-01 06:00:00+00:00, run_after=2026-05-02 06:00:00+00:00
[2026-05-01T20:09:06.660+0000] {processor.py:183} INFO - Processing /opt/airflow/dags/pipeline_dag.py took 0.122 seconds
[2026-05-01T20:09:36.752+0000] {processor.py:161} INFO - Started process (PID=2486) to work on /opt/airflow/dags/pipeline_dag.py
[2026-05-01T20:09:36.752+0000] {processor.py:830} INFO - Processing file /opt/airflow/dags/pipeline_dag.py for tasks to queue
[2026-05-01T20:09:36.755+0000] {logging_mixin.py:188} INFO - [2026-05-01T20:09:36.754+0000] {dagbag.py:545} INFO - Filling up the DagBag from /opt/airflow/dags/pipeline_dag.py
[2026-05-01T20:09:36.769+0000] {processor.py:840} INFO - DAG(s) 'data_pipeline' retrieved from /opt/airflow/dags/pipeline_dag.py
[2026-05-01T20:09:36.811+0000] {logging_mixin.py:188} INFO - [2026-05-01T20:09:36.811+0000] {dag.py:3089} INFO - Sync 1 DAGs
[2026-05-01T20:09:36.837+0000] {logging_mixin.py:188} INFO - [2026-05-01T20:09:36.837+0000] {dag.py:3947} INFO - Setting next_dagrun for data_pipeline to 2026-05-01 06:00:00+00:00, run_after=2026-05-02 06:00:00+00:00
[2026-05-01T20:09:36.864+0000] {processor.py:183} INFO - Processing /opt/airflow/dags/pipeline_dag.py took 0.122 seconds
[2026-05-01T20:10:07.047+0000] {processor.py:161} INFO - Started process (PID=2491) to work on /opt/airflow/dags/pipeline_dag.py
[2026-05-01T20:10:07.048+0000] {processor.py:830} INFO - Processing file /opt/airflow/dags/pipeline_dag.py for tasks to queue
[2026-05-01T20:10:07.052+0000] {logging_mixin.py:188} INFO - [2026-05-01T20:10:07.051+0000] {dagbag.py:545} INFO - Filling up the DagBag from /opt/airflow/dags/pipeline_dag.py
[2026-05-01T20:10:07.066+0000] {processor.py:840} INFO - DAG(s) 'data_pipeline' retrieved from /opt/airflow/dags/pipeline_dag.py
[2026-05-01T20:10:07.104+0000] {logging_mixin.py:188} INFO - [2026-05-01T20:10:07.104+0000] {dag.py:3089} INFO - Sync 1 DAGs
[2026-05-01T20:10:07.130+0000] {logging_mixin.py:188} INFO - [2026-05-01T20:10:07.130+0000] {dag.py:3947} INFO - Setting next_dagrun for data_pipeline to 2026-05-01 06:00:00+00:00, run_after=2026-05-02 06:00:00+00:00
[2026-05-01T20:10:07.152+0000] {processor.py:183} INFO - Processing /opt/airflow/dags/pipeline_dag.py took 0.113 seconds
[2026-05-01T20:10:37.246+0000] {processor.py:161} INFO - Started process (PID=2496) to work on /opt/airflow/dags/pipeline_dag.py
[2026-05-01T20:10:37.247+0000] {processor.py:830} INFO - Processing file /opt/airflow/dags/pipeline_dag.py for tasks to queue
[2026-05-01T20:10:37.249+0000] {logging_mixin.py:188} INFO - [2026-05-01T20:10:37.249+0000] {dagbag.py:545} INFO - Filling up the DagBag from /opt/airflow/dags/pipeline_dag.py
[2026-05-01T20:10:37.262+0000] {processor.py:840} INFO - DAG(s) 'data_pipeline' retrieved from /opt/airflow/dags/pipeline_dag.py
[2026-05-01T20:10:37.301+0000] {logging_mixin.py:188} INFO - [2026-05-01T20:10:37.301+0000] {dag.py:3089} INFO - Sync 1 DAGs
[2026-05-01T20:10:37.326+0000] {logging_mixin.py:188} INFO - [2026-05-01T20:10:37.326+0000] {dag.py:3947} INFO - Setting next_dagrun for data_pipeline to 2026-05-01 06:00:00+00:00, run_after=2026-05-02 06:00:00+00:00
[2026-05-01T20:10:37.349+0000] {processor.py:183} INFO - Processing /opt/airflow/dags/pipeline_dag.py took 0.111 seconds
[2026-05-01T20:11:07.546+0000] {processor.py:161} INFO - Started process (PID=2501) to work on /opt/airflow/dags/pipeline_dag.py
[2026-05-01T20:11:07.547+0000] {processor.py:830} INFO - Processing file /opt/airflow/dags/pipeline_dag.py for tasks to queue
[2026-05-01T20:11:07.550+0000] {logging_mixin.py:188} INFO - [2026-05-01T20:11:07.550+0000] {dagbag.py:545} INFO - Filling up the DagBag from /opt/airflow/dags/pipeline_dag.py
[2026-05-01T20:11:07.565+0000] {processor.py:840} INFO - DAG(s) 'data_pipeline' retrieved from /opt/airflow/dags/pipeline_dag.py
[2026-05-01T20:11:07.606+0000] {logging_mixin.py:188} INFO - [2026-05-01T20:11:07.606+0000] {dag.py:3089} INFO - Sync 1 DAGs
[2026-05-01T20:11:07.632+0000] {logging_mixin.py:188} INFO - [2026-05-01T20:11:07.631+0000] {dag.py:3947} INFO - Setting next_dagrun for data_pipeline to 2026-05-01 06:00:00+00:00, run_after=2026-05-02 06:00:00+00:00
[2026-05-01T20:11:07.654+0000] {processor.py:183} INFO - Processing /opt/airflow/dags/pipeline_dag.py took 0.117 seconds
[2026-05-01T20:11:37.731+0000] {processor.py:161} INFO - Started process (PID=2506) to work on /opt/airflow/dags/pipeline_dag.py
[2026-05-01T20:11:37.733+0000] {processor.py:830} INFO - Processing file /opt/airflow/dags/pipeline_dag.py for tasks to queue
[2026-05-01T20:11:37.735+0000] {logging_mixin.py:188} INFO - [2026-05-01T20:11:37.734+0000] {dagbag.py:545} INFO - Filling up the DagBag from /opt/airflow/dags/pipeline_dag.py
[2026-05-01T20:11:37.749+0000] {processor.py:840} INFO - DAG(s) 'data_pipeline' retrieved from /opt/airflow/dags/pipeline_dag.py
[2026-05-01T20:11:37.791+0000] {logging_mixin.py:188} INFO - [2026-05-01T20:11:37.790+0000] {dag.py:3089} INFO - Sync 1 DAGs
[2026-05-01T20:11:37.820+0000] {logging_mixin.py:188} INFO - [2026-05-01T20:11:37.820+0000] {dag.py:3947} INFO - Setting next_dagrun for data_pipeline to 2026-05-01 06:00:00+00:00, run_after=2026-05-02 06:00:00+00:00
[2026-05-01T20:11:37.846+0000] {processor.py:183} INFO - Processing /opt/airflow/dags/pipeline_dag.py took 0.122 seconds
[2026-05-01T20:12:08.030+0000] {processor.py:161} INFO - Started process (PID=2511) to work on /opt/airflow/dags/pipeline_dag.py
[2026-05-01T20:12:08.040+0000] {processor.py:830} INFO - Processing file /opt/airflow/dags/pipeline_dag.py for tasks to queue
[2026-05-01T20:12:08.044+0000] {logging_mixin.py:188} INFO - [2026-05-01T20:12:08.043+0000] {dagbag.py:545} INFO - Filling up the DagBag from /opt/airflow/dags/pipeline_dag.py
[2026-05-01T20:12:08.058+0000] {processor.py:840} INFO - DAG(s) 'data_pipeline' retrieved from /opt/airflow/dags/pipeline_dag.py
[2026-05-01T20:12:08.098+0000] {logging_mixin.py:188} INFO - [2026-05-01T20:12:08.098+0000] {dag.py:3089} INFO - Sync 1 DAGs
[2026-05-01T20:12:08.123+0000] {logging_mixin.py:188} INFO - [2026-05-01T20:12:08.123+0000] {dag.py:3947} INFO - Setting next_dagrun for data_pipeline to 2026-05-01 06:00:00+00:00, run_after=2026-05-02 06:00:00+00:00
[2026-05-01T20:12:08.146+0000] {processor.py:183} INFO - Processing /opt/airflow/dags/pipeline_dag.py took 0.124 seconds
[2026-05-01T20:12:38.229+0000] {processor.py:161} INFO - Started process (PID=2516) to work on /opt/airflow/dags/pipeline_dag.py
[2026-05-01T20:12:38.230+0000] {processor.py:830} INFO - Processing file /opt/airflow/dags/pipeline_dag.py for tasks to queue
[2026-05-01T20:12:38.232+0000] {logging_mixin.py:188} INFO - [2026-05-01T20:12:38.232+0000] {dagbag.py:545} INFO - Filling up the DagBag from /opt/airflow/dags/pipeline_dag.py
[2026-05-01T20:12:38.246+0000] {processor.py:840} INFO - DAG(s) 'data_pipeline' retrieved from /opt/airflow/dags/pipeline_dag.py
[2026-05-01T20:12:38.287+0000] {logging_mixin.py:188} INFO - [2026-05-01T20:12:38.286+0000] {dag.py:3089} INFO - Sync 1 DAGs
[2026-05-01T20:12:38.313+0000] {logging_mixin.py:188} INFO - [2026-05-01T20:12:38.312+0000] {dag.py:3947} INFO - Setting next_dagrun for data_pipeline to 2026-05-01 06:00:00+00:00, run_after=2026-05-02 06:00:00+00:00
[2026-05-01T20:12:38.336+0000] {processor.py:183} INFO - Processing /opt/airflow/dags/pipeline_dag.py took 0.115 seconds
[2026-05-01T20:13:08.521+0000] {processor.py:161} INFO - Started process (PID=2521) to work on /opt/airflow/dags/pipeline_dag.py
[2026-05-01T20:13:08.530+0000] {processor.py:830} INFO - Processing file /opt/airflow/dags/pipeline_dag.py for tasks to queue
[2026-05-01T20:13:08.533+0000] {logging_mixin.py:188} INFO - [2026-05-01T20:13:08.532+0000] {dagbag.py:545} INFO - Filling up the DagBag from /opt/airflow/dags/pipeline_dag.py
[2026-05-01T20:13:08.547+0000] {processor.py:840} INFO - DAG(s) 'data_pipeline' retrieved from /opt/airflow/dags/pipeline_dag.py
[2026-05-01T20:13:08.587+0000] {logging_mixin.py:188} INFO - [2026-05-01T20:13:08.587+0000] {dag.py:3089} INFO - Sync 1 DAGs
[2026-05-01T20:13:08.614+0000] {logging_mixin.py:188} INFO - [2026-05-01T20:13:08.614+0000] {dag.py:3947} INFO - Setting next_dagrun for data_pipeline to 2026-05-01 06:00:00+00:00, run_after=2026-05-02 06:00:00+00:00
[2026-05-01T20:13:08.636+0000] {processor.py:183} INFO - Processing /opt/airflow/dags/pipeline_dag.py took 0.126 seconds
[2026-05-01T20:13:38.705+0000] {processor.py:161} INFO - Started process (PID=2526) to work on /opt/airflow/dags/pipeline_dag.py
[2026-05-01T20:13:38.705+0000] {processor.py:830} INFO - Processing file /opt/airflow/dags/pipeline_dag.py for tasks to queue
[2026-05-01T20:13:38.707+0000] {logging_mixin.py:188} INFO - [2026-05-01T20:13:38.707+0000] {dagbag.py:545} INFO - Filling up the DagBag from /opt/airflow/dags/pipeline_dag.py
[2026-05-01T20:13:38.721+0000] {processor.py:840} INFO - DAG(s) 'data_pipeline' retrieved from /opt/airflow/dags/pipeline_dag.py
[2026-05-01T20:13:38.764+0000] {logging_mixin.py:188} INFO - [2026-05-01T20:13:38.763+0000] {dag.py:3089} INFO - Sync 1 DAGs
[2026-05-01T20:13:38.789+0000] {logging_mixin.py:188} INFO - [2026-05-01T20:13:38.789+0000] {dag.py:3947} INFO - Setting next_dagrun for data_pipeline to 2026-05-01 06:00:00+00:00, run_after=2026-05-02 06:00:00+00:00
[2026-05-01T20:13:38.813+0000] {processor.py:183} INFO - Processing /opt/airflow/dags/pipeline_dag.py took 0.119 seconds
[2026-05-01T20:14:09.016+0000] {processor.py:161} INFO - Started process (PID=2531) to work on /opt/airflow/dags/pipeline_dag.py
[2026-05-01T20:14:09.026+0000] {processor.py:830} INFO - Processing file /opt/airflow/dags/pipeline_dag.py for tasks to queue
[2026-05-01T20:14:09.029+0000] {logging_mixin.py:188} INFO - [2026-05-01T20:14:09.028+0000] {dagbag.py:545} INFO - Filling up the DagBag from /opt/airflow/dags/pipeline_dag.py
[2026-05-01T20:14:09.043+0000] {processor.py:840} INFO - DAG(s) 'data_pipeline' retrieved from /opt/airflow/dags/pipeline_dag.py
[2026-05-01T20:14:09.083+0000] {logging_mixin.py:188} INFO - [2026-05-01T20:14:09.082+0000] {dag.py:3089} INFO - Sync 1 DAGs
[2026-05-01T20:14:09.109+0000] {logging_mixin.py:188} INFO - [2026-05-01T20:14:09.108+0000] {dag.py:3947} INFO - Setting next_dagrun for data_pipeline to 2026-05-01 06:00:00+00:00, run_after=2026-05-02 06:00:00+00:00
[2026-05-01T20:14:09.131+0000] {processor.py:183} INFO - Processing /opt/airflow/dags/pipeline_dag.py took 0.124 seconds
[2026-05-01T20:14:39.199+0000] {processor.py:161} INFO - Started process (PID=2536) to work on /opt/airflow/dags/pipeline_dag.py
[2026-05-01T20:14:39.199+0000] {processor.py:830} INFO - Processing file /opt/airflow/dags/pipeline_dag.py for tasks to queue
[2026-05-01T20:14:39.201+0000] {logging_mixin.py:188} INFO - [2026-05-01T20:14:39.201+0000] {dagbag.py:545} INFO - Filling up the DagBag from /opt/airflow/dags/pipeline_dag.py
[2026-05-01T20:14:39.215+0000] {processor.py:840} INFO - DAG(s) 'data_pipeline' retrieved from /opt/airflow/dags/pipeline_dag.py
[2026-05-01T20:14:39.255+0000] {logging_mixin.py:188} INFO - [2026-05-01T20:14:39.254+0000] {dag.py:3089} INFO - Sync 1 DAGs
[2026-05-01T20:14:39.280+0000] {logging_mixin.py:188} INFO - [2026-05-01T20:14:39.280+0000] {dag.py:3947} INFO - Setting next_dagrun for data_pipeline to 2026-05-01 06:00:00+00:00, run_after=2026-05-02 06:00:00+00:00
[2026-05-01T20:14:39.303+0000] {processor.py:183} INFO - Processing /opt/airflow/dags/pipeline_dag.py took 0.113 seconds
[2026-05-01T20:15:09.518+0000] {processor.py:161} INFO - Started process (PID=2541) to work on /opt/airflow/dags/pipeline_dag.py
[2026-05-01T20:15:09.528+0000] {processor.py:830} INFO - Processing file /opt/airflow/dags/pipeline_dag.py for tasks to queue
[2026-05-01T20:15:09.531+0000] {logging_mixin.py:188} INFO - [2026-05-01T20:15:09.530+0000] {dagbag.py:545} INFO - Filling up the DagBag from /opt/airflow/dags/pipeline_dag.py
[2026-05-01T20:15:09.545+0000] {processor.py:840} INFO - DAG(s) 'data_pipeline' retrieved from /opt/airflow/dags/pipeline_dag.py
[2026-05-01T20:15:09.582+0000] {logging_mixin.py:188} INFO - [2026-05-01T20:15:09.582+0000] {dag.py:3089} INFO - Sync 1 DAGs
[2026-05-01T20:15:09.606+0000] {logging_mixin.py:188} INFO - [2026-05-01T20:15:09.606+0000] {dag.py:3947} INFO - Setting next_dagrun for data_pipeline to 2026-05-01 06:00:00+00:00, run_after=2026-05-02 06:00:00+00:00
[2026-05-01T20:15:09.627+0000] {processor.py:183} INFO - Processing /opt/airflow/dags/pipeline_dag.py took 0.116 seconds
[2026-05-01T21:33:44.772+0000] {processor.py:161} INFO - Started process (PID=2546) to work on /opt/airflow/dags/pipeline_dag.py
[2026-05-01T21:33:44.774+0000] {processor.py:830} INFO - Processing file /opt/airflow/dags/pipeline_dag.py for tasks to queue
[2026-05-01T21:33:44.778+0000] {logging_mixin.py:188} INFO - [2026-05-01T21:33:44.777+0000] {dagbag.py:545} INFO - Filling up the DagBag from /opt/airflow/dags/pipeline_dag.py
[2026-05-01T21:33:44.804+0000] {processor.py:840} INFO - DAG(s) 'data_pipeline' retrieved from /opt/airflow/dags/pipeline_dag.py
[2026-05-01T21:33:44.861+0000] {logging_mixin.py:188} INFO - [2026-05-01T21:33:44.861+0000] {dag.py:3089} INFO - Sync 1 DAGs
[2026-05-01T21:33:44.893+0000] {logging_mixin.py:188} INFO - [2026-05-01T21:33:44.893+0000] {dag.py:3947} INFO - Setting next_dagrun for data_pipeline to 2026-05-01 06:00:00+00:00, run_after=2026-05-02 06:00:00+00:00
[2026-05-01T21:33:44.924+0000] {processor.py:183} INFO - Processing /opt/airflow/dags/pipeline_dag.py took 0.163 seconds
[2026-05-01T21:34:15.088+0000] {processor.py:161} INFO - Started process (PID=2551) to work on /opt/airflow/dags/pipeline_dag.py
[2026-05-01T21:34:15.089+0000] {processor.py:830} INFO - Processing file /opt/airflow/dags/pipeline_dag.py for tasks to queue
[2026-05-01T21:34:15.092+0000] {logging_mixin.py:188} INFO - [2026-05-01T21:34:15.092+0000] {dagbag.py:545} INFO - Filling up the DagBag from /opt/airflow/dags/pipeline_dag.py
[2026-05-01T21:34:15.107+0000] {processor.py:840} INFO - DAG(s) 'data_pipeline' retrieved from /opt/airflow/dags/pipeline_dag.py
[2026-05-01T21:34:15.148+0000] {logging_mixin.py:188} INFO - [2026-05-01T21:34:15.148+0000] {dag.py:3089} INFO - Sync 1 DAGs
[2026-05-01T21:34:15.177+0000] {logging_mixin.py:188} INFO - [2026-05-01T21:34:15.176+0000] {dag.py:3947} INFO - Setting next_dagrun for data_pipeline to 2026-05-01 06:00:00+00:00, run_after=2026-05-02 06:00:00+00:00
[2026-05-01T21:34:15.200+0000] {processor.py:183} INFO - Processing /opt/airflow/dags/pipeline_dag.py took 0.123 seconds
[2026-05-01T21:34:45.279+0000] {processor.py:161} INFO - Started process (PID=2556) to work on /opt/airflow/dags/pipeline_dag.py
[2026-05-01T21:34:45.288+0000] {processor.py:830} INFO - Processing file /opt/airflow/dags/pipeline_dag.py for tasks to queue
[2026-05-01T21:34:45.292+0000] {logging_mixin.py:188} INFO - [2026-05-01T21:34:45.291+0000] {dagbag.py:545} INFO - Filling up the DagBag from /opt/airflow/dags/pipeline_dag.py
[2026-05-01T21:34:45.306+0000] {processor.py:840} INFO - DAG(s) 'data_pipeline' retrieved from /opt/airflow/dags/pipeline_dag.py
[2026-05-01T21:34:45.346+0000] {logging_mixin.py:188} INFO - [2026-05-01T21:34:45.346+0000] {dag.py:3089} INFO - Sync 1 DAGs
[2026-05-01T21:34:45.372+0000] {logging_mixin.py:188} INFO - [2026-05-01T21:34:45.372+0000] {dag.py:3947} INFO - Setting next_dagrun for data_pipeline to 2026-05-01 06:00:00+00:00, run_after=2026-05-02 06:00:00+00:00
[2026-05-01T21:34:45.396+0000] {processor.py:183} INFO - Processing /opt/airflow/dags/pipeline_dag.py took 0.126 seconds
[2026-05-01T21:35:15.582+0000] {processor.py:161} INFO - Started process (PID=2561) to work on /opt/airflow/dags/pipeline_dag.py
[2026-05-01T21:35:15.583+0000] {processor.py:830} INFO - Processing file /opt/airflow/dags/pipeline_dag.py for tasks to queue
[2026-05-01T21:35:15.587+0000] {logging_mixin.py:188} INFO - [2026-05-01T21:35:15.587+0000] {dagbag.py:545} INFO - Filling up the DagBag from /opt/airflow/dags/pipeline_dag.py
[2026-05-01T21:35:15.606+0000] {processor.py:840} INFO - DAG(s) 'data_pipeline' retrieved from /opt/airflow/dags/pipeline_dag.py
[2026-05-01T21:35:15.665+0000] {logging_mixin.py:188} INFO - [2026-05-01T21:35:15.664+0000] {dag.py:3089} INFO - Sync 1 DAGs
[2026-05-01T21:35:15.706+0000] {logging_mixin.py:188} INFO - [2026-05-01T21:35:15.705+0000] {dag.py:3947} INFO - Setting next_dagrun for data_pipeline to 2026-05-01 06:00:00+00:00, run_after=2026-05-02 06:00:00+00:00
[2026-05-01T21:35:15.746+0000] {processor.py:183} INFO - Processing /opt/airflow/dags/pipeline_dag.py took 0.175 seconds
[2026-05-01T21:35:45.947+0000] {processor.py:161} INFO - Started process (PID=2566) to work on /opt/airflow/dags/pipeline_dag.py
[2026-05-01T21:35:45.956+0000] {processor.py:830} INFO - Processing file /opt/airflow/dags/pipeline_dag.py for tasks to queue
[2026-05-01T21:35:45.961+0000] {logging_mixin.py:188} INFO - [2026-05-01T21:35:45.960+0000] {dagbag.py:545} INFO - Filling up the DagBag from /opt/airflow/dags/pipeline_dag.py
[2026-05-01T21:35:45.981+0000] {processor.py:840} INFO - DAG(s) 'data_pipeline' retrieved from /opt/airflow/dags/pipeline_dag.py
[2026-05-01T21:35:46.035+0000] {logging_mixin.py:188} INFO - [2026-05-01T21:35:46.034+0000] {dag.py:3089} INFO - Sync 1 DAGs
[2026-05-01T21:35:46.066+0000] {logging_mixin.py:188} INFO - [2026-05-01T21:35:46.066+0000] {dag.py:3947} INFO - Setting next_dagrun for data_pipeline to 2026-05-01 06:00:00+00:00, run_after=2026-05-02 06:00:00+00:00
[2026-05-01T21:35:46.104+0000] {processor.py:183} INFO - Processing /opt/airflow/dags/pipeline_dag.py took 0.165 seconds
[2026-05-01T21:36:16.300+0000] {processor.py:161} INFO - Started process (PID=2571) to work on /opt/airflow/dags/pipeline_dag.py
[2026-05-01T21:36:16.301+0000] {processor.py:830} INFO - Processing file /opt/airflow/dags/pipeline_dag.py for tasks to queue
[2026-05-01T21:36:16.304+0000] {logging_mixin.py:188} INFO - [2026-05-01T21:36:16.304+0000] {dagbag.py:545} INFO - Filling up the DagBag from /opt/airflow/dags/pipeline_dag.py
[2026-05-01T21:36:16.321+0000] {processor.py:840} INFO - DAG(s) 'data_pipeline' retrieved from /opt/airflow/dags/pipeline_dag.py
[2026-05-01T21:36:16.375+0000] {logging_mixin.py:188} INFO - [2026-05-01T21:36:16.374+0000] {dag.py:3089} INFO - Sync 1 DAGs
[2026-05-01T21:36:16.415+0000] {logging_mixin.py:188} INFO - [2026-05-01T21:36:16.415+0000] {dag.py:3947} INFO - Setting next_dagrun for data_pipeline to 2026-05-01 06:00:00+00:00, run_after=2026-05-02 06:00:00+00:00
[2026-05-01T21:36:16.459+0000] {processor.py:183} INFO - Processing /opt/airflow/dags/pipeline_dag.py took 0.170 seconds
[2026-05-01T21:36:46.676+0000] {processor.py:161} INFO - Started process (PID=2576) to work on /opt/airflow/dags/pipeline_dag.py
[2026-05-01T21:36:46.686+0000] {processor.py:830} INFO - Processing file /opt/airflow/dags/pipeline_dag.py for tasks to queue
[2026-05-01T21:36:46.690+0000] {logging_mixin.py:188} INFO - [2026-05-01T21:36:46.689+0000] {dagbag.py:545} INFO - Filling up the DagBag from /opt/airflow/dags/pipeline_dag.py
[2026-05-01T21:36:46.709+0000] {processor.py:840} INFO - DAG(s) 'data_pipeline' retrieved from /opt/airflow/dags/pipeline_dag.py
[2026-05-01T21:36:46.757+0000] {logging_mixin.py:188} INFO - [2026-05-01T21:36:46.757+0000] {dag.py:3089} INFO - Sync 1 DAGs
[2026-05-01T21:36:46.798+0000] {logging_mixin.py:188} INFO - [2026-05-01T21:36:46.798+0000] {dag.py:3947} INFO - Setting next_dagrun for data_pipeline to 2026-05-01 06:00:00+00:00, run_after=2026-05-02 06:00:00+00:00
[2026-05-01T21:36:46.846+0000] {processor.py:183} INFO - Processing /opt/airflow/dags/pipeline_dag.py took 0.180 seconds
[2026-05-01T21:37:17.047+0000] {processor.py:161} INFO - Started process (PID=2581) to work on /opt/airflow/dags/pipeline_dag.py
[2026-05-01T21:37:17.049+0000] {processor.py:830} INFO - Processing file /opt/airflow/dags/pipeline_dag.py for tasks to queue
[2026-05-01T21:37:17.051+0000] {logging_mixin.py:188} INFO - [2026-05-01T21:37:17.050+0000] {dagbag.py:545} INFO - Filling up the DagBag from /opt/airflow/dags/pipeline_dag.py
[2026-05-01T21:37:17.067+0000] {processor.py:840} INFO - DAG(s) 'data_pipeline' retrieved from /opt/airflow/dags/pipeline_dag.py
[2026-05-01T21:37:17.121+0000] {logging_mixin.py:188} INFO - [2026-05-01T21:37:17.120+0000] {dag.py:3089} INFO - Sync 1 DAGs
[2026-05-01T21:37:17.161+0000] {logging_mixin.py:188} INFO - [2026-05-01T21:37:17.160+0000] {dag.py:3947} INFO - Setting next_dagrun for data_pipeline to 2026-05-01 06:00:00+00:00, run_after=2026-05-02 06:00:00+00:00
[2026-05-01T21:37:17.199+0000] {processor.py:183} INFO - Processing /opt/airflow/dags/pipeline_dag.py took 0.164 seconds
[2026-05-01T21:37:47.421+0000] {processor.py:161} INFO - Started process (PID=2586) to work on /opt/airflow/dags/pipeline_dag.py
[2026-05-01T21:37:47.432+0000] {processor.py:830} INFO - Processing file /opt/airflow/dags/pipeline_dag.py for tasks to queue
[2026-05-01T21:37:47.436+0000] {logging_mixin.py:188} INFO - [2026-05-01T21:37:47.435+0000] {dagbag.py:545} INFO - Filling up the DagBag from /opt/airflow/dags/pipeline_dag.py
[2026-05-01T21:37:47.454+0000] {processor.py:840} INFO - DAG(s) 'data_pipeline' retrieved from /opt/airflow/dags/pipeline_dag.py
[2026-05-01T21:37:47.510+0000] {logging_mixin.py:188} INFO - [2026-05-01T21:37:47.510+0000] {dag.py:3089} INFO - Sync 1 DAGs
[2026-05-01T21:37:47.535+0000] {logging_mixin.py:188} INFO - [2026-05-01T21:37:47.535+0000] {dag.py:3947} INFO - Setting next_dagrun for data_pipeline to 2026-05-01 06:00:00+00:00, run_after=2026-05-02 06:00:00+00:00
[2026-05-01T21:37:47.570+0000] {processor.py:183} INFO - Processing /opt/airflow/dags/pipeline_dag.py took 0.163 seconds
[2026-05-01T21:38:17.767+0000] {processor.py:161} INFO - Started process (PID=2591) to work on /opt/airflow/dags/pipeline_dag.py
[2026-05-01T21:38:17.777+0000] {processor.py:830} INFO - Processing file /opt/airflow/dags/pipeline_dag.py for tasks to queue
[2026-05-01T21:38:17.780+0000] {logging_mixin.py:188} INFO - [2026-05-01T21:38:17.779+0000] {dagbag.py:545} INFO - Filling up the DagBag from /opt/airflow/dags/pipeline_dag.py
[2026-05-01T21:38:17.798+0000] {processor.py:840} INFO - DAG(s) 'data_pipeline' retrieved from /opt/airflow/dags/pipeline_dag.py
[2026-05-01T21:38:17.848+0000] {logging_mixin.py:188} INFO - [2026-05-01T21:38:17.848+0000] {dag.py:3089} INFO - Sync 1 DAGs
[2026-05-01T21:38:17.882+0000] {logging_mixin.py:188} INFO - [2026-05-01T21:38:17.881+0000] {dag.py:3947} INFO - Setting next_dagrun for data_pipeline to 2026-05-01 06:00:00+00:00, run_after=2026-05-02 06:00:00+00:00
[2026-05-01T21:38:17.919+0000] {processor.py:183} INFO - Processing /opt/airflow/dags/pipeline_dag.py took 0.164 seconds
[2026-05-01T21:38:47.966+0000] {processor.py:161} INFO - Started process (PID=2596) to work on /opt/airflow/dags/pipeline_dag.py
[2026-05-01T21:38:47.968+0000] {processor.py:830} INFO - Processing file /opt/airflow/dags/pipeline_dag.py for tasks to queue
[2026-05-01T21:38:47.971+0000] {logging_mixin.py:188} INFO - [2026-05-01T21:38:47.970+0000] {dagbag.py:545} INFO - Filling up the DagBag from /opt/airflow/dags/pipeline_dag.py
[2026-05-01T21:38:47.992+0000] {processor.py:840} INFO - DAG(s) 'data_pipeline' retrieved from /opt/airflow/dags/pipeline_dag.py
[2026-05-01T21:38:48.049+0000] {logging_mixin.py:188} INFO - [2026-05-01T21:38:48.048+0000] {dag.py:3089} INFO - Sync 1 DAGs
[2026-05-01T21:38:48.073+0000] {logging_mixin.py:188} INFO - [2026-05-01T21:38:48.073+0000] {dag.py:3947} INFO - Setting next_dagrun for data_pipeline to 2026-05-01 06:00:00+00:00, run_after=2026-05-02 06:00:00+00:00
[2026-05-01T21:38:48.103+0000] {processor.py:183} INFO - Processing /opt/airflow/dags/pipeline_dag.py took 0.147 seconds
[2026-05-01T21:39:18.296+0000] {processor.py:161} INFO - Started process (PID=2601) to work on /opt/airflow/dags/pipeline_dag.py
[2026-05-01T21:39:18.306+0000] {processor.py:830} INFO - Processing file /opt/airflow/dags/pipeline_dag.py for tasks to queue
[2026-05-01T21:39:18.309+0000] {logging_mixin.py:188} INFO - [2026-05-01T21:39:18.308+0000] {dagbag.py:545} INFO - Filling up the DagBag from /opt/airflow/dags/pipeline_dag.py
[2026-05-01T21:39:18.328+0000] {processor.py:840} INFO - DAG(s) 'data_pipeline' retrieved from /opt/airflow/dags/pipeline_dag.py
[2026-05-01T21:39:18.378+0000] {logging_mixin.py:188} INFO - [2026-05-01T21:39:18.378+0000] {dag.py:3089} INFO - Sync 1 DAGs
[2026-05-01T21:39:18.413+0000] {logging_mixin.py:188} INFO - [2026-05-01T21:39:18.413+0000] {dag.py:3947} INFO - Setting next_dagrun for data_pipeline to 2026-05-01 06:00:00+00:00, run_after=2026-05-02 06:00:00+00:00
[2026-05-01T21:39:18.450+0000] {processor.py:183} INFO - Processing /opt/airflow/dags/pipeline_dag.py took 0.165 seconds
[2026-05-01T21:39:48.649+0000] {processor.py:161} INFO - Started process (PID=2606) to work on /opt/airflow/dags/pipeline_dag.py
[2026-05-01T21:39:48.650+0000] {processor.py:830} INFO - Processing file /opt/airflow/dags/pipeline_dag.py for tasks to queue
[2026-05-01T21:39:48.653+0000] {logging_mixin.py:188} INFO - [2026-05-01T21:39:48.653+0000] {dagbag.py:545} INFO - Filling up the DagBag from /opt/airflow/dags/pipeline_dag.py
[2026-05-01T21:39:48.670+0000] {processor.py:840} INFO - DAG(s) 'data_pipeline' retrieved from /opt/airflow/dags/pipeline_dag.py
[2026-05-01T21:39:48.719+0000] {logging_mixin.py:188} INFO - [2026-05-01T21:39:48.719+0000] {dag.py:3089} INFO - Sync 1 DAGs
[2026-05-01T21:39:48.756+0000] {logging_mixin.py:188} INFO - [2026-05-01T21:39:48.756+0000] {dag.py:3947} INFO - Setting next_dagrun for data_pipeline to 2026-05-01 06:00:00+00:00, run_after=2026-05-02 06:00:00+00:00
[2026-05-01T21:39:48.790+0000] {processor.py:183} INFO - Processing /opt/airflow/dags/pipeline_dag.py took 0.153 seconds
[2026-05-01T21:40:18.997+0000] {processor.py:161} INFO - Started process (PID=2611) to work on /opt/airflow/dags/pipeline_dag.py
[2026-05-01T21:40:19.007+0000] {processor.py:830} INFO - Processing file /opt/airflow/dags/pipeline_dag.py for tasks to queue
[2026-05-01T21:40:19.011+0000] {logging_mixin.py:188} INFO - [2026-05-01T21:40:19.010+0000] {dagbag.py:545} INFO - Filling up the DagBag from /opt/airflow/dags/pipeline_dag.py
[2026-05-01T21:40:19.031+0000] {processor.py:840} INFO - DAG(s) 'data_pipeline' retrieved from /opt/airflow/dags/pipeline_dag.py
[2026-05-01T21:40:19.080+0000] {logging_mixin.py:188} INFO - [2026-05-01T21:40:19.079+0000] {dag.py:3089} INFO - Sync 1 DAGs
[2026-05-01T21:40:19.118+0000] {logging_mixin.py:188} INFO - [2026-05-01T21:40:19.118+0000] {dag.py:3947} INFO - Setting next_dagrun for data_pipeline to 2026-05-01 06:00:00+00:00, run_after=2026-05-02 06:00:00+00:00
[2026-05-01T21:40:19.138+0000] {processor.py:183} INFO - Processing /opt/airflow/dags/pipeline_dag.py took 0.152 seconds
[2026-05-01T21:40:49.183+0000] {processor.py:161} INFO - Started process (PID=2616) to work on /opt/airflow/dags/pipeline_dag.py
[2026-05-01T21:40:49.184+0000] {processor.py:830} INFO - Processing file /opt/airflow/dags/pipeline_dag.py for tasks to queue
[2026-05-01T21:40:49.187+0000] {logging_mixin.py:188} INFO - [2026-05-01T21:40:49.186+0000] {dagbag.py:545} INFO - Filling up the DagBag from /opt/airflow/dags/pipeline_dag.py
[2026-05-01T21:40:49.204+0000] {processor.py:840} INFO - DAG(s) 'data_pipeline' retrieved from /opt/airflow/dags/pipeline_dag.py
[2026-05-01T21:40:49.260+0000] {logging_mixin.py:188} INFO - [2026-05-01T21:40:49.259+0000] {dag.py:3089} INFO - Sync 1 DAGs
[2026-05-01T21:40:49.293+0000] {logging_mixin.py:188} INFO - [2026-05-01T21:40:49.293+0000] {dag.py:3947} INFO - Setting next_dagrun for data_pipeline to 2026-05-01 06:00:00+00:00, run_after=2026-05-02 06:00:00+00:00
[2026-05-01T21:40:49.324+0000] {processor.py:183} INFO - Processing /opt/airflow/dags/pipeline_dag.py took 0.151 seconds
[2026-05-01T21:41:19.521+0000] {processor.py:161} INFO - Started process (PID=2621) to work on /opt/airflow/dags/pipeline_dag.py
[2026-05-01T21:41:19.523+0000] {processor.py:830} INFO - Processing file /opt/airflow/dags/pipeline_dag.py for tasks to queue
[2026-05-01T21:41:19.526+0000] {logging_mixin.py:188} INFO - [2026-05-01T21:41:19.525+0000] {dagbag.py:545} INFO - Filling up the DagBag from /opt/airflow/dags/pipeline_dag.py
[2026-05-01T21:41:19.545+0000] {processor.py:840} INFO - DAG(s) 'data_pipeline' retrieved from /opt/airflow/dags/pipeline_dag.py
[2026-05-01T21:41:19.597+0000] {logging_mixin.py:188} INFO - [2026-05-01T21:41:19.596+0000] {dag.py:3089} INFO - Sync 1 DAGs
[2026-05-01T21:41:19.635+0000] {logging_mixin.py:188} INFO - [2026-05-01T21:41:19.635+0000] {dag.py:3947} INFO - Setting next_dagrun for data_pipeline to 2026-05-01 06:00:00+00:00, run_after=2026-05-02 06:00:00+00:00
[2026-05-01T21:41:19.667+0000] {processor.py:183} INFO - Processing /opt/airflow/dags/pipeline_dag.py took 0.157 seconds
[2026-05-01T21:41:49.855+0000] {processor.py:161} INFO - Started process (PID=2626) to work on /opt/airflow/dags/pipeline_dag.py
[2026-05-01T21:41:49.865+0000] {processor.py:830} INFO - Processing file /opt/airflow/dags/pipeline_dag.py for tasks to queue
[2026-05-01T21:41:49.868+0000] {logging_mixin.py:188} INFO - [2026-05-01T21:41:49.867+0000] {dagbag.py:545} INFO - Filling up the DagBag from /opt/airflow/dags/pipeline_dag.py
[2026-05-01T21:41:49.888+0000] {processor.py:840} INFO - DAG(s) 'data_pipeline' retrieved from /opt/airflow/dags/pipeline_dag.py
[2026-05-01T21:41:49.935+0000] {logging_mixin.py:188} INFO - [2026-05-01T21:41:49.935+0000] {dag.py:3089} INFO - Sync 1 DAGs
[2026-05-01T21:41:49.967+0000] {logging_mixin.py:188} INFO - [2026-05-01T21:41:49.967+0000] {dag.py:3947} INFO - Setting next_dagrun for data_pipeline to 2026-05-01 06:00:00+00:00, run_after=2026-05-02 06:00:00+00:00
[2026-05-01T21:41:50.011+0000] {processor.py:183} INFO - Processing /opt/airflow/dags/pipeline_dag.py took 0.166 seconds
[2026-05-01T21:42:20.198+0000] {processor.py:161} INFO - Started process (PID=2631) to work on /opt/airflow/dags/pipeline_dag.py
[2026-05-01T21:42:20.200+0000] {processor.py:830} INFO - Processing file /opt/airflow/dags/pipeline_dag.py for tasks to queue
[2026-05-01T21:42:20.202+0000] {logging_mixin.py:188} INFO - [2026-05-01T21:42:20.201+0000] {dagbag.py:545} INFO - Filling up the DagBag from /opt/airflow/dags/pipeline_dag.py
[2026-05-01T21:42:20.218+0000] {processor.py:840} INFO - DAG(s) 'data_pipeline' retrieved from /opt/airflow/dags/pipeline_dag.py
[2026-05-01T21:42:20.271+0000] {logging_mixin.py:188} INFO - [2026-05-01T21:42:20.271+0000] {dag.py:3089} INFO - Sync 1 DAGs
[2026-05-01T21:42:20.296+0000] {logging_mixin.py:188} INFO - [2026-05-01T21:42:20.296+0000] {dag.py:3947} INFO - Setting next_dagrun for data_pipeline to 2026-05-01 06:00:00+00:00, run_after=2026-05-02 06:00:00+00:00
[2026-05-01T21:42:20.334+0000] {processor.py:183} INFO - Processing /opt/airflow/dags/pipeline_dag.py took 0.146 seconds
[2026-05-01T21:42:50.530+0000] {processor.py:161} INFO - Started process (PID=2636) to work on /opt/airflow/dags/pipeline_dag.py
[2026-05-01T21:42:50.540+0000] {processor.py:830} INFO - Processing file /opt/airflow/dags/pipeline_dag.py for tasks to queue
[2026-05-01T21:42:50.544+0000] {logging_mixin.py:188} INFO - [2026-05-01T21:42:50.543+0000] {dagbag.py:545} INFO - Filling up the DagBag from /opt/airflow/dags/pipeline_dag.py
[2026-05-01T21:42:50.561+0000] {processor.py:840} INFO - DAG(s) 'data_pipeline' retrieved from /opt/airflow/dags/pipeline_dag.py
[2026-05-01T21:42:50.616+0000] {logging_mixin.py:188} INFO - [2026-05-01T21:42:50.615+0000] {dag.py:3089} INFO - Sync 1 DAGs
[2026-05-01T21:42:50.652+0000] {logging_mixin.py:188} INFO - [2026-05-01T21:42:50.652+0000] {dag.py:3947} INFO - Setting next_dagrun for data_pipeline to 2026-05-01 06:00:00+00:00, run_after=2026-05-02 06:00:00+00:00
[2026-05-01T21:42:50.701+0000] {processor.py:183} INFO - Processing /opt/airflow/dags/pipeline_dag.py took 0.180 seconds
[2026-05-01T21:43:20.905+0000] {processor.py:161} INFO - Started process (PID=2641) to work on /opt/airflow/dags/pipeline_dag.py
[2026-05-01T21:43:20.906+0000] {processor.py:830} INFO - Processing file /opt/airflow/dags/pipeline_dag.py for tasks to queue
[2026-05-01T21:43:20.910+0000] {logging_mixin.py:188} INFO - [2026-05-01T21:43:20.909+0000] {dagbag.py:545} INFO - Filling up the DagBag from /opt/airflow/dags/pipeline_dag.py
[2026-05-01T21:43:20.939+0000] {processor.py:840} INFO - DAG(s) 'data_pipeline' retrieved from /opt/airflow/dags/pipeline_dag.py
[2026-05-01T21:43:20.983+0000] {logging_mixin.py:188} INFO - [2026-05-01T21:43:20.983+0000] {dag.py:3089} INFO - Sync 1 DAGs
[2026-05-01T21:43:21.009+0000] {logging_mixin.py:188} INFO - [2026-05-01T21:43:21.008+0000] {dag.py:3947} INFO - Setting next_dagrun for data_pipeline to 2026-05-01 06:00:00+00:00, run_after=2026-05-02 06:00:00+00:00
[2026-05-01T21:43:21.039+0000] {processor.py:183} INFO - Processing /opt/airflow/dags/pipeline_dag.py took 0.148 seconds
[2026-05-01T21:43:51.091+0000] {processor.py:161} INFO - Started process (PID=2646) to work on /opt/airflow/dags/pipeline_dag.py
[2026-05-01T21:43:51.100+0000] {processor.py:830} INFO - Processing file /opt/airflow/dags/pipeline_dag.py for tasks to queue
[2026-05-01T21:43:51.103+0000] {logging_mixin.py:188} INFO - [2026-05-01T21:43:51.102+0000] {dagbag.py:545} INFO - Filling up the DagBag from /opt/airflow/dags/pipeline_dag.py
[2026-05-01T21:43:51.120+0000] {processor.py:840} INFO - DAG(s) 'data_pipeline' retrieved from /opt/airflow/dags/pipeline_dag.py
[2026-05-01T21:43:51.164+0000] {logging_mixin.py:188} INFO - [2026-05-01T21:43:51.163+0000] {dag.py:3089} INFO - Sync 1 DAGs
[2026-05-01T21:43:51.196+0000] {logging_mixin.py:188} INFO - [2026-05-01T21:43:51.195+0000] {dag.py:3947} INFO - Setting next_dagrun for data_pipeline to 2026-05-01 06:00:00+00:00, run_after=2026-05-02 06:00:00+00:00
[2026-05-01T21:43:51.241+0000] {processor.py:183} INFO - Processing /opt/airflow/dags/pipeline_dag.py took 0.162 seconds
[2026-05-01T21:44:21.406+0000] {processor.py:161} INFO - Started process (PID=2651) to work on /opt/airflow/dags/pipeline_dag.py
[2026-05-01T21:44:21.408+0000] {processor.py:830} INFO - Processing file /opt/airflow/dags/pipeline_dag.py for tasks to queue
[2026-05-01T21:44:21.410+0000] {logging_mixin.py:188} INFO - [2026-05-01T21:44:21.410+0000] {dagbag.py:545} INFO - Filling up the DagBag from /opt/airflow/dags/pipeline_dag.py
[2026-05-01T21:44:21.430+0000] {processor.py:840} INFO - DAG(s) 'data_pipeline' retrieved from /opt/airflow/dags/pipeline_dag.py
[2026-05-01T21:44:21.480+0000] {logging_mixin.py:188} INFO - [2026-05-01T21:44:21.479+0000] {dag.py:3089} INFO - Sync 1 DAGs
[2026-05-01T21:44:21.518+0000] {logging_mixin.py:188} INFO - [2026-05-01T21:44:21.518+0000] {dag.py:3947} INFO - Setting next_dagrun for data_pipeline to 2026-05-01 06:00:00+00:00, run_after=2026-05-02 06:00:00+00:00
[2026-05-01T21:44:21.559+0000] {processor.py:183} INFO - Processing /opt/airflow/dags/pipeline_dag.py took 0.165 seconds
[2026-05-01T21:44:51.747+0000] {processor.py:161} INFO - Started process (PID=2656) to work on /opt/airflow/dags/pipeline_dag.py
[2026-05-01T21:44:51.757+0000] {processor.py:830} INFO - Processing file /opt/airflow/dags/pipeline_dag.py for tasks to queue
[2026-05-01T21:44:51.760+0000] {logging_mixin.py:188} INFO - [2026-05-01T21:44:51.759+0000] {dagbag.py:545} INFO - Filling up the DagBag from /opt/airflow/dags/pipeline_dag.py
[2026-05-01T21:44:51.779+0000] {processor.py:840} INFO - DAG(s) 'data_pipeline' retrieved from /opt/airflow/dags/pipeline_dag.py
[2026-05-01T21:44:51.833+0000] {logging_mixin.py:188} INFO - [2026-05-01T21:44:51.832+0000] {dag.py:3089} INFO - Sync 1 DAGs
[2026-05-01T21:44:51.870+0000] {logging_mixin.py:188} INFO - [2026-05-01T21:44:51.869+0000] {dag.py:3947} INFO - Setting next_dagrun for data_pipeline to 2026-05-01 06:00:00+00:00, run_after=2026-05-02 06:00:00+00:00
[2026-05-01T21:44:51.906+0000] {processor.py:183} INFO - Processing /opt/airflow/dags/pipeline_dag.py took 0.168 seconds
[2026-05-01T21:45:22.117+0000] {processor.py:161} INFO - Started process (PID=2661) to work on /opt/airflow/dags/pipeline_dag.py
[2026-05-01T21:45:22.119+0000] {processor.py:830} INFO - Processing file /opt/airflow/dags/pipeline_dag.py for tasks to queue
[2026-05-01T21:45:22.123+0000] {logging_mixin.py:188} INFO - [2026-05-01T21:45:22.122+0000] {dagbag.py:545} INFO - Filling up the DagBag from /opt/airflow/dags/pipeline_dag.py
[2026-05-01T21:45:22.147+0000] {processor.py:840} INFO - DAG(s) 'data_pipeline' retrieved from /opt/airflow/dags/pipeline_dag.py
[2026-05-01T21:45:22.212+0000] {logging_mixin.py:188} INFO - [2026-05-01T21:45:22.211+0000] {dag.py:3089} INFO - Sync 1 DAGs
[2026-05-01T21:45:22.250+0000] {logging_mixin.py:188} INFO - [2026-05-01T21:45:22.250+0000] {dag.py:3947} INFO - Setting next_dagrun for data_pipeline to 2026-05-01 06:00:00+00:00, run_after=2026-05-02 06:00:00+00:00
[2026-05-01T21:45:22.307+0000] {processor.py:183} INFO - Processing /opt/airflow/dags/pipeline_dag.py took 0.202 seconds
[2026-05-01T21:45:52.510+0000] {processor.py:161} INFO - Started process (PID=2666) to work on /opt/airflow/dags/pipeline_dag.py
[2026-05-01T21:45:52.520+0000] {processor.py:830} INFO - Processing file /opt/airflow/dags/pipeline_dag.py for tasks to queue
[2026-05-01T21:45:52.523+0000] {logging_mixin.py:188} INFO - [2026-05-01T21:45:52.522+0000] {dagbag.py:545} INFO - Filling up the DagBag from /opt/airflow/dags/pipeline_dag.py
[2026-05-01T21:45:52.541+0000] {processor.py:840} INFO - DAG(s) 'data_pipeline' retrieved from /opt/airflow/dags/pipeline_dag.py
[2026-05-01T21:45:52.590+0000] {logging_mixin.py:188} INFO - [2026-05-01T21:45:52.589+0000] {dag.py:3089} INFO - Sync 1 DAGs
[2026-05-01T21:45:52.625+0000] {logging_mixin.py:188} INFO - [2026-05-01T21:45:52.624+0000] {dag.py:3947} INFO - Setting next_dagrun for data_pipeline to 2026-05-01 06:00:00+00:00, run_after=2026-05-02 06:00:00+00:00
[2026-05-01T21:45:52.660+0000] {processor.py:183} INFO - Processing /opt/airflow/dags/pipeline_dag.py took 0.157 seconds
[2026-05-01T21:46:22.855+0000] {processor.py:161} INFO - Started process (PID=2671) to work on /opt/airflow/dags/pipeline_dag.py
[2026-05-01T21:46:22.857+0000] {processor.py:830} INFO - Processing file /opt/airflow/dags/pipeline_dag.py for tasks to queue
[2026-05-01T21:46:22.860+0000] {logging_mixin.py:188} INFO - [2026-05-01T21:46:22.859+0000] {dagbag.py:545} INFO - Filling up the DagBag from /opt/airflow/dags/pipeline_dag.py
[2026-05-01T21:46:22.880+0000] {processor.py:840} INFO - DAG(s) 'data_pipeline' retrieved from /opt/airflow/dags/pipeline_dag.py
[2026-05-01T21:46:22.933+0000] {logging_mixin.py:188} INFO - [2026-05-01T21:46:22.932+0000] {dag.py:3089} INFO - Sync 1 DAGs
[2026-05-01T21:46:22.962+0000] {logging_mixin.py:188} INFO - [2026-05-01T21:46:22.962+0000] {dag.py:3947} INFO - Setting next_dagrun for data_pipeline to 2026-05-01 06:00:00+00:00, run_after=2026-05-02 06:00:00+00:00
[2026-05-01T21:46:23.004+0000] {processor.py:183} INFO - Processing /opt/airflow/dags/pipeline_dag.py took 0.162 seconds
[2026-05-01T21:46:53.187+0000] {processor.py:161} INFO - Started process (PID=2688) to work on /opt/airflow/dags/pipeline_dag.py
[2026-05-01T21:46:53.196+0000] {processor.py:830} INFO - Processing file /opt/airflow/dags/pipeline_dag.py for tasks to queue
[2026-05-01T21:46:53.199+0000] {logging_mixin.py:188} INFO - [2026-05-01T21:46:53.199+0000] {dagbag.py:545} INFO - Filling up the DagBag from /opt/airflow/dags/pipeline_dag.py
[2026-05-01T21:46:53.217+0000] {processor.py:840} INFO - DAG(s) 'data_pipeline' retrieved from /opt/airflow/dags/pipeline_dag.py
[2026-05-01T21:46:53.271+0000] {logging_mixin.py:188} INFO - [2026-05-01T21:46:53.271+0000] {dag.py:3089} INFO - Sync 1 DAGs
[2026-05-01T21:46:53.316+0000] {logging_mixin.py:188} INFO - [2026-05-01T21:46:53.315+0000] {dag.py:3947} INFO - Setting next_dagrun for data_pipeline to 2026-05-01 06:00:00+00:00, run_after=2026-05-02 06:00:00+00:00
[2026-05-01T21:46:53.362+0000] {processor.py:183} INFO - Processing /opt/airflow/dags/pipeline_dag.py took 0.184 seconds
[2026-05-01T21:47:23.557+0000] {processor.py:161} INFO - Started process (PID=2693) to work on /opt/airflow/dags/pipeline_dag.py
[2026-05-01T21:47:23.559+0000] {processor.py:830} INFO - Processing file /opt/airflow/dags/pipeline_dag.py for tasks to queue
[2026-05-01T21:47:23.562+0000] {logging_mixin.py:188} INFO - [2026-05-01T21:47:23.561+0000] {dagbag.py:545} INFO - Filling up the DagBag from /opt/airflow/dags/pipeline_dag.py
[2026-05-01T21:47:23.582+0000] {processor.py:840} INFO - DAG(s) 'data_pipeline' retrieved from /opt/airflow/dags/pipeline_dag.py
[2026-05-01T21:47:23.638+0000] {logging_mixin.py:188} INFO - [2026-05-01T21:47:23.638+0000] {dag.py:3089} INFO - Sync 1 DAGs
[2026-05-01T21:47:23.683+0000] {logging_mixin.py:188} INFO - [2026-05-01T21:47:23.683+0000] {dag.py:3947} INFO - Setting next_dagrun for data_pipeline to 2026-05-01 06:00:00+00:00, run_after=2026-05-02 06:00:00+00:00
[2026-05-01T21:47:23.719+0000] {processor.py:183} INFO - Processing /opt/airflow/dags/pipeline_dag.py took 0.172 seconds
[2026-05-01T21:47:53.921+0000] {processor.py:161} INFO - Started process (PID=2698) to work on /opt/airflow/dags/pipeline_dag.py
[2026-05-01T21:47:53.922+0000] {processor.py:830} INFO - Processing file /opt/airflow/dags/pipeline_dag.py for tasks to queue
[2026-05-01T21:47:53.926+0000] {logging_mixin.py:188} INFO - [2026-05-01T21:47:53.925+0000] {dagbag.py:545} INFO - Filling up the DagBag from /opt/airflow/dags/pipeline_dag.py
[2026-05-01T21:47:53.944+0000] {processor.py:840} INFO - DAG(s) 'data_pipeline' retrieved from /opt/airflow/dags/pipeline_dag.py
[2026-05-01T21:47:53.998+0000] {logging_mixin.py:188} INFO - [2026-05-01T21:47:53.998+0000] {dag.py:3089} INFO - Sync 1 DAGs
[2026-05-01T21:47:54.033+0000] {logging_mixin.py:188} INFO - [2026-05-01T21:47:54.033+0000] {dag.py:3947} INFO - Setting next_dagrun for data_pipeline to 2026-05-01 06:00:00+00:00, run_after=2026-05-02 06:00:00+00:00
[2026-05-01T21:47:54.072+0000] {processor.py:183} INFO - Processing /opt/airflow/dags/pipeline_dag.py took 0.161 seconds
[2026-05-01T21:48:24.268+0000] {processor.py:161} INFO - Started process (PID=2703) to work on /opt/airflow/dags/pipeline_dag.py
[2026-05-01T21:48:24.269+0000] {processor.py:830} INFO - Processing file /opt/airflow/dags/pipeline_dag.py for tasks to queue
[2026-05-01T21:48:24.273+0000] {logging_mixin.py:188} INFO - [2026-05-01T21:48:24.272+0000] {dagbag.py:545} INFO - Filling up the DagBag from /opt/airflow/dags/pipeline_dag.py
[2026-05-01T21:48:24.293+0000] {processor.py:840} INFO - DAG(s) 'data_pipeline' retrieved from /opt/airflow/dags/pipeline_dag.py
[2026-05-01T21:48:24.346+0000] {logging_mixin.py:188} INFO - [2026-05-01T21:48:24.346+0000] {dag.py:3089} INFO - Sync 1 DAGs
[2026-05-01T21:48:24.383+0000] {logging_mixin.py:188} INFO - [2026-05-01T21:48:24.382+0000] {dag.py:3947} INFO - Setting next_dagrun for data_pipeline to 2026-05-01 06:00:00+00:00, run_after=2026-05-02 06:00:00+00:00
[2026-05-01T21:48:24.425+0000] {processor.py:183} INFO - Processing /opt/airflow/dags/pipeline_dag.py took 0.167 seconds
[2026-05-01T21:48:54.481+0000] {processor.py:161} INFO - Started process (PID=2708) to work on /opt/airflow/dags/pipeline_dag.py
[2026-05-01T21:48:54.491+0000] {processor.py:830} INFO - Processing file /opt/airflow/dags/pipeline_dag.py for tasks to queue
[2026-05-01T21:48:54.496+0000] {logging_mixin.py:188} INFO - [2026-05-01T21:48:54.495+0000] {dagbag.py:545} INFO - Filling up the DagBag from /opt/airflow/dags/pipeline_dag.py
[2026-05-01T21:48:54.518+0000] {processor.py:840} INFO - DAG(s) 'data_pipeline' retrieved from /opt/airflow/dags/pipeline_dag.py
[2026-05-01T21:48:54.594+0000] {logging_mixin.py:188} INFO - [2026-05-01T21:48:54.593+0000] {dag.py:3089} INFO - Sync 1 DAGs
[2026-05-01T21:48:54.643+0000] {logging_mixin.py:188} INFO - [2026-05-01T21:48:54.643+0000] {dag.py:3947} INFO - Setting next_dagrun for data_pipeline to 2026-05-01 06:00:00+00:00, run_after=2026-05-02 06:00:00+00:00
[2026-05-01T21:48:54.698+0000] {processor.py:183} INFO - Processing /opt/airflow/dags/pipeline_dag.py took 0.227 seconds
[2026-05-01T21:49:24.810+0000] {processor.py:161} INFO - Started process (PID=2713) to work on /opt/airflow/dags/pipeline_dag.py
[2026-05-01T21:49:24.812+0000] {processor.py:830} INFO - Processing file /opt/airflow/dags/pipeline_dag.py for tasks to queue
[2026-05-01T21:49:24.815+0000] {logging_mixin.py:188} INFO - [2026-05-01T21:49:24.814+0000] {dagbag.py:545} INFO - Filling up the DagBag from /opt/airflow/dags/pipeline_dag.py
[2026-05-01T21:49:24.830+0000] {processor.py:840} INFO - DAG(s) 'data_pipeline' retrieved from /opt/airflow/dags/pipeline_dag.py
[2026-05-01T21:49:24.867+0000] {logging_mixin.py:188} INFO - [2026-05-01T21:49:24.867+0000] {dag.py:3089} INFO - Sync 1 DAGs
[2026-05-01T21:49:24.891+0000] {logging_mixin.py:188} INFO - [2026-05-01T21:49:24.891+0000] {dag.py:3947} INFO - Setting next_dagrun for data_pipeline to 2026-05-01 06:00:00+00:00, run_after=2026-05-02 06:00:00+00:00
[2026-05-01T21:49:24.912+0000] {processor.py:183} INFO - Processing /opt/airflow/dags/pipeline_dag.py took 0.112 seconds
[2026-05-01T21:49:55.086+0000] {processor.py:161} INFO - Started process (PID=2718) to work on /opt/airflow/dags/pipeline_dag.py
[2026-05-01T21:49:55.096+0000] {processor.py:830} INFO - Processing file /opt/airflow/dags/pipeline_dag.py for tasks to queue
[2026-05-01T21:49:55.100+0000] {logging_mixin.py:188} INFO - [2026-05-01T21:49:55.100+0000] {dagbag.py:545} INFO - Filling up the DagBag from /opt/airflow/dags/pipeline_dag.py
[2026-05-01T21:49:55.115+0000] {processor.py:840} INFO - DAG(s) 'data_pipeline' retrieved from /opt/airflow/dags/pipeline_dag.py
[2026-05-01T21:49:55.157+0000] {logging_mixin.py:188} INFO - [2026-05-01T21:49:55.157+0000] {dag.py:3089} INFO - Sync 1 DAGs
[2026-05-01T21:49:55.185+0000] {logging_mixin.py:188} INFO - [2026-05-01T21:49:55.184+0000] {dag.py:3947} INFO - Setting next_dagrun for data_pipeline to 2026-05-01 06:00:00+00:00, run_after=2026-05-02 06:00:00+00:00
[2026-05-01T21:49:55.209+0000] {processor.py:183} INFO - Processing /opt/airflow/dags/pipeline_dag.py took 0.132 seconds
[2026-05-01T21:50:25.280+0000] {processor.py:161} INFO - Started process (PID=2723) to work on /opt/airflow/dags/pipeline_dag.py
[2026-05-01T21:50:25.281+0000] {processor.py:830} INFO - Processing file /opt/airflow/dags/pipeline_dag.py for tasks to queue
[2026-05-01T21:50:25.283+0000] {logging_mixin.py:188} INFO - [2026-05-01T21:50:25.283+0000] {dagbag.py:545} INFO - Filling up the DagBag from /opt/airflow/dags/pipeline_dag.py
[2026-05-01T21:50:25.298+0000] {processor.py:840} INFO - DAG(s) 'data_pipeline' retrieved from /opt/airflow/dags/pipeline_dag.py
[2026-05-01T21:50:25.340+0000] {logging_mixin.py:188} INFO - [2026-05-01T21:50:25.340+0000] {dag.py:3089} INFO - Sync 1 DAGs
[2026-05-01T21:50:25.368+0000] {logging_mixin.py:188} INFO - [2026-05-01T21:50:25.367+0000] {dag.py:3947} INFO - Setting next_dagrun for data_pipeline to 2026-05-01 06:00:00+00:00, run_after=2026-05-02 06:00:00+00:00
[2026-05-01T21:50:25.393+0000] {processor.py:183} INFO - Processing /opt/airflow/dags/pipeline_dag.py took 0.122 seconds
[2026-05-01T21:50:55.613+0000] {processor.py:161} INFO - Started process (PID=2728) to work on /opt/airflow/dags/pipeline_dag.py
[2026-05-01T21:50:55.623+0000] {processor.py:830} INFO - Processing file /opt/airflow/dags/pipeline_dag.py for tasks to queue
[2026-05-01T21:50:55.627+0000] {logging_mixin.py:188} INFO - [2026-05-01T21:50:55.626+0000] {dagbag.py:545} INFO - Filling up the DagBag from /opt/airflow/dags/pipeline_dag.py
[2026-05-01T21:50:55.641+0000] {processor.py:840} INFO - DAG(s) 'data_pipeline' retrieved from /opt/airflow/dags/pipeline_dag.py
[2026-05-01T21:50:55.681+0000] {logging_mixin.py:188} INFO - [2026-05-01T21:50:55.680+0000] {dag.py:3089} INFO - Sync 1 DAGs
[2026-05-01T21:50:55.707+0000] {logging_mixin.py:188} INFO - [2026-05-01T21:50:55.707+0000] {dag.py:3947} INFO - Setting next_dagrun for data_pipeline to 2026-05-01 06:00:00+00:00, run_after=2026-05-02 06:00:00+00:00
[2026-05-01T21:50:55.731+0000] {processor.py:183} INFO - Processing /opt/airflow/dags/pipeline_dag.py took 0.127 seconds
[2026-05-01T21:51:25.794+0000] {processor.py:161} INFO - Started process (PID=2733) to work on /opt/airflow/dags/pipeline_dag.py
[2026-05-01T21:51:25.795+0000] {processor.py:830} INFO - Processing file /opt/airflow/dags/pipeline_dag.py for tasks to queue
[2026-05-01T21:51:25.797+0000] {logging_mixin.py:188} INFO - [2026-05-01T21:51:25.797+0000] {dagbag.py:545} INFO - Filling up the DagBag from /opt/airflow/dags/pipeline_dag.py
[2026-05-01T21:51:25.809+0000] {processor.py:840} INFO - DAG(s) 'data_pipeline' retrieved from /opt/airflow/dags/pipeline_dag.py
[2026-05-01T21:51:25.842+0000] {logging_mixin.py:188} INFO - [2026-05-01T21:51:25.841+0000] {dag.py:3089} INFO - Sync 1 DAGs
[2026-05-01T21:51:25.866+0000] {logging_mixin.py:188} INFO - [2026-05-01T21:51:25.866+0000] {dag.py:3947} INFO - Setting next_dagrun for data_pipeline to 2026-05-01 06:00:00+00:00, run_after=2026-05-02 06:00:00+00:00
[2026-05-01T21:51:25.888+0000] {processor.py:183} INFO - Processing /opt/airflow/dags/pipeline_dag.py took 0.101 seconds
[2026-05-01T21:51:55.960+0000] {processor.py:161} INFO - Started process (PID=2750) to work on /opt/airflow/dags/pipeline_dag.py
[2026-05-01T21:51:55.970+0000] {processor.py:830} INFO - Processing file /opt/airflow/dags/pipeline_dag.py for tasks to queue
[2026-05-01T21:51:55.974+0000] {logging_mixin.py:188} INFO - [2026-05-01T21:51:55.973+0000] {dagbag.py:545} INFO - Filling up the DagBag from /opt/airflow/dags/pipeline_dag.py
[2026-05-01T21:51:55.994+0000] {processor.py:840} INFO - DAG(s) 'data_pipeline' retrieved from /opt/airflow/dags/pipeline_dag.py
[2026-05-01T21:51:56.047+0000] {logging_mixin.py:188} INFO - [2026-05-01T21:51:56.046+0000] {dag.py:3089} INFO - Sync 1 DAGs
[2026-05-01T21:51:56.083+0000] {logging_mixin.py:188} INFO - [2026-05-01T21:51:56.083+0000] {dag.py:3947} INFO - Setting next_dagrun for data_pipeline to 2026-05-01 06:00:00+00:00, run_after=2026-05-02 06:00:00+00:00
[2026-05-01T21:51:56.119+0000] {processor.py:183} INFO - Processing /opt/airflow/dags/pipeline_dag.py took 0.171 seconds
[2026-05-01T21:52:26.222+0000] {processor.py:161} INFO - Started process (PID=2755) to work on /opt/airflow/dags/pipeline_dag.py
[2026-05-01T21:52:26.225+0000] {processor.py:830} INFO - Processing file /opt/airflow/dags/pipeline_dag.py for tasks to queue
[2026-05-01T21:52:26.229+0000] {logging_mixin.py:188} INFO - [2026-05-01T21:52:26.228+0000] {dagbag.py:545} INFO - Filling up the DagBag from /opt/airflow/dags/pipeline_dag.py
[2026-05-01T21:52:26.251+0000] {processor.py:840} INFO - DAG(s) 'data_pipeline' retrieved from /opt/airflow/dags/pipeline_dag.py
[2026-05-01T21:52:26.318+0000] {logging_mixin.py:188} INFO - [2026-05-01T21:52:26.318+0000] {dag.py:3089} INFO - Sync 1 DAGs
[2026-05-01T21:52:26.373+0000] {logging_mixin.py:188} INFO - [2026-05-01T21:52:26.372+0000] {dag.py:3947} INFO - Setting next_dagrun for data_pipeline to 2026-05-01 06:00:00+00:00, run_after=2026-05-02 06:00:00+00:00
[2026-05-01T21:52:26.401+0000] {processor.py:183} INFO - Processing /opt/airflow/dags/pipeline_dag.py took 0.189 seconds
[2026-05-01T21:52:56.468+0000] {processor.py:161} INFO - Started process (PID=2760) to work on /opt/airflow/dags/pipeline_dag.py
[2026-05-01T21:52:56.469+0000] {processor.py:830} INFO - Processing file /opt/airflow/dags/pipeline_dag.py for tasks to queue
[2026-05-01T21:52:56.471+0000] {logging_mixin.py:188} INFO - [2026-05-01T21:52:56.471+0000] {dagbag.py:545} INFO - Filling up the DagBag from /opt/airflow/dags/pipeline_dag.py
[2026-05-01T21:52:56.489+0000] {processor.py:840} INFO - DAG(s) 'data_pipeline' retrieved from /opt/airflow/dags/pipeline_dag.py
[2026-05-01T21:52:56.536+0000] {logging_mixin.py:188} INFO - [2026-05-01T21:52:56.536+0000] {dag.py:3089} INFO - Sync 1 DAGs
[2026-05-01T21:52:56.560+0000] {logging_mixin.py:188} INFO - [2026-05-01T21:52:56.560+0000] {dag.py:3947} INFO - Setting next_dagrun for data_pipeline to 2026-05-01 06:00:00+00:00, run_after=2026-05-02 06:00:00+00:00
[2026-05-01T21:52:56.581+0000] {processor.py:183} INFO - Processing /opt/airflow/dags/pipeline_dag.py took 0.126 seconds
[2026-05-01T21:58:17.538+0000] {processor.py:161} INFO - Started process (PID=171) to work on /opt/airflow/dags/pipeline_dag.py
[2026-05-01T21:58:17.539+0000] {processor.py:830} INFO - Processing file /opt/airflow/dags/pipeline_dag.py for tasks to queue
[2026-05-01T21:58:17.541+0000] {logging_mixin.py:188} INFO - [2026-05-01T21:58:17.541+0000] {dagbag.py:545} INFO - Filling up the DagBag from /opt/airflow/dags/pipeline_dag.py
[2026-05-01T21:58:17.559+0000] {processor.py:840} INFO - DAG(s) 'data_pipeline' retrieved from /opt/airflow/dags/pipeline_dag.py
[2026-05-01T21:58:17.604+0000] {logging_mixin.py:188} INFO - [2026-05-01T21:58:17.603+0000] {dag.py:3089} INFO - Sync 1 DAGs
[2026-05-01T21:58:17.657+0000] {logging_mixin.py:188} INFO - [2026-05-01T21:58:17.656+0000] {dag.py:3947} INFO - Setting next_dagrun for data_pipeline to 2026-05-01 06:00:00+00:00, run_after=2026-05-02 06:00:00+00:00
[2026-05-01T21:58:17.689+0000] {processor.py:183} INFO - Processing /opt/airflow/dags/pipeline_dag.py took 0.157 seconds
[2026-05-01T21:58:47.735+0000] {processor.py:161} INFO - Started process (PID=189) to work on /opt/airflow/dags/pipeline_dag.py
[2026-05-01T21:58:47.736+0000] {processor.py:830} INFO - Processing file /opt/airflow/dags/pipeline_dag.py for tasks to queue
[2026-05-01T21:58:47.740+0000] {logging_mixin.py:188} INFO - [2026-05-01T21:58:47.739+0000] {dagbag.py:545} INFO - Filling up the DagBag from /opt/airflow/dags/pipeline_dag.py
[2026-05-01T21:58:47.756+0000] {processor.py:840} INFO - DAG(s) 'data_pipeline' retrieved from /opt/airflow/dags/pipeline_dag.py
[2026-05-01T21:58:47.777+0000] {logging_mixin.py:188} INFO - [2026-05-01T21:58:47.776+0000] {dag.py:3089} INFO - Sync 1 DAGs
[2026-05-01T21:58:47.810+0000] {logging_mixin.py:188} INFO - [2026-05-01T21:58:47.810+0000] {dag.py:3947} INFO - Setting next_dagrun for data_pipeline to 2026-05-01 06:00:00+00:00, run_after=2026-05-02 06:00:00+00:00
[2026-05-01T21:58:47.843+0000] {processor.py:183} INFO - Processing /opt/airflow/dags/pipeline_dag.py took 0.117 seconds
[2026-05-01T21:59:18.004+0000] {processor.py:161} INFO - Started process (PID=206) to work on /opt/airflow/dags/pipeline_dag.py
[2026-05-01T21:59:18.005+0000] {processor.py:830} INFO - Processing file /opt/airflow/dags/pipeline_dag.py for tasks to queue
[2026-05-01T21:59:18.007+0000] {logging_mixin.py:188} INFO - [2026-05-01T21:59:18.006+0000] {dagbag.py:545} INFO - Filling up the DagBag from /opt/airflow/dags/pipeline_dag.py
[2026-05-01T21:59:18.018+0000] {processor.py:840} INFO - DAG(s) 'data_pipeline' retrieved from /opt/airflow/dags/pipeline_dag.py
[2026-05-01T21:59:18.189+0000] {logging_mixin.py:188} INFO - [2026-05-01T21:59:18.189+0000] {dag.py:3089} INFO - Sync 1 DAGs
[2026-05-01T21:59:18.211+0000] {logging_mixin.py:188} INFO - [2026-05-01T21:59:18.211+0000] {dag.py:3947} INFO - Setting next_dagrun for data_pipeline to 2026-05-01 06:00:00+00:00, run_after=2026-05-02 06:00:00+00:00
[2026-05-01T21:59:18.232+0000] {processor.py:183} INFO - Processing /opt/airflow/dags/pipeline_dag.py took 0.234 seconds
[2026-05-01T21:59:48.409+0000] {processor.py:161} INFO - Started process (PID=211) to work on /opt/airflow/dags/pipeline_dag.py
[2026-05-01T21:59:48.419+0000] {processor.py:830} INFO - Processing file /opt/airflow/dags/pipeline_dag.py for tasks to queue
[2026-05-01T21:59:48.422+0000] {logging_mixin.py:188} INFO - [2026-05-01T21:59:48.422+0000] {dagbag.py:545} INFO - Filling up the DagBag from /opt/airflow/dags/pipeline_dag.py
[2026-05-01T21:59:48.437+0000] {processor.py:840} INFO - DAG(s) 'data_pipeline' retrieved from /opt/airflow/dags/pipeline_dag.py
[2026-05-01T21:59:48.479+0000] {logging_mixin.py:188} INFO - [2026-05-01T21:59:48.479+0000] {dag.py:3089} INFO - Sync 1 DAGs
[2026-05-01T21:59:48.505+0000] {logging_mixin.py:188} INFO - [2026-05-01T21:59:48.505+0000] {dag.py:3947} INFO - Setting next_dagrun for data_pipeline to 2026-05-01 06:00:00+00:00, run_after=2026-05-02 06:00:00+00:00
[2026-05-01T21:59:48.530+0000] {processor.py:183} INFO - Processing /opt/airflow/dags/pipeline_dag.py took 0.129 seconds
[2026-05-01T22:00:18.585+0000] {processor.py:161} INFO - Started process (PID=216) to work on /opt/airflow/dags/pipeline_dag.py
[2026-05-01T22:00:18.586+0000] {processor.py:830} INFO - Processing file /opt/airflow/dags/pipeline_dag.py for tasks to queue
[2026-05-01T22:00:18.587+0000] {logging_mixin.py:188} INFO - [2026-05-01T22:00:18.587+0000] {dagbag.py:545} INFO - Filling up the DagBag from /opt/airflow/dags/pipeline_dag.py
[2026-05-01T22:00:18.599+0000] {processor.py:840} INFO - DAG(s) 'data_pipeline' retrieved from /opt/airflow/dags/pipeline_dag.py
[2026-05-01T22:00:18.639+0000] {logging_mixin.py:188} INFO - [2026-05-01T22:00:18.639+0000] {dag.py:3089} INFO - Sync 1 DAGs
[2026-05-01T22:00:18.678+0000] {logging_mixin.py:188} INFO - [2026-05-01T22:00:18.677+0000] {dag.py:3947} INFO - Setting next_dagrun for data_pipeline to 2026-05-01 06:00:00+00:00, run_after=2026-05-02 06:00:00+00:00
[2026-05-01T22:00:18.703+0000] {processor.py:183} INFO - Processing /opt/airflow/dags/pipeline_dag.py took 0.125 seconds
[2026-05-01T22:00:48.864+0000] {processor.py:161} INFO - Started process (PID=221) to work on /opt/airflow/dags/pipeline_dag.py
[2026-05-01T22:00:48.873+0000] {processor.py:830} INFO - Processing file /opt/airflow/dags/pipeline_dag.py for tasks to queue
[2026-05-01T22:00:48.876+0000] {logging_mixin.py:188} INFO - [2026-05-01T22:00:48.876+0000] {dagbag.py:545} INFO - Filling up the DagBag from /opt/airflow/dags/pipeline_dag.py
[2026-05-01T22:00:48.896+0000] {processor.py:840} INFO - DAG(s) 'data_pipeline' retrieved from /opt/airflow/dags/pipeline_dag.py
[2026-05-01T22:00:48.956+0000] {logging_mixin.py:188} INFO - [2026-05-01T22:00:48.955+0000] {dag.py:3089} INFO - Sync 1 DAGs
[2026-05-01T22:00:48.993+0000] {logging_mixin.py:188} INFO - [2026-05-01T22:00:48.992+0000] {dag.py:3947} INFO - Setting next_dagrun for data_pipeline to 2026-05-01 06:00:00+00:00, run_after=2026-05-02 06:00:00+00:00
[2026-05-01T22:00:49.026+0000] {processor.py:183} INFO - Processing /opt/airflow/dags/pipeline_dag.py took 0.174 seconds
[2026-05-01T22:01:19.213+0000] {processor.py:161} INFO - Started process (PID=226) to work on /opt/airflow/dags/pipeline_dag.py
[2026-05-01T22:01:19.215+0000] {processor.py:830} INFO - Processing file /opt/airflow/dags/pipeline_dag.py for tasks to queue
[2026-05-01T22:01:19.218+0000] {logging_mixin.py:188} INFO - [2026-05-01T22:01:19.218+0000] {dagbag.py:545} INFO - Filling up the DagBag from /opt/airflow/dags/pipeline_dag.py
[2026-05-01T22:01:19.231+0000] {processor.py:840} INFO - DAG(s) 'data_pipeline' retrieved from /opt/airflow/dags/pipeline_dag.py
[2026-05-01T22:01:19.264+0000] {logging_mixin.py:188} INFO - [2026-05-01T22:01:19.263+0000] {dag.py:3089} INFO - Sync 1 DAGs
[2026-05-01T22:01:19.293+0000] {logging_mixin.py:188} INFO - [2026-05-01T22:01:19.292+0000] {dag.py:3947} INFO - Setting next_dagrun for data_pipeline to 2026-05-01 06:00:00+00:00, run_after=2026-05-02 06:00:00+00:00
[2026-05-01T22:01:19.314+0000] {processor.py:183} INFO - Processing /opt/airflow/dags/pipeline_dag.py took 0.114 seconds
[2026-05-01T22:01:49.367+0000] {processor.py:161} INFO - Started process (PID=231) to work on /opt/airflow/dags/pipeline_dag.py
[2026-05-01T22:01:49.376+0000] {processor.py:830} INFO - Processing file /opt/airflow/dags/pipeline_dag.py for tasks to queue
[2026-05-01T22:01:49.379+0000] {logging_mixin.py:188} INFO - [2026-05-01T22:01:49.379+0000] {dagbag.py:545} INFO - Filling up the DagBag from /opt/airflow/dags/pipeline_dag.py
[2026-05-01T22:01:49.400+0000] {processor.py:840} INFO - DAG(s) 'data_pipeline' retrieved from /opt/airflow/dags/pipeline_dag.py
[2026-05-01T22:01:49.451+0000] {logging_mixin.py:188} INFO - [2026-05-01T22:01:49.451+0000] {dag.py:3089} INFO - Sync 1 DAGs
[2026-05-01T22:01:49.491+0000] {logging_mixin.py:188} INFO - [2026-05-01T22:01:49.490+0000] {dag.py:3947} INFO - Setting next_dagrun for data_pipeline to 2026-05-01 06:00:00+00:00, run_after=2026-05-02 06:00:00+00:00
[2026-05-01T22:01:49.539+0000] {processor.py:183} INFO - Processing /opt/airflow/dags/pipeline_dag.py took 0.181 seconds
[2026-05-01T22:02:19.655+0000] {processor.py:161} INFO - Started process (PID=236) to work on /opt/airflow/dags/pipeline_dag.py
[2026-05-01T22:02:19.656+0000] {processor.py:830} INFO - Processing file /opt/airflow/dags/pipeline_dag.py for tasks to queue
[2026-05-01T22:02:19.659+0000] {logging_mixin.py:188} INFO - [2026-05-01T22:02:19.659+0000] {dagbag.py:545} INFO - Filling up the DagBag from /opt/airflow/dags/pipeline_dag.py
[2026-05-01T22:02:19.678+0000] {processor.py:840} INFO - DAG(s) 'data_pipeline' retrieved from /opt/airflow/dags/pipeline_dag.py
[2026-05-01T22:02:19.738+0000] {logging_mixin.py:188} INFO - [2026-05-01T22:02:19.737+0000] {dag.py:3089} INFO - Sync 1 DAGs
[2026-05-01T22:02:19.788+0000] {logging_mixin.py:188} INFO - [2026-05-01T22:02:19.788+0000] {dag.py:3947} INFO - Setting next_dagrun for data_pipeline to 2026-05-01 06:00:00+00:00, run_after=2026-05-02 06:00:00+00:00
[2026-05-01T22:02:19.835+0000] {processor.py:183} INFO - Processing /opt/airflow/dags/pipeline_dag.py took 0.190 seconds
[2026-05-01T22:02:50.012+0000] {processor.py:161} INFO - Started process (PID=241) to work on /opt/airflow/dags/pipeline_dag.py
[2026-05-01T22:02:50.022+0000] {processor.py:830} INFO - Processing file /opt/airflow/dags/pipeline_dag.py for tasks to queue
[2026-05-01T22:02:50.024+0000] {logging_mixin.py:188} INFO - [2026-05-01T22:02:50.024+0000] {dagbag.py:545} INFO - Filling up the DagBag from /opt/airflow/dags/pipeline_dag.py
[2026-05-01T22:02:50.042+0000] {processor.py:840} INFO - DAG(s) 'data_pipeline' retrieved from /opt/airflow/dags/pipeline_dag.py
[2026-05-01T22:02:50.095+0000] {logging_mixin.py:188} INFO - [2026-05-01T22:02:50.095+0000] {dag.py:3089} INFO - Sync 1 DAGs
[2026-05-01T22:02:50.136+0000] {logging_mixin.py:188} INFO - [2026-05-01T22:02:50.135+0000] {dag.py:3947} INFO - Setting next_dagrun for data_pipeline to 2026-05-01 06:00:00+00:00, run_after=2026-05-02 06:00:00+00:00
[2026-05-01T22:02:50.174+0000] {processor.py:183} INFO - Processing /opt/airflow/dags/pipeline_dag.py took 0.173 seconds
[2026-05-01T22:03:20.356+0000] {processor.py:161} INFO - Started process (PID=246) to work on /opt/airflow/dags/pipeline_dag.py
[2026-05-01T22:03:20.357+0000] {processor.py:830} INFO - Processing file /opt/airflow/dags/pipeline_dag.py for tasks to queue
[2026-05-01T22:03:20.360+0000] {logging_mixin.py:188} INFO - [2026-05-01T22:03:20.359+0000] {dagbag.py:545} INFO - Filling up the DagBag from /opt/airflow/dags/pipeline_dag.py
[2026-05-01T22:03:20.385+0000] {processor.py:840} INFO - DAG(s) 'data_pipeline' retrieved from /opt/airflow/dags/pipeline_dag.py
[2026-05-01T22:03:20.438+0000] {logging_mixin.py:188} INFO - [2026-05-01T22:03:20.438+0000] {dag.py:3089} INFO - Sync 1 DAGs
[2026-05-01T22:03:20.472+0000] {logging_mixin.py:188} INFO - [2026-05-01T22:03:20.471+0000] {dag.py:3947} INFO - Setting next_dagrun for data_pipeline to 2026-05-01 06:00:00+00:00, run_after=2026-05-02 06:00:00+00:00
[2026-05-01T22:03:20.510+0000] {processor.py:183} INFO - Processing /opt/airflow/dags/pipeline_dag.py took 0.164 seconds
[2026-05-01T22:03:50.692+0000] {processor.py:161} INFO - Started process (PID=251) to work on /opt/airflow/dags/pipeline_dag.py
[2026-05-01T22:03:50.693+0000] {processor.py:830} INFO - Processing file /opt/airflow/dags/pipeline_dag.py for tasks to queue
[2026-05-01T22:03:50.696+0000] {logging_mixin.py:188} INFO - [2026-05-01T22:03:50.695+0000] {dagbag.py:545} INFO - Filling up the DagBag from /opt/airflow/dags/pipeline_dag.py
[2026-05-01T22:03:50.715+0000] {processor.py:840} INFO - DAG(s) 'data_pipeline' retrieved from /opt/airflow/dags/pipeline_dag.py
[2026-05-01T22:03:50.773+0000] {logging_mixin.py:188} INFO - [2026-05-01T22:03:50.773+0000] {dag.py:3089} INFO - Sync 1 DAGs
[2026-05-01T22:03:50.813+0000] {logging_mixin.py:188} INFO - [2026-05-01T22:03:50.813+0000] {dag.py:3947} INFO - Setting next_dagrun for data_pipeline to 2026-05-01 06:00:00+00:00, run_after=2026-05-02 06:00:00+00:00
[2026-05-01T22:03:50.859+0000] {processor.py:183} INFO - Processing /opt/airflow/dags/pipeline_dag.py took 0.178 seconds
[2026-05-01T22:04:21.044+0000] {processor.py:161} INFO - Started process (PID=268) to work on /opt/airflow/dags/pipeline_dag.py
[2026-05-01T22:04:21.045+0000] {processor.py:830} INFO - Processing file /opt/airflow/dags/pipeline_dag.py for tasks to queue
[2026-05-01T22:04:21.048+0000] {logging_mixin.py:188} INFO - [2026-05-01T22:04:21.048+0000] {dagbag.py:545} INFO - Filling up the DagBag from /opt/airflow/dags/pipeline_dag.py
[2026-05-01T22:04:21.070+0000] {processor.py:840} INFO - DAG(s) 'data_pipeline' retrieved from /opt/airflow/dags/pipeline_dag.py
[2026-05-01T22:04:21.132+0000] {logging_mixin.py:188} INFO - [2026-05-01T22:04:21.132+0000] {dag.py:3089} INFO - Sync 1 DAGs
[2026-05-01T22:04:21.167+0000] {logging_mixin.py:188} INFO - [2026-05-01T22:04:21.166+0000] {dag.py:3947} INFO - Setting next_dagrun for data_pipeline to 2026-05-01 06:00:00+00:00, run_after=2026-05-02 06:00:00+00:00
[2026-05-01T22:04:21.188+0000] {processor.py:183} INFO - Processing /opt/airflow/dags/pipeline_dag.py took 0.156 seconds
[2026-05-01T22:04:51.350+0000] {processor.py:161} INFO - Started process (PID=273) to work on /opt/airflow/dags/pipeline_dag.py
[2026-05-01T22:04:51.351+0000] {processor.py:830} INFO - Processing file /opt/airflow/dags/pipeline_dag.py for tasks to queue
[2026-05-01T22:04:51.353+0000] {logging_mixin.py:188} INFO - [2026-05-01T22:04:51.353+0000] {dagbag.py:545} INFO - Filling up the DagBag from /opt/airflow/dags/pipeline_dag.py
[2026-05-01T22:04:51.370+0000] {processor.py:840} INFO - DAG(s) 'data_pipeline' retrieved from /opt/airflow/dags/pipeline_dag.py
[2026-05-01T22:04:51.414+0000] {logging_mixin.py:188} INFO - [2026-05-01T22:04:51.414+0000] {dag.py:3089} INFO - Sync 1 DAGs
[2026-05-01T22:04:51.438+0000] {logging_mixin.py:188} INFO - [2026-05-01T22:04:51.438+0000] {dag.py:3947} INFO - Setting next_dagrun for data_pipeline to 2026-05-01 06:00:00+00:00, run_after=2026-05-02 06:00:00+00:00
[2026-05-01T22:04:51.461+0000] {processor.py:183} INFO - Processing /opt/airflow/dags/pipeline_dag.py took 0.120 seconds
[2026-05-01T22:05:21.513+0000] {processor.py:161} INFO - Started process (PID=278) to work on /opt/airflow/dags/pipeline_dag.py
[2026-05-01T22:05:21.514+0000] {processor.py:830} INFO - Processing file /opt/airflow/dags/pipeline_dag.py for tasks to queue
[2026-05-01T22:05:21.516+0000] {logging_mixin.py:188} INFO - [2026-05-01T22:05:21.515+0000] {dagbag.py:545} INFO - Filling up the DagBag from /opt/airflow/dags/pipeline_dag.py
[2026-05-01T22:05:21.529+0000] {processor.py:840} INFO - DAG(s) 'data_pipeline' retrieved from /opt/airflow/dags/pipeline_dag.py
[2026-05-01T22:05:21.571+0000] {logging_mixin.py:188} INFO - [2026-05-01T22:05:21.571+0000] {dag.py:3089} INFO - Sync 1 DAGs
[2026-05-01T22:05:21.601+0000] {logging_mixin.py:188} INFO - [2026-05-01T22:05:21.601+0000] {dag.py:3947} INFO - Setting next_dagrun for data_pipeline to 2026-05-01 06:00:00+00:00, run_after=2026-05-02 06:00:00+00:00
[2026-05-01T22:05:21.631+0000] {processor.py:183} INFO - Processing /opt/airflow/dags/pipeline_dag.py took 0.126 seconds
[2026-05-01T22:05:51.802+0000] {processor.py:161} INFO - Started process (PID=283) to work on /opt/airflow/dags/pipeline_dag.py
[2026-05-01T22:05:51.812+0000] {processor.py:830} INFO - Processing file /opt/airflow/dags/pipeline_dag.py for tasks to queue
[2026-05-01T22:05:51.814+0000] {logging_mixin.py:188} INFO - [2026-05-01T22:05:51.814+0000] {dagbag.py:545} INFO - Filling up the DagBag from /opt/airflow/dags/pipeline_dag.py
[2026-05-01T22:05:51.831+0000] {processor.py:840} INFO - DAG(s) 'data_pipeline' retrieved from /opt/airflow/dags/pipeline_dag.py
[2026-05-01T22:05:51.887+0000] {logging_mixin.py:188} INFO - [2026-05-01T22:05:51.886+0000] {dag.py:3089} INFO - Sync 1 DAGs
[2026-05-01T22:05:51.927+0000] {logging_mixin.py:188} INFO - [2026-05-01T22:05:51.927+0000] {dag.py:3947} INFO - Setting next_dagrun for data_pipeline to 2026-05-01 06:00:00+00:00, run_after=2026-05-02 06:00:00+00:00
[2026-05-01T22:05:51.968+0000] {processor.py:183} INFO - Processing /opt/airflow/dags/pipeline_dag.py took 0.174 seconds
[2026-05-01T22:06:22.130+0000] {processor.py:161} INFO - Started process (PID=288) to work on /opt/airflow/dags/pipeline_dag.py
[2026-05-01T22:06:22.131+0000] {processor.py:830} INFO - Processing file /opt/airflow/dags/pipeline_dag.py for tasks to queue
[2026-05-01T22:06:22.133+0000] {logging_mixin.py:188} INFO - [2026-05-01T22:06:22.133+0000] {dagbag.py:545} INFO - Filling up the DagBag from /opt/airflow/dags/pipeline_dag.py
[2026-05-01T22:06:22.150+0000] {processor.py:840} INFO - DAG(s) 'data_pipeline' retrieved from /opt/airflow/dags/pipeline_dag.py
[2026-05-01T22:06:22.200+0000] {logging_mixin.py:188} INFO - [2026-05-01T22:06:22.199+0000] {dag.py:3089} INFO - Sync 1 DAGs
[2026-05-01T22:06:22.230+0000] {logging_mixin.py:188} INFO - [2026-05-01T22:06:22.229+0000] {dag.py:3947} INFO - Setting next_dagrun for data_pipeline to 2026-05-01 06:00:00+00:00, run_after=2026-05-02 06:00:00+00:00
[2026-05-01T22:06:22.269+0000] {processor.py:183} INFO - Processing /opt/airflow/dags/pipeline_dag.py took 0.150 seconds
[2026-05-01T22:06:52.431+0000] {processor.py:161} INFO - Started process (PID=293) to work on /opt/airflow/dags/pipeline_dag.py
[2026-05-01T22:06:52.441+0000] {processor.py:830} INFO - Processing file /opt/airflow/dags/pipeline_dag.py for tasks to queue
[2026-05-01T22:06:52.444+0000] {logging_mixin.py:188} INFO - [2026-05-01T22:06:52.443+0000] {dagbag.py:545} INFO - Filling up the DagBag from /opt/airflow/dags/pipeline_dag.py
[2026-05-01T22:06:52.459+0000] {processor.py:840} INFO - DAG(s) 'data_pipeline' retrieved from /opt/airflow/dags/pipeline_dag.py
[2026-05-01T22:06:52.498+0000] {logging_mixin.py:188} INFO - [2026-05-01T22:06:52.498+0000] {dag.py:3089} INFO - Sync 1 DAGs
[2026-05-01T22:06:52.525+0000] {logging_mixin.py:188} INFO - [2026-05-01T22:06:52.525+0000] {dag.py:3947} INFO - Setting next_dagrun for data_pipeline to 2026-05-01 06:00:00+00:00, run_after=2026-05-02 06:00:00+00:00
[2026-05-01T22:06:52.549+0000] {processor.py:183} INFO - Processing /opt/airflow/dags/pipeline_dag.py took 0.125 seconds
[2026-05-01T22:07:22.619+0000] {processor.py:161} INFO - Started process (PID=298) to work on /opt/airflow/dags/pipeline_dag.py
[2026-05-01T22:07:22.620+0000] {processor.py:830} INFO - Processing file /opt/airflow/dags/pipeline_dag.py for tasks to queue
[2026-05-01T22:07:22.623+0000] {logging_mixin.py:188} INFO - [2026-05-01T22:07:22.622+0000] {dagbag.py:545} INFO - Filling up the DagBag from /opt/airflow/dags/pipeline_dag.py
[2026-05-01T22:07:22.644+0000] {processor.py:840} INFO - DAG(s) 'data_pipeline' retrieved from /opt/airflow/dags/pipeline_dag.py
[2026-05-01T22:07:22.698+0000] {logging_mixin.py:188} INFO - [2026-05-01T22:07:22.698+0000] {dag.py:3089} INFO - Sync 1 DAGs
[2026-05-01T22:07:22.730+0000] {logging_mixin.py:188} INFO - [2026-05-01T22:07:22.730+0000] {dag.py:3947} INFO - Setting next_dagrun for data_pipeline to 2026-05-01 06:00:00+00:00, run_after=2026-05-02 06:00:00+00:00
[2026-05-01T22:07:22.765+0000] {processor.py:183} INFO - Processing /opt/airflow/dags/pipeline_dag.py took 0.154 seconds
[2026-05-01T22:07:52.882+0000] {processor.py:161} INFO - Started process (PID=303) to work on /opt/airflow/dags/pipeline_dag.py
[2026-05-01T22:07:52.891+0000] {processor.py:830} INFO - Processing file /opt/airflow/dags/pipeline_dag.py for tasks to queue
[2026-05-01T22:07:52.894+0000] {logging_mixin.py:188} INFO - [2026-05-01T22:07:52.894+0000] {dagbag.py:545} INFO - Filling up the DagBag from /opt/airflow/dags/pipeline_dag.py
[2026-05-01T22:07:52.914+0000] {processor.py:840} INFO - DAG(s) 'data_pipeline' retrieved from /opt/airflow/dags/pipeline_dag.py
[2026-05-01T22:07:52.967+0000] {logging_mixin.py:188} INFO - [2026-05-01T22:07:52.967+0000] {dag.py:3089} INFO - Sync 1 DAGs
[2026-05-01T22:07:53.002+0000] {logging_mixin.py:188} INFO - [2026-05-01T22:07:53.001+0000] {dag.py:3947} INFO - Setting next_dagrun for data_pipeline to 2026-05-01 06:00:00+00:00, run_after=2026-05-02 06:00:00+00:00
[2026-05-01T22:07:53.037+0000] {processor.py:183} INFO - Processing /opt/airflow/dags/pipeline_dag.py took 0.166 seconds
[2026-05-01T22:08:23.105+0000] {processor.py:161} INFO - Started process (PID=308) to work on /opt/airflow/dags/pipeline_dag.py
[2026-05-01T22:08:23.106+0000] {processor.py:830} INFO - Processing file /opt/airflow/dags/pipeline_dag.py for tasks to queue
[2026-05-01T22:08:23.110+0000] {logging_mixin.py:188} INFO - [2026-05-01T22:08:23.109+0000] {dagbag.py:545} INFO - Filling up the DagBag from /opt/airflow/dags/pipeline_dag.py
[2026-05-01T22:08:23.127+0000] {processor.py:840} INFO - DAG(s) 'data_pipeline' retrieved from /opt/airflow/dags/pipeline_dag.py
[2026-05-01T22:08:23.180+0000] {logging_mixin.py:188} INFO - [2026-05-01T22:08:23.180+0000] {dag.py:3089} INFO - Sync 1 DAGs
[2026-05-01T22:08:23.216+0000] {logging_mixin.py:188} INFO - [2026-05-01T22:08:23.216+0000] {dag.py:3947} INFO - Setting next_dagrun for data_pipeline to 2026-05-01 06:00:00+00:00, run_after=2026-05-02 06:00:00+00:00
[2026-05-01T22:08:23.258+0000] {processor.py:183} INFO - Processing /opt/airflow/dags/pipeline_dag.py took 0.161 seconds
[2026-05-01T22:08:53.404+0000] {processor.py:161} INFO - Started process (PID=325) to work on /opt/airflow/dags/pipeline_dag.py
[2026-05-01T22:08:53.413+0000] {processor.py:830} INFO - Processing file /opt/airflow/dags/pipeline_dag.py for tasks to queue
[2026-05-01T22:08:53.417+0000] {logging_mixin.py:188} INFO - [2026-05-01T22:08:53.416+0000] {dagbag.py:545} INFO - Filling up the DagBag from /opt/airflow/dags/pipeline_dag.py
[2026-05-01T22:08:53.435+0000] {processor.py:840} INFO - DAG(s) 'data_pipeline' retrieved from /opt/airflow/dags/pipeline_dag.py
[2026-05-01T22:08:53.483+0000] {logging_mixin.py:188} INFO - [2026-05-01T22:08:53.483+0000] {dag.py:3089} INFO - Sync 1 DAGs
[2026-05-01T22:08:53.515+0000] {logging_mixin.py:188} INFO - [2026-05-01T22:08:53.515+0000] {dag.py:3947} INFO - Setting next_dagrun for data_pipeline to 2026-05-01 06:00:00+00:00, run_after=2026-05-02 06:00:00+00:00
[2026-05-01T22:08:53.559+0000] {processor.py:183} INFO - Processing /opt/airflow/dags/pipeline_dag.py took 0.164 seconds
[2026-05-01T22:09:23.610+0000] {processor.py:161} INFO - Started process (PID=330) to work on /opt/airflow/dags/pipeline_dag.py
[2026-05-01T22:09:23.610+0000] {processor.py:830} INFO - Processing file /opt/airflow/dags/pipeline_dag.py for tasks to queue
[2026-05-01T22:09:23.613+0000] {logging_mixin.py:188} INFO - [2026-05-01T22:09:23.612+0000] {dagbag.py:545} INFO - Filling up the DagBag from /opt/airflow/dags/pipeline_dag.py
[2026-05-01T22:09:23.620+0000] {processor.py:840} INFO - DAG(s) 'data_pipeline' retrieved from /opt/airflow/dags/pipeline_dag.py
[2026-05-01T22:09:23.644+0000] {logging_mixin.py:188} INFO - [2026-05-01T22:09:23.643+0000] {dag.py:3089} INFO - Sync 1 DAGs
[2026-05-01T22:09:23.661+0000] {logging_mixin.py:188} INFO - [2026-05-01T22:09:23.661+0000] {dag.py:3947} INFO - Setting next_dagrun for data_pipeline to 2026-05-01 06:00:00+00:00, run_after=2026-05-02 06:00:00+00:00
[2026-05-01T22:09:23.672+0000] {processor.py:183} INFO - Processing /opt/airflow/dags/pipeline_dag.py took 0.070 seconds
[2026-05-01T22:09:53.753+0000] {processor.py:161} INFO - Started process (PID=335) to work on /opt/airflow/dags/pipeline_dag.py
[2026-05-01T22:09:53.753+0000] {processor.py:830} INFO - Processing file /opt/airflow/dags/pipeline_dag.py for tasks to queue
[2026-05-01T22:09:53.754+0000] {logging_mixin.py:188} INFO - [2026-05-01T22:09:53.754+0000] {dagbag.py:545} INFO - Filling up the DagBag from /opt/airflow/dags/pipeline_dag.py
[2026-05-01T22:09:53.761+0000] {processor.py:840} INFO - DAG(s) 'data_pipeline' retrieved from /opt/airflow/dags/pipeline_dag.py
[2026-05-01T22:09:53.784+0000] {logging_mixin.py:188} INFO - [2026-05-01T22:09:53.784+0000] {dag.py:3089} INFO - Sync 1 DAGs
[2026-05-01T22:09:53.796+0000] {logging_mixin.py:188} INFO - [2026-05-01T22:09:53.796+0000] {dag.py:3947} INFO - Setting next_dagrun for data_pipeline to 2026-05-01 06:00:00+00:00, run_after=2026-05-02 06:00:00+00:00
[2026-05-01T22:09:53.808+0000] {processor.py:183} INFO - Processing /opt/airflow/dags/pipeline_dag.py took 0.062 seconds
[2026-05-01T22:10:23.988+0000] {processor.py:161} INFO - Started process (PID=340) to work on /opt/airflow/dags/pipeline_dag.py
[2026-05-01T22:10:23.989+0000] {processor.py:830} INFO - Processing file /opt/airflow/dags/pipeline_dag.py for tasks to queue
[2026-05-01T22:10:23.991+0000] {logging_mixin.py:188} INFO - [2026-05-01T22:10:23.990+0000] {dagbag.py:545} INFO - Filling up the DagBag from /opt/airflow/dags/pipeline_dag.py
[2026-05-01T22:10:23.999+0000] {processor.py:840} INFO - DAG(s) 'data_pipeline' retrieved from /opt/airflow/dags/pipeline_dag.py
[2026-05-01T22:10:24.016+0000] {logging_mixin.py:188} INFO - [2026-05-01T22:10:24.016+0000] {dag.py:3089} INFO - Sync 1 DAGs
[2026-05-01T22:10:24.028+0000] {logging_mixin.py:188} INFO - [2026-05-01T22:10:24.028+0000] {dag.py:3947} INFO - Setting next_dagrun for data_pipeline to 2026-05-01 06:00:00+00:00, run_after=2026-05-02 06:00:00+00:00
[2026-05-01T22:10:24.040+0000] {processor.py:183} INFO - Processing /opt/airflow/dags/pipeline_dag.py took 0.057 seconds
[2026-05-01T22:10:54.168+0000] {processor.py:161} INFO - Started process (PID=345) to work on /opt/airflow/dags/pipeline_dag.py
[2026-05-01T22:10:54.177+0000] {processor.py:830} INFO - Processing file /opt/airflow/dags/pipeline_dag.py for tasks to queue
[2026-05-01T22:10:54.179+0000] {logging_mixin.py:188} INFO - [2026-05-01T22:10:54.179+0000] {dagbag.py:545} INFO - Filling up the DagBag from /opt/airflow/dags/pipeline_dag.py
[2026-05-01T22:10:54.189+0000] {processor.py:840} INFO - DAG(s) 'data_pipeline' retrieved from /opt/airflow/dags/pipeline_dag.py
[2026-05-01T22:10:54.206+0000] {logging_mixin.py:188} INFO - [2026-05-01T22:10:54.206+0000] {dag.py:3089} INFO - Sync 1 DAGs
[2026-05-01T22:10:54.219+0000] {logging_mixin.py:188} INFO - [2026-05-01T22:10:54.219+0000] {dag.py:3947} INFO - Setting next_dagrun for data_pipeline to 2026-05-01 06:00:00+00:00, run_after=2026-05-02 06:00:00+00:00
[2026-05-01T22:10:54.231+0000] {processor.py:183} INFO - Processing /opt/airflow/dags/pipeline_dag.py took 0.070 seconds
[2026-05-01T22:11:24.369+0000] {processor.py:161} INFO - Started process (PID=350) to work on /opt/airflow/dags/pipeline_dag.py
[2026-05-01T22:11:24.370+0000] {processor.py:830} INFO - Processing file /opt/airflow/dags/pipeline_dag.py for tasks to queue
[2026-05-01T22:11:24.371+0000] {logging_mixin.py:188} INFO - [2026-05-01T22:11:24.371+0000] {dagbag.py:545} INFO - Filling up the DagBag from /opt/airflow/dags/pipeline_dag.py
[2026-05-01T22:11:24.380+0000] {processor.py:840} INFO - DAG(s) 'data_pipeline' retrieved from /opt/airflow/dags/pipeline_dag.py
[2026-05-01T22:11:24.397+0000] {logging_mixin.py:188} INFO - [2026-05-01T22:11:24.397+0000] {dag.py:3089} INFO - Sync 1 DAGs
[2026-05-01T22:11:24.409+0000] {logging_mixin.py:188} INFO - [2026-05-01T22:11:24.409+0000] {dag.py:3947} INFO - Setting next_dagrun for data_pipeline to 2026-05-01 06:00:00+00:00, run_after=2026-05-02 06:00:00+00:00
[2026-05-01T22:11:24.422+0000] {processor.py:183} INFO - Processing /opt/airflow/dags/pipeline_dag.py took 0.059 seconds
[2026-05-01T22:11:54.553+0000] {processor.py:161} INFO - Started process (PID=355) to work on /opt/airflow/dags/pipeline_dag.py
[2026-05-01T22:11:54.562+0000] {processor.py:830} INFO - Processing file /opt/airflow/dags/pipeline_dag.py for tasks to queue
[2026-05-01T22:11:54.564+0000] {logging_mixin.py:188} INFO - [2026-05-01T22:11:54.564+0000] {dagbag.py:545} INFO - Filling up the DagBag from /opt/airflow/dags/pipeline_dag.py
[2026-05-01T22:11:54.570+0000] {processor.py:840} INFO - DAG(s) 'data_pipeline' retrieved from /opt/airflow/dags/pipeline_dag.py
[2026-05-01T22:11:54.588+0000] {logging_mixin.py:188} INFO - [2026-05-01T22:11:54.588+0000] {dag.py:3089} INFO - Sync 1 DAGs
[2026-05-01T22:11:54.601+0000] {logging_mixin.py:188} INFO - [2026-05-01T22:11:54.600+0000] {dag.py:3947} INFO - Setting next_dagrun for data_pipeline to 2026-05-01 06:00:00+00:00, run_after=2026-05-02 06:00:00+00:00
[2026-05-01T22:11:54.612+0000] {processor.py:183} INFO - Processing /opt/airflow/dags/pipeline_dag.py took 0.062 seconds
[2026-05-01T22:12:24.761+0000] {processor.py:161} INFO - Started process (PID=360) to work on /opt/airflow/dags/pipeline_dag.py
[2026-05-01T22:12:24.762+0000] {processor.py:830} INFO - Processing file /opt/airflow/dags/pipeline_dag.py for tasks to queue
[2026-05-01T22:12:24.763+0000] {logging_mixin.py:188} INFO - [2026-05-01T22:12:24.763+0000] {dagbag.py:545} INFO - Filling up the DagBag from /opt/airflow/dags/pipeline_dag.py
[2026-05-01T22:12:24.771+0000] {processor.py:840} INFO - DAG(s) 'data_pipeline' retrieved from /opt/airflow/dags/pipeline_dag.py
[2026-05-01T22:12:24.789+0000] {logging_mixin.py:188} INFO - [2026-05-01T22:12:24.789+0000] {dag.py:3089} INFO - Sync 1 DAGs
[2026-05-01T22:12:24.801+0000] {logging_mixin.py:188} INFO - [2026-05-01T22:12:24.801+0000] {dag.py:3947} INFO - Setting next_dagrun for data_pipeline to 2026-05-01 06:00:00+00:00, run_after=2026-05-02 06:00:00+00:00
[2026-05-01T22:12:24.812+0000] {processor.py:183} INFO - Processing /opt/airflow/dags/pipeline_dag.py took 0.056 seconds
[2026-05-01T22:12:54.946+0000] {processor.py:161} INFO - Started process (PID=365) to work on /opt/airflow/dags/pipeline_dag.py
[2026-05-01T22:12:54.955+0000] {processor.py:830} INFO - Processing file /opt/airflow/dags/pipeline_dag.py for tasks to queue
[2026-05-01T22:12:54.957+0000] {logging_mixin.py:188} INFO - [2026-05-01T22:12:54.957+0000] {dagbag.py:545} INFO - Filling up the DagBag from /opt/airflow/dags/pipeline_dag.py
[2026-05-01T22:12:54.965+0000] {processor.py:840} INFO - DAG(s) 'data_pipeline' retrieved from /opt/airflow/dags/pipeline_dag.py
[2026-05-01T22:12:54.982+0000] {logging_mixin.py:188} INFO - [2026-05-01T22:12:54.982+0000] {dag.py:3089} INFO - Sync 1 DAGs
[2026-05-01T22:12:54.994+0000] {logging_mixin.py:188} INFO - [2026-05-01T22:12:54.994+0000] {dag.py:3947} INFO - Setting next_dagrun for data_pipeline to 2026-05-01 06:00:00+00:00, run_after=2026-05-02 06:00:00+00:00
[2026-05-01T22:12:55.004+0000] {processor.py:183} INFO - Processing /opt/airflow/dags/pipeline_dag.py took 0.064 seconds
[2026-05-01T22:13:25.152+0000] {processor.py:161} INFO - Started process (PID=370) to work on /opt/airflow/dags/pipeline_dag.py
[2026-05-01T22:13:25.153+0000] {processor.py:830} INFO - Processing file /opt/airflow/dags/pipeline_dag.py for tasks to queue
[2026-05-01T22:13:25.154+0000] {logging_mixin.py:188} INFO - [2026-05-01T22:13:25.154+0000] {dagbag.py:545} INFO - Filling up the DagBag from /opt/airflow/dags/pipeline_dag.py
[2026-05-01T22:13:25.161+0000] {processor.py:840} INFO - DAG(s) 'data_pipeline' retrieved from /opt/airflow/dags/pipeline_dag.py
[2026-05-01T22:13:25.179+0000] {logging_mixin.py:188} INFO - [2026-05-01T22:13:25.179+0000] {dag.py:3089} INFO - Sync 1 DAGs
[2026-05-01T22:13:25.192+0000] {logging_mixin.py:188} INFO - [2026-05-01T22:13:25.192+0000] {dag.py:3947} INFO - Setting next_dagrun for data_pipeline to 2026-05-01 06:00:00+00:00, run_after=2026-05-02 06:00:00+00:00
[2026-05-01T22:13:25.204+0000] {processor.py:183} INFO - Processing /opt/airflow/dags/pipeline_dag.py took 0.057 seconds
[2026-05-01T22:13:55.323+0000] {processor.py:161} INFO - Started process (PID=375) to work on /opt/airflow/dags/pipeline_dag.py
[2026-05-01T22:13:55.331+0000] {processor.py:830} INFO - Processing file /opt/airflow/dags/pipeline_dag.py for tasks to queue
[2026-05-01T22:13:55.333+0000] {logging_mixin.py:188} INFO - [2026-05-01T22:13:55.332+0000] {dagbag.py:545} INFO - Filling up the DagBag from /opt/airflow/dags/pipeline_dag.py
[2026-05-01T22:13:55.339+0000] {processor.py:840} INFO - DAG(s) 'data_pipeline' retrieved from /opt/airflow/dags/pipeline_dag.py
[2026-05-01T22:13:55.356+0000] {logging_mixin.py:188} INFO - [2026-05-01T22:13:55.356+0000] {dag.py:3089} INFO - Sync 1 DAGs
[2026-05-01T22:13:55.369+0000] {logging_mixin.py:188} INFO - [2026-05-01T22:13:55.369+0000] {dag.py:3947} INFO - Setting next_dagrun for data_pipeline to 2026-05-01 06:00:00+00:00, run_after=2026-05-02 06:00:00+00:00
[2026-05-01T22:13:55.380+0000] {processor.py:183} INFO - Processing /opt/airflow/dags/pipeline_dag.py took 0.063 seconds
[2026-05-01T22:14:25.534+0000] {processor.py:161} INFO - Started process (PID=380) to work on /opt/airflow/dags/pipeline_dag.py
[2026-05-01T22:14:25.535+0000] {processor.py:830} INFO - Processing file /opt/airflow/dags/pipeline_dag.py for tasks to queue
[2026-05-01T22:14:25.536+0000] {logging_mixin.py:188} INFO - [2026-05-01T22:14:25.536+0000] {dagbag.py:545} INFO - Filling up the DagBag from /opt/airflow/dags/pipeline_dag.py
[2026-05-01T22:14:25.543+0000] {processor.py:840} INFO - DAG(s) 'data_pipeline' retrieved from /opt/airflow/dags/pipeline_dag.py
[2026-05-01T22:14:25.565+0000] {logging_mixin.py:188} INFO - [2026-05-01T22:14:25.565+0000] {dag.py:3089} INFO - Sync 1 DAGs
[2026-05-01T22:14:25.578+0000] {logging_mixin.py:188} INFO - [2026-05-01T22:14:25.578+0000] {dag.py:3947} INFO - Setting next_dagrun for data_pipeline to 2026-05-01 06:00:00+00:00, run_after=2026-05-02 06:00:00+00:00
[2026-05-01T22:14:25.589+0000] {processor.py:183} INFO - Processing /opt/airflow/dags/pipeline_dag.py took 0.059 seconds
[2026-05-01T22:14:55.720+0000] {processor.py:161} INFO - Started process (PID=385) to work on /opt/airflow/dags/pipeline_dag.py
[2026-05-01T22:14:55.720+0000] {processor.py:830} INFO - Processing file /opt/airflow/dags/pipeline_dag.py for tasks to queue
[2026-05-01T22:14:55.722+0000] {logging_mixin.py:188} INFO - [2026-05-01T22:14:55.721+0000] {dagbag.py:545} INFO - Filling up the DagBag from /opt/airflow/dags/pipeline_dag.py
[2026-05-01T22:14:55.729+0000] {processor.py:840} INFO - DAG(s) 'data_pipeline' retrieved from /opt/airflow/dags/pipeline_dag.py
[2026-05-01T22:14:55.753+0000] {logging_mixin.py:188} INFO - [2026-05-01T22:14:55.753+0000] {dag.py:3089} INFO - Sync 1 DAGs
[2026-05-01T22:14:55.765+0000] {logging_mixin.py:188} INFO - [2026-05-01T22:14:55.765+0000] {dag.py:3947} INFO - Setting next_dagrun for data_pipeline to 2026-05-01 06:00:00+00:00, run_after=2026-05-02 06:00:00+00:00
[2026-05-01T22:14:55.776+0000] {processor.py:183} INFO - Processing /opt/airflow/dags/pipeline_dag.py took 0.062 seconds
[2026-05-01T22:15:25.946+0000] {processor.py:161} INFO - Started process (PID=390) to work on /opt/airflow/dags/pipeline_dag.py
[2026-05-01T22:15:25.946+0000] {processor.py:830} INFO - Processing file /opt/airflow/dags/pipeline_dag.py for tasks to queue
[2026-05-01T22:15:25.947+0000] {logging_mixin.py:188} INFO - [2026-05-01T22:15:25.947+0000] {dagbag.py:545} INFO - Filling up the DagBag from /opt/airflow/dags/pipeline_dag.py
[2026-05-01T22:15:25.953+0000] {processor.py:840} INFO - DAG(s) 'data_pipeline' retrieved from /opt/airflow/dags/pipeline_dag.py
[2026-05-01T22:15:25.970+0000] {logging_mixin.py:188} INFO - [2026-05-01T22:15:25.970+0000] {dag.py:3089} INFO - Sync 1 DAGs
[2026-05-01T22:15:25.983+0000] {logging_mixin.py:188} INFO - [2026-05-01T22:15:25.983+0000] {dag.py:3947} INFO - Setting next_dagrun for data_pipeline to 2026-05-01 06:00:00+00:00, run_after=2026-05-02 06:00:00+00:00
[2026-05-01T22:15:25.994+0000] {processor.py:183} INFO - Processing /opt/airflow/dags/pipeline_dag.py took 0.051 seconds
[2026-05-01T22:15:56.173+0000] {processor.py:161} INFO - Started process (PID=395) to work on /opt/airflow/dags/pipeline_dag.py
[2026-05-01T22:15:56.174+0000] {processor.py:830} INFO - Processing file /opt/airflow/dags/pipeline_dag.py for tasks to queue
[2026-05-01T22:15:56.175+0000] {logging_mixin.py:188} INFO - [2026-05-01T22:15:56.175+0000] {dagbag.py:545} INFO - Filling up the DagBag from /opt/airflow/dags/pipeline_dag.py
[2026-05-01T22:15:56.181+0000] {processor.py:840} INFO - DAG(s) 'data_pipeline' retrieved from /opt/airflow/dags/pipeline_dag.py
[2026-05-01T22:15:56.201+0000] {logging_mixin.py:188} INFO - [2026-05-01T22:15:56.201+0000] {dag.py:3089} INFO - Sync 1 DAGs
[2026-05-01T22:15:56.214+0000] {logging_mixin.py:188} INFO - [2026-05-01T22:15:56.213+0000] {dag.py:3947} INFO - Setting next_dagrun for data_pipeline to 2026-05-01 06:00:00+00:00, run_after=2026-05-02 06:00:00+00:00
[2026-05-01T22:15:56.225+0000] {processor.py:183} INFO - Processing /opt/airflow/dags/pipeline_dag.py took 0.057 seconds
[2026-05-01T22:16:26.393+0000] {processor.py:161} INFO - Started process (PID=400) to work on /opt/airflow/dags/pipeline_dag.py
[2026-05-01T22:16:26.393+0000] {processor.py:830} INFO - Processing file /opt/airflow/dags/pipeline_dag.py for tasks to queue
[2026-05-01T22:16:26.394+0000] {logging_mixin.py:188} INFO - [2026-05-01T22:16:26.394+0000] {dagbag.py:545} INFO - Filling up the DagBag from /opt/airflow/dags/pipeline_dag.py
[2026-05-01T22:16:26.400+0000] {processor.py:840} INFO - DAG(s) 'data_pipeline' retrieved from /opt/airflow/dags/pipeline_dag.py
[2026-05-01T22:16:26.417+0000] {logging_mixin.py:188} INFO - [2026-05-01T22:16:26.417+0000] {dag.py:3089} INFO - Sync 1 DAGs
[2026-05-01T22:16:26.430+0000] {logging_mixin.py:188} INFO - [2026-05-01T22:16:26.430+0000] {dag.py:3947} INFO - Setting next_dagrun for data_pipeline to 2026-05-01 06:00:00+00:00, run_after=2026-05-02 06:00:00+00:00
[2026-05-01T22:16:26.441+0000] {processor.py:183} INFO - Processing /opt/airflow/dags/pipeline_dag.py took 0.053 seconds
[2026-05-01T22:16:56.592+0000] {processor.py:161} INFO - Started process (PID=405) to work on /opt/airflow/dags/pipeline_dag.py
[2026-05-01T22:16:56.601+0000] {processor.py:830} INFO - Processing file /opt/airflow/dags/pipeline_dag.py for tasks to queue
[2026-05-01T22:16:56.602+0000] {logging_mixin.py:188} INFO - [2026-05-01T22:16:56.602+0000] {dagbag.py:545} INFO - Filling up the DagBag from /opt/airflow/dags/pipeline_dag.py
[2026-05-01T22:16:56.609+0000] {processor.py:840} INFO - DAG(s) 'data_pipeline' retrieved from /opt/airflow/dags/pipeline_dag.py
[2026-05-01T22:16:56.628+0000] {logging_mixin.py:188} INFO - [2026-05-01T22:16:56.627+0000] {dag.py:3089} INFO - Sync 1 DAGs
[2026-05-01T22:16:56.641+0000] {logging_mixin.py:188} INFO - [2026-05-01T22:16:56.641+0000] {dag.py:3947} INFO - Setting next_dagrun for data_pipeline to 2026-05-01 06:00:00+00:00, run_after=2026-05-02 06:00:00+00:00
[2026-05-01T22:16:56.653+0000] {processor.py:183} INFO - Processing /opt/airflow/dags/pipeline_dag.py took 0.066 seconds
[2026-05-01T22:17:26.816+0000] {processor.py:161} INFO - Started process (PID=410) to work on /opt/airflow/dags/pipeline_dag.py
[2026-05-01T22:17:26.816+0000] {processor.py:830} INFO - Processing file /opt/airflow/dags/pipeline_dag.py for tasks to queue
[2026-05-01T22:17:26.817+0000] {logging_mixin.py:188} INFO - [2026-05-01T22:17:26.817+0000] {dagbag.py:545} INFO - Filling up the DagBag from /opt/airflow/dags/pipeline_dag.py
[2026-05-01T22:17:26.824+0000] {processor.py:840} INFO - DAG(s) 'data_pipeline' retrieved from /opt/airflow/dags/pipeline_dag.py
[2026-05-01T22:17:26.843+0000] {logging_mixin.py:188} INFO - [2026-05-01T22:17:26.843+0000] {dag.py:3089} INFO - Sync 1 DAGs
[2026-05-01T22:17:26.857+0000] {logging_mixin.py:188} INFO - [2026-05-01T22:17:26.856+0000] {dag.py:3947} INFO - Setting next_dagrun for data_pipeline to 2026-05-01 06:00:00+00:00, run_after=2026-05-02 06:00:00+00:00
[2026-05-01T22:17:26.868+0000] {processor.py:183} INFO - Processing /opt/airflow/dags/pipeline_dag.py took 0.056 seconds
[2026-05-01T22:17:56.964+0000] {processor.py:161} INFO - Started process (PID=415) to work on /opt/airflow/dags/pipeline_dag.py
[2026-05-01T22:17:56.973+0000] {processor.py:830} INFO - Processing file /opt/airflow/dags/pipeline_dag.py for tasks to queue
[2026-05-01T22:17:56.976+0000] {logging_mixin.py:188} INFO - [2026-05-01T22:17:56.975+0000] {dagbag.py:545} INFO - Filling up the DagBag from /opt/airflow/dags/pipeline_dag.py
[2026-05-01T22:17:56.985+0000] {processor.py:840} INFO - DAG(s) 'data_pipeline' retrieved from /opt/airflow/dags/pipeline_dag.py
[2026-05-01T22:17:57.007+0000] {logging_mixin.py:188} INFO - [2026-05-01T22:17:57.007+0000] {dag.py:3089} INFO - Sync 1 DAGs
[2026-05-01T22:17:57.020+0000] {logging_mixin.py:188} INFO - [2026-05-01T22:17:57.019+0000] {dag.py:3947} INFO - Setting next_dagrun for data_pipeline to 2026-05-01 06:00:00+00:00, run_after=2026-05-02 06:00:00+00:00
[2026-05-01T22:17:57.032+0000] {processor.py:183} INFO - Processing /opt/airflow/dags/pipeline_dag.py took 0.074 seconds
[2026-05-01T22:18:27.147+0000] {processor.py:161} INFO - Started process (PID=420) to work on /opt/airflow/dags/pipeline_dag.py
[2026-05-01T22:18:27.147+0000] {processor.py:830} INFO - Processing file /opt/airflow/dags/pipeline_dag.py for tasks to queue
[2026-05-01T22:18:27.148+0000] {logging_mixin.py:188} INFO - [2026-05-01T22:18:27.148+0000] {dagbag.py:545} INFO - Filling up the DagBag from /opt/airflow/dags/pipeline_dag.py
[2026-05-01T22:18:27.154+0000] {processor.py:840} INFO - DAG(s) 'data_pipeline' retrieved from /opt/airflow/dags/pipeline_dag.py
[2026-05-01T22:18:27.171+0000] {logging_mixin.py:188} INFO - [2026-05-01T22:18:27.171+0000] {dag.py:3089} INFO - Sync 1 DAGs
[2026-05-01T22:18:27.184+0000] {logging_mixin.py:188} INFO - [2026-05-01T22:18:27.183+0000] {dag.py:3947} INFO - Setting next_dagrun for data_pipeline to 2026-05-01 06:00:00+00:00, run_after=2026-05-02 06:00:00+00:00
[2026-05-01T22:18:27.195+0000] {processor.py:183} INFO - Processing /opt/airflow/dags/pipeline_dag.py took 0.053 seconds
[2026-05-01T22:18:57.336+0000] {processor.py:161} INFO - Started process (PID=425) to work on /opt/airflow/dags/pipeline_dag.py
[2026-05-01T22:18:57.345+0000] {processor.py:830} INFO - Processing file /opt/airflow/dags/pipeline_dag.py for tasks to queue
[2026-05-01T22:18:57.346+0000] {logging_mixin.py:188} INFO - [2026-05-01T22:18:57.346+0000] {dagbag.py:545} INFO - Filling up the DagBag from /opt/airflow/dags/pipeline_dag.py
[2026-05-01T22:18:57.352+0000] {processor.py:840} INFO - DAG(s) 'data_pipeline' retrieved from /opt/airflow/dags/pipeline_dag.py
[2026-05-01T22:18:57.372+0000] {logging_mixin.py:188} INFO - [2026-05-01T22:18:57.372+0000] {dag.py:3089} INFO - Sync 1 DAGs
[2026-05-01T22:18:57.384+0000] {logging_mixin.py:188} INFO - [2026-05-01T22:18:57.384+0000] {dag.py:3947} INFO - Setting next_dagrun for data_pipeline to 2026-05-01 06:00:00+00:00, run_after=2026-05-02 06:00:00+00:00
[2026-05-01T22:18:57.397+0000] {processor.py:183} INFO - Processing /opt/airflow/dags/pipeline_dag.py took 0.064 seconds
[2026-05-01T22:19:27.512+0000] {processor.py:161} INFO - Started process (PID=430) to work on /opt/airflow/dags/pipeline_dag.py
[2026-05-01T22:19:27.512+0000] {processor.py:830} INFO - Processing file /opt/airflow/dags/pipeline_dag.py for tasks to queue
[2026-05-01T22:19:27.514+0000] {logging_mixin.py:188} INFO - [2026-05-01T22:19:27.513+0000] {dagbag.py:545} INFO - Filling up the DagBag from /opt/airflow/dags/pipeline_dag.py
[2026-05-01T22:19:27.521+0000] {processor.py:840} INFO - DAG(s) 'data_pipeline' retrieved from /opt/airflow/dags/pipeline_dag.py
[2026-05-01T22:19:27.546+0000] {logging_mixin.py:188} INFO - [2026-05-01T22:19:27.546+0000] {dag.py:3089} INFO - Sync 1 DAGs
[2026-05-01T22:19:27.559+0000] {logging_mixin.py:188} INFO - [2026-05-01T22:19:27.559+0000] {dag.py:3947} INFO - Setting next_dagrun for data_pipeline to 2026-05-01 06:00:00+00:00, run_after=2026-05-02 06:00:00+00:00
[2026-05-01T22:19:27.570+0000] {processor.py:183} INFO - Processing /opt/airflow/dags/pipeline_dag.py took 0.064 seconds
[2026-05-01T22:19:57.664+0000] {processor.py:161} INFO - Started process (PID=435) to work on /opt/airflow/dags/pipeline_dag.py
[2026-05-01T22:19:57.672+0000] {processor.py:830} INFO - Processing file /opt/airflow/dags/pipeline_dag.py for tasks to queue
[2026-05-01T22:19:57.673+0000] {logging_mixin.py:188} INFO - [2026-05-01T22:19:57.673+0000] {dagbag.py:545} INFO - Filling up the DagBag from /opt/airflow/dags/pipeline_dag.py
[2026-05-01T22:19:57.679+0000] {processor.py:840} INFO - DAG(s) 'data_pipeline' retrieved from /opt/airflow/dags/pipeline_dag.py
[2026-05-01T22:19:57.697+0000] {logging_mixin.py:188} INFO - [2026-05-01T22:19:57.697+0000] {dag.py:3089} INFO - Sync 1 DAGs
[2026-05-01T22:19:57.710+0000] {logging_mixin.py:188} INFO - [2026-05-01T22:19:57.710+0000] {dag.py:3947} INFO - Setting next_dagrun for data_pipeline to 2026-05-01 06:00:00+00:00, run_after=2026-05-02 06:00:00+00:00
[2026-05-01T22:19:57.721+0000] {processor.py:183} INFO - Processing /opt/airflow/dags/pipeline_dag.py took 0.060 seconds
[2026-05-01T22:20:27.764+0000] {processor.py:161} INFO - Started process (PID=440) to work on /opt/airflow/dags/pipeline_dag.py
[2026-05-01T22:20:27.764+0000] {processor.py:830} INFO - Processing file /opt/airflow/dags/pipeline_dag.py for tasks to queue
[2026-05-01T22:20:27.765+0000] {logging_mixin.py:188} INFO - [2026-05-01T22:20:27.765+0000] {dagbag.py:545} INFO - Filling up the DagBag from /opt/airflow/dags/pipeline_dag.py
[2026-05-01T22:20:27.772+0000] {processor.py:840} INFO - DAG(s) 'data_pipeline' retrieved from /opt/airflow/dags/pipeline_dag.py
[2026-05-01T22:20:27.794+0000] {logging_mixin.py:188} INFO - [2026-05-01T22:20:27.793+0000] {dag.py:3089} INFO - Sync 1 DAGs
[2026-05-01T22:20:27.807+0000] {logging_mixin.py:188} INFO - [2026-05-01T22:20:27.806+0000] {dag.py:3947} INFO - Setting next_dagrun for data_pipeline to 2026-05-01 06:00:00+00:00, run_after=2026-05-02 06:00:00+00:00
[2026-05-01T22:20:27.818+0000] {processor.py:183} INFO - Processing /opt/airflow/dags/pipeline_dag.py took 0.057 seconds
[2026-05-01T22:20:57.885+0000] {processor.py:161} INFO - Started process (PID=445) to work on /opt/airflow/dags/pipeline_dag.py
[2026-05-01T22:20:57.894+0000] {processor.py:830} INFO - Processing file /opt/airflow/dags/pipeline_dag.py for tasks to queue
[2026-05-01T22:20:57.895+0000] {logging_mixin.py:188} INFO - [2026-05-01T22:20:57.895+0000] {dagbag.py:545} INFO - Filling up the DagBag from /opt/airflow/dags/pipeline_dag.py
[2026-05-01T22:20:57.901+0000] {processor.py:840} INFO - DAG(s) 'data_pipeline' retrieved from /opt/airflow/dags/pipeline_dag.py
[2026-05-01T22:20:57.923+0000] {logging_mixin.py:188} INFO - [2026-05-01T22:20:57.923+0000] {dag.py:3089} INFO - Sync 1 DAGs
[2026-05-01T22:20:57.937+0000] {logging_mixin.py:188} INFO - [2026-05-01T22:20:57.936+0000] {dag.py:3947} INFO - Setting next_dagrun for data_pipeline to 2026-05-01 06:00:00+00:00, run_after=2026-05-02 06:00:00+00:00
[2026-05-01T22:20:57.949+0000] {processor.py:183} INFO - Processing /opt/airflow/dags/pipeline_dag.py took 0.067 seconds
[2026-05-01T22:21:27.985+0000] {processor.py:161} INFO - Started process (PID=450) to work on /opt/airflow/dags/pipeline_dag.py
[2026-05-01T22:21:27.986+0000] {processor.py:830} INFO - Processing file /opt/airflow/dags/pipeline_dag.py for tasks to queue
[2026-05-01T22:21:27.987+0000] {logging_mixin.py:188} INFO - [2026-05-01T22:21:27.987+0000] {dagbag.py:545} INFO - Filling up the DagBag from /opt/airflow/dags/pipeline_dag.py
[2026-05-01T22:21:27.994+0000] {processor.py:840} INFO - DAG(s) 'data_pipeline' retrieved from /opt/airflow/dags/pipeline_dag.py
[2026-05-01T22:21:28.016+0000] {logging_mixin.py:188} INFO - [2026-05-01T22:21:28.015+0000] {dag.py:3089} INFO - Sync 1 DAGs
[2026-05-01T22:21:28.028+0000] {logging_mixin.py:188} INFO - [2026-05-01T22:21:28.028+0000] {dag.py:3947} INFO - Setting next_dagrun for data_pipeline to 2026-05-01 06:00:00+00:00, run_after=2026-05-02 06:00:00+00:00
[2026-05-01T22:21:28.038+0000] {processor.py:183} INFO - Processing /opt/airflow/dags/pipeline_dag.py took 0.057 seconds
[2026-05-01T22:21:58.133+0000] {processor.py:161} INFO - Started process (PID=455) to work on /opt/airflow/dags/pipeline_dag.py
[2026-05-01T22:21:58.141+0000] {processor.py:830} INFO - Processing file /opt/airflow/dags/pipeline_dag.py for tasks to queue
[2026-05-01T22:21:58.143+0000] {logging_mixin.py:188} INFO - [2026-05-01T22:21:58.142+0000] {dagbag.py:545} INFO - Filling up the DagBag from /opt/airflow/dags/pipeline_dag.py
[2026-05-01T22:21:58.149+0000] {processor.py:840} INFO - DAG(s) 'data_pipeline' retrieved from /opt/airflow/dags/pipeline_dag.py
[2026-05-01T22:21:58.169+0000] {logging_mixin.py:188} INFO - [2026-05-01T22:21:58.168+0000] {dag.py:3089} INFO - Sync 1 DAGs
[2026-05-01T22:21:58.183+0000] {logging_mixin.py:188} INFO - [2026-05-01T22:21:58.183+0000] {dag.py:3947} INFO - Setting next_dagrun for data_pipeline to 2026-05-01 06:00:00+00:00, run_after=2026-05-02 06:00:00+00:00
[2026-05-01T22:21:58.196+0000] {processor.py:183} INFO - Processing /opt/airflow/dags/pipeline_dag.py took 0.067 seconds
[2026-05-01T22:22:28.251+0000] {processor.py:161} INFO - Started process (PID=460) to work on /opt/airflow/dags/pipeline_dag.py
[2026-05-01T22:22:28.251+0000] {processor.py:830} INFO - Processing file /opt/airflow/dags/pipeline_dag.py for tasks to queue
[2026-05-01T22:22:28.252+0000] {logging_mixin.py:188} INFO - [2026-05-01T22:22:28.252+0000] {dagbag.py:545} INFO - Filling up the DagBag from /opt/airflow/dags/pipeline_dag.py
[2026-05-01T22:22:28.258+0000] {processor.py:840} INFO - DAG(s) 'data_pipeline' retrieved from /opt/airflow/dags/pipeline_dag.py
[2026-05-01T22:22:28.277+0000] {logging_mixin.py:188} INFO - [2026-05-01T22:22:28.277+0000] {dag.py:3089} INFO - Sync 1 DAGs
[2026-05-01T22:22:28.289+0000] {logging_mixin.py:188} INFO - [2026-05-01T22:22:28.289+0000] {dag.py:3947} INFO - Setting next_dagrun for data_pipeline to 2026-05-01 06:00:00+00:00, run_after=2026-05-02 06:00:00+00:00
[2026-05-01T22:22:28.301+0000] {processor.py:183} INFO - Processing /opt/airflow/dags/pipeline_dag.py took 0.056 seconds
[2026-05-01T22:22:58.462+0000] {processor.py:161} INFO - Started process (PID=465) to work on /opt/airflow/dags/pipeline_dag.py
[2026-05-01T22:22:58.471+0000] {processor.py:830} INFO - Processing file /opt/airflow/dags/pipeline_dag.py for tasks to queue
[2026-05-01T22:22:58.472+0000] {logging_mixin.py:188} INFO - [2026-05-01T22:22:58.472+0000] {dagbag.py:545} INFO - Filling up the DagBag from /opt/airflow/dags/pipeline_dag.py
[2026-05-01T22:22:58.478+0000] {processor.py:840} INFO - DAG(s) 'data_pipeline' retrieved from /opt/airflow/dags/pipeline_dag.py
[2026-05-01T22:22:58.497+0000] {logging_mixin.py:188} INFO - [2026-05-01T22:22:58.497+0000] {dag.py:3089} INFO - Sync 1 DAGs
[2026-05-01T22:22:58.509+0000] {logging_mixin.py:188} INFO - [2026-05-01T22:22:58.509+0000] {dag.py:3947} INFO - Setting next_dagrun for data_pipeline to 2026-05-01 06:00:00+00:00, run_after=2026-05-02 06:00:00+00:00
[2026-05-01T22:22:58.520+0000] {processor.py:183} INFO - Processing /opt/airflow/dags/pipeline_dag.py took 0.061 seconds
[2026-05-01T22:23:28.634+0000] {processor.py:161} INFO - Started process (PID=470) to work on /opt/airflow/dags/pipeline_dag.py
[2026-05-01T22:23:28.634+0000] {processor.py:830} INFO - Processing file /opt/airflow/dags/pipeline_dag.py for tasks to queue
[2026-05-01T22:23:28.636+0000] {logging_mixin.py:188} INFO - [2026-05-01T22:23:28.636+0000] {dagbag.py:545} INFO - Filling up the DagBag from /opt/airflow/dags/pipeline_dag.py
[2026-05-01T22:23:28.642+0000] {processor.py:840} INFO - DAG(s) 'data_pipeline' retrieved from /opt/airflow/dags/pipeline_dag.py
[2026-05-01T22:23:28.660+0000] {logging_mixin.py:188} INFO - [2026-05-01T22:23:28.660+0000] {dag.py:3089} INFO - Sync 1 DAGs
[2026-05-01T22:23:28.673+0000] {logging_mixin.py:188} INFO - [2026-05-01T22:23:28.673+0000] {dag.py:3947} INFO - Setting next_dagrun for data_pipeline to 2026-05-01 06:00:00+00:00, run_after=2026-05-02 06:00:00+00:00
[2026-05-01T22:23:28.687+0000] {processor.py:183} INFO - Processing /opt/airflow/dags/pipeline_dag.py took 0.057 seconds
[2026-05-01T22:23:58.742+0000] {processor.py:161} INFO - Started process (PID=475) to work on /opt/airflow/dags/pipeline_dag.py
[2026-05-01T22:23:58.742+0000] {processor.py:830} INFO - Processing file /opt/airflow/dags/pipeline_dag.py for tasks to queue
[2026-05-01T22:23:58.743+0000] {logging_mixin.py:188} INFO - [2026-05-01T22:23:58.743+0000] {dagbag.py:545} INFO - Filling up the DagBag from /opt/airflow/dags/pipeline_dag.py
[2026-05-01T22:23:58.749+0000] {processor.py:840} INFO - DAG(s) 'data_pipeline' retrieved from /opt/airflow/dags/pipeline_dag.py
[2026-05-01T22:23:58.770+0000] {logging_mixin.py:188} INFO - [2026-05-01T22:23:58.770+0000] {dag.py:3089} INFO - Sync 1 DAGs
[2026-05-01T22:23:58.783+0000] {logging_mixin.py:188} INFO - [2026-05-01T22:23:58.783+0000] {dag.py:3947} INFO - Setting next_dagrun for data_pipeline to 2026-05-01 06:00:00+00:00, run_after=2026-05-02 06:00:00+00:00
[2026-05-01T22:23:58.794+0000] {processor.py:183} INFO - Processing /opt/airflow/dags/pipeline_dag.py took 0.056 seconds
[2026-05-01T22:24:28.870+0000] {processor.py:161} INFO - Started process (PID=480) to work on /opt/airflow/dags/pipeline_dag.py
[2026-05-01T22:24:28.871+0000] {processor.py:830} INFO - Processing file /opt/airflow/dags/pipeline_dag.py for tasks to queue
[2026-05-01T22:24:28.872+0000] {logging_mixin.py:188} INFO - [2026-05-01T22:24:28.872+0000] {dagbag.py:545} INFO - Filling up the DagBag from /opt/airflow/dags/pipeline_dag.py
[2026-05-01T22:24:28.878+0000] {processor.py:840} INFO - DAG(s) 'data_pipeline' retrieved from /opt/airflow/dags/pipeline_dag.py
[2026-05-01T22:24:28.898+0000] {logging_mixin.py:188} INFO - [2026-05-01T22:24:28.897+0000] {dag.py:3089} INFO - Sync 1 DAGs
[2026-05-01T22:24:28.911+0000] {logging_mixin.py:188} INFO - [2026-05-01T22:24:28.911+0000] {dag.py:3947} INFO - Setting next_dagrun for data_pipeline to 2026-05-01 06:00:00+00:00, run_after=2026-05-02 06:00:00+00:00
[2026-05-01T22:24:28.922+0000] {processor.py:183} INFO - Processing /opt/airflow/dags/pipeline_dag.py took 0.056 seconds
[2026-05-01T22:24:58.966+0000] {processor.py:161} INFO - Started process (PID=485) to work on /opt/airflow/dags/pipeline_dag.py
[2026-05-01T22:24:58.975+0000] {processor.py:830} INFO - Processing file /opt/airflow/dags/pipeline_dag.py for tasks to queue
[2026-05-01T22:24:58.977+0000] {logging_mixin.py:188} INFO - [2026-05-01T22:24:58.977+0000] {dagbag.py:545} INFO - Filling up the DagBag from /opt/airflow/dags/pipeline_dag.py
[2026-05-01T22:24:58.983+0000] {processor.py:840} INFO - DAG(s) 'data_pipeline' retrieved from /opt/airflow/dags/pipeline_dag.py
[2026-05-01T22:24:59.002+0000] {logging_mixin.py:188} INFO - [2026-05-01T22:24:59.002+0000] {dag.py:3089} INFO - Sync 1 DAGs
[2026-05-01T22:24:59.015+0000] {logging_mixin.py:188} INFO - [2026-05-01T22:24:59.015+0000] {dag.py:3947} INFO - Setting next_dagrun for data_pipeline to 2026-05-01 06:00:00+00:00, run_after=2026-05-02 06:00:00+00:00
[2026-05-01T22:24:59.029+0000] {processor.py:183} INFO - Processing /opt/airflow/dags/pipeline_dag.py took 0.067 seconds
[2026-05-01T22:25:29.128+0000] {processor.py:161} INFO - Started process (PID=490) to work on /opt/airflow/dags/pipeline_dag.py
[2026-05-01T22:25:29.129+0000] {processor.py:830} INFO - Processing file /opt/airflow/dags/pipeline_dag.py for tasks to queue
[2026-05-01T22:25:29.130+0000] {logging_mixin.py:188} INFO - [2026-05-01T22:25:29.130+0000] {dagbag.py:545} INFO - Filling up the DagBag from /opt/airflow/dags/pipeline_dag.py
[2026-05-01T22:25:29.137+0000] {processor.py:840} INFO - DAG(s) 'data_pipeline' retrieved from /opt/airflow/dags/pipeline_dag.py
[2026-05-01T22:25:29.154+0000] {logging_mixin.py:188} INFO - [2026-05-01T22:25:29.154+0000] {dag.py:3089} INFO - Sync 1 DAGs
[2026-05-01T22:25:29.167+0000] {logging_mixin.py:188} INFO - [2026-05-01T22:25:29.167+0000] {dag.py:3947} INFO - Setting next_dagrun for data_pipeline to 2026-05-01 06:00:00+00:00, run_after=2026-05-02 06:00:00+00:00
[2026-05-01T22:25:29.178+0000] {processor.py:183} INFO - Processing /opt/airflow/dags/pipeline_dag.py took 0.054 seconds
[2026-05-01T22:25:59.223+0000] {processor.py:161} INFO - Started process (PID=495) to work on /opt/airflow/dags/pipeline_dag.py
[2026-05-01T22:25:59.232+0000] {processor.py:830} INFO - Processing file /opt/airflow/dags/pipeline_dag.py for tasks to queue
[2026-05-01T22:25:59.233+0000] {logging_mixin.py:188} INFO - [2026-05-01T22:25:59.232+0000] {dagbag.py:545} INFO - Filling up the DagBag from /opt/airflow/dags/pipeline_dag.py
[2026-05-01T22:25:59.239+0000] {processor.py:840} INFO - DAG(s) 'data_pipeline' retrieved from /opt/airflow/dags/pipeline_dag.py
[2026-05-01T22:25:59.256+0000] {logging_mixin.py:188} INFO - [2026-05-01T22:25:59.256+0000] {dag.py:3089} INFO - Sync 1 DAGs
[2026-05-01T22:25:59.269+0000] {logging_mixin.py:188} INFO - [2026-05-01T22:25:59.269+0000] {dag.py:3947} INFO - Setting next_dagrun for data_pipeline to 2026-05-01 06:00:00+00:00, run_after=2026-05-02 06:00:00+00:00
[2026-05-01T22:25:59.282+0000] {processor.py:183} INFO - Processing /opt/airflow/dags/pipeline_dag.py took 0.064 seconds
[2026-05-01T22:26:29.363+0000] {processor.py:161} INFO - Started process (PID=500) to work on /opt/airflow/dags/pipeline_dag.py
[2026-05-01T22:26:29.363+0000] {processor.py:830} INFO - Processing file /opt/airflow/dags/pipeline_dag.py for tasks to queue
[2026-05-01T22:26:29.364+0000] {logging_mixin.py:188} INFO - [2026-05-01T22:26:29.364+0000] {dagbag.py:545} INFO - Filling up the DagBag from /opt/airflow/dags/pipeline_dag.py
[2026-05-01T22:26:29.370+0000] {processor.py:840} INFO - DAG(s) 'data_pipeline' retrieved from /opt/airflow/dags/pipeline_dag.py
[2026-05-01T22:26:29.387+0000] {logging_mixin.py:188} INFO - [2026-05-01T22:26:29.387+0000] {dag.py:3089} INFO - Sync 1 DAGs
[2026-05-01T22:26:29.400+0000] {logging_mixin.py:188} INFO - [2026-05-01T22:26:29.399+0000] {dag.py:3947} INFO - Setting next_dagrun for data_pipeline to 2026-05-01 06:00:00+00:00, run_after=2026-05-02 06:00:00+00:00
[2026-05-01T22:26:29.409+0000] {processor.py:183} INFO - Processing /opt/airflow/dags/pipeline_dag.py took 0.050 seconds
[2026-05-01T22:26:59.535+0000] {processor.py:161} INFO - Started process (PID=505) to work on /opt/airflow/dags/pipeline_dag.py
[2026-05-01T22:26:59.544+0000] {processor.py:830} INFO - Processing file /opt/airflow/dags/pipeline_dag.py for tasks to queue
[2026-05-01T22:26:59.546+0000] {logging_mixin.py:188} INFO - [2026-05-01T22:26:59.545+0000] {dagbag.py:545} INFO - Filling up the DagBag from /opt/airflow/dags/pipeline_dag.py
[2026-05-01T22:26:59.553+0000] {processor.py:840} INFO - DAG(s) 'data_pipeline' retrieved from /opt/airflow/dags/pipeline_dag.py
[2026-05-01T22:26:59.576+0000] {logging_mixin.py:188} INFO - [2026-05-01T22:26:59.576+0000] {dag.py:3089} INFO - Sync 1 DAGs
[2026-05-01T22:26:59.590+0000] {logging_mixin.py:188} INFO - [2026-05-01T22:26:59.590+0000] {dag.py:3947} INFO - Setting next_dagrun for data_pipeline to 2026-05-01 06:00:00+00:00, run_after=2026-05-02 06:00:00+00:00
[2026-05-01T22:26:59.603+0000] {processor.py:183} INFO - Processing /opt/airflow/dags/pipeline_dag.py took 0.076 seconds
[2026-05-01T22:27:29.702+0000] {processor.py:161} INFO - Started process (PID=510) to work on /opt/airflow/dags/pipeline_dag.py
[2026-05-01T22:27:29.702+0000] {processor.py:830} INFO - Processing file /opt/airflow/dags/pipeline_dag.py for tasks to queue
[2026-05-01T22:27:29.703+0000] {logging_mixin.py:188} INFO - [2026-05-01T22:27:29.703+0000] {dagbag.py:545} INFO - Filling up the DagBag from /opt/airflow/dags/pipeline_dag.py
[2026-05-01T22:27:29.709+0000] {processor.py:840} INFO - DAG(s) 'data_pipeline' retrieved from /opt/airflow/dags/pipeline_dag.py
[2026-05-01T22:27:29.727+0000] {logging_mixin.py:188} INFO - [2026-05-01T22:27:29.727+0000] {dag.py:3089} INFO - Sync 1 DAGs
[2026-05-01T22:27:29.740+0000] {logging_mixin.py:188} INFO - [2026-05-01T22:27:29.740+0000] {dag.py:3947} INFO - Setting next_dagrun for data_pipeline to 2026-05-01 06:00:00+00:00, run_after=2026-05-02 06:00:00+00:00
[2026-05-01T22:27:29.751+0000] {processor.py:183} INFO - Processing /opt/airflow/dags/pipeline_dag.py took 0.053 seconds
[2026-05-01T22:27:59.896+0000] {processor.py:161} INFO - Started process (PID=515) to work on /opt/airflow/dags/pipeline_dag.py
[2026-05-01T22:27:59.896+0000] {processor.py:830} INFO - Processing file /opt/airflow/dags/pipeline_dag.py for tasks to queue
[2026-05-01T22:27:59.897+0000] {logging_mixin.py:188} INFO - [2026-05-01T22:27:59.897+0000] {dagbag.py:545} INFO - Filling up the DagBag from /opt/airflow/dags/pipeline_dag.py
[2026-05-01T22:27:59.903+0000] {processor.py:840} INFO - DAG(s) 'data_pipeline' retrieved from /opt/airflow/dags/pipeline_dag.py
[2026-05-01T22:27:59.921+0000] {logging_mixin.py:188} INFO - [2026-05-01T22:27:59.920+0000] {dag.py:3089} INFO - Sync 1 DAGs
[2026-05-01T22:27:59.933+0000] {logging_mixin.py:188} INFO - [2026-05-01T22:27:59.933+0000] {dag.py:3947} INFO - Setting next_dagrun for data_pipeline to 2026-05-01 06:00:00+00:00, run_after=2026-05-02 06:00:00+00:00
[2026-05-01T22:27:59.944+0000] {processor.py:183} INFO - Processing /opt/airflow/dags/pipeline_dag.py took 0.053 seconds
[2026-05-01T22:28:30.008+0000] {processor.py:161} INFO - Started process (PID=520) to work on /opt/airflow/dags/pipeline_dag.py
[2026-05-01T22:28:30.009+0000] {processor.py:830} INFO - Processing file /opt/airflow/dags/pipeline_dag.py for tasks to queue
[2026-05-01T22:28:30.010+0000] {logging_mixin.py:188} INFO - [2026-05-01T22:28:30.010+0000] {dagbag.py:545} INFO - Filling up the DagBag from /opt/airflow/dags/pipeline_dag.py
[2026-05-01T22:28:30.018+0000] {processor.py:840} INFO - DAG(s) 'data_pipeline' retrieved from /opt/airflow/dags/pipeline_dag.py
[2026-05-01T22:28:30.041+0000] {logging_mixin.py:188} INFO - [2026-05-01T22:28:30.041+0000] {dag.py:3089} INFO - Sync 1 DAGs
[2026-05-01T22:28:30.058+0000] {logging_mixin.py:188} INFO - [2026-05-01T22:28:30.057+0000] {dag.py:3947} INFO - Setting next_dagrun for data_pipeline to 2026-05-01 06:00:00+00:00, run_after=2026-05-02 06:00:00+00:00
[2026-05-01T22:28:30.077+0000] {processor.py:183} INFO - Processing /opt/airflow/dags/pipeline_dag.py took 0.072 seconds
[2026-05-01T22:29:00.124+0000] {processor.py:161} INFO - Started process (PID=525) to work on /opt/airflow/dags/pipeline_dag.py
[2026-05-01T22:29:00.133+0000] {processor.py:830} INFO - Processing file /opt/airflow/dags/pipeline_dag.py for tasks to queue
[2026-05-01T22:29:00.134+0000] {logging_mixin.py:188} INFO - [2026-05-01T22:29:00.133+0000] {dagbag.py:545} INFO - Filling up the DagBag from /opt/airflow/dags/pipeline_dag.py
[2026-05-01T22:29:00.140+0000] {processor.py:840} INFO - DAG(s) 'data_pipeline' retrieved from /opt/airflow/dags/pipeline_dag.py
[2026-05-01T22:29:00.161+0000] {logging_mixin.py:188} INFO - [2026-05-01T22:29:00.161+0000] {dag.py:3089} INFO - Sync 1 DAGs
[2026-05-01T22:29:00.175+0000] {logging_mixin.py:188} INFO - [2026-05-01T22:29:00.174+0000] {dag.py:3947} INFO - Setting next_dagrun for data_pipeline to 2026-05-01 06:00:00+00:00, run_after=2026-05-02 06:00:00+00:00
[2026-05-01T22:29:00.185+0000] {processor.py:183} INFO - Processing /opt/airflow/dags/pipeline_dag.py took 0.064 seconds
[2026-05-01T22:29:30.252+0000] {processor.py:161} INFO - Started process (PID=530) to work on /opt/airflow/dags/pipeline_dag.py
[2026-05-01T22:29:30.252+0000] {processor.py:830} INFO - Processing file /opt/airflow/dags/pipeline_dag.py for tasks to queue
[2026-05-01T22:29:30.253+0000] {logging_mixin.py:188} INFO - [2026-05-01T22:29:30.253+0000] {dagbag.py:545} INFO - Filling up the DagBag from /opt/airflow/dags/pipeline_dag.py
[2026-05-01T22:29:30.260+0000] {processor.py:840} INFO - DAG(s) 'data_pipeline' retrieved from /opt/airflow/dags/pipeline_dag.py
[2026-05-01T22:29:30.282+0000] {logging_mixin.py:188} INFO - [2026-05-01T22:29:30.281+0000] {dag.py:3089} INFO - Sync 1 DAGs
[2026-05-01T22:29:30.295+0000] {logging_mixin.py:188} INFO - [2026-05-01T22:29:30.294+0000] {dag.py:3947} INFO - Setting next_dagrun for data_pipeline to 2026-05-01 06:00:00+00:00, run_after=2026-05-02 06:00:00+00:00
[2026-05-01T22:29:30.306+0000] {processor.py:183} INFO - Processing /opt/airflow/dags/pipeline_dag.py took 0.059 seconds
[2026-05-01T22:29:50.331+0000] {processor.py:161} INFO - Started process (PID=535) to work on /opt/airflow/dags/pipeline_dag.py
[2026-05-01T22:29:50.340+0000] {processor.py:830} INFO - Processing file /opt/airflow/dags/pipeline_dag.py for tasks to queue
[2026-05-01T22:29:50.341+0000] {logging_mixin.py:188} INFO - [2026-05-01T22:29:50.341+0000] {dagbag.py:545} INFO - Filling up the DagBag from /opt/airflow/dags/pipeline_dag.py
[2026-05-01T22:29:50.348+0000] {processor.py:840} INFO - DAG(s) 'data_pipeline' retrieved from /opt/airflow/dags/pipeline_dag.py
[2026-05-01T22:29:50.412+0000] {logging_mixin.py:188} INFO - [2026-05-01T22:29:50.412+0000] {dag.py:3089} INFO - Sync 1 DAGs
[2026-05-01T22:29:50.423+0000] {logging_mixin.py:188} INFO - [2026-05-01T22:29:50.423+0000] {dag.py:3947} INFO - Setting next_dagrun for data_pipeline to 2026-05-01 06:00:00+00:00, run_after=2026-05-02 06:00:00+00:00
[2026-05-01T22:29:50.437+0000] {processor.py:183} INFO - Processing /opt/airflow/dags/pipeline_dag.py took 0.109 seconds
[2026-05-01T22:30:20.514+0000] {processor.py:161} INFO - Started process (PID=552) to work on /opt/airflow/dags/pipeline_dag.py
[2026-05-01T22:30:20.515+0000] {processor.py:830} INFO - Processing file /opt/airflow/dags/pipeline_dag.py for tasks to queue
[2026-05-01T22:30:20.516+0000] {logging_mixin.py:188} INFO - [2026-05-01T22:30:20.516+0000] {dagbag.py:545} INFO - Filling up the DagBag from /opt/airflow/dags/pipeline_dag.py
[2026-05-01T22:30:20.523+0000] {processor.py:840} INFO - DAG(s) 'data_pipeline' retrieved from /opt/airflow/dags/pipeline_dag.py
[2026-05-01T22:30:20.542+0000] {logging_mixin.py:188} INFO - [2026-05-01T22:30:20.542+0000] {dag.py:3089} INFO - Sync 1 DAGs
[2026-05-01T22:30:20.555+0000] {logging_mixin.py:188} INFO - [2026-05-01T22:30:20.555+0000] {dag.py:3947} INFO - Setting next_dagrun for data_pipeline to 2026-05-01 06:00:00+00:00, run_after=2026-05-02 06:00:00+00:00
[2026-05-01T22:30:20.567+0000] {processor.py:183} INFO - Processing /opt/airflow/dags/pipeline_dag.py took 0.057 seconds
[2026-05-01T22:30:50.709+0000] {processor.py:161} INFO - Started process (PID=557) to work on /opt/airflow/dags/pipeline_dag.py
[2026-05-01T22:30:50.710+0000] {processor.py:830} INFO - Processing file /opt/airflow/dags/pipeline_dag.py for tasks to queue
[2026-05-01T22:30:50.711+0000] {logging_mixin.py:188} INFO - [2026-05-01T22:30:50.711+0000] {dagbag.py:545} INFO - Filling up the DagBag from /opt/airflow/dags/pipeline_dag.py
[2026-05-01T22:30:50.716+0000] {processor.py:840} INFO - DAG(s) 'data_pipeline' retrieved from /opt/airflow/dags/pipeline_dag.py
[2026-05-01T22:30:50.733+0000] {logging_mixin.py:188} INFO - [2026-05-01T22:30:50.732+0000] {dag.py:3089} INFO - Sync 1 DAGs
[2026-05-01T22:30:50.745+0000] {logging_mixin.py:188} INFO - [2026-05-01T22:30:50.745+0000] {dag.py:3947} INFO - Setting next_dagrun for data_pipeline to 2026-05-01 06:00:00+00:00, run_after=2026-05-02 06:00:00+00:00
[2026-05-01T22:30:50.756+0000] {processor.py:183} INFO - Processing /opt/airflow/dags/pipeline_dag.py took 0.050 seconds
[2026-05-01T22:31:20.832+0000] {processor.py:161} INFO - Started process (PID=562) to work on /opt/airflow/dags/pipeline_dag.py
[2026-05-01T22:31:20.833+0000] {processor.py:830} INFO - Processing file /opt/airflow/dags/pipeline_dag.py for tasks to queue
[2026-05-01T22:31:20.834+0000] {logging_mixin.py:188} INFO - [2026-05-01T22:31:20.834+0000] {dagbag.py:545} INFO - Filling up the DagBag from /opt/airflow/dags/pipeline_dag.py
[2026-05-01T22:31:20.840+0000] {processor.py:840} INFO - DAG(s) 'data_pipeline' retrieved from /opt/airflow/dags/pipeline_dag.py
[2026-05-01T22:31:20.861+0000] {logging_mixin.py:188} INFO - [2026-05-01T22:31:20.861+0000] {dag.py:3089} INFO - Sync 1 DAGs
[2026-05-01T22:31:20.875+0000] {logging_mixin.py:188} INFO - [2026-05-01T22:31:20.874+0000] {dag.py:3947} INFO - Setting next_dagrun for data_pipeline to 2026-05-01 06:00:00+00:00, run_after=2026-05-02 06:00:00+00:00
[2026-05-01T22:31:20.886+0000] {processor.py:183} INFO - Processing /opt/airflow/dags/pipeline_dag.py took 0.057 seconds
[2026-05-01T22:31:51.012+0000] {processor.py:161} INFO - Started process (PID=567) to work on /opt/airflow/dags/pipeline_dag.py
[2026-05-01T22:31:51.013+0000] {processor.py:830} INFO - Processing file /opt/airflow/dags/pipeline_dag.py for tasks to queue
[2026-05-01T22:31:51.014+0000] {logging_mixin.py:188} INFO - [2026-05-01T22:31:51.014+0000] {dagbag.py:545} INFO - Filling up the DagBag from /opt/airflow/dags/pipeline_dag.py
[2026-05-01T22:31:51.020+0000] {processor.py:840} INFO - DAG(s) 'data_pipeline' retrieved from /opt/airflow/dags/pipeline_dag.py
[2026-05-01T22:31:51.039+0000] {logging_mixin.py:188} INFO - [2026-05-01T22:31:51.039+0000] {dag.py:3089} INFO - Sync 1 DAGs
[2026-05-01T22:31:51.053+0000] {logging_mixin.py:188} INFO - [2026-05-01T22:31:51.052+0000] {dag.py:3947} INFO - Setting next_dagrun for data_pipeline to 2026-05-01 06:00:00+00:00, run_after=2026-05-02 06:00:00+00:00
[2026-05-01T22:31:51.063+0000] {processor.py:183} INFO - Processing /opt/airflow/dags/pipeline_dag.py took 0.054 seconds
[2026-05-01T22:32:21.139+0000] {processor.py:161} INFO - Started process (PID=572) to work on /opt/airflow/dags/pipeline_dag.py
[2026-05-01T22:32:21.140+0000] {processor.py:830} INFO - Processing file /opt/airflow/dags/pipeline_dag.py for tasks to queue
[2026-05-01T22:32:21.141+0000] {logging_mixin.py:188} INFO - [2026-05-01T22:32:21.141+0000] {dagbag.py:545} INFO - Filling up the DagBag from /opt/airflow/dags/pipeline_dag.py
[2026-05-01T22:32:21.148+0000] {processor.py:840} INFO - DAG(s) 'data_pipeline' retrieved from /opt/airflow/dags/pipeline_dag.py
[2026-05-01T22:32:21.169+0000] {logging_mixin.py:188} INFO - [2026-05-01T22:32:21.169+0000] {dag.py:3089} INFO - Sync 1 DAGs
[2026-05-01T22:32:21.183+0000] {logging_mixin.py:188} INFO - [2026-05-01T22:32:21.182+0000] {dag.py:3947} INFO - Setting next_dagrun for data_pipeline to 2026-05-01 06:00:00+00:00, run_after=2026-05-02 06:00:00+00:00
[2026-05-01T22:32:21.195+0000] {processor.py:183} INFO - Processing /opt/airflow/dags/pipeline_dag.py took 0.061 seconds
[2026-05-01T22:32:51.332+0000] {processor.py:161} INFO - Started process (PID=577) to work on /opt/airflow/dags/pipeline_dag.py
[2026-05-01T22:32:51.341+0000] {processor.py:830} INFO - Processing file /opt/airflow/dags/pipeline_dag.py for tasks to queue
[2026-05-01T22:32:51.344+0000] {logging_mixin.py:188} INFO - [2026-05-01T22:32:51.343+0000] {dagbag.py:545} INFO - Filling up the DagBag from /opt/airflow/dags/pipeline_dag.py
[2026-05-01T22:32:51.351+0000] {processor.py:840} INFO - DAG(s) 'data_pipeline' retrieved from /opt/airflow/dags/pipeline_dag.py
[2026-05-01T22:32:51.370+0000] {logging_mixin.py:188} INFO - [2026-05-01T22:32:51.370+0000] {dag.py:3089} INFO - Sync 1 DAGs
[2026-05-01T22:32:51.383+0000] {logging_mixin.py:188} INFO - [2026-05-01T22:32:51.383+0000] {dag.py:3947} INFO - Setting next_dagrun for data_pipeline to 2026-05-01 06:00:00+00:00, run_after=2026-05-02 06:00:00+00:00
[2026-05-01T22:32:51.396+0000] {processor.py:183} INFO - Processing /opt/airflow/dags/pipeline_dag.py took 0.069 seconds
[2026-05-01T22:33:21.521+0000] {processor.py:161} INFO - Started process (PID=582) to work on /opt/airflow/dags/pipeline_dag.py
[2026-05-01T22:33:21.522+0000] {processor.py:830} INFO - Processing file /opt/airflow/dags/pipeline_dag.py for tasks to queue
[2026-05-01T22:33:21.523+0000] {logging_mixin.py:188} INFO - [2026-05-01T22:33:21.523+0000] {dagbag.py:545} INFO - Filling up the DagBag from /opt/airflow/dags/pipeline_dag.py
[2026-05-01T22:33:21.529+0000] {processor.py:840} INFO - DAG(s) 'data_pipeline' retrieved from /opt/airflow/dags/pipeline_dag.py
[2026-05-01T22:33:21.549+0000] {logging_mixin.py:188} INFO - [2026-05-01T22:33:21.549+0000] {dag.py:3089} INFO - Sync 1 DAGs
[2026-05-01T22:33:21.561+0000] {logging_mixin.py:188} INFO - [2026-05-01T22:33:21.561+0000] {dag.py:3947} INFO - Setting next_dagrun for data_pipeline to 2026-05-01 06:00:00+00:00, run_after=2026-05-02 06:00:00+00:00
[2026-05-01T22:33:21.571+0000] {processor.py:183} INFO - Processing /opt/airflow/dags/pipeline_dag.py took 0.055 seconds
[2026-05-01T22:33:51.698+0000] {processor.py:161} INFO - Started process (PID=587) to work on /opt/airflow/dags/pipeline_dag.py
[2026-05-01T22:33:51.707+0000] {processor.py:830} INFO - Processing file /opt/airflow/dags/pipeline_dag.py for tasks to queue
[2026-05-01T22:33:51.709+0000] {logging_mixin.py:188} INFO - [2026-05-01T22:33:51.708+0000] {dagbag.py:545} INFO - Filling up the DagBag from /opt/airflow/dags/pipeline_dag.py
[2026-05-01T22:33:51.717+0000] {processor.py:840} INFO - DAG(s) 'data_pipeline' retrieved from /opt/airflow/dags/pipeline_dag.py
[2026-05-01T22:33:51.740+0000] {logging_mixin.py:188} INFO - [2026-05-01T22:33:51.740+0000] {dag.py:3089} INFO - Sync 1 DAGs
[2026-05-01T22:33:51.754+0000] {logging_mixin.py:188} INFO - [2026-05-01T22:33:51.754+0000] {dag.py:3947} INFO - Setting next_dagrun for data_pipeline to 2026-05-01 06:00:00+00:00, run_after=2026-05-02 06:00:00+00:00
[2026-05-01T22:33:51.767+0000] {processor.py:183} INFO - Processing /opt/airflow/dags/pipeline_dag.py took 0.074 seconds
[2026-05-01T22:34:21.861+0000] {processor.py:161} INFO - Started process (PID=592) to work on /opt/airflow/dags/pipeline_dag.py
[2026-05-01T22:34:21.862+0000] {processor.py:830} INFO - Processing file /opt/airflow/dags/pipeline_dag.py for tasks to queue
[2026-05-01T22:34:21.864+0000] {logging_mixin.py:188} INFO - [2026-05-01T22:34:21.864+0000] {dagbag.py:545} INFO - Filling up the DagBag from /opt/airflow/dags/pipeline_dag.py
[2026-05-01T22:34:21.870+0000] {processor.py:840} INFO - DAG(s) 'data_pipeline' retrieved from /opt/airflow/dags/pipeline_dag.py
[2026-05-01T22:34:21.889+0000] {logging_mixin.py:188} INFO - [2026-05-01T22:34:21.888+0000] {dag.py:3089} INFO - Sync 1 DAGs
[2026-05-01T22:34:21.901+0000] {logging_mixin.py:188} INFO - [2026-05-01T22:34:21.901+0000] {dag.py:3947} INFO - Setting next_dagrun for data_pipeline to 2026-05-01 06:00:00+00:00, run_after=2026-05-02 06:00:00+00:00
[2026-05-01T22:34:21.914+0000] {processor.py:183} INFO - Processing /opt/airflow/dags/pipeline_dag.py took 0.060 seconds
[2026-05-01T22:34:52.069+0000] {processor.py:161} INFO - Started process (PID=597) to work on /opt/airflow/dags/pipeline_dag.py
[2026-05-01T22:34:52.069+0000] {processor.py:830} INFO - Processing file /opt/airflow/dags/pipeline_dag.py for tasks to queue
[2026-05-01T22:34:52.071+0000] {logging_mixin.py:188} INFO - [2026-05-01T22:34:52.070+0000] {dagbag.py:545} INFO - Filling up the DagBag from /opt/airflow/dags/pipeline_dag.py
[2026-05-01T22:34:52.077+0000] {processor.py:840} INFO - DAG(s) 'data_pipeline' retrieved from /opt/airflow/dags/pipeline_dag.py
[2026-05-01T22:34:52.098+0000] {logging_mixin.py:188} INFO - [2026-05-01T22:34:52.098+0000] {dag.py:3089} INFO - Sync 1 DAGs
[2026-05-01T22:34:52.112+0000] {logging_mixin.py:188} INFO - [2026-05-01T22:34:52.112+0000] {dag.py:3947} INFO - Setting next_dagrun for data_pipeline to 2026-05-01 06:00:00+00:00, run_after=2026-05-02 06:00:00+00:00
[2026-05-01T22:34:52.124+0000] {processor.py:183} INFO - Processing /opt/airflow/dags/pipeline_dag.py took 0.062 seconds
[2026-05-01T22:35:22.170+0000] {processor.py:161} INFO - Started process (PID=614) to work on /opt/airflow/dags/pipeline_dag.py
[2026-05-01T22:35:22.170+0000] {processor.py:830} INFO - Processing file /opt/airflow/dags/pipeline_dag.py for tasks to queue
[2026-05-01T22:35:22.171+0000] {logging_mixin.py:188} INFO - [2026-05-01T22:35:22.171+0000] {dagbag.py:545} INFO - Filling up the DagBag from /opt/airflow/dags/pipeline_dag.py
[2026-05-01T22:35:22.177+0000] {processor.py:840} INFO - DAG(s) 'data_pipeline' retrieved from /opt/airflow/dags/pipeline_dag.py
[2026-05-01T22:35:22.207+0000] {logging_mixin.py:188} INFO - [2026-05-01T22:35:22.206+0000] {dag.py:3089} INFO - Sync 1 DAGs
[2026-05-01T22:35:22.226+0000] {logging_mixin.py:188} INFO - [2026-05-01T22:35:22.226+0000] {dag.py:3947} INFO - Setting next_dagrun for data_pipeline to 2026-05-01 06:00:00+00:00, run_after=2026-05-02 06:00:00+00:00
[2026-05-01T22:35:22.245+0000] {processor.py:183} INFO - Processing /opt/airflow/dags/pipeline_dag.py took 0.080 seconds
[2026-05-01T22:35:52.328+0000] {processor.py:161} INFO - Started process (PID=619) to work on /opt/airflow/dags/pipeline_dag.py
[2026-05-01T22:35:52.337+0000] {processor.py:830} INFO - Processing file /opt/airflow/dags/pipeline_dag.py for tasks to queue
[2026-05-01T22:35:52.338+0000] {logging_mixin.py:188} INFO - [2026-05-01T22:35:52.338+0000] {dagbag.py:545} INFO - Filling up the DagBag from /opt/airflow/dags/pipeline_dag.py
[2026-05-01T22:35:52.345+0000] {processor.py:840} INFO - DAG(s) 'data_pipeline' retrieved from /opt/airflow/dags/pipeline_dag.py
[2026-05-01T22:35:52.364+0000] {logging_mixin.py:188} INFO - [2026-05-01T22:35:52.364+0000] {dag.py:3089} INFO - Sync 1 DAGs
[2026-05-01T22:35:52.377+0000] {logging_mixin.py:188} INFO - [2026-05-01T22:35:52.376+0000] {dag.py:3947} INFO - Setting next_dagrun for data_pipeline to 2026-05-01 06:00:00+00:00, run_after=2026-05-02 06:00:00+00:00
[2026-05-01T22:35:52.386+0000] {processor.py:183} INFO - Processing /opt/airflow/dags/pipeline_dag.py took 0.061 seconds
[2026-05-01T22:36:22.434+0000] {processor.py:161} INFO - Started process (PID=624) to work on /opt/airflow/dags/pipeline_dag.py
[2026-05-01T22:36:22.435+0000] {processor.py:830} INFO - Processing file /opt/airflow/dags/pipeline_dag.py for tasks to queue
[2026-05-01T22:36:22.437+0000] {logging_mixin.py:188} INFO - [2026-05-01T22:36:22.437+0000] {dagbag.py:545} INFO - Filling up the DagBag from /opt/airflow/dags/pipeline_dag.py
[2026-05-01T22:36:22.444+0000] {processor.py:840} INFO - DAG(s) 'data_pipeline' retrieved from /opt/airflow/dags/pipeline_dag.py
[2026-05-01T22:36:22.466+0000] {logging_mixin.py:188} INFO - [2026-05-01T22:36:22.466+0000] {dag.py:3089} INFO - Sync 1 DAGs
[2026-05-01T22:36:22.481+0000] {logging_mixin.py:188} INFO - [2026-05-01T22:36:22.481+0000] {dag.py:3947} INFO - Setting next_dagrun for data_pipeline to 2026-05-01 06:00:00+00:00, run_after=2026-05-02 06:00:00+00:00
[2026-05-01T22:36:22.492+0000] {processor.py:183} INFO - Processing /opt/airflow/dags/pipeline_dag.py took 0.064 seconds
[2026-05-01T22:36:52.586+0000] {processor.py:161} INFO - Started process (PID=629) to work on /opt/airflow/dags/pipeline_dag.py
[2026-05-01T22:36:52.595+0000] {processor.py:830} INFO - Processing file /opt/airflow/dags/pipeline_dag.py for tasks to queue
[2026-05-01T22:36:52.596+0000] {logging_mixin.py:188} INFO - [2026-05-01T22:36:52.596+0000] {dagbag.py:545} INFO - Filling up the DagBag from /opt/airflow/dags/pipeline_dag.py
[2026-05-01T22:36:52.603+0000] {processor.py:840} INFO - DAG(s) 'data_pipeline' retrieved from /opt/airflow/dags/pipeline_dag.py
[2026-05-01T22:36:52.626+0000] {logging_mixin.py:188} INFO - [2026-05-01T22:36:52.626+0000] {dag.py:3089} INFO - Sync 1 DAGs
[2026-05-01T22:36:52.639+0000] {logging_mixin.py:188} INFO - [2026-05-01T22:36:52.639+0000] {dag.py:3947} INFO - Setting next_dagrun for data_pipeline to 2026-05-01 06:00:00+00:00, run_after=2026-05-02 06:00:00+00:00
[2026-05-01T22:36:52.650+0000] {processor.py:183} INFO - Processing /opt/airflow/dags/pipeline_dag.py took 0.071 seconds
[2026-05-01T22:37:22.779+0000] {processor.py:161} INFO - Started process (PID=634) to work on /opt/airflow/dags/pipeline_dag.py
[2026-05-01T22:37:22.779+0000] {processor.py:830} INFO - Processing file /opt/airflow/dags/pipeline_dag.py for tasks to queue
[2026-05-01T22:37:22.780+0000] {logging_mixin.py:188} INFO - [2026-05-01T22:37:22.780+0000] {dagbag.py:545} INFO - Filling up the DagBag from /opt/airflow/dags/pipeline_dag.py
[2026-05-01T22:37:22.787+0000] {processor.py:840} INFO - DAG(s) 'data_pipeline' retrieved from /opt/airflow/dags/pipeline_dag.py
[2026-05-01T22:37:22.805+0000] {logging_mixin.py:188} INFO - [2026-05-01T22:37:22.805+0000] {dag.py:3089} INFO - Sync 1 DAGs
[2026-05-01T22:37:22.819+0000] {logging_mixin.py:188} INFO - [2026-05-01T22:37:22.819+0000] {dag.py:3947} INFO - Setting next_dagrun for data_pipeline to 2026-05-01 06:00:00+00:00, run_after=2026-05-02 06:00:00+00:00
[2026-05-01T22:37:22.830+0000] {processor.py:183} INFO - Processing /opt/airflow/dags/pipeline_dag.py took 0.056 seconds
[2026-05-01T22:37:52.938+0000] {processor.py:161} INFO - Started process (PID=639) to work on /opt/airflow/dags/pipeline_dag.py
[2026-05-01T22:37:52.948+0000] {processor.py:830} INFO - Processing file /opt/airflow/dags/pipeline_dag.py for tasks to queue
[2026-05-01T22:37:52.950+0000] {logging_mixin.py:188} INFO - [2026-05-01T22:37:52.949+0000] {dagbag.py:545} INFO - Filling up the DagBag from /opt/airflow/dags/pipeline_dag.py
[2026-05-01T22:37:52.957+0000] {processor.py:840} INFO - DAG(s) 'data_pipeline' retrieved from /opt/airflow/dags/pipeline_dag.py
[2026-05-01T22:37:52.980+0000] {logging_mixin.py:188} INFO - [2026-05-01T22:37:52.980+0000] {dag.py:3089} INFO - Sync 1 DAGs
[2026-05-01T22:37:52.993+0000] {logging_mixin.py:188} INFO - [2026-05-01T22:37:52.993+0000] {dag.py:3947} INFO - Setting next_dagrun for data_pipeline to 2026-05-01 06:00:00+00:00, run_after=2026-05-02 06:00:00+00:00
[2026-05-01T22:37:53.009+0000] {processor.py:183} INFO - Processing /opt/airflow/dags/pipeline_dag.py took 0.078 seconds
[2026-05-01T22:38:23.115+0000] {processor.py:161} INFO - Started process (PID=644) to work on /opt/airflow/dags/pipeline_dag.py
[2026-05-01T22:38:23.116+0000] {processor.py:830} INFO - Processing file /opt/airflow/dags/pipeline_dag.py for tasks to queue
[2026-05-01T22:38:23.116+0000] {logging_mixin.py:188} INFO - [2026-05-01T22:38:23.116+0000] {dagbag.py:545} INFO - Filling up the DagBag from /opt/airflow/dags/pipeline_dag.py
[2026-05-01T22:38:23.122+0000] {processor.py:840} INFO - DAG(s) 'data_pipeline' retrieved from /opt/airflow/dags/pipeline_dag.py
[2026-05-01T22:38:23.145+0000] {logging_mixin.py:188} INFO - [2026-05-01T22:38:23.145+0000] {dag.py:3089} INFO - Sync 1 DAGs
[2026-05-01T22:38:23.158+0000] {logging_mixin.py:188} INFO - [2026-05-01T22:38:23.158+0000] {dag.py:3947} INFO - Setting next_dagrun for data_pipeline to 2026-05-01 06:00:00+00:00, run_after=2026-05-02 06:00:00+00:00
[2026-05-01T22:38:23.172+0000] {processor.py:183} INFO - Processing /opt/airflow/dags/pipeline_dag.py took 0.061 seconds
[2026-05-01T22:38:53.294+0000] {processor.py:161} INFO - Started process (PID=649) to work on /opt/airflow/dags/pipeline_dag.py
[2026-05-01T22:38:53.303+0000] {processor.py:830} INFO - Processing file /opt/airflow/dags/pipeline_dag.py for tasks to queue
[2026-05-01T22:38:53.305+0000] {logging_mixin.py:188} INFO - [2026-05-01T22:38:53.305+0000] {dagbag.py:545} INFO - Filling up the DagBag from /opt/airflow/dags/pipeline_dag.py
[2026-05-01T22:38:53.312+0000] {processor.py:840} INFO - DAG(s) 'data_pipeline' retrieved from /opt/airflow/dags/pipeline_dag.py
[2026-05-01T22:38:53.332+0000] {logging_mixin.py:188} INFO - [2026-05-01T22:38:53.331+0000] {dag.py:3089} INFO - Sync 1 DAGs
[2026-05-01T22:38:53.344+0000] {logging_mixin.py:188} INFO - [2026-05-01T22:38:53.344+0000] {dag.py:3947} INFO - Setting next_dagrun for data_pipeline to 2026-05-01 06:00:00+00:00, run_after=2026-05-02 06:00:00+00:00
[2026-05-01T22:38:53.356+0000] {processor.py:183} INFO - Processing /opt/airflow/dags/pipeline_dag.py took 0.066 seconds
[2026-05-01T22:39:23.457+0000] {processor.py:161} INFO - Started process (PID=654) to work on /opt/airflow/dags/pipeline_dag.py
[2026-05-01T22:39:23.458+0000] {processor.py:830} INFO - Processing file /opt/airflow/dags/pipeline_dag.py for tasks to queue
[2026-05-01T22:39:23.460+0000] {logging_mixin.py:188} INFO - [2026-05-01T22:39:23.459+0000] {dagbag.py:545} INFO - Filling up the DagBag from /opt/airflow/dags/pipeline_dag.py
[2026-05-01T22:39:23.467+0000] {processor.py:840} INFO - DAG(s) 'data_pipeline' retrieved from /opt/airflow/dags/pipeline_dag.py
[2026-05-01T22:39:23.486+0000] {logging_mixin.py:188} INFO - [2026-05-01T22:39:23.486+0000] {dag.py:3089} INFO - Sync 1 DAGs
[2026-05-01T22:39:23.499+0000] {logging_mixin.py:188} INFO - [2026-05-01T22:39:23.499+0000] {dag.py:3947} INFO - Setting next_dagrun for data_pipeline to 2026-05-01 06:00:00+00:00, run_after=2026-05-02 06:00:00+00:00
[2026-05-01T22:39:23.510+0000] {processor.py:183} INFO - Processing /opt/airflow/dags/pipeline_dag.py took 0.059 seconds
[2026-05-01T22:39:53.642+0000] {processor.py:161} INFO - Started process (PID=659) to work on /opt/airflow/dags/pipeline_dag.py
[2026-05-01T22:39:53.651+0000] {processor.py:830} INFO - Processing file /opt/airflow/dags/pipeline_dag.py for tasks to queue
[2026-05-01T22:39:53.654+0000] {logging_mixin.py:188} INFO - [2026-05-01T22:39:53.654+0000] {dagbag.py:545} INFO - Filling up the DagBag from /opt/airflow/dags/pipeline_dag.py
[2026-05-01T22:39:53.662+0000] {processor.py:840} INFO - DAG(s) 'data_pipeline' retrieved from /opt/airflow/dags/pipeline_dag.py
[2026-05-01T22:39:53.682+0000] {logging_mixin.py:188} INFO - [2026-05-01T22:39:53.682+0000] {dag.py:3089} INFO - Sync 1 DAGs
[2026-05-01T22:39:53.696+0000] {logging_mixin.py:188} INFO - [2026-05-01T22:39:53.696+0000] {dag.py:3947} INFO - Setting next_dagrun for data_pipeline to 2026-05-01 06:00:00+00:00, run_after=2026-05-02 06:00:00+00:00
[2026-05-01T22:39:53.708+0000] {processor.py:183} INFO - Processing /opt/airflow/dags/pipeline_dag.py took 0.071 seconds
[2026-05-01T22:40:23.796+0000] {processor.py:161} INFO - Started process (PID=676) to work on /opt/airflow/dags/pipeline_dag.py
[2026-05-01T22:40:23.796+0000] {processor.py:830} INFO - Processing file /opt/airflow/dags/pipeline_dag.py for tasks to queue
[2026-05-01T22:40:23.797+0000] {logging_mixin.py:188} INFO - [2026-05-01T22:40:23.797+0000] {dagbag.py:545} INFO - Filling up the DagBag from /opt/airflow/dags/pipeline_dag.py
[2026-05-01T22:40:23.803+0000] {processor.py:840} INFO - DAG(s) 'data_pipeline' retrieved from /opt/airflow/dags/pipeline_dag.py
[2026-05-01T22:40:23.821+0000] {logging_mixin.py:188} INFO - [2026-05-01T22:40:23.821+0000] {dag.py:3089} INFO - Sync 1 DAGs
[2026-05-01T22:40:23.834+0000] {logging_mixin.py:188} INFO - [2026-05-01T22:40:23.834+0000] {dag.py:3947} INFO - Setting next_dagrun for data_pipeline to 2026-05-01 06:00:00+00:00, run_after=2026-05-02 06:00:00+00:00
[2026-05-01T22:40:23.845+0000] {processor.py:183} INFO - Processing /opt/airflow/dags/pipeline_dag.py took 0.054 seconds
[2026-05-01T22:40:53.977+0000] {processor.py:161} INFO - Started process (PID=681) to work on /opt/airflow/dags/pipeline_dag.py
[2026-05-01T22:40:53.986+0000] {processor.py:830} INFO - Processing file /opt/airflow/dags/pipeline_dag.py for tasks to queue
[2026-05-01T22:40:53.988+0000] {logging_mixin.py:188} INFO - [2026-05-01T22:40:53.988+0000] {dagbag.py:545} INFO - Filling up the DagBag from /opt/airflow/dags/pipeline_dag.py
[2026-05-01T22:40:53.995+0000] {processor.py:840} INFO - DAG(s) 'data_pipeline' retrieved from /opt/airflow/dags/pipeline_dag.py
[2026-05-01T22:40:54.013+0000] {logging_mixin.py:188} INFO - [2026-05-01T22:40:54.013+0000] {dag.py:3089} INFO - Sync 1 DAGs
[2026-05-01T22:40:54.026+0000] {logging_mixin.py:188} INFO - [2026-05-01T22:40:54.026+0000] {dag.py:3947} INFO - Setting next_dagrun for data_pipeline to 2026-05-01 06:00:00+00:00, run_after=2026-05-02 06:00:00+00:00
[2026-05-01T22:40:54.039+0000] {processor.py:183} INFO - Processing /opt/airflow/dags/pipeline_dag.py took 0.066 seconds
[2026-05-01T22:41:24.084+0000] {processor.py:161} INFO - Started process (PID=686) to work on /opt/airflow/dags/pipeline_dag.py
[2026-05-01T22:41:24.084+0000] {processor.py:830} INFO - Processing file /opt/airflow/dags/pipeline_dag.py for tasks to queue
[2026-05-01T22:41:24.085+0000] {logging_mixin.py:188} INFO - [2026-05-01T22:41:24.085+0000] {dagbag.py:545} INFO - Filling up the DagBag from /opt/airflow/dags/pipeline_dag.py
[2026-05-01T22:41:24.091+0000] {processor.py:840} INFO - DAG(s) 'data_pipeline' retrieved from /opt/airflow/dags/pipeline_dag.py
[2026-05-01T22:41:24.111+0000] {logging_mixin.py:188} INFO - [2026-05-01T22:41:24.111+0000] {dag.py:3089} INFO - Sync 1 DAGs
[2026-05-01T22:41:24.126+0000] {logging_mixin.py:188} INFO - [2026-05-01T22:41:24.126+0000] {dag.py:3947} INFO - Setting next_dagrun for data_pipeline to 2026-05-01 06:00:00+00:00, run_after=2026-05-02 06:00:00+00:00
[2026-05-01T22:41:24.137+0000] {processor.py:183} INFO - Processing /opt/airflow/dags/pipeline_dag.py took 0.058 seconds
[2026-05-01T22:41:54.231+0000] {processor.py:161} INFO - Started process (PID=691) to work on /opt/airflow/dags/pipeline_dag.py
[2026-05-01T22:41:54.232+0000] {processor.py:830} INFO - Processing file /opt/airflow/dags/pipeline_dag.py for tasks to queue
[2026-05-01T22:41:54.232+0000] {logging_mixin.py:188} INFO - [2026-05-01T22:41:54.232+0000] {dagbag.py:545} INFO - Filling up the DagBag from /opt/airflow/dags/pipeline_dag.py
[2026-05-01T22:41:54.238+0000] {processor.py:840} INFO - DAG(s) 'data_pipeline' retrieved from /opt/airflow/dags/pipeline_dag.py
[2026-05-01T22:41:54.256+0000] {logging_mixin.py:188} INFO - [2026-05-01T22:41:54.256+0000] {dag.py:3089} INFO - Sync 1 DAGs
[2026-05-01T22:41:54.269+0000] {logging_mixin.py:188} INFO - [2026-05-01T22:41:54.268+0000] {dag.py:3947} INFO - Setting next_dagrun for data_pipeline to 2026-05-01 06:00:00+00:00, run_after=2026-05-02 06:00:00+00:00
[2026-05-01T22:41:54.280+0000] {processor.py:183} INFO - Processing /opt/airflow/dags/pipeline_dag.py took 0.052 seconds
[2026-05-01T22:42:24.337+0000] {processor.py:161} INFO - Started process (PID=696) to work on /opt/airflow/dags/pipeline_dag.py
[2026-05-01T22:42:24.338+0000] {processor.py:830} INFO - Processing file /opt/airflow/dags/pipeline_dag.py for tasks to queue
[2026-05-01T22:42:24.339+0000] {logging_mixin.py:188} INFO - [2026-05-01T22:42:24.338+0000] {dagbag.py:545} INFO - Filling up the DagBag from /opt/airflow/dags/pipeline_dag.py
[2026-05-01T22:42:24.347+0000] {processor.py:840} INFO - DAG(s) 'data_pipeline' retrieved from /opt/airflow/dags/pipeline_dag.py
[2026-05-01T22:42:24.368+0000] {logging_mixin.py:188} INFO - [2026-05-01T22:42:24.368+0000] {dag.py:3089} INFO - Sync 1 DAGs
[2026-05-01T22:42:24.380+0000] {logging_mixin.py:188} INFO - [2026-05-01T22:42:24.380+0000] {dag.py:3947} INFO - Setting next_dagrun for data_pipeline to 2026-05-01 06:00:00+00:00, run_after=2026-05-02 06:00:00+00:00
[2026-05-01T22:42:24.390+0000] {processor.py:183} INFO - Processing /opt/airflow/dags/pipeline_dag.py took 0.058 seconds
[2026-05-01T22:42:54.499+0000] {processor.py:161} INFO - Started process (PID=701) to work on /opt/airflow/dags/pipeline_dag.py
[2026-05-01T22:42:54.501+0000] {processor.py:830} INFO - Processing file /opt/airflow/dags/pipeline_dag.py for tasks to queue
[2026-05-01T22:42:54.502+0000] {logging_mixin.py:188} INFO - [2026-05-01T22:42:54.502+0000] {dagbag.py:545} INFO - Filling up the DagBag from /opt/airflow/dags/pipeline_dag.py
[2026-05-01T22:42:54.509+0000] {processor.py:840} INFO - DAG(s) 'data_pipeline' retrieved from /opt/airflow/dags/pipeline_dag.py
[2026-05-01T22:42:54.531+0000] {logging_mixin.py:188} INFO - [2026-05-01T22:42:54.531+0000] {dag.py:3089} INFO - Sync 1 DAGs
[2026-05-01T22:42:54.543+0000] {logging_mixin.py:188} INFO - [2026-05-01T22:42:54.543+0000] {dag.py:3947} INFO - Setting next_dagrun for data_pipeline to 2026-05-01 06:00:00+00:00, run_after=2026-05-02 06:00:00+00:00
[2026-05-01T22:42:54.555+0000] {processor.py:183} INFO - Processing /opt/airflow/dags/pipeline_dag.py took 0.059 seconds
[2026-05-01T22:43:24.652+0000] {processor.py:161} INFO - Started process (PID=706) to work on /opt/airflow/dags/pipeline_dag.py
[2026-05-01T22:43:24.652+0000] {processor.py:830} INFO - Processing file /opt/airflow/dags/pipeline_dag.py for tasks to queue
[2026-05-01T22:43:24.654+0000] {logging_mixin.py:188} INFO - [2026-05-01T22:43:24.653+0000] {dagbag.py:545} INFO - Filling up the DagBag from /opt/airflow/dags/pipeline_dag.py
[2026-05-01T22:43:24.663+0000] {processor.py:840} INFO - DAG(s) 'data_pipeline' retrieved from /opt/airflow/dags/pipeline_dag.py
[2026-05-01T22:43:24.686+0000] {logging_mixin.py:188} INFO - [2026-05-01T22:43:24.686+0000] {dag.py:3089} INFO - Sync 1 DAGs
[2026-05-01T22:43:24.700+0000] {logging_mixin.py:188} INFO - [2026-05-01T22:43:24.700+0000] {dag.py:3947} INFO - Setting next_dagrun for data_pipeline to 2026-05-01 06:00:00+00:00, run_after=2026-05-02 06:00:00+00:00
[2026-05-01T22:43:24.714+0000] {processor.py:183} INFO - Processing /opt/airflow/dags/pipeline_dag.py took 0.067 seconds
[2026-05-01T22:43:54.760+0000] {processor.py:161} INFO - Started process (PID=711) to work on /opt/airflow/dags/pipeline_dag.py
[2026-05-01T22:43:54.769+0000] {processor.py:830} INFO - Processing file /opt/airflow/dags/pipeline_dag.py for tasks to queue
[2026-05-01T22:43:54.770+0000] {logging_mixin.py:188} INFO - [2026-05-01T22:43:54.769+0000] {dagbag.py:545} INFO - Filling up the DagBag from /opt/airflow/dags/pipeline_dag.py
[2026-05-01T22:43:54.776+0000] {processor.py:840} INFO - DAG(s) 'data_pipeline' retrieved from /opt/airflow/dags/pipeline_dag.py
[2026-05-01T22:43:54.799+0000] {logging_mixin.py:188} INFO - [2026-05-01T22:43:54.799+0000] {dag.py:3089} INFO - Sync 1 DAGs
[2026-05-01T22:43:54.814+0000] {logging_mixin.py:188} INFO - [2026-05-01T22:43:54.814+0000] {dag.py:3947} INFO - Setting next_dagrun for data_pipeline to 2026-05-01 06:00:00+00:00, run_after=2026-05-02 06:00:00+00:00
[2026-05-01T22:43:54.829+0000] {processor.py:183} INFO - Processing /opt/airflow/dags/pipeline_dag.py took 0.074 seconds
[2026-05-01T22:44:24.897+0000] {processor.py:161} INFO - Started process (PID=716) to work on /opt/airflow/dags/pipeline_dag.py
[2026-05-01T22:44:24.897+0000] {processor.py:830} INFO - Processing file /opt/airflow/dags/pipeline_dag.py for tasks to queue
[2026-05-01T22:44:24.898+0000] {logging_mixin.py:188} INFO - [2026-05-01T22:44:24.898+0000] {dagbag.py:545} INFO - Filling up the DagBag from /opt/airflow/dags/pipeline_dag.py
[2026-05-01T22:44:24.904+0000] {processor.py:840} INFO - DAG(s) 'data_pipeline' retrieved from /opt/airflow/dags/pipeline_dag.py
[2026-05-01T22:44:24.922+0000] {logging_mixin.py:188} INFO - [2026-05-01T22:44:24.922+0000] {dag.py:3089} INFO - Sync 1 DAGs
[2026-05-01T22:44:24.934+0000] {logging_mixin.py:188} INFO - [2026-05-01T22:44:24.934+0000] {dag.py:3947} INFO - Setting next_dagrun for data_pipeline to 2026-05-01 06:00:00+00:00, run_after=2026-05-02 06:00:00+00:00
[2026-05-01T22:44:24.946+0000] {processor.py:183} INFO - Processing /opt/airflow/dags/pipeline_dag.py took 0.053 seconds
[2026-05-01T22:44:37.958+0000] {processor.py:161} INFO - Started process (PID=721) to work on /opt/airflow/dags/pipeline_dag.py
[2026-05-01T22:44:37.958+0000] {processor.py:830} INFO - Processing file /opt/airflow/dags/pipeline_dag.py for tasks to queue
[2026-05-01T22:44:37.960+0000] {logging_mixin.py:188} INFO - [2026-05-01T22:44:37.959+0000] {dagbag.py:545} INFO - Filling up the DagBag from /opt/airflow/dags/pipeline_dag.py
[2026-05-01T22:44:37.967+0000] {processor.py:840} INFO - DAG(s) 'data_pipeline' retrieved from /opt/airflow/dags/pipeline_dag.py
[2026-05-01T22:44:38.034+0000] {logging_mixin.py:188} INFO - [2026-05-01T22:44:38.033+0000] {dag.py:3089} INFO - Sync 1 DAGs
[2026-05-01T22:44:38.045+0000] {logging_mixin.py:188} INFO - [2026-05-01T22:44:38.045+0000] {dag.py:3947} INFO - Setting next_dagrun for data_pipeline to 2026-05-01 06:00:00+00:00, run_after=2026-05-02 06:00:00+00:00
[2026-05-01T22:44:38.057+0000] {processor.py:183} INFO - Processing /opt/airflow/dags/pipeline_dag.py took 0.104 seconds
[2026-05-01T22:45:08.110+0000] {processor.py:161} INFO - Started process (PID=726) to work on /opt/airflow/dags/pipeline_dag.py
[2026-05-01T22:45:08.110+0000] {processor.py:830} INFO - Processing file /opt/airflow/dags/pipeline_dag.py for tasks to queue
[2026-05-01T22:45:08.113+0000] {logging_mixin.py:188} INFO - [2026-05-01T22:45:08.112+0000] {dagbag.py:545} INFO - Filling up the DagBag from /opt/airflow/dags/pipeline_dag.py
[2026-05-01T22:45:08.121+0000] {processor.py:840} INFO - DAG(s) 'data_pipeline' retrieved from /opt/airflow/dags/pipeline_dag.py
[2026-05-01T22:45:08.149+0000] {logging_mixin.py:188} INFO - [2026-05-01T22:45:08.149+0000] {dag.py:3089} INFO - Sync 1 DAGs
[2026-05-01T22:45:08.170+0000] {logging_mixin.py:188} INFO - [2026-05-01T22:45:08.170+0000] {dag.py:3947} INFO - Setting next_dagrun for data_pipeline to 2026-05-01 06:00:00+00:00, run_after=2026-05-02 06:00:00+00:00
[2026-05-01T22:45:08.184+0000] {processor.py:183} INFO - Processing /opt/airflow/dags/pipeline_dag.py took 0.079 seconds
[2026-05-01T22:45:38.257+0000] {processor.py:161} INFO - Started process (PID=731) to work on /opt/airflow/dags/pipeline_dag.py
[2026-05-01T22:45:38.266+0000] {processor.py:830} INFO - Processing file /opt/airflow/dags/pipeline_dag.py for tasks to queue
[2026-05-01T22:45:38.267+0000] {logging_mixin.py:188} INFO - [2026-05-01T22:45:38.267+0000] {dagbag.py:545} INFO - Filling up the DagBag from /opt/airflow/dags/pipeline_dag.py
[2026-05-01T22:45:38.273+0000] {processor.py:840} INFO - DAG(s) 'data_pipeline' retrieved from /opt/airflow/dags/pipeline_dag.py
[2026-05-01T22:45:38.296+0000] {logging_mixin.py:188} INFO - [2026-05-01T22:45:38.296+0000] {dag.py:3089} INFO - Sync 1 DAGs
[2026-05-01T22:45:38.311+0000] {logging_mixin.py:188} INFO - [2026-05-01T22:45:38.311+0000] {dag.py:3947} INFO - Setting next_dagrun for data_pipeline to 2026-05-01 06:00:00+00:00, run_after=2026-05-02 06:00:00+00:00
[2026-05-01T22:45:38.327+0000] {processor.py:183} INFO - Processing /opt/airflow/dags/pipeline_dag.py took 0.073 seconds
[2026-05-01T22:46:08.360+0000] {processor.py:161} INFO - Started process (PID=736) to work on /opt/airflow/dags/pipeline_dag.py
[2026-05-01T22:46:08.360+0000] {processor.py:830} INFO - Processing file /opt/airflow/dags/pipeline_dag.py for tasks to queue
[2026-05-01T22:46:08.362+0000] {logging_mixin.py:188} INFO - [2026-05-01T22:46:08.362+0000] {dagbag.py:545} INFO - Filling up the DagBag from /opt/airflow/dags/pipeline_dag.py
[2026-05-01T22:46:08.370+0000] {processor.py:840} INFO - DAG(s) 'data_pipeline' retrieved from /opt/airflow/dags/pipeline_dag.py
[2026-05-01T22:46:08.389+0000] {logging_mixin.py:188} INFO - [2026-05-01T22:46:08.389+0000] {dag.py:3089} INFO - Sync 1 DAGs
[2026-05-01T22:46:08.401+0000] {logging_mixin.py:188} INFO - [2026-05-01T22:46:08.401+0000] {dag.py:3947} INFO - Setting next_dagrun for data_pipeline to 2026-05-01 06:00:00+00:00, run_after=2026-05-02 06:00:00+00:00
[2026-05-01T22:46:08.413+0000] {processor.py:183} INFO - Processing /opt/airflow/dags/pipeline_dag.py took 0.057 seconds
[2026-05-01T22:46:38.598+0000] {processor.py:161} INFO - Started process (PID=741) to work on /opt/airflow/dags/pipeline_dag.py
[2026-05-01T22:46:38.607+0000] {processor.py:830} INFO - Processing file /opt/airflow/dags/pipeline_dag.py for tasks to queue
[2026-05-01T22:46:38.608+0000] {logging_mixin.py:188} INFO - [2026-05-01T22:46:38.608+0000] {dagbag.py:545} INFO - Filling up the DagBag from /opt/airflow/dags/pipeline_dag.py
[2026-05-01T22:46:38.616+0000] {processor.py:840} INFO - DAG(s) 'data_pipeline' retrieved from /opt/airflow/dags/pipeline_dag.py
[2026-05-01T22:46:38.638+0000] {logging_mixin.py:188} INFO - [2026-05-01T22:46:38.638+0000] {dag.py:3089} INFO - Sync 1 DAGs
[2026-05-01T22:46:38.651+0000] {logging_mixin.py:188} INFO - [2026-05-01T22:46:38.651+0000] {dag.py:3947} INFO - Setting next_dagrun for data_pipeline to 2026-05-01 06:00:00+00:00, run_after=2026-05-02 06:00:00+00:00
[2026-05-01T22:46:38.663+0000] {processor.py:183} INFO - Processing /opt/airflow/dags/pipeline_dag.py took 0.070 seconds
[2026-05-01T22:47:08.718+0000] {processor.py:161} INFO - Started process (PID=746) to work on /opt/airflow/dags/pipeline_dag.py
[2026-05-01T22:47:08.719+0000] {processor.py:830} INFO - Processing file /opt/airflow/dags/pipeline_dag.py for tasks to queue
[2026-05-01T22:47:08.720+0000] {logging_mixin.py:188} INFO - [2026-05-01T22:47:08.719+0000] {dagbag.py:545} INFO - Filling up the DagBag from /opt/airflow/dags/pipeline_dag.py
[2026-05-01T22:47:08.726+0000] {processor.py:840} INFO - DAG(s) 'data_pipeline' retrieved from /opt/airflow/dags/pipeline_dag.py
[2026-05-01T22:47:08.750+0000] {logging_mixin.py:188} INFO - [2026-05-01T22:47:08.749+0000] {dag.py:3089} INFO - Sync 1 DAGs
[2026-05-01T22:47:08.763+0000] {logging_mixin.py:188} INFO - [2026-05-01T22:47:08.762+0000] {dag.py:3947} INFO - Setting next_dagrun for data_pipeline to 2026-05-01 06:00:00+00:00, run_after=2026-05-02 06:00:00+00:00
[2026-05-01T22:47:08.774+0000] {processor.py:183} INFO - Processing /opt/airflow/dags/pipeline_dag.py took 0.065 seconds
[2026-05-01T22:47:38.844+0000] {processor.py:161} INFO - Started process (PID=751) to work on /opt/airflow/dags/pipeline_dag.py
[2026-05-01T22:47:38.844+0000] {processor.py:830} INFO - Processing file /opt/airflow/dags/pipeline_dag.py for tasks to queue
[2026-05-01T22:47:38.845+0000] {logging_mixin.py:188} INFO - [2026-05-01T22:47:38.845+0000] {dagbag.py:545} INFO - Filling up the DagBag from /opt/airflow/dags/pipeline_dag.py
[2026-05-01T22:47:38.852+0000] {processor.py:840} INFO - DAG(s) 'data_pipeline' retrieved from /opt/airflow/dags/pipeline_dag.py
[2026-05-01T22:47:38.877+0000] {logging_mixin.py:188} INFO - [2026-05-01T22:47:38.877+0000] {dag.py:3089} INFO - Sync 1 DAGs
[2026-05-01T22:47:38.891+0000] {logging_mixin.py:188} INFO - [2026-05-01T22:47:38.891+0000] {dag.py:3947} INFO - Setting next_dagrun for data_pipeline to 2026-05-01 06:00:00+00:00, run_after=2026-05-02 06:00:00+00:00
[2026-05-01T22:47:38.902+0000] {processor.py:183} INFO - Processing /opt/airflow/dags/pipeline_dag.py took 0.063 seconds
[2026-05-01T22:48:08.957+0000] {processor.py:161} INFO - Started process (PID=756) to work on /opt/airflow/dags/pipeline_dag.py
[2026-05-01T22:48:08.957+0000] {processor.py:830} INFO - Processing file /opt/airflow/dags/pipeline_dag.py for tasks to queue
[2026-05-01T22:48:08.958+0000] {logging_mixin.py:188} INFO - [2026-05-01T22:48:08.958+0000] {dagbag.py:545} INFO - Filling up the DagBag from /opt/airflow/dags/pipeline_dag.py
[2026-05-01T22:48:08.964+0000] {processor.py:840} INFO - DAG(s) 'data_pipeline' retrieved from /opt/airflow/dags/pipeline_dag.py
[2026-05-01T22:48:08.984+0000] {logging_mixin.py:188} INFO - [2026-05-01T22:48:08.984+0000] {dag.py:3089} INFO - Sync 1 DAGs
[2026-05-01T22:48:08.998+0000] {logging_mixin.py:188} INFO - [2026-05-01T22:48:08.998+0000] {dag.py:3947} INFO - Setting next_dagrun for data_pipeline to 2026-05-01 06:00:00+00:00, run_after=2026-05-02 06:00:00+00:00
[2026-05-01T22:48:09.010+0000] {processor.py:183} INFO - Processing /opt/airflow/dags/pipeline_dag.py took 0.058 seconds
[2026-05-01T22:48:39.092+0000] {processor.py:161} INFO - Started process (PID=761) to work on /opt/airflow/dags/pipeline_dag.py
[2026-05-01T22:48:39.101+0000] {processor.py:830} INFO - Processing file /opt/airflow/dags/pipeline_dag.py for tasks to queue
[2026-05-01T22:48:39.102+0000] {logging_mixin.py:188} INFO - [2026-05-01T22:48:39.101+0000] {dagbag.py:545} INFO - Filling up the DagBag from /opt/airflow/dags/pipeline_dag.py
[2026-05-01T22:48:39.108+0000] {processor.py:840} INFO - DAG(s) 'data_pipeline' retrieved from /opt/airflow/dags/pipeline_dag.py
[2026-05-01T22:48:39.126+0000] {logging_mixin.py:188} INFO - [2026-05-01T22:48:39.126+0000] {dag.py:3089} INFO - Sync 1 DAGs
[2026-05-01T22:48:39.140+0000] {logging_mixin.py:188} INFO - [2026-05-01T22:48:39.140+0000] {dag.py:3947} INFO - Setting next_dagrun for data_pipeline to 2026-05-01 06:00:00+00:00, run_after=2026-05-02 06:00:00+00:00
[2026-05-01T22:48:39.157+0000] {processor.py:183} INFO - Processing /opt/airflow/dags/pipeline_dag.py took 0.069 seconds
[2026-05-01T22:49:09.187+0000] {processor.py:161} INFO - Started process (PID=766) to work on /opt/airflow/dags/pipeline_dag.py
[2026-05-01T22:49:09.188+0000] {processor.py:830} INFO - Processing file /opt/airflow/dags/pipeline_dag.py for tasks to queue
[2026-05-01T22:49:09.189+0000] {logging_mixin.py:188} INFO - [2026-05-01T22:49:09.189+0000] {dagbag.py:545} INFO - Filling up the DagBag from /opt/airflow/dags/pipeline_dag.py
[2026-05-01T22:49:09.196+0000] {processor.py:840} INFO - DAG(s) 'data_pipeline' retrieved from /opt/airflow/dags/pipeline_dag.py
[2026-05-01T22:49:09.216+0000] {logging_mixin.py:188} INFO - [2026-05-01T22:49:09.216+0000] {dag.py:3089} INFO - Sync 1 DAGs
[2026-05-01T22:49:09.230+0000] {logging_mixin.py:188} INFO - [2026-05-01T22:49:09.230+0000] {dag.py:3947} INFO - Setting next_dagrun for data_pipeline to 2026-05-01 06:00:00+00:00, run_after=2026-05-02 06:00:00+00:00
[2026-05-01T22:49:09.242+0000] {processor.py:183} INFO - Processing /opt/airflow/dags/pipeline_dag.py took 0.059 seconds
[2026-05-01T22:49:39.320+0000] {processor.py:161} INFO - Started process (PID=771) to work on /opt/airflow/dags/pipeline_dag.py
[2026-05-01T22:49:39.329+0000] {processor.py:830} INFO - Processing file /opt/airflow/dags/pipeline_dag.py for tasks to queue
[2026-05-01T22:49:39.331+0000] {logging_mixin.py:188} INFO - [2026-05-01T22:49:39.330+0000] {dagbag.py:545} INFO - Filling up the DagBag from /opt/airflow/dags/pipeline_dag.py
[2026-05-01T22:49:39.338+0000] {processor.py:840} INFO - DAG(s) 'data_pipeline' retrieved from /opt/airflow/dags/pipeline_dag.py
[2026-05-01T22:49:39.357+0000] {logging_mixin.py:188} INFO - [2026-05-01T22:49:39.357+0000] {dag.py:3089} INFO - Sync 1 DAGs
[2026-05-01T22:49:39.370+0000] {logging_mixin.py:188} INFO - [2026-05-01T22:49:39.370+0000] {dag.py:3947} INFO - Setting next_dagrun for data_pipeline to 2026-05-01 06:00:00+00:00, run_after=2026-05-02 06:00:00+00:00
[2026-05-01T22:49:39.381+0000] {processor.py:183} INFO - Processing /opt/airflow/dags/pipeline_dag.py took 0.065 seconds
[2026-05-01T22:50:09.431+0000] {processor.py:161} INFO - Started process (PID=776) to work on /opt/airflow/dags/pipeline_dag.py
[2026-05-01T22:50:09.432+0000] {processor.py:830} INFO - Processing file /opt/airflow/dags/pipeline_dag.py for tasks to queue
[2026-05-01T22:50:09.434+0000] {logging_mixin.py:188} INFO - [2026-05-01T22:50:09.434+0000] {dagbag.py:545} INFO - Filling up the DagBag from /opt/airflow/dags/pipeline_dag.py
[2026-05-01T22:50:09.441+0000] {processor.py:840} INFO - DAG(s) 'data_pipeline' retrieved from /opt/airflow/dags/pipeline_dag.py
[2026-05-01T22:50:09.466+0000] {logging_mixin.py:188} INFO - [2026-05-01T22:50:09.465+0000] {dag.py:3089} INFO - Sync 1 DAGs
[2026-05-01T22:50:09.479+0000] {logging_mixin.py:188} INFO - [2026-05-01T22:50:09.479+0000] {dag.py:3947} INFO - Setting next_dagrun for data_pipeline to 2026-05-01 06:00:00+00:00, run_after=2026-05-02 06:00:00+00:00
[2026-05-01T22:50:09.490+0000] {processor.py:183} INFO - Processing /opt/airflow/dags/pipeline_dag.py took 0.065 seconds
[2026-05-01T22:50:39.567+0000] {processor.py:161} INFO - Started process (PID=781) to work on /opt/airflow/dags/pipeline_dag.py
[2026-05-01T22:50:39.576+0000] {processor.py:830} INFO - Processing file /opt/airflow/dags/pipeline_dag.py for tasks to queue
[2026-05-01T22:50:39.578+0000] {logging_mixin.py:188} INFO - [2026-05-01T22:50:39.578+0000] {dagbag.py:545} INFO - Filling up the DagBag from /opt/airflow/dags/pipeline_dag.py
[2026-05-01T22:50:39.586+0000] {processor.py:840} INFO - DAG(s) 'data_pipeline' retrieved from /opt/airflow/dags/pipeline_dag.py
[2026-05-01T22:50:39.608+0000] {logging_mixin.py:188} INFO - [2026-05-01T22:50:39.607+0000] {dag.py:3089} INFO - Sync 1 DAGs
[2026-05-01T22:50:39.627+0000] {logging_mixin.py:188} INFO - [2026-05-01T22:50:39.627+0000] {dag.py:3947} INFO - Setting next_dagrun for data_pipeline to 2026-05-01 06:00:00+00:00, run_after=2026-05-02 06:00:00+00:00
[2026-05-01T22:50:39.640+0000] {processor.py:183} INFO - Processing /opt/airflow/dags/pipeline_dag.py took 0.077 seconds
[2026-05-01T22:51:09.721+0000] {processor.py:161} INFO - Started process (PID=786) to work on /opt/airflow/dags/pipeline_dag.py
[2026-05-01T22:51:09.721+0000] {processor.py:830} INFO - Processing file /opt/airflow/dags/pipeline_dag.py for tasks to queue
[2026-05-01T22:51:09.723+0000] {logging_mixin.py:188} INFO - [2026-05-01T22:51:09.723+0000] {dagbag.py:545} INFO - Filling up the DagBag from /opt/airflow/dags/pipeline_dag.py
[2026-05-01T22:51:09.730+0000] {processor.py:840} INFO - DAG(s) 'data_pipeline' retrieved from /opt/airflow/dags/pipeline_dag.py
[2026-05-01T22:51:09.752+0000] {logging_mixin.py:188} INFO - [2026-05-01T22:51:09.752+0000] {dag.py:3089} INFO - Sync 1 DAGs
[2026-05-01T22:51:09.768+0000] {logging_mixin.py:188} INFO - [2026-05-01T22:51:09.768+0000] {dag.py:3947} INFO - Setting next_dagrun for data_pipeline to 2026-05-01 06:00:00+00:00, run_after=2026-05-02 06:00:00+00:00
[2026-05-01T22:51:09.780+0000] {processor.py:183} INFO - Processing /opt/airflow/dags/pipeline_dag.py took 0.063 seconds
[2026-05-01T22:51:39.829+0000] {processor.py:161} INFO - Started process (PID=791) to work on /opt/airflow/dags/pipeline_dag.py
[2026-05-01T22:51:39.838+0000] {processor.py:830} INFO - Processing file /opt/airflow/dags/pipeline_dag.py for tasks to queue
[2026-05-01T22:51:39.839+0000] {logging_mixin.py:188} INFO - [2026-05-01T22:51:39.839+0000] {dagbag.py:545} INFO - Filling up the DagBag from /opt/airflow/dags/pipeline_dag.py
[2026-05-01T22:51:39.846+0000] {processor.py:840} INFO - DAG(s) 'data_pipeline' retrieved from /opt/airflow/dags/pipeline_dag.py
[2026-05-01T22:51:39.865+0000] {logging_mixin.py:188} INFO - [2026-05-01T22:51:39.865+0000] {dag.py:3089} INFO - Sync 1 DAGs
[2026-05-01T22:51:39.879+0000] {logging_mixin.py:188} INFO - [2026-05-01T22:51:39.879+0000] {dag.py:3947} INFO - Setting next_dagrun for data_pipeline to 2026-05-01 06:00:00+00:00, run_after=2026-05-02 06:00:00+00:00
[2026-05-01T22:51:39.891+0000] {processor.py:183} INFO - Processing /opt/airflow/dags/pipeline_dag.py took 0.066 seconds
[2026-05-01T22:52:09.960+0000] {processor.py:161} INFO - Started process (PID=796) to work on /opt/airflow/dags/pipeline_dag.py
[2026-05-01T22:52:09.961+0000] {processor.py:830} INFO - Processing file /opt/airflow/dags/pipeline_dag.py for tasks to queue
[2026-05-01T22:52:09.962+0000] {logging_mixin.py:188} INFO - [2026-05-01T22:52:09.962+0000] {dagbag.py:545} INFO - Filling up the DagBag from /opt/airflow/dags/pipeline_dag.py
[2026-05-01T22:52:09.969+0000] {processor.py:840} INFO - DAG(s) 'data_pipeline' retrieved from /opt/airflow/dags/pipeline_dag.py
[2026-05-01T22:52:09.993+0000] {logging_mixin.py:188} INFO - [2026-05-01T22:52:09.993+0000] {dag.py:3089} INFO - Sync 1 DAGs
[2026-05-01T22:52:10.010+0000] {logging_mixin.py:188} INFO - [2026-05-01T22:52:10.010+0000] {dag.py:3947} INFO - Setting next_dagrun for data_pipeline to 2026-05-01 06:00:00+00:00, run_after=2026-05-02 06:00:00+00:00
[2026-05-01T22:52:10.019+0000] {processor.py:183} INFO - Processing /opt/airflow/dags/pipeline_dag.py took 0.062 seconds
[2026-05-01T22:52:40.070+0000] {processor.py:161} INFO - Started process (PID=813) to work on /opt/airflow/dags/pipeline_dag.py
[2026-05-01T22:52:40.079+0000] {processor.py:830} INFO - Processing file /opt/airflow/dags/pipeline_dag.py for tasks to queue
[2026-05-01T22:52:40.080+0000] {logging_mixin.py:188} INFO - [2026-05-01T22:52:40.080+0000] {dagbag.py:545} INFO - Filling up the DagBag from /opt/airflow/dags/pipeline_dag.py
[2026-05-01T22:52:40.086+0000] {processor.py:840} INFO - DAG(s) 'data_pipeline' retrieved from /opt/airflow/dags/pipeline_dag.py
[2026-05-01T22:52:40.105+0000] {logging_mixin.py:188} INFO - [2026-05-01T22:52:40.105+0000] {dag.py:3089} INFO - Sync 1 DAGs
[2026-05-01T22:52:40.119+0000] {logging_mixin.py:188} INFO - [2026-05-01T22:52:40.119+0000] {dag.py:3947} INFO - Setting next_dagrun for data_pipeline to 2026-05-01 06:00:00+00:00, run_after=2026-05-02 06:00:00+00:00
[2026-05-01T22:52:40.130+0000] {processor.py:183} INFO - Processing /opt/airflow/dags/pipeline_dag.py took 0.064 seconds
[2026-05-01T22:53:10.194+0000] {processor.py:161} INFO - Started process (PID=818) to work on /opt/airflow/dags/pipeline_dag.py
[2026-05-01T22:53:10.194+0000] {processor.py:830} INFO - Processing file /opt/airflow/dags/pipeline_dag.py for tasks to queue
[2026-05-01T22:53:10.195+0000] {logging_mixin.py:188} INFO - [2026-05-01T22:53:10.195+0000] {dagbag.py:545} INFO - Filling up the DagBag from /opt/airflow/dags/pipeline_dag.py
[2026-05-01T22:53:10.201+0000] {processor.py:840} INFO - DAG(s) 'data_pipeline' retrieved from /opt/airflow/dags/pipeline_dag.py
[2026-05-01T22:53:10.219+0000] {logging_mixin.py:188} INFO - [2026-05-01T22:53:10.219+0000] {dag.py:3089} INFO - Sync 1 DAGs
[2026-05-01T22:53:10.232+0000] {logging_mixin.py:188} INFO - [2026-05-01T22:53:10.232+0000] {dag.py:3947} INFO - Setting next_dagrun for data_pipeline to 2026-05-01 06:00:00+00:00, run_after=2026-05-02 06:00:00+00:00
[2026-05-01T22:53:10.244+0000] {processor.py:183} INFO - Processing /opt/airflow/dags/pipeline_dag.py took 0.054 seconds
[2026-05-01T22:53:40.322+0000] {processor.py:161} INFO - Started process (PID=823) to work on /opt/airflow/dags/pipeline_dag.py
[2026-05-01T22:53:40.323+0000] {processor.py:830} INFO - Processing file /opt/airflow/dags/pipeline_dag.py for tasks to queue
[2026-05-01T22:53:40.324+0000] {logging_mixin.py:188} INFO - [2026-05-01T22:53:40.324+0000] {dagbag.py:545} INFO - Filling up the DagBag from /opt/airflow/dags/pipeline_dag.py
[2026-05-01T22:53:40.333+0000] {processor.py:840} INFO - DAG(s) 'data_pipeline' retrieved from /opt/airflow/dags/pipeline_dag.py
[2026-05-01T22:53:40.352+0000] {logging_mixin.py:188} INFO - [2026-05-01T22:53:40.352+0000] {dag.py:3089} INFO - Sync 1 DAGs
[2026-05-01T22:53:40.365+0000] {logging_mixin.py:188} INFO - [2026-05-01T22:53:40.364+0000] {dag.py:3947} INFO - Setting next_dagrun for data_pipeline to 2026-05-01 06:00:00+00:00, run_after=2026-05-02 06:00:00+00:00
[2026-05-01T22:53:40.376+0000] {processor.py:183} INFO - Processing /opt/airflow/dags/pipeline_dag.py took 0.059 seconds
[2026-05-01T22:54:10.507+0000] {processor.py:161} INFO - Started process (PID=828) to work on /opt/airflow/dags/pipeline_dag.py
[2026-05-01T22:54:10.507+0000] {processor.py:830} INFO - Processing file /opt/airflow/dags/pipeline_dag.py for tasks to queue
[2026-05-01T22:54:10.508+0000] {logging_mixin.py:188} INFO - [2026-05-01T22:54:10.508+0000] {dagbag.py:545} INFO - Filling up the DagBag from /opt/airflow/dags/pipeline_dag.py
[2026-05-01T22:54:10.515+0000] {processor.py:840} INFO - DAG(s) 'data_pipeline' retrieved from /opt/airflow/dags/pipeline_dag.py
[2026-05-01T22:54:10.533+0000] {logging_mixin.py:188} INFO - [2026-05-01T22:54:10.533+0000] {dag.py:3089} INFO - Sync 1 DAGs
[2026-05-01T22:54:10.546+0000] {logging_mixin.py:188} INFO - [2026-05-01T22:54:10.545+0000] {dag.py:3947} INFO - Setting next_dagrun for data_pipeline to 2026-05-01 06:00:00+00:00, run_after=2026-05-02 06:00:00+00:00
[2026-05-01T22:54:10.556+0000] {processor.py:183} INFO - Processing /opt/airflow/dags/pipeline_dag.py took 0.056 seconds
[2026-05-01T22:54:40.667+0000] {processor.py:161} INFO - Started process (PID=833) to work on /opt/airflow/dags/pipeline_dag.py
[2026-05-01T22:54:40.676+0000] {processor.py:830} INFO - Processing file /opt/airflow/dags/pipeline_dag.py for tasks to queue
[2026-05-01T22:54:40.677+0000] {logging_mixin.py:188} INFO - [2026-05-01T22:54:40.677+0000] {dagbag.py:545} INFO - Filling up the DagBag from /opt/airflow/dags/pipeline_dag.py
[2026-05-01T22:54:40.683+0000] {processor.py:840} INFO - DAG(s) 'data_pipeline' retrieved from /opt/airflow/dags/pipeline_dag.py
[2026-05-01T22:54:40.704+0000] {logging_mixin.py:188} INFO - [2026-05-01T22:54:40.704+0000] {dag.py:3089} INFO - Sync 1 DAGs
[2026-05-01T22:54:40.719+0000] {logging_mixin.py:188} INFO - [2026-05-01T22:54:40.719+0000] {dag.py:3947} INFO - Setting next_dagrun for data_pipeline to 2026-05-01 06:00:00+00:00, run_after=2026-05-02 06:00:00+00:00
[2026-05-01T22:54:40.731+0000] {processor.py:183} INFO - Processing /opt/airflow/dags/pipeline_dag.py took 0.067 seconds
[2026-05-01T22:55:10.776+0000] {processor.py:161} INFO - Started process (PID=838) to work on /opt/airflow/dags/pipeline_dag.py
[2026-05-01T22:55:10.776+0000] {processor.py:830} INFO - Processing file /opt/airflow/dags/pipeline_dag.py for tasks to queue
[2026-05-01T22:55:10.778+0000] {logging_mixin.py:188} INFO - [2026-05-01T22:55:10.777+0000] {dagbag.py:545} INFO - Filling up the DagBag from /opt/airflow/dags/pipeline_dag.py
[2026-05-01T22:55:10.784+0000] {processor.py:840} INFO - DAG(s) 'data_pipeline' retrieved from /opt/airflow/dags/pipeline_dag.py
[2026-05-01T22:55:10.805+0000] {logging_mixin.py:188} INFO - [2026-05-01T22:55:10.805+0000] {dag.py:3089} INFO - Sync 1 DAGs
[2026-05-01T22:55:10.821+0000] {logging_mixin.py:188} INFO - [2026-05-01T22:55:10.821+0000] {dag.py:3947} INFO - Setting next_dagrun for data_pipeline to 2026-05-01 06:00:00+00:00, run_after=2026-05-02 06:00:00+00:00
[2026-05-01T22:55:10.837+0000] {processor.py:183} INFO - Processing /opt/airflow/dags/pipeline_dag.py took 0.069 seconds
[2026-05-01T22:55:40.912+0000] {processor.py:161} INFO - Started process (PID=843) to work on /opt/airflow/dags/pipeline_dag.py
[2026-05-01T22:55:40.921+0000] {processor.py:830} INFO - Processing file /opt/airflow/dags/pipeline_dag.py for tasks to queue
[2026-05-01T22:55:40.922+0000] {logging_mixin.py:188} INFO - [2026-05-01T22:55:40.922+0000] {dagbag.py:545} INFO - Filling up the DagBag from /opt/airflow/dags/pipeline_dag.py
[2026-05-01T22:55:40.929+0000] {processor.py:840} INFO - DAG(s) 'data_pipeline' retrieved from /opt/airflow/dags/pipeline_dag.py
[2026-05-01T22:55:40.949+0000] {logging_mixin.py:188} INFO - [2026-05-01T22:55:40.949+0000] {dag.py:3089} INFO - Sync 1 DAGs
[2026-05-01T22:55:40.962+0000] {logging_mixin.py:188} INFO - [2026-05-01T22:55:40.962+0000] {dag.py:3947} INFO - Setting next_dagrun for data_pipeline to 2026-05-01 06:00:00+00:00, run_after=2026-05-02 06:00:00+00:00
[2026-05-01T22:55:40.972+0000] {processor.py:183} INFO - Processing /opt/airflow/dags/pipeline_dag.py took 0.065 seconds
[2026-05-01T22:56:11.027+0000] {processor.py:161} INFO - Started process (PID=848) to work on /opt/airflow/dags/pipeline_dag.py
[2026-05-01T22:56:11.028+0000] {processor.py:830} INFO - Processing file /opt/airflow/dags/pipeline_dag.py for tasks to queue
[2026-05-01T22:56:11.029+0000] {logging_mixin.py:188} INFO - [2026-05-01T22:56:11.028+0000] {dagbag.py:545} INFO - Filling up the DagBag from /opt/airflow/dags/pipeline_dag.py
[2026-05-01T22:56:11.035+0000] {processor.py:840} INFO - DAG(s) 'data_pipeline' retrieved from /opt/airflow/dags/pipeline_dag.py
[2026-05-01T22:56:11.053+0000] {logging_mixin.py:188} INFO - [2026-05-01T22:56:11.053+0000] {dag.py:3089} INFO - Sync 1 DAGs
[2026-05-01T22:56:11.066+0000] {logging_mixin.py:188} INFO - [2026-05-01T22:56:11.066+0000] {dag.py:3947} INFO - Setting next_dagrun for data_pipeline to 2026-05-01 06:00:00+00:00, run_after=2026-05-02 06:00:00+00:00
[2026-05-01T22:56:11.080+0000] {processor.py:183} INFO - Processing /opt/airflow/dags/pipeline_dag.py took 0.056 seconds
[2026-05-01T22:56:41.152+0000] {processor.py:161} INFO - Started process (PID=853) to work on /opt/airflow/dags/pipeline_dag.py
[2026-05-01T22:56:41.161+0000] {processor.py:830} INFO - Processing file /opt/airflow/dags/pipeline_dag.py for tasks to queue
[2026-05-01T22:56:41.162+0000] {logging_mixin.py:188} INFO - [2026-05-01T22:56:41.162+0000] {dagbag.py:545} INFO - Filling up the DagBag from /opt/airflow/dags/pipeline_dag.py
[2026-05-01T22:56:41.168+0000] {processor.py:840} INFO - DAG(s) 'data_pipeline' retrieved from /opt/airflow/dags/pipeline_dag.py
[2026-05-01T22:56:41.186+0000] {logging_mixin.py:188} INFO - [2026-05-01T22:56:41.186+0000] {dag.py:3089} INFO - Sync 1 DAGs
[2026-05-01T22:56:41.200+0000] {logging_mixin.py:188} INFO - [2026-05-01T22:56:41.199+0000] {dag.py:3947} INFO - Setting next_dagrun for data_pipeline to 2026-05-01 06:00:00+00:00, run_after=2026-05-02 06:00:00+00:00
[2026-05-01T22:56:41.210+0000] {processor.py:183} INFO - Processing /opt/airflow/dags/pipeline_dag.py took 0.063 seconds
[2026-05-01T22:57:11.247+0000] {processor.py:161} INFO - Started process (PID=858) to work on /opt/airflow/dags/pipeline_dag.py
[2026-05-01T22:57:11.247+0000] {processor.py:830} INFO - Processing file /opt/airflow/dags/pipeline_dag.py for tasks to queue
[2026-05-01T22:57:11.248+0000] {logging_mixin.py:188} INFO - [2026-05-01T22:57:11.248+0000] {dagbag.py:545} INFO - Filling up the DagBag from /opt/airflow/dags/pipeline_dag.py
[2026-05-01T22:57:11.254+0000] {processor.py:840} INFO - DAG(s) 'data_pipeline' retrieved from /opt/airflow/dags/pipeline_dag.py
[2026-05-01T22:57:11.276+0000] {logging_mixin.py:188} INFO - [2026-05-01T22:57:11.276+0000] {dag.py:3089} INFO - Sync 1 DAGs
[2026-05-01T22:57:11.289+0000] {logging_mixin.py:188} INFO - [2026-05-01T22:57:11.289+0000] {dag.py:3947} INFO - Setting next_dagrun for data_pipeline to 2026-05-01 06:00:00+00:00, run_after=2026-05-02 06:00:00+00:00
[2026-05-01T22:57:11.300+0000] {processor.py:183} INFO - Processing /opt/airflow/dags/pipeline_dag.py took 0.057 seconds
[2026-05-01T22:57:41.436+0000] {processor.py:161} INFO - Started process (PID=875) to work on /opt/airflow/dags/pipeline_dag.py
[2026-05-01T22:57:41.445+0000] {processor.py:830} INFO - Processing file /opt/airflow/dags/pipeline_dag.py for tasks to queue
[2026-05-01T22:57:41.446+0000] {logging_mixin.py:188} INFO - [2026-05-01T22:57:41.446+0000] {dagbag.py:545} INFO - Filling up the DagBag from /opt/airflow/dags/pipeline_dag.py
[2026-05-01T22:57:41.453+0000] {processor.py:840} INFO - DAG(s) 'data_pipeline' retrieved from /opt/airflow/dags/pipeline_dag.py
[2026-05-01T22:57:41.479+0000] {logging_mixin.py:188} INFO - [2026-05-01T22:57:41.479+0000] {dag.py:3089} INFO - Sync 1 DAGs
[2026-05-01T22:57:41.495+0000] {logging_mixin.py:188} INFO - [2026-05-01T22:57:41.495+0000] {dag.py:3947} INFO - Setting next_dagrun for data_pipeline to 2026-05-01 06:00:00+00:00, run_after=2026-05-02 06:00:00+00:00
[2026-05-01T22:57:41.507+0000] {processor.py:183} INFO - Processing /opt/airflow/dags/pipeline_dag.py took 0.074 seconds
[2026-05-01T22:58:11.609+0000] {processor.py:161} INFO - Started process (PID=880) to work on /opt/airflow/dags/pipeline_dag.py
[2026-05-01T22:58:11.609+0000] {processor.py:830} INFO - Processing file /opt/airflow/dags/pipeline_dag.py for tasks to queue
[2026-05-01T22:58:11.610+0000] {logging_mixin.py:188} INFO - [2026-05-01T22:58:11.610+0000] {dagbag.py:545} INFO - Filling up the DagBag from /opt/airflow/dags/pipeline_dag.py
[2026-05-01T22:58:11.618+0000] {processor.py:840} INFO - DAG(s) 'data_pipeline' retrieved from /opt/airflow/dags/pipeline_dag.py
[2026-05-01T22:58:11.636+0000] {logging_mixin.py:188} INFO - [2026-05-01T22:58:11.636+0000] {dag.py:3089} INFO - Sync 1 DAGs
[2026-05-01T22:58:11.650+0000] {logging_mixin.py:188} INFO - [2026-05-01T22:58:11.649+0000] {dag.py:3947} INFO - Setting next_dagrun for data_pipeline to 2026-05-01 06:00:00+00:00, run_after=2026-05-02 06:00:00+00:00
[2026-05-01T22:58:11.661+0000] {processor.py:183} INFO - Processing /opt/airflow/dags/pipeline_dag.py took 0.060 seconds
[2026-05-01T22:58:41.843+0000] {processor.py:161} INFO - Started process (PID=885) to work on /opt/airflow/dags/pipeline_dag.py
[2026-05-01T22:58:41.852+0000] {processor.py:830} INFO - Processing file /opt/airflow/dags/pipeline_dag.py for tasks to queue
[2026-05-01T22:58:41.853+0000] {logging_mixin.py:188} INFO - [2026-05-01T22:58:41.853+0000] {dagbag.py:545} INFO - Filling up the DagBag from /opt/airflow/dags/pipeline_dag.py
[2026-05-01T22:58:41.862+0000] {processor.py:840} INFO - DAG(s) 'data_pipeline' retrieved from /opt/airflow/dags/pipeline_dag.py
[2026-05-01T22:58:41.883+0000] {logging_mixin.py:188} INFO - [2026-05-01T22:58:41.883+0000] {dag.py:3089} INFO - Sync 1 DAGs
[2026-05-01T22:58:41.896+0000] {logging_mixin.py:188} INFO - [2026-05-01T22:58:41.895+0000] {dag.py:3947} INFO - Setting next_dagrun for data_pipeline to 2026-05-01 06:00:00+00:00, run_after=2026-05-02 06:00:00+00:00
[2026-05-01T22:58:41.907+0000] {processor.py:183} INFO - Processing /opt/airflow/dags/pipeline_dag.py took 0.070 seconds
[2026-05-01T22:59:12.003+0000] {processor.py:161} INFO - Started process (PID=890) to work on /opt/airflow/dags/pipeline_dag.py
[2026-05-01T22:59:12.004+0000] {processor.py:830} INFO - Processing file /opt/airflow/dags/pipeline_dag.py for tasks to queue
[2026-05-01T22:59:12.005+0000] {logging_mixin.py:188} INFO - [2026-05-01T22:59:12.005+0000] {dagbag.py:545} INFO - Filling up the DagBag from /opt/airflow/dags/pipeline_dag.py
[2026-05-01T22:59:12.011+0000] {processor.py:840} INFO - DAG(s) 'data_pipeline' retrieved from /opt/airflow/dags/pipeline_dag.py
[2026-05-01T22:59:12.030+0000] {logging_mixin.py:188} INFO - [2026-05-01T22:59:12.030+0000] {dag.py:3089} INFO - Sync 1 DAGs
[2026-05-01T22:59:12.044+0000] {logging_mixin.py:188} INFO - [2026-05-01T22:59:12.044+0000] {dag.py:3947} INFO - Setting next_dagrun for data_pipeline to 2026-05-01 06:00:00+00:00, run_after=2026-05-02 06:00:00+00:00
[2026-05-01T22:59:12.055+0000] {processor.py:183} INFO - Processing /opt/airflow/dags/pipeline_dag.py took 0.057 seconds
[2026-05-01T22:59:42.194+0000] {processor.py:161} INFO - Started process (PID=895) to work on /opt/airflow/dags/pipeline_dag.py
[2026-05-01T22:59:42.201+0000] {processor.py:830} INFO - Processing file /opt/airflow/dags/pipeline_dag.py for tasks to queue
[2026-05-01T22:59:42.202+0000] {logging_mixin.py:188} INFO - [2026-05-01T22:59:42.202+0000] {dagbag.py:545} INFO - Filling up the DagBag from /opt/airflow/dags/pipeline_dag.py
[2026-05-01T22:59:42.208+0000] {processor.py:840} INFO - DAG(s) 'data_pipeline' retrieved from /opt/airflow/dags/pipeline_dag.py
[2026-05-01T22:59:42.228+0000] {logging_mixin.py:188} INFO - [2026-05-01T22:59:42.228+0000] {dag.py:3089} INFO - Sync 1 DAGs
[2026-05-01T22:59:42.242+0000] {logging_mixin.py:188} INFO - [2026-05-01T22:59:42.242+0000] {dag.py:3947} INFO - Setting next_dagrun for data_pipeline to 2026-05-01 06:00:00+00:00, run_after=2026-05-02 06:00:00+00:00
[2026-05-01T22:59:42.255+0000] {processor.py:183} INFO - Processing /opt/airflow/dags/pipeline_dag.py took 0.065 seconds
[2026-05-01T23:00:12.323+0000] {processor.py:161} INFO - Started process (PID=900) to work on /opt/airflow/dags/pipeline_dag.py
[2026-05-01T23:00:12.323+0000] {processor.py:830} INFO - Processing file /opt/airflow/dags/pipeline_dag.py for tasks to queue
[2026-05-01T23:00:12.324+0000] {logging_mixin.py:188} INFO - [2026-05-01T23:00:12.324+0000] {dagbag.py:545} INFO - Filling up the DagBag from /opt/airflow/dags/pipeline_dag.py
[2026-05-01T23:00:12.330+0000] {processor.py:840} INFO - DAG(s) 'data_pipeline' retrieved from /opt/airflow/dags/pipeline_dag.py
[2026-05-01T23:00:12.350+0000] {logging_mixin.py:188} INFO - [2026-05-01T23:00:12.350+0000] {dag.py:3089} INFO - Sync 1 DAGs
[2026-05-01T23:00:12.363+0000] {logging_mixin.py:188} INFO - [2026-05-01T23:00:12.362+0000] {dag.py:3947} INFO - Setting next_dagrun for data_pipeline to 2026-05-01 06:00:00+00:00, run_after=2026-05-02 06:00:00+00:00
[2026-05-01T23:00:12.374+0000] {processor.py:183} INFO - Processing /opt/airflow/dags/pipeline_dag.py took 0.056 seconds
[2026-05-01T23:00:42.547+0000] {processor.py:161} INFO - Started process (PID=905) to work on /opt/airflow/dags/pipeline_dag.py
[2026-05-01T23:00:42.556+0000] {processor.py:830} INFO - Processing file /opt/airflow/dags/pipeline_dag.py for tasks to queue
[2026-05-01T23:00:42.558+0000] {logging_mixin.py:188} INFO - [2026-05-01T23:00:42.558+0000] {dagbag.py:545} INFO - Filling up the DagBag from /opt/airflow/dags/pipeline_dag.py
[2026-05-01T23:00:42.566+0000] {processor.py:840} INFO - DAG(s) 'data_pipeline' retrieved from /opt/airflow/dags/pipeline_dag.py
[2026-05-01T23:00:42.590+0000] {logging_mixin.py:188} INFO - [2026-05-01T23:00:42.590+0000] {dag.py:3089} INFO - Sync 1 DAGs
[2026-05-01T23:00:42.604+0000] {logging_mixin.py:188} INFO - [2026-05-01T23:00:42.604+0000] {dag.py:3947} INFO - Setting next_dagrun for data_pipeline to 2026-05-01 06:00:00+00:00, run_after=2026-05-02 06:00:00+00:00
[2026-05-01T23:00:42.618+0000] {processor.py:183} INFO - Processing /opt/airflow/dags/pipeline_dag.py took 0.079 seconds
[2026-05-01T23:01:12.703+0000] {processor.py:161} INFO - Started process (PID=910) to work on /opt/airflow/dags/pipeline_dag.py
[2026-05-01T23:01:12.703+0000] {processor.py:830} INFO - Processing file /opt/airflow/dags/pipeline_dag.py for tasks to queue
[2026-05-01T23:01:12.705+0000] {logging_mixin.py:188} INFO - [2026-05-01T23:01:12.704+0000] {dagbag.py:545} INFO - Filling up the DagBag from /opt/airflow/dags/pipeline_dag.py
[2026-05-01T23:01:12.711+0000] {processor.py:840} INFO - DAG(s) 'data_pipeline' retrieved from /opt/airflow/dags/pipeline_dag.py
[2026-05-01T23:01:12.733+0000] {logging_mixin.py:188} INFO - [2026-05-01T23:01:12.733+0000] {dag.py:3089} INFO - Sync 1 DAGs
[2026-05-01T23:01:12.758+0000] {logging_mixin.py:188} INFO - [2026-05-01T23:01:12.758+0000] {dag.py:3947} INFO - Setting next_dagrun for data_pipeline to 2026-05-01 06:00:00+00:00, run_after=2026-05-02 06:00:00+00:00
[2026-05-01T23:01:12.771+0000] {processor.py:183} INFO - Processing /opt/airflow/dags/pipeline_dag.py took 0.075 seconds
[2026-05-01T23:01:42.907+0000] {processor.py:161} INFO - Started process (PID=915) to work on /opt/airflow/dags/pipeline_dag.py
[2026-05-01T23:01:42.916+0000] {processor.py:830} INFO - Processing file /opt/airflow/dags/pipeline_dag.py for tasks to queue
[2026-05-01T23:01:42.918+0000] {logging_mixin.py:188} INFO - [2026-05-01T23:01:42.917+0000] {dagbag.py:545} INFO - Filling up the DagBag from /opt/airflow/dags/pipeline_dag.py
[2026-05-01T23:01:42.927+0000] {processor.py:840} INFO - DAG(s) 'data_pipeline' retrieved from /opt/airflow/dags/pipeline_dag.py
[2026-05-01T23:01:42.948+0000] {logging_mixin.py:188} INFO - [2026-05-01T23:01:42.948+0000] {dag.py:3089} INFO - Sync 1 DAGs
[2026-05-01T23:01:42.961+0000] {logging_mixin.py:188} INFO - [2026-05-01T23:01:42.961+0000] {dag.py:3947} INFO - Setting next_dagrun for data_pipeline to 2026-05-01 06:00:00+00:00, run_after=2026-05-02 06:00:00+00:00
[2026-05-01T23:01:42.975+0000] {processor.py:183} INFO - Processing /opt/airflow/dags/pipeline_dag.py took 0.072 seconds
[2026-05-01T23:02:13.041+0000] {processor.py:161} INFO - Started process (PID=920) to work on /opt/airflow/dags/pipeline_dag.py
[2026-05-01T23:02:13.042+0000] {processor.py:830} INFO - Processing file /opt/airflow/dags/pipeline_dag.py for tasks to queue
[2026-05-01T23:02:13.043+0000] {logging_mixin.py:188} INFO - [2026-05-01T23:02:13.043+0000] {dagbag.py:545} INFO - Filling up the DagBag from /opt/airflow/dags/pipeline_dag.py
[2026-05-01T23:02:13.050+0000] {processor.py:840} INFO - DAG(s) 'data_pipeline' retrieved from /opt/airflow/dags/pipeline_dag.py
[2026-05-01T23:02:13.070+0000] {logging_mixin.py:188} INFO - [2026-05-01T23:02:13.070+0000] {dag.py:3089} INFO - Sync 1 DAGs
[2026-05-01T23:02:13.083+0000] {logging_mixin.py:188} INFO - [2026-05-01T23:02:13.083+0000] {dag.py:3947} INFO - Setting next_dagrun for data_pipeline to 2026-05-01 06:00:00+00:00, run_after=2026-05-02 06:00:00+00:00
[2026-05-01T23:02:13.095+0000] {processor.py:183} INFO - Processing /opt/airflow/dags/pipeline_dag.py took 0.059 seconds
[2026-05-01T23:02:43.246+0000] {processor.py:161} INFO - Started process (PID=937) to work on /opt/airflow/dags/pipeline_dag.py
[2026-05-01T23:02:43.247+0000] {processor.py:830} INFO - Processing file /opt/airflow/dags/pipeline_dag.py for tasks to queue
[2026-05-01T23:02:43.248+0000] {logging_mixin.py:188} INFO - [2026-05-01T23:02:43.248+0000] {dagbag.py:545} INFO - Filling up the DagBag from /opt/airflow/dags/pipeline_dag.py
[2026-05-01T23:02:43.254+0000] {processor.py:840} INFO - DAG(s) 'data_pipeline' retrieved from /opt/airflow/dags/pipeline_dag.py
[2026-05-01T23:02:43.278+0000] {logging_mixin.py:188} INFO - [2026-05-01T23:02:43.278+0000] {dag.py:3089} INFO - Sync 1 DAGs
[2026-05-01T23:02:43.291+0000] {logging_mixin.py:188} INFO - [2026-05-01T23:02:43.291+0000] {dag.py:3947} INFO - Setting next_dagrun for data_pipeline to 2026-05-01 06:00:00+00:00, run_after=2026-05-02 06:00:00+00:00
[2026-05-01T23:02:43.303+0000] {processor.py:183} INFO - Processing /opt/airflow/dags/pipeline_dag.py took 0.061 seconds
[2026-05-01T23:03:13.386+0000] {processor.py:161} INFO - Started process (PID=942) to work on /opt/airflow/dags/pipeline_dag.py
[2026-05-01T23:03:13.387+0000] {processor.py:830} INFO - Processing file /opt/airflow/dags/pipeline_dag.py for tasks to queue
[2026-05-01T23:03:13.388+0000] {logging_mixin.py:188} INFO - [2026-05-01T23:03:13.388+0000] {dagbag.py:545} INFO - Filling up the DagBag from /opt/airflow/dags/pipeline_dag.py
[2026-05-01T23:03:13.397+0000] {processor.py:840} INFO - DAG(s) 'data_pipeline' retrieved from /opt/airflow/dags/pipeline_dag.py
[2026-05-01T23:03:13.418+0000] {logging_mixin.py:188} INFO - [2026-05-01T23:03:13.418+0000] {dag.py:3089} INFO - Sync 1 DAGs
[2026-05-01T23:03:13.437+0000] {logging_mixin.py:188} INFO - [2026-05-01T23:03:13.437+0000] {dag.py:3947} INFO - Setting next_dagrun for data_pipeline to 2026-05-01 06:00:00+00:00, run_after=2026-05-02 06:00:00+00:00
[2026-05-01T23:03:13.450+0000] {processor.py:183} INFO - Processing /opt/airflow/dags/pipeline_dag.py took 0.069 seconds
[2026-05-01T23:03:43.570+0000] {processor.py:161} INFO - Started process (PID=947) to work on /opt/airflow/dags/pipeline_dag.py
[2026-05-01T23:03:43.580+0000] {processor.py:830} INFO - Processing file /opt/airflow/dags/pipeline_dag.py for tasks to queue
[2026-05-01T23:03:43.582+0000] {logging_mixin.py:188} INFO - [2026-05-01T23:03:43.582+0000] {dagbag.py:545} INFO - Filling up the DagBag from /opt/airflow/dags/pipeline_dag.py
[2026-05-01T23:03:43.590+0000] {processor.py:840} INFO - DAG(s) 'data_pipeline' retrieved from /opt/airflow/dags/pipeline_dag.py
[2026-05-01T23:03:43.609+0000] {logging_mixin.py:188} INFO - [2026-05-01T23:03:43.609+0000] {dag.py:3089} INFO - Sync 1 DAGs
[2026-05-01T23:03:43.622+0000] {logging_mixin.py:188} INFO - [2026-05-01T23:03:43.622+0000] {dag.py:3947} INFO - Setting next_dagrun for data_pipeline to 2026-05-01 06:00:00+00:00, run_after=2026-05-02 06:00:00+00:00
[2026-05-01T23:03:43.635+0000] {processor.py:183} INFO - Processing /opt/airflow/dags/pipeline_dag.py took 0.070 seconds
[2026-05-01T23:04:13.684+0000] {processor.py:161} INFO - Started process (PID=952) to work on /opt/airflow/dags/pipeline_dag.py
[2026-05-01T23:04:13.684+0000] {processor.py:830} INFO - Processing file /opt/airflow/dags/pipeline_dag.py for tasks to queue
[2026-05-01T23:04:13.685+0000] {logging_mixin.py:188} INFO - [2026-05-01T23:04:13.685+0000] {dagbag.py:545} INFO - Filling up the DagBag from /opt/airflow/dags/pipeline_dag.py
[2026-05-01T23:04:13.691+0000] {processor.py:840} INFO - DAG(s) 'data_pipeline' retrieved from /opt/airflow/dags/pipeline_dag.py
[2026-05-01T23:04:13.711+0000] {logging_mixin.py:188} INFO - [2026-05-01T23:04:13.711+0000] {dag.py:3089} INFO - Sync 1 DAGs
[2026-05-01T23:04:13.731+0000] {logging_mixin.py:188} INFO - [2026-05-01T23:04:13.731+0000] {dag.py:3947} INFO - Setting next_dagrun for data_pipeline to 2026-05-01 06:00:00+00:00, run_after=2026-05-02 06:00:00+00:00
[2026-05-01T23:04:13.743+0000] {processor.py:183} INFO - Processing /opt/airflow/dags/pipeline_dag.py took 0.063 seconds
[2026-05-01T23:04:43.819+0000] {processor.py:161} INFO - Started process (PID=957) to work on /opt/airflow/dags/pipeline_dag.py
[2026-05-01T23:04:43.819+0000] {processor.py:830} INFO - Processing file /opt/airflow/dags/pipeline_dag.py for tasks to queue
[2026-05-01T23:04:43.820+0000] {logging_mixin.py:188} INFO - [2026-05-01T23:04:43.820+0000] {dagbag.py:545} INFO - Filling up the DagBag from /opt/airflow/dags/pipeline_dag.py
[2026-05-01T23:04:43.827+0000] {processor.py:840} INFO - DAG(s) 'data_pipeline' retrieved from /opt/airflow/dags/pipeline_dag.py
[2026-05-01T23:04:43.843+0000] {logging_mixin.py:188} INFO - [2026-05-01T23:04:43.843+0000] {dag.py:3089} INFO - Sync 1 DAGs
[2026-05-01T23:04:43.856+0000] {logging_mixin.py:188} INFO - [2026-05-01T23:04:43.856+0000] {dag.py:3947} INFO - Setting next_dagrun for data_pipeline to 2026-05-01 06:00:00+00:00, run_after=2026-05-02 06:00:00+00:00
[2026-05-01T23:04:43.866+0000] {processor.py:183} INFO - Processing /opt/airflow/dags/pipeline_dag.py took 0.051 seconds
[2026-05-01T23:05:13.919+0000] {processor.py:161} INFO - Started process (PID=962) to work on /opt/airflow/dags/pipeline_dag.py
[2026-05-01T23:05:13.919+0000] {processor.py:830} INFO - Processing file /opt/airflow/dags/pipeline_dag.py for tasks to queue
[2026-05-01T23:05:13.921+0000] {logging_mixin.py:188} INFO - [2026-05-01T23:05:13.920+0000] {dagbag.py:545} INFO - Filling up the DagBag from /opt/airflow/dags/pipeline_dag.py
[2026-05-01T23:05:13.927+0000] {processor.py:840} INFO - DAG(s) 'data_pipeline' retrieved from /opt/airflow/dags/pipeline_dag.py
[2026-05-01T23:05:13.948+0000] {logging_mixin.py:188} INFO - [2026-05-01T23:05:13.947+0000] {dag.py:3089} INFO - Sync 1 DAGs
[2026-05-01T23:05:13.960+0000] {logging_mixin.py:188} INFO - [2026-05-01T23:05:13.960+0000] {dag.py:3947} INFO - Setting next_dagrun for data_pipeline to 2026-05-01 06:00:00+00:00, run_after=2026-05-02 06:00:00+00:00
[2026-05-01T23:05:13.972+0000] {processor.py:183} INFO - Processing /opt/airflow/dags/pipeline_dag.py took 0.056 seconds
[2026-05-01T23:05:44.049+0000] {processor.py:161} INFO - Started process (PID=967) to work on /opt/airflow/dags/pipeline_dag.py
[2026-05-01T23:05:44.050+0000] {processor.py:830} INFO - Processing file /opt/airflow/dags/pipeline_dag.py for tasks to queue
[2026-05-01T23:05:44.051+0000] {logging_mixin.py:188} INFO - [2026-05-01T23:05:44.051+0000] {dagbag.py:545} INFO - Filling up the DagBag from /opt/airflow/dags/pipeline_dag.py
[2026-05-01T23:05:44.057+0000] {processor.py:840} INFO - DAG(s) 'data_pipeline' retrieved from /opt/airflow/dags/pipeline_dag.py
[2026-05-01T23:05:44.077+0000] {logging_mixin.py:188} INFO - [2026-05-01T23:05:44.076+0000] {dag.py:3089} INFO - Sync 1 DAGs
[2026-05-01T23:05:44.090+0000] {logging_mixin.py:188} INFO - [2026-05-01T23:05:44.089+0000] {dag.py:3947} INFO - Setting next_dagrun for data_pipeline to 2026-05-01 06:00:00+00:00, run_after=2026-05-02 06:00:00+00:00
[2026-05-01T23:05:44.100+0000] {processor.py:183} INFO - Processing /opt/airflow/dags/pipeline_dag.py took 0.054 seconds
[2026-05-01T23:06:14.142+0000] {processor.py:161} INFO - Started process (PID=972) to work on /opt/airflow/dags/pipeline_dag.py
[2026-05-01T23:06:14.143+0000] {processor.py:830} INFO - Processing file /opt/airflow/dags/pipeline_dag.py for tasks to queue
[2026-05-01T23:06:14.144+0000] {logging_mixin.py:188} INFO - [2026-05-01T23:06:14.143+0000] {dagbag.py:545} INFO - Filling up the DagBag from /opt/airflow/dags/pipeline_dag.py
[2026-05-01T23:06:14.150+0000] {processor.py:840} INFO - DAG(s) 'data_pipeline' retrieved from /opt/airflow/dags/pipeline_dag.py
[2026-05-01T23:06:14.168+0000] {logging_mixin.py:188} INFO - [2026-05-01T23:06:14.168+0000] {dag.py:3089} INFO - Sync 1 DAGs
[2026-05-01T23:06:14.181+0000] {logging_mixin.py:188} INFO - [2026-05-01T23:06:14.181+0000] {dag.py:3947} INFO - Setting next_dagrun for data_pipeline to 2026-05-01 06:00:00+00:00, run_after=2026-05-02 06:00:00+00:00
[2026-05-01T23:06:14.192+0000] {processor.py:183} INFO - Processing /opt/airflow/dags/pipeline_dag.py took 0.053 seconds
[2026-05-01T23:06:44.272+0000] {processor.py:161} INFO - Started process (PID=977) to work on /opt/airflow/dags/pipeline_dag.py
[2026-05-01T23:06:44.281+0000] {processor.py:830} INFO - Processing file /opt/airflow/dags/pipeline_dag.py for tasks to queue
[2026-05-01T23:06:44.282+0000] {logging_mixin.py:188} INFO - [2026-05-01T23:06:44.282+0000] {dagbag.py:545} INFO - Filling up the DagBag from /opt/airflow/dags/pipeline_dag.py
[2026-05-01T23:06:44.289+0000] {processor.py:840} INFO - DAG(s) 'data_pipeline' retrieved from /opt/airflow/dags/pipeline_dag.py
[2026-05-01T23:06:44.309+0000] {logging_mixin.py:188} INFO - [2026-05-01T23:06:44.308+0000] {dag.py:3089} INFO - Sync 1 DAGs
[2026-05-01T23:06:44.322+0000] {logging_mixin.py:188} INFO - [2026-05-01T23:06:44.322+0000] {dag.py:3947} INFO - Setting next_dagrun for data_pipeline to 2026-05-01 06:00:00+00:00, run_after=2026-05-02 06:00:00+00:00
[2026-05-01T23:06:44.336+0000] {processor.py:183} INFO - Processing /opt/airflow/dags/pipeline_dag.py took 0.067 seconds
[2026-05-01T23:07:14.368+0000] {processor.py:161} INFO - Started process (PID=982) to work on /opt/airflow/dags/pipeline_dag.py
[2026-05-01T23:07:14.369+0000] {processor.py:830} INFO - Processing file /opt/airflow/dags/pipeline_dag.py for tasks to queue
[2026-05-01T23:07:14.370+0000] {logging_mixin.py:188} INFO - [2026-05-01T23:07:14.370+0000] {dagbag.py:545} INFO - Filling up the DagBag from /opt/airflow/dags/pipeline_dag.py
[2026-05-01T23:07:14.376+0000] {processor.py:840} INFO - DAG(s) 'data_pipeline' retrieved from /opt/airflow/dags/pipeline_dag.py
[2026-05-01T23:07:14.395+0000] {logging_mixin.py:188} INFO - [2026-05-01T23:07:14.395+0000] {dag.py:3089} INFO - Sync 1 DAGs
[2026-05-01T23:07:14.407+0000] {logging_mixin.py:188} INFO - [2026-05-01T23:07:14.407+0000] {dag.py:3947} INFO - Setting next_dagrun for data_pipeline to 2026-05-01 06:00:00+00:00, run_after=2026-05-02 06:00:00+00:00
[2026-05-01T23:07:14.418+0000] {processor.py:183} INFO - Processing /opt/airflow/dags/pipeline_dag.py took 0.053 seconds
[2026-05-01T23:07:44.508+0000] {processor.py:161} INFO - Started process (PID=987) to work on /opt/airflow/dags/pipeline_dag.py
[2026-05-01T23:07:44.508+0000] {processor.py:830} INFO - Processing file /opt/airflow/dags/pipeline_dag.py for tasks to queue
[2026-05-01T23:07:44.510+0000] {logging_mixin.py:188} INFO - [2026-05-01T23:07:44.510+0000] {dagbag.py:545} INFO - Filling up the DagBag from /opt/airflow/dags/pipeline_dag.py
[2026-05-01T23:07:44.517+0000] {processor.py:840} INFO - DAG(s) 'data_pipeline' retrieved from /opt/airflow/dags/pipeline_dag.py
[2026-05-01T23:07:44.540+0000] {logging_mixin.py:188} INFO - [2026-05-01T23:07:44.540+0000] {dag.py:3089} INFO - Sync 1 DAGs
[2026-05-01T23:07:44.553+0000] {logging_mixin.py:188} INFO - [2026-05-01T23:07:44.553+0000] {dag.py:3947} INFO - Setting next_dagrun for data_pipeline to 2026-05-01 06:00:00+00:00, run_after=2026-05-02 06:00:00+00:00
[2026-05-01T23:07:44.564+0000] {processor.py:183} INFO - Processing /opt/airflow/dags/pipeline_dag.py took 0.063 seconds
[2026-05-01T23:08:14.688+0000] {processor.py:161} INFO - Started process (PID=992) to work on /opt/airflow/dags/pipeline_dag.py
[2026-05-01T23:08:14.688+0000] {processor.py:830} INFO - Processing file /opt/airflow/dags/pipeline_dag.py for tasks to queue
[2026-05-01T23:08:14.690+0000] {logging_mixin.py:188} INFO - [2026-05-01T23:08:14.690+0000] {dagbag.py:545} INFO - Filling up the DagBag from /opt/airflow/dags/pipeline_dag.py
[2026-05-01T23:08:14.697+0000] {processor.py:840} INFO - DAG(s) 'data_pipeline' retrieved from /opt/airflow/dags/pipeline_dag.py
[2026-05-01T23:08:14.730+0000] {logging_mixin.py:188} INFO - [2026-05-01T23:08:14.730+0000] {dag.py:3089} INFO - Sync 1 DAGs
[2026-05-01T23:08:14.756+0000] {logging_mixin.py:188} INFO - [2026-05-01T23:08:14.756+0000] {dag.py:3947} INFO - Setting next_dagrun for data_pipeline to 2026-05-01 06:00:00+00:00, run_after=2026-05-02 06:00:00+00:00
[2026-05-01T23:08:14.770+0000] {processor.py:183} INFO - Processing /opt/airflow/dags/pipeline_dag.py took 0.086 seconds
[2026-05-01T23:08:24.724+0000] {processor.py:161} INFO - Started process (PID=997) to work on /opt/airflow/dags/pipeline_dag.py
[2026-05-01T23:08:24.725+0000] {processor.py:830} INFO - Processing file /opt/airflow/dags/pipeline_dag.py for tasks to queue
[2026-05-01T23:08:24.726+0000] {logging_mixin.py:188} INFO - [2026-05-01T23:08:24.726+0000] {dagbag.py:545} INFO - Filling up the DagBag from /opt/airflow/dags/pipeline_dag.py
[2026-05-01T23:08:24.732+0000] {processor.py:840} INFO - DAG(s) 'data_pipeline' retrieved from /opt/airflow/dags/pipeline_dag.py
[2026-05-01T23:08:24.797+0000] {logging_mixin.py:188} INFO - [2026-05-01T23:08:24.796+0000] {dag.py:3089} INFO - Sync 1 DAGs
[2026-05-01T23:08:24.809+0000] {logging_mixin.py:188} INFO - [2026-05-01T23:08:24.809+0000] {dag.py:3947} INFO - Setting next_dagrun for data_pipeline to 2026-05-01 06:00:00+00:00, run_after=2026-05-02 06:00:00+00:00
[2026-05-01T23:08:24.822+0000] {processor.py:183} INFO - Processing /opt/airflow/dags/pipeline_dag.py took 0.101 seconds
[2026-05-01T23:08:54.940+0000] {processor.py:161} INFO - Started process (PID=1014) to work on /opt/airflow/dags/pipeline_dag.py
[2026-05-01T23:08:54.940+0000] {processor.py:830} INFO - Processing file /opt/airflow/dags/pipeline_dag.py for tasks to queue
[2026-05-01T23:08:54.941+0000] {logging_mixin.py:188} INFO - [2026-05-01T23:08:54.941+0000] {dagbag.py:545} INFO - Filling up the DagBag from /opt/airflow/dags/pipeline_dag.py
[2026-05-01T23:08:54.949+0000] {processor.py:840} INFO - DAG(s) 'data_pipeline' retrieved from /opt/airflow/dags/pipeline_dag.py
[2026-05-01T23:08:54.970+0000] {logging_mixin.py:188} INFO - [2026-05-01T23:08:54.969+0000] {dag.py:3089} INFO - Sync 1 DAGs
[2026-05-01T23:08:54.983+0000] {logging_mixin.py:188} INFO - [2026-05-01T23:08:54.983+0000] {dag.py:3947} INFO - Setting next_dagrun for data_pipeline to 2026-05-01 06:00:00+00:00, run_after=2026-05-02 06:00:00+00:00
[2026-05-01T23:08:54.994+0000] {processor.py:183} INFO - Processing /opt/airflow/dags/pipeline_dag.py took 0.059 seconds
[2026-05-01T23:09:25.090+0000] {processor.py:161} INFO - Started process (PID=1019) to work on /opt/airflow/dags/pipeline_dag.py
[2026-05-01T23:09:25.099+0000] {processor.py:830} INFO - Processing file /opt/airflow/dags/pipeline_dag.py for tasks to queue
[2026-05-01T23:09:25.100+0000] {logging_mixin.py:188} INFO - [2026-05-01T23:09:25.100+0000] {dagbag.py:545} INFO - Filling up the DagBag from /opt/airflow/dags/pipeline_dag.py
[2026-05-01T23:09:25.107+0000] {processor.py:840} INFO - DAG(s) 'data_pipeline' retrieved from /opt/airflow/dags/pipeline_dag.py
[2026-05-01T23:09:25.126+0000] {logging_mixin.py:188} INFO - [2026-05-01T23:09:25.126+0000] {dag.py:3089} INFO - Sync 1 DAGs
[2026-05-01T23:09:25.138+0000] {logging_mixin.py:188} INFO - [2026-05-01T23:09:25.138+0000] {dag.py:3947} INFO - Setting next_dagrun for data_pipeline to 2026-05-01 06:00:00+00:00, run_after=2026-05-02 06:00:00+00:00
[2026-05-01T23:09:25.151+0000] {processor.py:183} INFO - Processing /opt/airflow/dags/pipeline_dag.py took 0.064 seconds
[2026-05-01T23:09:55.268+0000] {processor.py:161} INFO - Started process (PID=1024) to work on /opt/airflow/dags/pipeline_dag.py
[2026-05-01T23:09:55.268+0000] {processor.py:830} INFO - Processing file /opt/airflow/dags/pipeline_dag.py for tasks to queue
[2026-05-01T23:09:55.270+0000] {logging_mixin.py:188} INFO - [2026-05-01T23:09:55.269+0000] {dagbag.py:545} INFO - Filling up the DagBag from /opt/airflow/dags/pipeline_dag.py
[2026-05-01T23:09:55.276+0000] {processor.py:840} INFO - DAG(s) 'data_pipeline' retrieved from /opt/airflow/dags/pipeline_dag.py
[2026-05-01T23:09:55.293+0000] {logging_mixin.py:188} INFO - [2026-05-01T23:09:55.293+0000] {dag.py:3089} INFO - Sync 1 DAGs
[2026-05-01T23:09:55.307+0000] {logging_mixin.py:188} INFO - [2026-05-01T23:09:55.307+0000] {dag.py:3947} INFO - Setting next_dagrun for data_pipeline to 2026-05-01 06:00:00+00:00, run_after=2026-05-02 06:00:00+00:00
[2026-05-01T23:09:55.319+0000] {processor.py:183} INFO - Processing /opt/airflow/dags/pipeline_dag.py took 0.055 seconds
[2026-05-01T23:10:25.401+0000] {processor.py:161} INFO - Started process (PID=1029) to work on /opt/airflow/dags/pipeline_dag.py
[2026-05-01T23:10:25.410+0000] {processor.py:830} INFO - Processing file /opt/airflow/dags/pipeline_dag.py for tasks to queue
[2026-05-01T23:10:25.411+0000] {logging_mixin.py:188} INFO - [2026-05-01T23:10:25.411+0000] {dagbag.py:545} INFO - Filling up the DagBag from /opt/airflow/dags/pipeline_dag.py
[2026-05-01T23:10:25.417+0000] {processor.py:840} INFO - DAG(s) 'data_pipeline' retrieved from /opt/airflow/dags/pipeline_dag.py
[2026-05-01T23:10:25.435+0000] {logging_mixin.py:188} INFO - [2026-05-01T23:10:25.435+0000] {dag.py:3089} INFO - Sync 1 DAGs
[2026-05-01T23:10:25.448+0000] {logging_mixin.py:188} INFO - [2026-05-01T23:10:25.448+0000] {dag.py:3947} INFO - Setting next_dagrun for data_pipeline to 2026-05-01 06:00:00+00:00, run_after=2026-05-02 06:00:00+00:00
[2026-05-01T23:10:25.460+0000] {processor.py:183} INFO - Processing /opt/airflow/dags/pipeline_dag.py took 0.063 seconds
[2026-05-01T23:10:55.525+0000] {processor.py:161} INFO - Started process (PID=1034) to work on /opt/airflow/dags/pipeline_dag.py
[2026-05-01T23:10:55.525+0000] {processor.py:830} INFO - Processing file /opt/airflow/dags/pipeline_dag.py for tasks to queue
[2026-05-01T23:10:55.526+0000] {logging_mixin.py:188} INFO - [2026-05-01T23:10:55.526+0000] {dagbag.py:545} INFO - Filling up the DagBag from /opt/airflow/dags/pipeline_dag.py
[2026-05-01T23:10:55.532+0000] {processor.py:840} INFO - DAG(s) 'data_pipeline' retrieved from /opt/airflow/dags/pipeline_dag.py
[2026-05-01T23:10:55.550+0000] {logging_mixin.py:188} INFO - [2026-05-01T23:10:55.550+0000] {dag.py:3089} INFO - Sync 1 DAGs
[2026-05-01T23:10:55.562+0000] {logging_mixin.py:188} INFO - [2026-05-01T23:10:55.562+0000] {dag.py:3947} INFO - Setting next_dagrun for data_pipeline to 2026-05-01 06:00:00+00:00, run_after=2026-05-02 06:00:00+00:00
[2026-05-01T23:10:55.575+0000] {processor.py:183} INFO - Processing /opt/airflow/dags/pipeline_dag.py took 0.054 seconds
[2026-05-01T23:11:25.674+0000] {processor.py:161} INFO - Started process (PID=1039) to work on /opt/airflow/dags/pipeline_dag.py
[2026-05-01T23:11:25.683+0000] {processor.py:830} INFO - Processing file /opt/airflow/dags/pipeline_dag.py for tasks to queue
[2026-05-01T23:11:25.684+0000] {logging_mixin.py:188} INFO - [2026-05-01T23:11:25.684+0000] {dagbag.py:545} INFO - Filling up the DagBag from /opt/airflow/dags/pipeline_dag.py
[2026-05-01T23:11:25.692+0000] {processor.py:840} INFO - DAG(s) 'data_pipeline' retrieved from /opt/airflow/dags/pipeline_dag.py
[2026-05-01T23:11:25.717+0000] {logging_mixin.py:188} INFO - [2026-05-01T23:11:25.716+0000] {dag.py:3089} INFO - Sync 1 DAGs
[2026-05-01T23:11:25.729+0000] {logging_mixin.py:188} INFO - [2026-05-01T23:11:25.729+0000] {dag.py:3947} INFO - Setting next_dagrun for data_pipeline to 2026-05-01 06:00:00+00:00, run_after=2026-05-02 06:00:00+00:00
[2026-05-01T23:11:25.741+0000] {processor.py:183} INFO - Processing /opt/airflow/dags/pipeline_dag.py took 0.074 seconds
[2026-05-01T23:11:55.835+0000] {processor.py:161} INFO - Started process (PID=1044) to work on /opt/airflow/dags/pipeline_dag.py
[2026-05-01T23:11:55.836+0000] {processor.py:830} INFO - Processing file /opt/airflow/dags/pipeline_dag.py for tasks to queue
[2026-05-01T23:11:55.837+0000] {logging_mixin.py:188} INFO - [2026-05-01T23:11:55.837+0000] {dagbag.py:545} INFO - Filling up the DagBag from /opt/airflow/dags/pipeline_dag.py
[2026-05-01T23:11:55.843+0000] {processor.py:840} INFO - DAG(s) 'data_pipeline' retrieved from /opt/airflow/dags/pipeline_dag.py
[2026-05-01T23:11:55.859+0000] {logging_mixin.py:188} INFO - [2026-05-01T23:11:55.859+0000] {dag.py:3089} INFO - Sync 1 DAGs
[2026-05-01T23:11:55.871+0000] {logging_mixin.py:188} INFO - [2026-05-01T23:11:55.871+0000] {dag.py:3947} INFO - Setting next_dagrun for data_pipeline to 2026-05-01 06:00:00+00:00, run_after=2026-05-02 06:00:00+00:00
[2026-05-01T23:11:55.883+0000] {processor.py:183} INFO - Processing /opt/airflow/dags/pipeline_dag.py took 0.054 seconds
[2026-05-01T23:12:25.961+0000] {processor.py:161} INFO - Started process (PID=1049) to work on /opt/airflow/dags/pipeline_dag.py
[2026-05-01T23:12:25.970+0000] {processor.py:830} INFO - Processing file /opt/airflow/dags/pipeline_dag.py for tasks to queue
[2026-05-01T23:12:25.971+0000] {logging_mixin.py:188} INFO - [2026-05-01T23:12:25.971+0000] {dagbag.py:545} INFO - Filling up the DagBag from /opt/airflow/dags/pipeline_dag.py
[2026-05-01T23:12:25.977+0000] {processor.py:840} INFO - DAG(s) 'data_pipeline' retrieved from /opt/airflow/dags/pipeline_dag.py
[2026-05-01T23:12:26.002+0000] {logging_mixin.py:188} INFO - [2026-05-01T23:12:26.001+0000] {dag.py:3089} INFO - Sync 1 DAGs
[2026-05-01T23:12:26.016+0000] {logging_mixin.py:188} INFO - [2026-05-01T23:12:26.015+0000] {dag.py:3947} INFO - Setting next_dagrun for data_pipeline to 2026-05-01 06:00:00+00:00, run_after=2026-05-02 06:00:00+00:00
[2026-05-01T23:12:26.029+0000] {processor.py:183} INFO - Processing /opt/airflow/dags/pipeline_dag.py took 0.071 seconds
[2026-05-01T23:12:56.067+0000] {processor.py:161} INFO - Started process (PID=1054) to work on /opt/airflow/dags/pipeline_dag.py
[2026-05-01T23:12:56.067+0000] {processor.py:830} INFO - Processing file /opt/airflow/dags/pipeline_dag.py for tasks to queue
[2026-05-01T23:12:56.069+0000] {logging_mixin.py:188} INFO - [2026-05-01T23:12:56.069+0000] {dagbag.py:545} INFO - Filling up the DagBag from /opt/airflow/dags/pipeline_dag.py
[2026-05-01T23:12:56.075+0000] {processor.py:840} INFO - DAG(s) 'data_pipeline' retrieved from /opt/airflow/dags/pipeline_dag.py
[2026-05-01T23:12:56.094+0000] {logging_mixin.py:188} INFO - [2026-05-01T23:12:56.094+0000] {dag.py:3089} INFO - Sync 1 DAGs
[2026-05-01T23:12:56.107+0000] {logging_mixin.py:188} INFO - [2026-05-01T23:12:56.107+0000] {dag.py:3947} INFO - Setting next_dagrun for data_pipeline to 2026-05-01 06:00:00+00:00, run_after=2026-05-02 06:00:00+00:00
[2026-05-01T23:12:56.117+0000] {processor.py:183} INFO - Processing /opt/airflow/dags/pipeline_dag.py took 0.055 seconds
[2026-05-01T23:13:26.214+0000] {processor.py:161} INFO - Started process (PID=1059) to work on /opt/airflow/dags/pipeline_dag.py
[2026-05-01T23:13:26.215+0000] {processor.py:830} INFO - Processing file /opt/airflow/dags/pipeline_dag.py for tasks to queue
[2026-05-01T23:13:26.216+0000] {logging_mixin.py:188} INFO - [2026-05-01T23:13:26.216+0000] {dagbag.py:545} INFO - Filling up the DagBag from /opt/airflow/dags/pipeline_dag.py
[2026-05-01T23:13:26.224+0000] {processor.py:840} INFO - DAG(s) 'data_pipeline' retrieved from /opt/airflow/dags/pipeline_dag.py
[2026-05-01T23:13:26.246+0000] {logging_mixin.py:188} INFO - [2026-05-01T23:13:26.245+0000] {dag.py:3089} INFO - Sync 1 DAGs
[2026-05-01T23:13:26.258+0000] {logging_mixin.py:188} INFO - [2026-05-01T23:13:26.258+0000] {dag.py:3947} INFO - Setting next_dagrun for data_pipeline to 2026-05-01 06:00:00+00:00, run_after=2026-05-02 06:00:00+00:00
[2026-05-01T23:13:26.270+0000] {processor.py:183} INFO - Processing /opt/airflow/dags/pipeline_dag.py took 0.061 seconds
[2026-05-01T23:13:56.326+0000] {processor.py:161} INFO - Started process (PID=1076) to work on /opt/airflow/dags/pipeline_dag.py
[2026-05-01T23:13:56.326+0000] {processor.py:830} INFO - Processing file /opt/airflow/dags/pipeline_dag.py for tasks to queue
[2026-05-01T23:13:56.327+0000] {logging_mixin.py:188} INFO - [2026-05-01T23:13:56.327+0000] {dagbag.py:545} INFO - Filling up the DagBag from /opt/airflow/dags/pipeline_dag.py
[2026-05-01T23:13:56.333+0000] {processor.py:840} INFO - DAG(s) 'data_pipeline' retrieved from /opt/airflow/dags/pipeline_dag.py
[2026-05-01T23:13:56.351+0000] {logging_mixin.py:188} INFO - [2026-05-01T23:13:56.351+0000] {dag.py:3089} INFO - Sync 1 DAGs
[2026-05-01T23:13:56.363+0000] {logging_mixin.py:188} INFO - [2026-05-01T23:13:56.363+0000] {dag.py:3947} INFO - Setting next_dagrun for data_pipeline to 2026-05-01 06:00:00+00:00, run_after=2026-05-02 06:00:00+00:00
[2026-05-01T23:13:56.375+0000] {processor.py:183} INFO - Processing /opt/airflow/dags/pipeline_dag.py took 0.056 seconds
[2026-05-01T23:14:26.449+0000] {processor.py:161} INFO - Started process (PID=1081) to work on /opt/airflow/dags/pipeline_dag.py
[2026-05-01T23:14:26.458+0000] {processor.py:830} INFO - Processing file /opt/airflow/dags/pipeline_dag.py for tasks to queue
[2026-05-01T23:14:26.459+0000] {logging_mixin.py:188} INFO - [2026-05-01T23:14:26.459+0000] {dagbag.py:545} INFO - Filling up the DagBag from /opt/airflow/dags/pipeline_dag.py
[2026-05-01T23:14:26.465+0000] {processor.py:840} INFO - DAG(s) 'data_pipeline' retrieved from /opt/airflow/dags/pipeline_dag.py
[2026-05-01T23:14:26.483+0000] {logging_mixin.py:188} INFO - [2026-05-01T23:14:26.483+0000] {dag.py:3089} INFO - Sync 1 DAGs
[2026-05-01T23:14:26.497+0000] {logging_mixin.py:188} INFO - [2026-05-01T23:14:26.496+0000] {dag.py:3947} INFO - Setting next_dagrun for data_pipeline to 2026-05-01 06:00:00+00:00, run_after=2026-05-02 06:00:00+00:00
[2026-05-01T23:14:26.508+0000] {processor.py:183} INFO - Processing /opt/airflow/dags/pipeline_dag.py took 0.063 seconds
[2026-05-01T23:14:56.544+0000] {processor.py:161} INFO - Started process (PID=1086) to work on /opt/airflow/dags/pipeline_dag.py
[2026-05-01T23:14:56.545+0000] {processor.py:830} INFO - Processing file /opt/airflow/dags/pipeline_dag.py for tasks to queue
[2026-05-01T23:14:56.546+0000] {logging_mixin.py:188} INFO - [2026-05-01T23:14:56.545+0000] {dagbag.py:545} INFO - Filling up the DagBag from /opt/airflow/dags/pipeline_dag.py
[2026-05-01T23:14:56.551+0000] {processor.py:840} INFO - DAG(s) 'data_pipeline' retrieved from /opt/airflow/dags/pipeline_dag.py
[2026-05-01T23:14:56.570+0000] {logging_mixin.py:188} INFO - [2026-05-01T23:14:56.570+0000] {dag.py:3089} INFO - Sync 1 DAGs
[2026-05-01T23:14:56.583+0000] {logging_mixin.py:188} INFO - [2026-05-01T23:14:56.583+0000] {dag.py:3947} INFO - Setting next_dagrun for data_pipeline to 2026-05-01 06:00:00+00:00, run_after=2026-05-02 06:00:00+00:00
[2026-05-01T23:14:56.595+0000] {processor.py:183} INFO - Processing /opt/airflow/dags/pipeline_dag.py took 0.054 seconds
[2026-05-01T23:15:26.674+0000] {processor.py:161} INFO - Started process (PID=1091) to work on /opt/airflow/dags/pipeline_dag.py
[2026-05-01T23:15:26.683+0000] {processor.py:830} INFO - Processing file /opt/airflow/dags/pipeline_dag.py for tasks to queue
[2026-05-01T23:15:26.684+0000] {logging_mixin.py:188} INFO - [2026-05-01T23:15:26.684+0000] {dagbag.py:545} INFO - Filling up the DagBag from /opt/airflow/dags/pipeline_dag.py
[2026-05-01T23:15:26.691+0000] {processor.py:840} INFO - DAG(s) 'data_pipeline' retrieved from /opt/airflow/dags/pipeline_dag.py
[2026-05-01T23:15:26.711+0000] {logging_mixin.py:188} INFO - [2026-05-01T23:15:26.711+0000] {dag.py:3089} INFO - Sync 1 DAGs
[2026-05-01T23:15:26.724+0000] {logging_mixin.py:188} INFO - [2026-05-01T23:15:26.724+0000] {dag.py:3947} INFO - Setting next_dagrun for data_pipeline to 2026-05-01 06:00:00+00:00, run_after=2026-05-02 06:00:00+00:00
[2026-05-01T23:15:26.735+0000] {processor.py:183} INFO - Processing /opt/airflow/dags/pipeline_dag.py took 0.064 seconds
[2026-05-01T23:15:56.771+0000] {processor.py:161} INFO - Started process (PID=1096) to work on /opt/airflow/dags/pipeline_dag.py
[2026-05-01T23:15:56.772+0000] {processor.py:830} INFO - Processing file /opt/airflow/dags/pipeline_dag.py for tasks to queue
[2026-05-01T23:15:56.773+0000] {logging_mixin.py:188} INFO - [2026-05-01T23:15:56.773+0000] {dagbag.py:545} INFO - Filling up the DagBag from /opt/airflow/dags/pipeline_dag.py
[2026-05-01T23:15:56.779+0000] {processor.py:840} INFO - DAG(s) 'data_pipeline' retrieved from /opt/airflow/dags/pipeline_dag.py
[2026-05-01T23:15:56.799+0000] {logging_mixin.py:188} INFO - [2026-05-01T23:15:56.799+0000] {dag.py:3089} INFO - Sync 1 DAGs
[2026-05-01T23:15:56.812+0000] {logging_mixin.py:188} INFO - [2026-05-01T23:15:56.812+0000] {dag.py:3947} INFO - Setting next_dagrun for data_pipeline to 2026-05-01 06:00:00+00:00, run_after=2026-05-02 06:00:00+00:00
[2026-05-01T23:15:56.825+0000] {processor.py:183} INFO - Processing /opt/airflow/dags/pipeline_dag.py took 0.058 seconds
[2026-05-01T23:16:26.911+0000] {processor.py:161} INFO - Started process (PID=1101) to work on /opt/airflow/dags/pipeline_dag.py
[2026-05-01T23:16:26.920+0000] {processor.py:830} INFO - Processing file /opt/airflow/dags/pipeline_dag.py for tasks to queue
[2026-05-01T23:16:26.921+0000] {logging_mixin.py:188} INFO - [2026-05-01T23:16:26.920+0000] {dagbag.py:545} INFO - Filling up the DagBag from /opt/airflow/dags/pipeline_dag.py
[2026-05-01T23:16:26.927+0000] {processor.py:840} INFO - DAG(s) 'data_pipeline' retrieved from /opt/airflow/dags/pipeline_dag.py
[2026-05-01T23:16:26.947+0000] {logging_mixin.py:188} INFO - [2026-05-01T23:16:26.947+0000] {dag.py:3089} INFO - Sync 1 DAGs
[2026-05-01T23:16:26.960+0000] {logging_mixin.py:188} INFO - [2026-05-01T23:16:26.960+0000] {dag.py:3947} INFO - Setting next_dagrun for data_pipeline to 2026-05-01 06:00:00+00:00, run_after=2026-05-02 06:00:00+00:00
[2026-05-01T23:16:26.972+0000] {processor.py:183} INFO - Processing /opt/airflow/dags/pipeline_dag.py took 0.064 seconds
[2026-05-01T23:16:57.014+0000] {processor.py:161} INFO - Started process (PID=1106) to work on /opt/airflow/dags/pipeline_dag.py
[2026-05-01T23:16:57.014+0000] {processor.py:830} INFO - Processing file /opt/airflow/dags/pipeline_dag.py for tasks to queue
[2026-05-01T23:16:57.015+0000] {logging_mixin.py:188} INFO - [2026-05-01T23:16:57.015+0000] {dagbag.py:545} INFO - Filling up the DagBag from /opt/airflow/dags/pipeline_dag.py
[2026-05-01T23:16:57.021+0000] {processor.py:840} INFO - DAG(s) 'data_pipeline' retrieved from /opt/airflow/dags/pipeline_dag.py
[2026-05-01T23:16:57.040+0000] {logging_mixin.py:188} INFO - [2026-05-01T23:16:57.039+0000] {dag.py:3089} INFO - Sync 1 DAGs
[2026-05-01T23:16:57.055+0000] {logging_mixin.py:188} INFO - [2026-05-01T23:16:57.055+0000] {dag.py:3947} INFO - Setting next_dagrun for data_pipeline to 2026-05-01 06:00:00+00:00, run_after=2026-05-02 06:00:00+00:00
[2026-05-01T23:16:57.065+0000] {processor.py:183} INFO - Processing /opt/airflow/dags/pipeline_dag.py took 0.055 seconds
[2026-05-01T23:17:27.146+0000] {processor.py:161} INFO - Started process (PID=1111) to work on /opt/airflow/dags/pipeline_dag.py
[2026-05-01T23:17:27.155+0000] {processor.py:830} INFO - Processing file /opt/airflow/dags/pipeline_dag.py for tasks to queue
[2026-05-01T23:17:27.156+0000] {logging_mixin.py:188} INFO - [2026-05-01T23:17:27.156+0000] {dagbag.py:545} INFO - Filling up the DagBag from /opt/airflow/dags/pipeline_dag.py
[2026-05-01T23:17:27.163+0000] {processor.py:840} INFO - DAG(s) 'data_pipeline' retrieved from /opt/airflow/dags/pipeline_dag.py
[2026-05-01T23:17:27.180+0000] {logging_mixin.py:188} INFO - [2026-05-01T23:17:27.180+0000] {dag.py:3089} INFO - Sync 1 DAGs
[2026-05-01T23:17:27.194+0000] {logging_mixin.py:188} INFO - [2026-05-01T23:17:27.194+0000] {dag.py:3947} INFO - Setting next_dagrun for data_pipeline to 2026-05-01 06:00:00+00:00, run_after=2026-05-02 06:00:00+00:00
[2026-05-01T23:17:27.209+0000] {processor.py:183} INFO - Processing /opt/airflow/dags/pipeline_dag.py took 0.066 seconds
[2026-05-01T23:17:57.242+0000] {processor.py:161} INFO - Started process (PID=1116) to work on /opt/airflow/dags/pipeline_dag.py
[2026-05-01T23:17:57.242+0000] {processor.py:830} INFO - Processing file /opt/airflow/dags/pipeline_dag.py for tasks to queue
[2026-05-01T23:17:57.243+0000] {logging_mixin.py:188} INFO - [2026-05-01T23:17:57.243+0000] {dagbag.py:545} INFO - Filling up the DagBag from /opt/airflow/dags/pipeline_dag.py
[2026-05-01T23:17:57.249+0000] {processor.py:840} INFO - DAG(s) 'data_pipeline' retrieved from /opt/airflow/dags/pipeline_dag.py
[2026-05-01T23:17:57.267+0000] {logging_mixin.py:188} INFO - [2026-05-01T23:17:57.267+0000] {dag.py:3089} INFO - Sync 1 DAGs
[2026-05-01T23:17:57.281+0000] {logging_mixin.py:188} INFO - [2026-05-01T23:17:57.280+0000] {dag.py:3947} INFO - Setting next_dagrun for data_pipeline to 2026-05-01 06:00:00+00:00, run_after=2026-05-02 06:00:00+00:00
[2026-05-01T23:17:57.292+0000] {processor.py:183} INFO - Processing /opt/airflow/dags/pipeline_dag.py took 0.055 seconds
[2026-05-01T23:18:27.387+0000] {processor.py:161} INFO - Started process (PID=1121) to work on /opt/airflow/dags/pipeline_dag.py
[2026-05-01T23:18:27.396+0000] {processor.py:830} INFO - Processing file /opt/airflow/dags/pipeline_dag.py for tasks to queue
[2026-05-01T23:18:27.397+0000] {logging_mixin.py:188} INFO - [2026-05-01T23:18:27.397+0000] {dagbag.py:545} INFO - Filling up the DagBag from /opt/airflow/dags/pipeline_dag.py
[2026-05-01T23:18:27.403+0000] {processor.py:840} INFO - DAG(s) 'data_pipeline' retrieved from /opt/airflow/dags/pipeline_dag.py
[2026-05-01T23:18:27.423+0000] {logging_mixin.py:188} INFO - [2026-05-01T23:18:27.423+0000] {dag.py:3089} INFO - Sync 1 DAGs
[2026-05-01T23:18:27.435+0000] {logging_mixin.py:188} INFO - [2026-05-01T23:18:27.435+0000] {dag.py:3947} INFO - Setting next_dagrun for data_pipeline to 2026-05-01 06:00:00+00:00, run_after=2026-05-02 06:00:00+00:00
[2026-05-01T23:18:27.446+0000] {processor.py:183} INFO - Processing /opt/airflow/dags/pipeline_dag.py took 0.062 seconds
[2026-05-01T23:18:57.532+0000] {processor.py:161} INFO - Started process (PID=1138) to work on /opt/airflow/dags/pipeline_dag.py
[2026-05-01T23:18:57.532+0000] {processor.py:830} INFO - Processing file /opt/airflow/dags/pipeline_dag.py for tasks to queue
[2026-05-01T23:18:57.534+0000] {logging_mixin.py:188} INFO - [2026-05-01T23:18:57.533+0000] {dagbag.py:545} INFO - Filling up the DagBag from /opt/airflow/dags/pipeline_dag.py
[2026-05-01T23:18:57.540+0000] {processor.py:840} INFO - DAG(s) 'data_pipeline' retrieved from /opt/airflow/dags/pipeline_dag.py
[2026-05-01T23:18:57.561+0000] {logging_mixin.py:188} INFO - [2026-05-01T23:18:57.561+0000] {dag.py:3089} INFO - Sync 1 DAGs
[2026-05-01T23:18:57.574+0000] {logging_mixin.py:188} INFO - [2026-05-01T23:18:57.574+0000] {dag.py:3947} INFO - Setting next_dagrun for data_pipeline to 2026-05-01 06:00:00+00:00, run_after=2026-05-02 06:00:00+00:00
[2026-05-01T23:18:57.585+0000] {processor.py:183} INFO - Processing /opt/airflow/dags/pipeline_dag.py took 0.059 seconds
[2026-05-01T23:19:27.702+0000] {processor.py:161} INFO - Started process (PID=1143) to work on /opt/airflow/dags/pipeline_dag.py
[2026-05-01T23:19:27.711+0000] {processor.py:830} INFO - Processing file /opt/airflow/dags/pipeline_dag.py for tasks to queue
[2026-05-01T23:19:27.713+0000] {logging_mixin.py:188} INFO - [2026-05-01T23:19:27.712+0000] {dagbag.py:545} INFO - Filling up the DagBag from /opt/airflow/dags/pipeline_dag.py
[2026-05-01T23:19:27.720+0000] {processor.py:840} INFO - DAG(s) 'data_pipeline' retrieved from /opt/airflow/dags/pipeline_dag.py
[2026-05-01T23:19:27.739+0000] {logging_mixin.py:188} INFO - [2026-05-01T23:19:27.739+0000] {dag.py:3089} INFO - Sync 1 DAGs
[2026-05-01T23:19:27.752+0000] {logging_mixin.py:188} INFO - [2026-05-01T23:19:27.752+0000] {dag.py:3947} INFO - Setting next_dagrun for data_pipeline to 2026-05-01 06:00:00+00:00, run_after=2026-05-02 06:00:00+00:00
[2026-05-01T23:19:27.764+0000] {processor.py:183} INFO - Processing /opt/airflow/dags/pipeline_dag.py took 0.068 seconds
[2026-05-01T23:19:46.765+0000] {processor.py:161} INFO - Started process (PID=1148) to work on /opt/airflow/dags/pipeline_dag.py
[2026-05-01T23:19:46.765+0000] {processor.py:830} INFO - Processing file /opt/airflow/dags/pipeline_dag.py for tasks to queue
[2026-05-01T23:19:46.766+0000] {logging_mixin.py:188} INFO - [2026-05-01T23:19:46.766+0000] {dagbag.py:545} INFO - Filling up the DagBag from /opt/airflow/dags/pipeline_dag.py
[2026-05-01T23:19:46.773+0000] {processor.py:840} INFO - DAG(s) 'data_pipeline' retrieved from /opt/airflow/dags/pipeline_dag.py
[2026-05-01T23:19:46.839+0000] {logging_mixin.py:188} INFO - [2026-05-01T23:19:46.839+0000] {dag.py:3089} INFO - Sync 1 DAGs
[2026-05-01T23:19:46.851+0000] {logging_mixin.py:188} INFO - [2026-05-01T23:19:46.851+0000] {dag.py:3947} INFO - Setting next_dagrun for data_pipeline to 2026-05-01 06:00:00+00:00, run_after=2026-05-02 06:00:00+00:00
[2026-05-01T23:19:46.863+0000] {processor.py:183} INFO - Processing /opt/airflow/dags/pipeline_dag.py took 0.102 seconds
[2026-05-01T23:20:16.977+0000] {processor.py:161} INFO - Started process (PID=1165) to work on /opt/airflow/dags/pipeline_dag.py
[2026-05-01T23:20:16.978+0000] {processor.py:830} INFO - Processing file /opt/airflow/dags/pipeline_dag.py for tasks to queue
[2026-05-01T23:20:16.980+0000] {logging_mixin.py:188} INFO - [2026-05-01T23:20:16.980+0000] {dagbag.py:545} INFO - Filling up the DagBag from /opt/airflow/dags/pipeline_dag.py
[2026-05-01T23:20:16.986+0000] {processor.py:840} INFO - DAG(s) 'data_pipeline' retrieved from /opt/airflow/dags/pipeline_dag.py
[2026-05-01T23:20:17.004+0000] {logging_mixin.py:188} INFO - [2026-05-01T23:20:17.004+0000] {dag.py:3089} INFO - Sync 1 DAGs
[2026-05-01T23:20:17.017+0000] {logging_mixin.py:188} INFO - [2026-05-01T23:20:17.017+0000] {dag.py:3947} INFO - Setting next_dagrun for data_pipeline to 2026-05-01 06:00:00+00:00, run_after=2026-05-02 06:00:00+00:00
[2026-05-01T23:20:17.029+0000] {processor.py:183} INFO - Processing /opt/airflow/dags/pipeline_dag.py took 0.058 seconds
[2026-05-01T23:20:47.131+0000] {processor.py:161} INFO - Started process (PID=1170) to work on /opt/airflow/dags/pipeline_dag.py
[2026-05-01T23:20:47.131+0000] {processor.py:830} INFO - Processing file /opt/airflow/dags/pipeline_dag.py for tasks to queue
[2026-05-01T23:20:47.133+0000] {logging_mixin.py:188} INFO - [2026-05-01T23:20:47.133+0000] {dagbag.py:545} INFO - Filling up the DagBag from /opt/airflow/dags/pipeline_dag.py
[2026-05-01T23:20:47.140+0000] {processor.py:840} INFO - DAG(s) 'data_pipeline' retrieved from /opt/airflow/dags/pipeline_dag.py
[2026-05-01T23:20:47.162+0000] {logging_mixin.py:188} INFO - [2026-05-01T23:20:47.162+0000] {dag.py:3089} INFO - Sync 1 DAGs
[2026-05-01T23:20:47.174+0000] {logging_mixin.py:188} INFO - [2026-05-01T23:20:47.174+0000] {dag.py:3947} INFO - Setting next_dagrun for data_pipeline to 2026-05-01 06:00:00+00:00, run_after=2026-05-02 06:00:00+00:00
[2026-05-01T23:20:47.184+0000] {processor.py:183} INFO - Processing /opt/airflow/dags/pipeline_dag.py took 0.059 seconds
[2026-05-01T23:21:17.381+0000] {processor.py:161} INFO - Started process (PID=1175) to work on /opt/airflow/dags/pipeline_dag.py
[2026-05-01T23:21:17.393+0000] {processor.py:830} INFO - Processing file /opt/airflow/dags/pipeline_dag.py for tasks to queue
[2026-05-01T23:21:17.403+0000] {logging_mixin.py:188} INFO - [2026-05-01T23:21:17.401+0000] {dagbag.py:545} INFO - Filling up the DagBag from /opt/airflow/dags/pipeline_dag.py
[2026-05-01T23:21:17.454+0000] {processor.py:840} INFO - DAG(s) 'data_pipeline' retrieved from /opt/airflow/dags/pipeline_dag.py
[2026-05-01T23:21:17.635+0000] {logging_mixin.py:188} INFO - [2026-05-01T23:21:17.633+0000] {dag.py:3089} INFO - Sync 1 DAGs
[2026-05-01T23:21:17.763+0000] {logging_mixin.py:188} INFO - [2026-05-01T23:21:17.762+0000] {dag.py:3947} INFO - Setting next_dagrun for data_pipeline to 2026-05-01 06:00:00+00:00, run_after=2026-05-02 06:00:00+00:00
[2026-05-01T23:21:17.834+0000] {processor.py:183} INFO - Processing /opt/airflow/dags/pipeline_dag.py took 0.484 seconds
[2026-05-01T23:21:48.035+0000] {processor.py:161} INFO - Started process (PID=1180) to work on /opt/airflow/dags/pipeline_dag.py
[2026-05-01T23:21:48.036+0000] {processor.py:830} INFO - Processing file /opt/airflow/dags/pipeline_dag.py for tasks to queue
[2026-05-01T23:21:48.039+0000] {logging_mixin.py:188} INFO - [2026-05-01T23:21:48.038+0000] {dagbag.py:545} INFO - Filling up the DagBag from /opt/airflow/dags/pipeline_dag.py
[2026-05-01T23:21:48.056+0000] {processor.py:840} INFO - DAG(s) 'data_pipeline' retrieved from /opt/airflow/dags/pipeline_dag.py
[2026-05-01T23:21:48.107+0000] {logging_mixin.py:188} INFO - [2026-05-01T23:21:48.106+0000] {dag.py:3089} INFO - Sync 1 DAGs
[2026-05-01T23:21:48.136+0000] {logging_mixin.py:188} INFO - [2026-05-01T23:21:48.135+0000] {dag.py:3947} INFO - Setting next_dagrun for data_pipeline to 2026-05-01 06:00:00+00:00, run_after=2026-05-02 06:00:00+00:00
[2026-05-01T23:21:48.171+0000] {processor.py:183} INFO - Processing /opt/airflow/dags/pipeline_dag.py took 0.144 seconds
[2026-05-01T23:22:18.356+0000] {processor.py:161} INFO - Started process (PID=1185) to work on /opt/airflow/dags/pipeline_dag.py
[2026-05-01T23:22:18.365+0000] {processor.py:830} INFO - Processing file /opt/airflow/dags/pipeline_dag.py for tasks to queue
[2026-05-01T23:22:18.368+0000] {logging_mixin.py:188} INFO - [2026-05-01T23:22:18.368+0000] {dagbag.py:545} INFO - Filling up the DagBag from /opt/airflow/dags/pipeline_dag.py
[2026-05-01T23:22:18.376+0000] {processor.py:840} INFO - DAG(s) 'data_pipeline' retrieved from /opt/airflow/dags/pipeline_dag.py
[2026-05-01T23:22:18.403+0000] {logging_mixin.py:188} INFO - [2026-05-01T23:22:18.402+0000] {dag.py:3089} INFO - Sync 1 DAGs
[2026-05-01T23:22:18.415+0000] {logging_mixin.py:188} INFO - [2026-05-01T23:22:18.415+0000] {dag.py:3947} INFO - Setting next_dagrun for data_pipeline to 2026-05-01 06:00:00+00:00, run_after=2026-05-02 06:00:00+00:00
[2026-05-01T23:22:18.427+0000] {processor.py:183} INFO - Processing /opt/airflow/dags/pipeline_dag.py took 0.077 seconds
[2026-05-01T23:22:48.529+0000] {processor.py:161} INFO - Started process (PID=1190) to work on /opt/airflow/dags/pipeline_dag.py
[2026-05-01T23:22:48.530+0000] {processor.py:830} INFO - Processing file /opt/airflow/dags/pipeline_dag.py for tasks to queue
[2026-05-01T23:22:48.531+0000] {logging_mixin.py:188} INFO - [2026-05-01T23:22:48.531+0000] {dagbag.py:545} INFO - Filling up the DagBag from /opt/airflow/dags/pipeline_dag.py
[2026-05-01T23:22:48.537+0000] {processor.py:840} INFO - DAG(s) 'data_pipeline' retrieved from /opt/airflow/dags/pipeline_dag.py
[2026-05-01T23:22:48.555+0000] {logging_mixin.py:188} INFO - [2026-05-01T23:22:48.555+0000] {dag.py:3089} INFO - Sync 1 DAGs
[2026-05-01T23:22:48.572+0000] {logging_mixin.py:188} INFO - [2026-05-01T23:22:48.572+0000] {dag.py:3947} INFO - Setting next_dagrun for data_pipeline to 2026-05-01 06:00:00+00:00, run_after=2026-05-02 06:00:00+00:00
[2026-05-01T23:22:48.585+0000] {processor.py:183} INFO - Processing /opt/airflow/dags/pipeline_dag.py took 0.062 seconds
[2026-05-01T23:23:18.767+0000] {processor.py:161} INFO - Started process (PID=1195) to work on /opt/airflow/dags/pipeline_dag.py
[2026-05-01T23:23:18.768+0000] {processor.py:830} INFO - Processing file /opt/airflow/dags/pipeline_dag.py for tasks to queue
[2026-05-01T23:23:18.769+0000] {logging_mixin.py:188} INFO - [2026-05-01T23:23:18.769+0000] {dagbag.py:545} INFO - Filling up the DagBag from /opt/airflow/dags/pipeline_dag.py
[2026-05-01T23:23:18.775+0000] {processor.py:840} INFO - DAG(s) 'data_pipeline' retrieved from /opt/airflow/dags/pipeline_dag.py
[2026-05-01T23:23:18.797+0000] {logging_mixin.py:188} INFO - [2026-05-01T23:23:18.797+0000] {dag.py:3089} INFO - Sync 1 DAGs
[2026-05-01T23:23:18.809+0000] {logging_mixin.py:188} INFO - [2026-05-01T23:23:18.809+0000] {dag.py:3947} INFO - Setting next_dagrun for data_pipeline to 2026-05-01 06:00:00+00:00, run_after=2026-05-02 06:00:00+00:00
[2026-05-01T23:23:18.820+0000] {processor.py:183} INFO - Processing /opt/airflow/dags/pipeline_dag.py took 0.059 seconds
[2026-05-01T23:23:48.948+0000] {processor.py:161} INFO - Started process (PID=1200) to work on /opt/airflow/dags/pipeline_dag.py
[2026-05-01T23:23:48.948+0000] {processor.py:830} INFO - Processing file /opt/airflow/dags/pipeline_dag.py for tasks to queue
[2026-05-01T23:23:48.949+0000] {logging_mixin.py:188} INFO - [2026-05-01T23:23:48.949+0000] {dagbag.py:545} INFO - Filling up the DagBag from /opt/airflow/dags/pipeline_dag.py
[2026-05-01T23:23:48.956+0000] {processor.py:840} INFO - DAG(s) 'data_pipeline' retrieved from /opt/airflow/dags/pipeline_dag.py
[2026-05-01T23:23:48.973+0000] {logging_mixin.py:188} INFO - [2026-05-01T23:23:48.973+0000] {dag.py:3089} INFO - Sync 1 DAGs
[2026-05-01T23:23:48.986+0000] {logging_mixin.py:188} INFO - [2026-05-01T23:23:48.986+0000] {dag.py:3947} INFO - Setting next_dagrun for data_pipeline to 2026-05-01 06:00:00+00:00, run_after=2026-05-02 06:00:00+00:00
[2026-05-01T23:23:48.997+0000] {processor.py:183} INFO - Processing /opt/airflow/dags/pipeline_dag.py took 0.055 seconds
[2026-05-01T23:24:19.154+0000] {processor.py:161} INFO - Started process (PID=1205) to work on /opt/airflow/dags/pipeline_dag.py
[2026-05-01T23:24:19.163+0000] {processor.py:830} INFO - Processing file /opt/airflow/dags/pipeline_dag.py for tasks to queue
[2026-05-01T23:24:19.165+0000] {logging_mixin.py:188} INFO - [2026-05-01T23:24:19.164+0000] {dagbag.py:545} INFO - Filling up the DagBag from /opt/airflow/dags/pipeline_dag.py
[2026-05-01T23:24:19.175+0000] {processor.py:840} INFO - DAG(s) 'data_pipeline' retrieved from /opt/airflow/dags/pipeline_dag.py
[2026-05-01T23:24:19.200+0000] {logging_mixin.py:188} INFO - [2026-05-01T23:24:19.200+0000] {dag.py:3089} INFO - Sync 1 DAGs
[2026-05-01T23:24:19.218+0000] {logging_mixin.py:188} INFO - [2026-05-01T23:24:19.218+0000] {dag.py:3947} INFO - Setting next_dagrun for data_pipeline to 2026-05-01 06:00:00+00:00, run_after=2026-05-02 06:00:00+00:00
[2026-05-01T23:24:19.230+0000] {processor.py:183} INFO - Processing /opt/airflow/dags/pipeline_dag.py took 0.082 seconds
[2026-05-01T23:24:49.346+0000] {processor.py:161} INFO - Started process (PID=1210) to work on /opt/airflow/dags/pipeline_dag.py
[2026-05-01T23:24:49.347+0000] {processor.py:830} INFO - Processing file /opt/airflow/dags/pipeline_dag.py for tasks to queue
[2026-05-01T23:24:49.348+0000] {logging_mixin.py:188} INFO - [2026-05-01T23:24:49.348+0000] {dagbag.py:545} INFO - Filling up the DagBag from /opt/airflow/dags/pipeline_dag.py
[2026-05-01T23:24:49.354+0000] {processor.py:840} INFO - DAG(s) 'data_pipeline' retrieved from /opt/airflow/dags/pipeline_dag.py
[2026-05-01T23:24:49.377+0000] {logging_mixin.py:188} INFO - [2026-05-01T23:24:49.377+0000] {dag.py:3089} INFO - Sync 1 DAGs
[2026-05-01T23:24:49.390+0000] {logging_mixin.py:188} INFO - [2026-05-01T23:24:49.390+0000] {dag.py:3947} INFO - Setting next_dagrun for data_pipeline to 2026-05-01 06:00:00+00:00, run_after=2026-05-02 06:00:00+00:00
[2026-05-01T23:24:49.402+0000] {processor.py:183} INFO - Processing /opt/airflow/dags/pipeline_dag.py took 0.061 seconds
[2026-05-01T23:25:19.577+0000] {processor.py:161} INFO - Started process (PID=1227) to work on /opt/airflow/dags/pipeline_dag.py
[2026-05-01T23:25:19.586+0000] {processor.py:830} INFO - Processing file /opt/airflow/dags/pipeline_dag.py for tasks to queue
[2026-05-01T23:25:19.588+0000] {logging_mixin.py:188} INFO - [2026-05-01T23:25:19.588+0000] {dagbag.py:545} INFO - Filling up the DagBag from /opt/airflow/dags/pipeline_dag.py
[2026-05-01T23:25:19.598+0000] {processor.py:840} INFO - DAG(s) 'data_pipeline' retrieved from /opt/airflow/dags/pipeline_dag.py
[2026-05-01T23:25:19.627+0000] {logging_mixin.py:188} INFO - [2026-05-01T23:25:19.627+0000] {dag.py:3089} INFO - Sync 1 DAGs
[2026-05-01T23:25:19.640+0000] {logging_mixin.py:188} INFO - [2026-05-01T23:25:19.640+0000] {dag.py:3947} INFO - Setting next_dagrun for data_pipeline to 2026-05-01 06:00:00+00:00, run_after=2026-05-02 06:00:00+00:00
[2026-05-01T23:25:19.652+0000] {processor.py:183} INFO - Processing /opt/airflow/dags/pipeline_dag.py took 0.081 seconds
[2026-05-01T23:25:49.753+0000] {processor.py:161} INFO - Started process (PID=1232) to work on /opt/airflow/dags/pipeline_dag.py
[2026-05-01T23:25:49.753+0000] {processor.py:830} INFO - Processing file /opt/airflow/dags/pipeline_dag.py for tasks to queue
[2026-05-01T23:25:49.755+0000] {logging_mixin.py:188} INFO - [2026-05-01T23:25:49.754+0000] {dagbag.py:545} INFO - Filling up the DagBag from /opt/airflow/dags/pipeline_dag.py
[2026-05-01T23:25:49.762+0000] {processor.py:840} INFO - DAG(s) 'data_pipeline' retrieved from /opt/airflow/dags/pipeline_dag.py
[2026-05-01T23:25:49.788+0000] {logging_mixin.py:188} INFO - [2026-05-01T23:25:49.787+0000] {dag.py:3089} INFO - Sync 1 DAGs
[2026-05-01T23:25:49.800+0000] {logging_mixin.py:188} INFO - [2026-05-01T23:25:49.800+0000] {dag.py:3947} INFO - Setting next_dagrun for data_pipeline to 2026-05-01 06:00:00+00:00, run_after=2026-05-02 06:00:00+00:00
[2026-05-01T23:25:49.812+0000] {processor.py:183} INFO - Processing /opt/airflow/dags/pipeline_dag.py took 0.065 seconds
[2026-05-01T23:26:19.992+0000] {processor.py:161} INFO - Started process (PID=1237) to work on /opt/airflow/dags/pipeline_dag.py
[2026-05-01T23:26:20.001+0000] {processor.py:830} INFO - Processing file /opt/airflow/dags/pipeline_dag.py for tasks to queue
[2026-05-01T23:26:20.004+0000] {logging_mixin.py:188} INFO - [2026-05-01T23:26:20.003+0000] {dagbag.py:545} INFO - Filling up the DagBag from /opt/airflow/dags/pipeline_dag.py
[2026-05-01T23:26:20.012+0000] {processor.py:840} INFO - DAG(s) 'data_pipeline' retrieved from /opt/airflow/dags/pipeline_dag.py
[2026-05-01T23:26:20.038+0000] {logging_mixin.py:188} INFO - [2026-05-01T23:26:20.038+0000] {dag.py:3089} INFO - Sync 1 DAGs
[2026-05-01T23:26:20.050+0000] {logging_mixin.py:188} INFO - [2026-05-01T23:26:20.050+0000] {dag.py:3947} INFO - Setting next_dagrun for data_pipeline to 2026-05-01 06:00:00+00:00, run_after=2026-05-02 06:00:00+00:00
[2026-05-01T23:26:20.062+0000] {processor.py:183} INFO - Processing /opt/airflow/dags/pipeline_dag.py took 0.074 seconds
[2026-05-01T23:26:50.163+0000] {processor.py:161} INFO - Started process (PID=1242) to work on /opt/airflow/dags/pipeline_dag.py
[2026-05-01T23:26:50.164+0000] {processor.py:830} INFO - Processing file /opt/airflow/dags/pipeline_dag.py for tasks to queue
[2026-05-01T23:26:50.165+0000] {logging_mixin.py:188} INFO - [2026-05-01T23:26:50.165+0000] {dagbag.py:545} INFO - Filling up the DagBag from /opt/airflow/dags/pipeline_dag.py
[2026-05-01T23:26:50.171+0000] {processor.py:840} INFO - DAG(s) 'data_pipeline' retrieved from /opt/airflow/dags/pipeline_dag.py
[2026-05-01T23:26:50.189+0000] {logging_mixin.py:188} INFO - [2026-05-01T23:26:50.189+0000] {dag.py:3089} INFO - Sync 1 DAGs
[2026-05-01T23:26:50.202+0000] {logging_mixin.py:188} INFO - [2026-05-01T23:26:50.201+0000] {dag.py:3947} INFO - Setting next_dagrun for data_pipeline to 2026-05-01 06:00:00+00:00, run_after=2026-05-02 06:00:00+00:00
[2026-05-01T23:26:50.212+0000] {processor.py:183} INFO - Processing /opt/airflow/dags/pipeline_dag.py took 0.054 seconds
[2026-05-01T23:27:20.378+0000] {processor.py:161} INFO - Started process (PID=1247) to work on /opt/airflow/dags/pipeline_dag.py
[2026-05-01T23:27:20.379+0000] {processor.py:830} INFO - Processing file /opt/airflow/dags/pipeline_dag.py for tasks to queue
[2026-05-01T23:27:20.380+0000] {logging_mixin.py:188} INFO - [2026-05-01T23:27:20.380+0000] {dagbag.py:545} INFO - Filling up the DagBag from /opt/airflow/dags/pipeline_dag.py
[2026-05-01T23:27:20.387+0000] {processor.py:840} INFO - DAG(s) 'data_pipeline' retrieved from /opt/airflow/dags/pipeline_dag.py
[2026-05-01T23:27:20.411+0000] {logging_mixin.py:188} INFO - [2026-05-01T23:27:20.411+0000] {dag.py:3089} INFO - Sync 1 DAGs
[2026-05-01T23:27:20.424+0000] {logging_mixin.py:188} INFO - [2026-05-01T23:27:20.424+0000] {dag.py:3947} INFO - Setting next_dagrun for data_pipeline to 2026-05-01 06:00:00+00:00, run_after=2026-05-02 06:00:00+00:00
[2026-05-01T23:27:20.436+0000] {processor.py:183} INFO - Processing /opt/airflow/dags/pipeline_dag.py took 0.063 seconds
[2026-05-01T23:27:50.567+0000] {processor.py:161} INFO - Started process (PID=1252) to work on /opt/airflow/dags/pipeline_dag.py
[2026-05-01T23:27:50.567+0000] {processor.py:830} INFO - Processing file /opt/airflow/dags/pipeline_dag.py for tasks to queue
[2026-05-01T23:27:50.569+0000] {logging_mixin.py:188} INFO - [2026-05-01T23:27:50.569+0000] {dagbag.py:545} INFO - Filling up the DagBag from /opt/airflow/dags/pipeline_dag.py
[2026-05-01T23:27:50.575+0000] {processor.py:840} INFO - DAG(s) 'data_pipeline' retrieved from /opt/airflow/dags/pipeline_dag.py
[2026-05-01T23:27:50.594+0000] {logging_mixin.py:188} INFO - [2026-05-01T23:27:50.594+0000] {dag.py:3089} INFO - Sync 1 DAGs
[2026-05-01T23:27:50.608+0000] {logging_mixin.py:188} INFO - [2026-05-01T23:27:50.608+0000] {dag.py:3947} INFO - Setting next_dagrun for data_pipeline to 2026-05-01 06:00:00+00:00, run_after=2026-05-02 06:00:00+00:00
[2026-05-01T23:27:50.620+0000] {processor.py:183} INFO - Processing /opt/airflow/dags/pipeline_dag.py took 0.061 seconds
[2026-05-01T23:28:20.781+0000] {processor.py:161} INFO - Started process (PID=1257) to work on /opt/airflow/dags/pipeline_dag.py
[2026-05-01T23:28:20.781+0000] {processor.py:830} INFO - Processing file /opt/airflow/dags/pipeline_dag.py for tasks to queue
[2026-05-01T23:28:20.782+0000] {logging_mixin.py:188} INFO - [2026-05-01T23:28:20.782+0000] {dagbag.py:545} INFO - Filling up the DagBag from /opt/airflow/dags/pipeline_dag.py
[2026-05-01T23:28:20.788+0000] {processor.py:840} INFO - DAG(s) 'data_pipeline' retrieved from /opt/airflow/dags/pipeline_dag.py
[2026-05-01T23:28:20.813+0000] {logging_mixin.py:188} INFO - [2026-05-01T23:28:20.812+0000] {dag.py:3089} INFO - Sync 1 DAGs
[2026-05-01T23:28:20.825+0000] {logging_mixin.py:188} INFO - [2026-05-01T23:28:20.825+0000] {dag.py:3947} INFO - Setting next_dagrun for data_pipeline to 2026-05-01 06:00:00+00:00, run_after=2026-05-02 06:00:00+00:00
[2026-05-01T23:28:20.836+0000] {processor.py:183} INFO - Processing /opt/airflow/dags/pipeline_dag.py took 0.059 seconds
[2026-05-01T23:28:50.983+0000] {processor.py:161} INFO - Started process (PID=1262) to work on /opt/airflow/dags/pipeline_dag.py
[2026-05-01T23:28:50.984+0000] {processor.py:830} INFO - Processing file /opt/airflow/dags/pipeline_dag.py for tasks to queue
[2026-05-01T23:28:50.985+0000] {logging_mixin.py:188} INFO - [2026-05-01T23:28:50.985+0000] {dagbag.py:545} INFO - Filling up the DagBag from /opt/airflow/dags/pipeline_dag.py
[2026-05-01T23:28:50.993+0000] {processor.py:840} INFO - DAG(s) 'data_pipeline' retrieved from /opt/airflow/dags/pipeline_dag.py
[2026-05-01T23:28:51.018+0000] {logging_mixin.py:188} INFO - [2026-05-01T23:28:51.017+0000] {dag.py:3089} INFO - Sync 1 DAGs
[2026-05-01T23:28:51.031+0000] {logging_mixin.py:188} INFO - [2026-05-01T23:28:51.031+0000] {dag.py:3947} INFO - Setting next_dagrun for data_pipeline to 2026-05-01 06:00:00+00:00, run_after=2026-05-02 06:00:00+00:00
[2026-05-01T23:28:51.044+0000] {processor.py:183} INFO - Processing /opt/airflow/dags/pipeline_dag.py took 0.070 seconds
[2026-05-01T23:29:21.176+0000] {processor.py:161} INFO - Started process (PID=1267) to work on /opt/airflow/dags/pipeline_dag.py
[2026-05-01T23:29:21.186+0000] {processor.py:830} INFO - Processing file /opt/airflow/dags/pipeline_dag.py for tasks to queue
[2026-05-01T23:29:21.188+0000] {logging_mixin.py:188} INFO - [2026-05-01T23:29:21.187+0000] {dagbag.py:545} INFO - Filling up the DagBag from /opt/airflow/dags/pipeline_dag.py
[2026-05-01T23:29:21.195+0000] {processor.py:840} INFO - DAG(s) 'data_pipeline' retrieved from /opt/airflow/dags/pipeline_dag.py
[2026-05-01T23:29:21.218+0000] {logging_mixin.py:188} INFO - [2026-05-01T23:29:21.218+0000] {dag.py:3089} INFO - Sync 1 DAGs
[2026-05-01T23:29:21.231+0000] {logging_mixin.py:188} INFO - [2026-05-01T23:29:21.231+0000] {dag.py:3947} INFO - Setting next_dagrun for data_pipeline to 2026-05-01 06:00:00+00:00, run_after=2026-05-02 06:00:00+00:00
[2026-05-01T23:29:21.241+0000] {processor.py:183} INFO - Processing /opt/airflow/dags/pipeline_dag.py took 0.070 seconds
[2026-05-01T23:30:22.135+0000] {processor.py:161} INFO - Started process (PID=172) to work on /opt/airflow/dags/pipeline_dag.py
[2026-05-01T23:30:22.136+0000] {processor.py:830} INFO - Processing file /opt/airflow/dags/pipeline_dag.py for tasks to queue
[2026-05-01T23:30:22.137+0000] {logging_mixin.py:188} INFO - [2026-05-01T23:30:22.137+0000] {dagbag.py:545} INFO - Filling up the DagBag from /opt/airflow/dags/pipeline_dag.py
[2026-05-01T23:30:22.156+0000] {processor.py:840} INFO - DAG(s) 'data_pipeline' retrieved from /opt/airflow/dags/pipeline_dag.py
[2026-05-01T23:30:22.178+0000] {logging_mixin.py:188} INFO - [2026-05-01T23:30:22.178+0000] {dag.py:3089} INFO - Sync 1 DAGs
[2026-05-01T23:30:22.197+0000] {logging_mixin.py:188} INFO - [2026-05-01T23:30:22.197+0000] {dag.py:3947} INFO - Setting next_dagrun for data_pipeline to 2026-05-01 06:00:00+00:00, run_after=2026-05-02 06:00:00+00:00
[2026-05-01T23:30:22.221+0000] {processor.py:183} INFO - Processing /opt/airflow/dags/pipeline_dag.py took 0.090 seconds
[2026-05-01T23:30:52.295+0000] {processor.py:161} INFO - Started process (PID=190) to work on /opt/airflow/dags/pipeline_dag.py
[2026-05-01T23:30:52.295+0000] {processor.py:830} INFO - Processing file /opt/airflow/dags/pipeline_dag.py for tasks to queue
[2026-05-01T23:30:52.297+0000] {logging_mixin.py:188} INFO - [2026-05-01T23:30:52.296+0000] {dagbag.py:545} INFO - Filling up the DagBag from /opt/airflow/dags/pipeline_dag.py
[2026-05-01T23:30:52.302+0000] {processor.py:840} INFO - DAG(s) 'data_pipeline' retrieved from /opt/airflow/dags/pipeline_dag.py
[2026-05-01T23:30:52.554+0000] {logging_mixin.py:188} INFO - [2026-05-01T23:30:52.554+0000] {dag.py:3089} INFO - Sync 1 DAGs
[2026-05-01T23:30:52.565+0000] {logging_mixin.py:188} INFO - [2026-05-01T23:30:52.565+0000] {dag.py:3947} INFO - Setting next_dagrun for data_pipeline to 2026-05-01 06:00:00+00:00, run_after=2026-05-02 06:00:00+00:00
[2026-05-01T23:30:52.578+0000] {processor.py:183} INFO - Processing /opt/airflow/dags/pipeline_dag.py took 0.286 seconds
[2026-05-01T23:31:22.756+0000] {processor.py:161} INFO - Started process (PID=195) to work on /opt/airflow/dags/pipeline_dag.py
[2026-05-01T23:31:22.765+0000] {processor.py:830} INFO - Processing file /opt/airflow/dags/pipeline_dag.py for tasks to queue
[2026-05-01T23:31:22.767+0000] {logging_mixin.py:188} INFO - [2026-05-01T23:31:22.767+0000] {dagbag.py:545} INFO - Filling up the DagBag from /opt/airflow/dags/pipeline_dag.py
[2026-05-01T23:31:22.774+0000] {processor.py:840} INFO - DAG(s) 'data_pipeline' retrieved from /opt/airflow/dags/pipeline_dag.py
[2026-05-01T23:31:22.797+0000] {logging_mixin.py:188} INFO - [2026-05-01T23:31:22.797+0000] {dag.py:3089} INFO - Sync 1 DAGs
[2026-05-01T23:31:22.809+0000] {logging_mixin.py:188} INFO - [2026-05-01T23:31:22.809+0000] {dag.py:3947} INFO - Setting next_dagrun for data_pipeline to 2026-05-01 06:00:00+00:00, run_after=2026-05-02 06:00:00+00:00
[2026-05-01T23:31:22.822+0000] {processor.py:183} INFO - Processing /opt/airflow/dags/pipeline_dag.py took 0.074 seconds
[2026-05-01T23:31:52.918+0000] {processor.py:161} INFO - Started process (PID=200) to work on /opt/airflow/dags/pipeline_dag.py
[2026-05-01T23:31:52.918+0000] {processor.py:830} INFO - Processing file /opt/airflow/dags/pipeline_dag.py for tasks to queue
[2026-05-01T23:31:52.919+0000] {logging_mixin.py:188} INFO - [2026-05-01T23:31:52.919+0000] {dagbag.py:545} INFO - Filling up the DagBag from /opt/airflow/dags/pipeline_dag.py
[2026-05-01T23:31:52.925+0000] {processor.py:840} INFO - DAG(s) 'data_pipeline' retrieved from /opt/airflow/dags/pipeline_dag.py
[2026-05-01T23:31:52.948+0000] {logging_mixin.py:188} INFO - [2026-05-01T23:31:52.948+0000] {dag.py:3089} INFO - Sync 1 DAGs
[2026-05-01T23:31:52.962+0000] {logging_mixin.py:188} INFO - [2026-05-01T23:31:52.962+0000] {dag.py:3947} INFO - Setting next_dagrun for data_pipeline to 2026-05-01 06:00:00+00:00, run_after=2026-05-02 06:00:00+00:00
[2026-05-01T23:31:52.973+0000] {processor.py:183} INFO - Processing /opt/airflow/dags/pipeline_dag.py took 0.061 seconds
[2026-05-01T23:32:23.141+0000] {processor.py:161} INFO - Started process (PID=217) to work on /opt/airflow/dags/pipeline_dag.py
[2026-05-01T23:32:23.150+0000] {processor.py:830} INFO - Processing file /opt/airflow/dags/pipeline_dag.py for tasks to queue
[2026-05-01T23:32:23.152+0000] {logging_mixin.py:188} INFO - [2026-05-01T23:32:23.152+0000] {dagbag.py:545} INFO - Filling up the DagBag from /opt/airflow/dags/pipeline_dag.py
[2026-05-01T23:32:23.162+0000] {processor.py:840} INFO - DAG(s) 'data_pipeline' retrieved from /opt/airflow/dags/pipeline_dag.py
[2026-05-01T23:32:23.185+0000] {logging_mixin.py:188} INFO - [2026-05-01T23:32:23.185+0000] {dag.py:3089} INFO - Sync 1 DAGs
[2026-05-01T23:32:23.198+0000] {logging_mixin.py:188} INFO - [2026-05-01T23:32:23.198+0000] {dag.py:3947} INFO - Setting next_dagrun for data_pipeline to 2026-05-01 06:00:00+00:00, run_after=2026-05-02 06:00:00+00:00
[2026-05-01T23:32:23.210+0000] {processor.py:183} INFO - Processing /opt/airflow/dags/pipeline_dag.py took 0.073 seconds
[2026-05-01T23:32:53.323+0000] {processor.py:161} INFO - Started process (PID=222) to work on /opt/airflow/dags/pipeline_dag.py
[2026-05-01T23:32:53.324+0000] {processor.py:830} INFO - Processing file /opt/airflow/dags/pipeline_dag.py for tasks to queue
[2026-05-01T23:32:53.325+0000] {logging_mixin.py:188} INFO - [2026-05-01T23:32:53.325+0000] {dagbag.py:545} INFO - Filling up the DagBag from /opt/airflow/dags/pipeline_dag.py
[2026-05-01T23:32:53.331+0000] {processor.py:840} INFO - DAG(s) 'data_pipeline' retrieved from /opt/airflow/dags/pipeline_dag.py
[2026-05-01T23:32:53.355+0000] {logging_mixin.py:188} INFO - [2026-05-01T23:32:53.355+0000] {dag.py:3089} INFO - Sync 1 DAGs
[2026-05-01T23:32:53.367+0000] {logging_mixin.py:188} INFO - [2026-05-01T23:32:53.367+0000] {dag.py:3947} INFO - Setting next_dagrun for data_pipeline to 2026-05-01 06:00:00+00:00, run_after=2026-05-02 06:00:00+00:00
[2026-05-01T23:32:53.379+0000] {processor.py:183} INFO - Processing /opt/airflow/dags/pipeline_dag.py took 0.062 seconds
[2026-05-01T23:33:23.551+0000] {processor.py:161} INFO - Started process (PID=227) to work on /opt/airflow/dags/pipeline_dag.py
[2026-05-01T23:33:23.560+0000] {processor.py:830} INFO - Processing file /opt/airflow/dags/pipeline_dag.py for tasks to queue
[2026-05-01T23:33:23.562+0000] {logging_mixin.py:188} INFO - [2026-05-01T23:33:23.562+0000] {dagbag.py:545} INFO - Filling up the DagBag from /opt/airflow/dags/pipeline_dag.py
[2026-05-01T23:33:23.570+0000] {processor.py:840} INFO - DAG(s) 'data_pipeline' retrieved from /opt/airflow/dags/pipeline_dag.py
[2026-05-01T23:33:23.591+0000] {logging_mixin.py:188} INFO - [2026-05-01T23:33:23.591+0000] {dag.py:3089} INFO - Sync 1 DAGs
[2026-05-01T23:33:23.604+0000] {logging_mixin.py:188} INFO - [2026-05-01T23:33:23.604+0000] {dag.py:3947} INFO - Setting next_dagrun for data_pipeline to 2026-05-01 06:00:00+00:00, run_after=2026-05-02 06:00:00+00:00
[2026-05-01T23:33:23.616+0000] {processor.py:183} INFO - Processing /opt/airflow/dags/pipeline_dag.py took 0.070 seconds
[2026-05-01T23:33:53.741+0000] {processor.py:161} INFO - Started process (PID=232) to work on /opt/airflow/dags/pipeline_dag.py
[2026-05-01T23:33:53.741+0000] {processor.py:830} INFO - Processing file /opt/airflow/dags/pipeline_dag.py for tasks to queue
[2026-05-01T23:33:53.742+0000] {logging_mixin.py:188} INFO - [2026-05-01T23:33:53.742+0000] {dagbag.py:545} INFO - Filling up the DagBag from /opt/airflow/dags/pipeline_dag.py
[2026-05-01T23:33:53.748+0000] {processor.py:840} INFO - DAG(s) 'data_pipeline' retrieved from /opt/airflow/dags/pipeline_dag.py
[2026-05-01T23:33:53.766+0000] {logging_mixin.py:188} INFO - [2026-05-01T23:33:53.766+0000] {dag.py:3089} INFO - Sync 1 DAGs
[2026-05-01T23:33:53.778+0000] {logging_mixin.py:188} INFO - [2026-05-01T23:33:53.778+0000] {dag.py:3947} INFO - Setting next_dagrun for data_pipeline to 2026-05-01 06:00:00+00:00, run_after=2026-05-02 06:00:00+00:00
[2026-05-01T23:33:53.790+0000] {processor.py:183} INFO - Processing /opt/airflow/dags/pipeline_dag.py took 0.055 seconds
[2026-05-01T23:34:23.951+0000] {processor.py:161} INFO - Started process (PID=237) to work on /opt/airflow/dags/pipeline_dag.py
[2026-05-01T23:34:23.960+0000] {processor.py:830} INFO - Processing file /opt/airflow/dags/pipeline_dag.py for tasks to queue
[2026-05-01T23:34:23.961+0000] {logging_mixin.py:188} INFO - [2026-05-01T23:34:23.961+0000] {dagbag.py:545} INFO - Filling up the DagBag from /opt/airflow/dags/pipeline_dag.py
[2026-05-01T23:34:23.967+0000] {processor.py:840} INFO - DAG(s) 'data_pipeline' retrieved from /opt/airflow/dags/pipeline_dag.py
[2026-05-01T23:34:23.984+0000] {logging_mixin.py:188} INFO - [2026-05-01T23:34:23.984+0000] {dag.py:3089} INFO - Sync 1 DAGs
[2026-05-01T23:34:23.996+0000] {logging_mixin.py:188} INFO - [2026-05-01T23:34:23.996+0000] {dag.py:3947} INFO - Setting next_dagrun for data_pipeline to 2026-05-01 06:00:00+00:00, run_after=2026-05-02 06:00:00+00:00
[2026-05-01T23:34:24.007+0000] {processor.py:183} INFO - Processing /opt/airflow/dags/pipeline_dag.py took 0.059 seconds
[2026-05-01T23:34:54.127+0000] {processor.py:161} INFO - Started process (PID=242) to work on /opt/airflow/dags/pipeline_dag.py
[2026-05-01T23:34:54.128+0000] {processor.py:830} INFO - Processing file /opt/airflow/dags/pipeline_dag.py for tasks to queue
[2026-05-01T23:34:54.129+0000] {logging_mixin.py:188} INFO - [2026-05-01T23:34:54.129+0000] {dagbag.py:545} INFO - Filling up the DagBag from /opt/airflow/dags/pipeline_dag.py
[2026-05-01T23:34:54.136+0000] {processor.py:840} INFO - DAG(s) 'data_pipeline' retrieved from /opt/airflow/dags/pipeline_dag.py
[2026-05-01T23:34:54.154+0000] {logging_mixin.py:188} INFO - [2026-05-01T23:34:54.154+0000] {dag.py:3089} INFO - Sync 1 DAGs
[2026-05-01T23:34:54.167+0000] {logging_mixin.py:188} INFO - [2026-05-01T23:34:54.166+0000] {dag.py:3947} INFO - Setting next_dagrun for data_pipeline to 2026-05-01 06:00:00+00:00, run_after=2026-05-02 06:00:00+00:00
[2026-05-01T23:34:54.178+0000] {processor.py:183} INFO - Processing /opt/airflow/dags/pipeline_dag.py took 0.059 seconds
[2026-05-01T23:35:24.344+0000] {processor.py:161} INFO - Started process (PID=247) to work on /opt/airflow/dags/pipeline_dag.py
[2026-05-01T23:35:24.344+0000] {processor.py:830} INFO - Processing file /opt/airflow/dags/pipeline_dag.py for tasks to queue
[2026-05-01T23:35:24.345+0000] {logging_mixin.py:188} INFO - [2026-05-01T23:35:24.345+0000] {dagbag.py:545} INFO - Filling up the DagBag from /opt/airflow/dags/pipeline_dag.py
[2026-05-01T23:35:24.351+0000] {processor.py:840} INFO - DAG(s) 'data_pipeline' retrieved from /opt/airflow/dags/pipeline_dag.py
[2026-05-01T23:35:24.368+0000] {logging_mixin.py:188} INFO - [2026-05-01T23:35:24.368+0000] {dag.py:3089} INFO - Sync 1 DAGs
[2026-05-01T23:35:24.380+0000] {logging_mixin.py:188} INFO - [2026-05-01T23:35:24.380+0000] {dag.py:3947} INFO - Setting next_dagrun for data_pipeline to 2026-05-01 06:00:00+00:00, run_after=2026-05-02 06:00:00+00:00
[2026-05-01T23:35:24.391+0000] {processor.py:183} INFO - Processing /opt/airflow/dags/pipeline_dag.py took 0.052 seconds
[2026-05-01T23:35:54.533+0000] {processor.py:161} INFO - Started process (PID=252) to work on /opt/airflow/dags/pipeline_dag.py
[2026-05-01T23:35:54.543+0000] {processor.py:830} INFO - Processing file /opt/airflow/dags/pipeline_dag.py for tasks to queue
[2026-05-01T23:35:54.545+0000] {logging_mixin.py:188} INFO - [2026-05-01T23:35:54.545+0000] {dagbag.py:545} INFO - Filling up the DagBag from /opt/airflow/dags/pipeline_dag.py
[2026-05-01T23:35:54.553+0000] {processor.py:840} INFO - DAG(s) 'data_pipeline' retrieved from /opt/airflow/dags/pipeline_dag.py
[2026-05-01T23:35:54.573+0000] {logging_mixin.py:188} INFO - [2026-05-01T23:35:54.573+0000] {dag.py:3089} INFO - Sync 1 DAGs
[2026-05-01T23:35:54.586+0000] {logging_mixin.py:188} INFO - [2026-05-01T23:35:54.585+0000] {dag.py:3947} INFO - Setting next_dagrun for data_pipeline to 2026-05-01 06:00:00+00:00, run_after=2026-05-02 06:00:00+00:00
[2026-05-01T23:35:54.597+0000] {processor.py:183} INFO - Processing /opt/airflow/dags/pipeline_dag.py took 0.072 seconds
[2026-05-01T23:36:24.746+0000] {processor.py:161} INFO - Started process (PID=257) to work on /opt/airflow/dags/pipeline_dag.py
[2026-05-01T23:36:24.747+0000] {processor.py:830} INFO - Processing file /opt/airflow/dags/pipeline_dag.py for tasks to queue
[2026-05-01T23:36:24.749+0000] {logging_mixin.py:188} INFO - [2026-05-01T23:36:24.748+0000] {dagbag.py:545} INFO - Filling up the DagBag from /opt/airflow/dags/pipeline_dag.py
[2026-05-01T23:36:24.756+0000] {processor.py:840} INFO - DAG(s) 'data_pipeline' retrieved from /opt/airflow/dags/pipeline_dag.py
[2026-05-01T23:36:24.779+0000] {logging_mixin.py:188} INFO - [2026-05-01T23:36:24.778+0000] {dag.py:3089} INFO - Sync 1 DAGs
[2026-05-01T23:36:24.791+0000] {logging_mixin.py:188} INFO - [2026-05-01T23:36:24.791+0000] {dag.py:3947} INFO - Setting next_dagrun for data_pipeline to 2026-05-01 06:00:00+00:00, run_after=2026-05-02 06:00:00+00:00
[2026-05-01T23:36:24.803+0000] {processor.py:183} INFO - Processing /opt/airflow/dags/pipeline_dag.py took 0.065 seconds
[2026-05-01T23:36:54.934+0000] {processor.py:161} INFO - Started process (PID=262) to work on /opt/airflow/dags/pipeline_dag.py
[2026-05-01T23:36:54.943+0000] {processor.py:830} INFO - Processing file /opt/airflow/dags/pipeline_dag.py for tasks to queue
[2026-05-01T23:36:54.945+0000] {logging_mixin.py:188} INFO - [2026-05-01T23:36:54.945+0000] {dagbag.py:545} INFO - Filling up the DagBag from /opt/airflow/dags/pipeline_dag.py
[2026-05-01T23:36:54.955+0000] {processor.py:840} INFO - DAG(s) 'data_pipeline' retrieved from /opt/airflow/dags/pipeline_dag.py
[2026-05-01T23:36:54.973+0000] {logging_mixin.py:188} INFO - [2026-05-01T23:36:54.973+0000] {dag.py:3089} INFO - Sync 1 DAGs
[2026-05-01T23:36:54.987+0000] {logging_mixin.py:188} INFO - [2026-05-01T23:36:54.986+0000] {dag.py:3947} INFO - Setting next_dagrun for data_pipeline to 2026-05-01 06:00:00+00:00, run_after=2026-05-02 06:00:00+00:00
[2026-05-01T23:36:54.997+0000] {processor.py:183} INFO - Processing /opt/airflow/dags/pipeline_dag.py took 0.068 seconds
[2026-05-01T23:37:25.128+0000] {processor.py:161} INFO - Started process (PID=279) to work on /opt/airflow/dags/pipeline_dag.py
[2026-05-01T23:37:25.128+0000] {processor.py:830} INFO - Processing file /opt/airflow/dags/pipeline_dag.py for tasks to queue
[2026-05-01T23:37:25.129+0000] {logging_mixin.py:188} INFO - [2026-05-01T23:37:25.129+0000] {dagbag.py:545} INFO - Filling up the DagBag from /opt/airflow/dags/pipeline_dag.py
[2026-05-01T23:37:25.135+0000] {processor.py:840} INFO - DAG(s) 'data_pipeline' retrieved from /opt/airflow/dags/pipeline_dag.py
[2026-05-01T23:37:25.154+0000] {logging_mixin.py:188} INFO - [2026-05-01T23:37:25.154+0000] {dag.py:3089} INFO - Sync 1 DAGs
[2026-05-01T23:37:25.167+0000] {logging_mixin.py:188} INFO - [2026-05-01T23:37:25.167+0000] {dag.py:3947} INFO - Setting next_dagrun for data_pipeline to 2026-05-01 06:00:00+00:00, run_after=2026-05-02 06:00:00+00:00
[2026-05-01T23:37:25.178+0000] {processor.py:183} INFO - Processing /opt/airflow/dags/pipeline_dag.py took 0.055 seconds
[2026-05-01T23:37:55.330+0000] {processor.py:161} INFO - Started process (PID=284) to work on /opt/airflow/dags/pipeline_dag.py
[2026-05-01T23:37:55.340+0000] {processor.py:830} INFO - Processing file /opt/airflow/dags/pipeline_dag.py for tasks to queue
[2026-05-01T23:37:55.342+0000] {logging_mixin.py:188} INFO - [2026-05-01T23:37:55.341+0000] {dagbag.py:545} INFO - Filling up the DagBag from /opt/airflow/dags/pipeline_dag.py
[2026-05-01T23:37:55.351+0000] {processor.py:840} INFO - DAG(s) 'data_pipeline' retrieved from /opt/airflow/dags/pipeline_dag.py
[2026-05-01T23:37:55.377+0000] {logging_mixin.py:188} INFO - [2026-05-01T23:37:55.377+0000] {dag.py:3089} INFO - Sync 1 DAGs
[2026-05-01T23:37:55.391+0000] {logging_mixin.py:188} INFO - [2026-05-01T23:37:55.390+0000] {dag.py:3947} INFO - Setting next_dagrun for data_pipeline to 2026-05-01 06:00:00+00:00, run_after=2026-05-02 06:00:00+00:00
[2026-05-01T23:37:55.405+0000] {processor.py:183} INFO - Processing /opt/airflow/dags/pipeline_dag.py took 0.081 seconds
[2026-05-01T23:38:25.514+0000] {processor.py:161} INFO - Started process (PID=289) to work on /opt/airflow/dags/pipeline_dag.py
[2026-05-01T23:38:25.515+0000] {processor.py:830} INFO - Processing file /opt/airflow/dags/pipeline_dag.py for tasks to queue
[2026-05-01T23:38:25.515+0000] {logging_mixin.py:188} INFO - [2026-05-01T23:38:25.515+0000] {dagbag.py:545} INFO - Filling up the DagBag from /opt/airflow/dags/pipeline_dag.py
[2026-05-01T23:38:25.522+0000] {processor.py:840} INFO - DAG(s) 'data_pipeline' retrieved from /opt/airflow/dags/pipeline_dag.py
[2026-05-01T23:38:25.541+0000] {logging_mixin.py:188} INFO - [2026-05-01T23:38:25.541+0000] {dag.py:3089} INFO - Sync 1 DAGs
[2026-05-01T23:38:25.554+0000] {logging_mixin.py:188} INFO - [2026-05-01T23:38:25.554+0000] {dag.py:3947} INFO - Setting next_dagrun for data_pipeline to 2026-05-01 06:00:00+00:00, run_after=2026-05-02 06:00:00+00:00
[2026-05-01T23:38:25.566+0000] {processor.py:183} INFO - Processing /opt/airflow/dags/pipeline_dag.py took 0.055 seconds
[2026-05-01T23:38:55.742+0000] {processor.py:161} INFO - Started process (PID=294) to work on /opt/airflow/dags/pipeline_dag.py
[2026-05-01T23:38:55.751+0000] {processor.py:830} INFO - Processing file /opt/airflow/dags/pipeline_dag.py for tasks to queue
[2026-05-01T23:38:55.752+0000] {logging_mixin.py:188} INFO - [2026-05-01T23:38:55.752+0000] {dagbag.py:545} INFO - Filling up the DagBag from /opt/airflow/dags/pipeline_dag.py
[2026-05-01T23:38:55.758+0000] {processor.py:840} INFO - DAG(s) 'data_pipeline' retrieved from /opt/airflow/dags/pipeline_dag.py
[2026-05-01T23:38:55.778+0000] {logging_mixin.py:188} INFO - [2026-05-01T23:38:55.778+0000] {dag.py:3089} INFO - Sync 1 DAGs
[2026-05-01T23:38:55.790+0000] {logging_mixin.py:188} INFO - [2026-05-01T23:38:55.790+0000] {dag.py:3947} INFO - Setting next_dagrun for data_pipeline to 2026-05-01 06:00:00+00:00, run_after=2026-05-02 06:00:00+00:00
[2026-05-01T23:38:55.801+0000] {processor.py:183} INFO - Processing /opt/airflow/dags/pipeline_dag.py took 0.062 seconds
[2026-05-01T23:39:25.930+0000] {processor.py:161} INFO - Started process (PID=299) to work on /opt/airflow/dags/pipeline_dag.py
[2026-05-01T23:39:25.930+0000] {processor.py:830} INFO - Processing file /opt/airflow/dags/pipeline_dag.py for tasks to queue
[2026-05-01T23:39:25.932+0000] {logging_mixin.py:188} INFO - [2026-05-01T23:39:25.931+0000] {dagbag.py:545} INFO - Filling up the DagBag from /opt/airflow/dags/pipeline_dag.py
[2026-05-01T23:39:25.939+0000] {processor.py:840} INFO - DAG(s) 'data_pipeline' retrieved from /opt/airflow/dags/pipeline_dag.py
[2026-05-01T23:39:25.956+0000] {logging_mixin.py:188} INFO - [2026-05-01T23:39:25.956+0000] {dag.py:3089} INFO - Sync 1 DAGs
[2026-05-01T23:39:25.968+0000] {logging_mixin.py:188} INFO - [2026-05-01T23:39:25.968+0000] {dag.py:3947} INFO - Setting next_dagrun for data_pipeline to 2026-05-01 06:00:00+00:00, run_after=2026-05-02 06:00:00+00:00
[2026-05-01T23:39:25.980+0000] {processor.py:183} INFO - Processing /opt/airflow/dags/pipeline_dag.py took 0.056 seconds
[2026-05-01T23:39:56.137+0000] {processor.py:161} INFO - Started process (PID=304) to work on /opt/airflow/dags/pipeline_dag.py
[2026-05-01T23:39:56.146+0000] {processor.py:830} INFO - Processing file /opt/airflow/dags/pipeline_dag.py for tasks to queue
[2026-05-01T23:39:56.147+0000] {logging_mixin.py:188} INFO - [2026-05-01T23:39:56.147+0000] {dagbag.py:545} INFO - Filling up the DagBag from /opt/airflow/dags/pipeline_dag.py
[2026-05-01T23:39:56.154+0000] {processor.py:840} INFO - DAG(s) 'data_pipeline' retrieved from /opt/airflow/dags/pipeline_dag.py
[2026-05-01T23:39:56.171+0000] {logging_mixin.py:188} INFO - [2026-05-01T23:39:56.171+0000] {dag.py:3089} INFO - Sync 1 DAGs
[2026-05-01T23:39:56.184+0000] {logging_mixin.py:188} INFO - [2026-05-01T23:39:56.184+0000] {dag.py:3947} INFO - Setting next_dagrun for data_pipeline to 2026-05-01 06:00:00+00:00, run_after=2026-05-02 06:00:00+00:00
[2026-05-01T23:39:56.196+0000] {processor.py:183} INFO - Processing /opt/airflow/dags/pipeline_dag.py took 0.065 seconds
[2026-05-01T23:40:26.328+0000] {processor.py:161} INFO - Started process (PID=309) to work on /opt/airflow/dags/pipeline_dag.py
[2026-05-01T23:40:26.329+0000] {processor.py:830} INFO - Processing file /opt/airflow/dags/pipeline_dag.py for tasks to queue
[2026-05-01T23:40:26.330+0000] {logging_mixin.py:188} INFO - [2026-05-01T23:40:26.329+0000] {dagbag.py:545} INFO - Filling up the DagBag from /opt/airflow/dags/pipeline_dag.py
[2026-05-01T23:40:26.336+0000] {processor.py:840} INFO - DAG(s) 'data_pipeline' retrieved from /opt/airflow/dags/pipeline_dag.py
[2026-05-01T23:40:26.355+0000] {logging_mixin.py:188} INFO - [2026-05-01T23:40:26.355+0000] {dag.py:3089} INFO - Sync 1 DAGs
[2026-05-01T23:40:26.368+0000] {logging_mixin.py:188} INFO - [2026-05-01T23:40:26.368+0000] {dag.py:3947} INFO - Setting next_dagrun for data_pipeline to 2026-05-01 06:00:00+00:00, run_after=2026-05-02 06:00:00+00:00
[2026-05-01T23:40:26.380+0000] {processor.py:183} INFO - Processing /opt/airflow/dags/pipeline_dag.py took 0.057 seconds
[2026-05-01T23:40:56.545+0000] {processor.py:161} INFO - Started process (PID=314) to work on /opt/airflow/dags/pipeline_dag.py
[2026-05-01T23:40:56.545+0000] {processor.py:830} INFO - Processing file /opt/airflow/dags/pipeline_dag.py for tasks to queue
[2026-05-01T23:40:56.547+0000] {logging_mixin.py:188} INFO - [2026-05-01T23:40:56.546+0000] {dagbag.py:545} INFO - Filling up the DagBag from /opt/airflow/dags/pipeline_dag.py
[2026-05-01T23:40:56.554+0000] {processor.py:840} INFO - DAG(s) 'data_pipeline' retrieved from /opt/airflow/dags/pipeline_dag.py
[2026-05-01T23:40:56.572+0000] {logging_mixin.py:188} INFO - [2026-05-01T23:40:56.572+0000] {dag.py:3089} INFO - Sync 1 DAGs
[2026-05-01T23:40:56.589+0000] {logging_mixin.py:188} INFO - [2026-05-01T23:40:56.589+0000] {dag.py:3947} INFO - Setting next_dagrun for data_pipeline to 2026-05-01 06:00:00+00:00, run_after=2026-05-02 06:00:00+00:00
[2026-05-01T23:40:56.603+0000] {processor.py:183} INFO - Processing /opt/airflow/dags/pipeline_dag.py took 0.064 seconds
[2026-05-01T23:41:26.726+0000] {processor.py:161} INFO - Started process (PID=319) to work on /opt/airflow/dags/pipeline_dag.py
[2026-05-01T23:41:26.727+0000] {processor.py:830} INFO - Processing file /opt/airflow/dags/pipeline_dag.py for tasks to queue
[2026-05-01T23:41:26.729+0000] {logging_mixin.py:188} INFO - [2026-05-01T23:41:26.728+0000] {dagbag.py:545} INFO - Filling up the DagBag from /opt/airflow/dags/pipeline_dag.py
[2026-05-01T23:41:26.736+0000] {processor.py:840} INFO - DAG(s) 'data_pipeline' retrieved from /opt/airflow/dags/pipeline_dag.py
[2026-05-01T23:41:26.756+0000] {logging_mixin.py:188} INFO - [2026-05-01T23:41:26.756+0000] {dag.py:3089} INFO - Sync 1 DAGs
[2026-05-01T23:41:26.769+0000] {logging_mixin.py:188} INFO - [2026-05-01T23:41:26.769+0000] {dag.py:3947} INFO - Setting next_dagrun for data_pipeline to 2026-05-01 06:00:00+00:00, run_after=2026-05-02 06:00:00+00:00
[2026-05-01T23:41:26.779+0000] {processor.py:183} INFO - Processing /opt/airflow/dags/pipeline_dag.py took 0.060 seconds
[2026-05-01T23:41:56.943+0000] {processor.py:161} INFO - Started process (PID=324) to work on /opt/airflow/dags/pipeline_dag.py
[2026-05-01T23:41:56.953+0000] {processor.py:830} INFO - Processing file /opt/airflow/dags/pipeline_dag.py for tasks to queue
[2026-05-01T23:41:56.955+0000] {logging_mixin.py:188} INFO - [2026-05-01T23:41:56.954+0000] {dagbag.py:545} INFO - Filling up the DagBag from /opt/airflow/dags/pipeline_dag.py
[2026-05-01T23:41:56.965+0000] {processor.py:840} INFO - DAG(s) 'data_pipeline' retrieved from /opt/airflow/dags/pipeline_dag.py
[2026-05-01T23:41:56.985+0000] {logging_mixin.py:188} INFO - [2026-05-01T23:41:56.985+0000] {dag.py:3089} INFO - Sync 1 DAGs
[2026-05-01T23:41:56.998+0000] {logging_mixin.py:188} INFO - [2026-05-01T23:41:56.998+0000] {dag.py:3947} INFO - Setting next_dagrun for data_pipeline to 2026-05-01 06:00:00+00:00, run_after=2026-05-02 06:00:00+00:00
[2026-05-01T23:41:57.011+0000] {processor.py:183} INFO - Processing /opt/airflow/dags/pipeline_dag.py took 0.073 seconds
[2026-05-01T23:42:27.131+0000] {processor.py:161} INFO - Started process (PID=341) to work on /opt/airflow/dags/pipeline_dag.py
[2026-05-01T23:42:27.132+0000] {processor.py:830} INFO - Processing file /opt/airflow/dags/pipeline_dag.py for tasks to queue
[2026-05-01T23:42:27.133+0000] {logging_mixin.py:188} INFO - [2026-05-01T23:42:27.132+0000] {dagbag.py:545} INFO - Filling up the DagBag from /opt/airflow/dags/pipeline_dag.py
[2026-05-01T23:42:27.140+0000] {processor.py:840} INFO - DAG(s) 'data_pipeline' retrieved from /opt/airflow/dags/pipeline_dag.py
[2026-05-01T23:42:27.170+0000] {logging_mixin.py:188} INFO - [2026-05-01T23:42:27.170+0000] {dag.py:3089} INFO - Sync 1 DAGs
[2026-05-01T23:42:27.183+0000] {logging_mixin.py:188} INFO - [2026-05-01T23:42:27.183+0000] {dag.py:3947} INFO - Setting next_dagrun for data_pipeline to 2026-05-01 06:00:00+00:00, run_after=2026-05-02 06:00:00+00:00
[2026-05-01T23:42:27.194+0000] {processor.py:183} INFO - Processing /opt/airflow/dags/pipeline_dag.py took 0.069 seconds
[2026-05-01T23:42:57.366+0000] {processor.py:161} INFO - Started process (PID=346) to work on /opt/airflow/dags/pipeline_dag.py
[2026-05-01T23:42:57.375+0000] {processor.py:830} INFO - Processing file /opt/airflow/dags/pipeline_dag.py for tasks to queue
[2026-05-01T23:42:57.376+0000] {logging_mixin.py:188} INFO - [2026-05-01T23:42:57.376+0000] {dagbag.py:545} INFO - Filling up the DagBag from /opt/airflow/dags/pipeline_dag.py
[2026-05-01T23:42:57.382+0000] {processor.py:840} INFO - DAG(s) 'data_pipeline' retrieved from /opt/airflow/dags/pipeline_dag.py
[2026-05-01T23:42:57.402+0000] {logging_mixin.py:188} INFO - [2026-05-01T23:42:57.401+0000] {dag.py:3089} INFO - Sync 1 DAGs
[2026-05-01T23:42:57.414+0000] {logging_mixin.py:188} INFO - [2026-05-01T23:42:57.414+0000] {dag.py:3947} INFO - Setting next_dagrun for data_pipeline to 2026-05-01 06:00:00+00:00, run_after=2026-05-02 06:00:00+00:00
[2026-05-01T23:42:57.425+0000] {processor.py:183} INFO - Processing /opt/airflow/dags/pipeline_dag.py took 0.063 seconds
[2026-05-01T23:43:27.559+0000] {processor.py:161} INFO - Started process (PID=351) to work on /opt/airflow/dags/pipeline_dag.py
[2026-05-01T23:43:27.559+0000] {processor.py:830} INFO - Processing file /opt/airflow/dags/pipeline_dag.py for tasks to queue
[2026-05-01T23:43:27.560+0000] {logging_mixin.py:188} INFO - [2026-05-01T23:43:27.560+0000] {dagbag.py:545} INFO - Filling up the DagBag from /opt/airflow/dags/pipeline_dag.py
[2026-05-01T23:43:27.567+0000] {processor.py:840} INFO - DAG(s) 'data_pipeline' retrieved from /opt/airflow/dags/pipeline_dag.py
[2026-05-01T23:43:27.586+0000] {logging_mixin.py:188} INFO - [2026-05-01T23:43:27.586+0000] {dag.py:3089} INFO - Sync 1 DAGs
[2026-05-01T23:43:27.599+0000] {logging_mixin.py:188} INFO - [2026-05-01T23:43:27.599+0000] {dag.py:3947} INFO - Setting next_dagrun for data_pipeline to 2026-05-01 06:00:00+00:00, run_after=2026-05-02 06:00:00+00:00
[2026-05-01T23:43:27.610+0000] {processor.py:183} INFO - Processing /opt/airflow/dags/pipeline_dag.py took 0.056 seconds
[2026-05-01T23:43:57.747+0000] {processor.py:161} INFO - Started process (PID=356) to work on /opt/airflow/dags/pipeline_dag.py
[2026-05-01T23:43:57.748+0000] {processor.py:830} INFO - Processing file /opt/airflow/dags/pipeline_dag.py for tasks to queue
[2026-05-01T23:43:57.749+0000] {logging_mixin.py:188} INFO - [2026-05-01T23:43:57.749+0000] {dagbag.py:545} INFO - Filling up the DagBag from /opt/airflow/dags/pipeline_dag.py
[2026-05-01T23:43:57.755+0000] {processor.py:840} INFO - DAG(s) 'data_pipeline' retrieved from /opt/airflow/dags/pipeline_dag.py
[2026-05-01T23:43:57.775+0000] {logging_mixin.py:188} INFO - [2026-05-01T23:43:57.775+0000] {dag.py:3089} INFO - Sync 1 DAGs
[2026-05-01T23:43:57.790+0000] {logging_mixin.py:188} INFO - [2026-05-01T23:43:57.789+0000] {dag.py:3947} INFO - Setting next_dagrun for data_pipeline to 2026-05-01 06:00:00+00:00, run_after=2026-05-02 06:00:00+00:00
[2026-05-01T23:43:57.803+0000] {processor.py:183} INFO - Processing /opt/airflow/dags/pipeline_dag.py took 0.061 seconds
[2026-05-01T23:44:27.929+0000] {processor.py:161} INFO - Started process (PID=361) to work on /opt/airflow/dags/pipeline_dag.py
[2026-05-01T23:44:27.929+0000] {processor.py:830} INFO - Processing file /opt/airflow/dags/pipeline_dag.py for tasks to queue
[2026-05-01T23:44:27.930+0000] {logging_mixin.py:188} INFO - [2026-05-01T23:44:27.930+0000] {dagbag.py:545} INFO - Filling up the DagBag from /opt/airflow/dags/pipeline_dag.py
[2026-05-01T23:44:27.937+0000] {processor.py:840} INFO - DAG(s) 'data_pipeline' retrieved from /opt/airflow/dags/pipeline_dag.py
[2026-05-01T23:44:27.960+0000] {logging_mixin.py:188} INFO - [2026-05-01T23:44:27.960+0000] {dag.py:3089} INFO - Sync 1 DAGs
[2026-05-01T23:44:27.974+0000] {logging_mixin.py:188} INFO - [2026-05-01T23:44:27.973+0000] {dag.py:3947} INFO - Setting next_dagrun for data_pipeline to 2026-05-01 06:00:00+00:00, run_after=2026-05-02 06:00:00+00:00
[2026-05-01T23:44:27.986+0000] {processor.py:183} INFO - Processing /opt/airflow/dags/pipeline_dag.py took 0.063 seconds
[2026-05-01T23:44:58.132+0000] {processor.py:161} INFO - Started process (PID=366) to work on /opt/airflow/dags/pipeline_dag.py
[2026-05-01T23:44:58.142+0000] {processor.py:830} INFO - Processing file /opt/airflow/dags/pipeline_dag.py for tasks to queue
[2026-05-01T23:44:58.144+0000] {logging_mixin.py:188} INFO - [2026-05-01T23:44:58.144+0000] {dagbag.py:545} INFO - Filling up the DagBag from /opt/airflow/dags/pipeline_dag.py
[2026-05-01T23:44:58.152+0000] {processor.py:840} INFO - DAG(s) 'data_pipeline' retrieved from /opt/airflow/dags/pipeline_dag.py
[2026-05-01T23:44:58.178+0000] {logging_mixin.py:188} INFO - [2026-05-01T23:44:58.178+0000] {dag.py:3089} INFO - Sync 1 DAGs
[2026-05-01T23:44:58.192+0000] {logging_mixin.py:188} INFO - [2026-05-01T23:44:58.192+0000] {dag.py:3947} INFO - Setting next_dagrun for data_pipeline to 2026-05-01 06:00:00+00:00, run_after=2026-05-02 06:00:00+00:00
[2026-05-01T23:44:58.204+0000] {processor.py:183} INFO - Processing /opt/airflow/dags/pipeline_dag.py took 0.077 seconds
[2026-05-01T23:45:28.311+0000] {processor.py:161} INFO - Started process (PID=371) to work on /opt/airflow/dags/pipeline_dag.py
[2026-05-01T23:45:28.312+0000] {processor.py:830} INFO - Processing file /opt/airflow/dags/pipeline_dag.py for tasks to queue
[2026-05-01T23:45:28.313+0000] {logging_mixin.py:188} INFO - [2026-05-01T23:45:28.313+0000] {dagbag.py:545} INFO - Filling up the DagBag from /opt/airflow/dags/pipeline_dag.py
[2026-05-01T23:45:28.319+0000] {processor.py:840} INFO - DAG(s) 'data_pipeline' retrieved from /opt/airflow/dags/pipeline_dag.py
[2026-05-01T23:45:28.342+0000] {logging_mixin.py:188} INFO - [2026-05-01T23:45:28.342+0000] {dag.py:3089} INFO - Sync 1 DAGs
[2026-05-01T23:45:28.355+0000] {logging_mixin.py:188} INFO - [2026-05-01T23:45:28.355+0000] {dag.py:3947} INFO - Setting next_dagrun for data_pipeline to 2026-05-01 06:00:00+00:00, run_after=2026-05-02 06:00:00+00:00
[2026-05-01T23:45:28.370+0000] {processor.py:183} INFO - Processing /opt/airflow/dags/pipeline_dag.py took 0.062 seconds
[2026-05-01T23:45:58.529+0000] {processor.py:161} INFO - Started process (PID=376) to work on /opt/airflow/dags/pipeline_dag.py
[2026-05-01T23:45:58.538+0000] {processor.py:830} INFO - Processing file /opt/airflow/dags/pipeline_dag.py for tasks to queue
[2026-05-01T23:45:58.540+0000] {logging_mixin.py:188} INFO - [2026-05-01T23:45:58.540+0000] {dagbag.py:545} INFO - Filling up the DagBag from /opt/airflow/dags/pipeline_dag.py
[2026-05-01T23:45:58.546+0000] {processor.py:840} INFO - DAG(s) 'data_pipeline' retrieved from /opt/airflow/dags/pipeline_dag.py
[2026-05-01T23:45:58.565+0000] {logging_mixin.py:188} INFO - [2026-05-01T23:45:58.565+0000] {dag.py:3089} INFO - Sync 1 DAGs
[2026-05-01T23:45:58.577+0000] {logging_mixin.py:188} INFO - [2026-05-01T23:45:58.577+0000] {dag.py:3947} INFO - Setting next_dagrun for data_pipeline to 2026-05-01 06:00:00+00:00, run_after=2026-05-02 06:00:00+00:00
[2026-05-01T23:45:58.589+0000] {processor.py:183} INFO - Processing /opt/airflow/dags/pipeline_dag.py took 0.064 seconds
[2026-05-01T23:46:28.700+0000] {processor.py:161} INFO - Started process (PID=381) to work on /opt/airflow/dags/pipeline_dag.py
[2026-05-01T23:46:28.701+0000] {processor.py:830} INFO - Processing file /opt/airflow/dags/pipeline_dag.py for tasks to queue
[2026-05-01T23:46:28.702+0000] {logging_mixin.py:188} INFO - [2026-05-01T23:46:28.701+0000] {dagbag.py:545} INFO - Filling up the DagBag from /opt/airflow/dags/pipeline_dag.py
[2026-05-01T23:46:28.708+0000] {processor.py:840} INFO - DAG(s) 'data_pipeline' retrieved from /opt/airflow/dags/pipeline_dag.py
[2026-05-01T23:46:28.732+0000] {logging_mixin.py:188} INFO - [2026-05-01T23:46:28.732+0000] {dag.py:3089} INFO - Sync 1 DAGs
[2026-05-01T23:46:28.746+0000] {logging_mixin.py:188} INFO - [2026-05-01T23:46:28.746+0000] {dag.py:3947} INFO - Setting next_dagrun for data_pipeline to 2026-05-01 06:00:00+00:00, run_after=2026-05-02 06:00:00+00:00
[2026-05-01T23:46:28.759+0000] {processor.py:183} INFO - Processing /opt/airflow/dags/pipeline_dag.py took 0.065 seconds
[2026-05-01T23:46:58.887+0000] {processor.py:161} INFO - Started process (PID=386) to work on /opt/airflow/dags/pipeline_dag.py
[2026-05-01T23:46:58.887+0000] {processor.py:830} INFO - Processing file /opt/airflow/dags/pipeline_dag.py for tasks to queue
[2026-05-01T23:46:58.889+0000] {logging_mixin.py:188} INFO - [2026-05-01T23:46:58.888+0000] {dagbag.py:545} INFO - Filling up the DagBag from /opt/airflow/dags/pipeline_dag.py
[2026-05-01T23:46:58.895+0000] {processor.py:840} INFO - DAG(s) 'data_pipeline' retrieved from /opt/airflow/dags/pipeline_dag.py
[2026-05-01T23:46:58.919+0000] {logging_mixin.py:188} INFO - [2026-05-01T23:46:58.919+0000] {dag.py:3089} INFO - Sync 1 DAGs
[2026-05-01T23:46:58.932+0000] {logging_mixin.py:188} INFO - [2026-05-01T23:46:58.932+0000] {dag.py:3947} INFO - Setting next_dagrun for data_pipeline to 2026-05-01 06:00:00+00:00, run_after=2026-05-02 06:00:00+00:00
[2026-05-01T23:46:58.944+0000] {processor.py:183} INFO - Processing /opt/airflow/dags/pipeline_dag.py took 0.064 seconds
[2026-05-01T23:47:29.046+0000] {processor.py:161} INFO - Started process (PID=391) to work on /opt/airflow/dags/pipeline_dag.py
[2026-05-01T23:47:29.047+0000] {processor.py:830} INFO - Processing file /opt/airflow/dags/pipeline_dag.py for tasks to queue
[2026-05-01T23:47:29.048+0000] {logging_mixin.py:188} INFO - [2026-05-01T23:47:29.048+0000] {dagbag.py:545} INFO - Filling up the DagBag from /opt/airflow/dags/pipeline_dag.py
[2026-05-01T23:47:29.056+0000] {processor.py:840} INFO - DAG(s) 'data_pipeline' retrieved from /opt/airflow/dags/pipeline_dag.py
[2026-05-01T23:47:29.076+0000] {logging_mixin.py:188} INFO - [2026-05-01T23:47:29.075+0000] {dag.py:3089} INFO - Sync 1 DAGs
[2026-05-01T23:47:29.089+0000] {logging_mixin.py:188} INFO - [2026-05-01T23:47:29.088+0000] {dag.py:3947} INFO - Setting next_dagrun for data_pipeline to 2026-05-01 06:00:00+00:00, run_after=2026-05-02 06:00:00+00:00
[2026-05-01T23:47:29.101+0000] {processor.py:183} INFO - Processing /opt/airflow/dags/pipeline_dag.py took 0.062 seconds
[2026-05-01T23:47:59.240+0000] {processor.py:161} INFO - Started process (PID=396) to work on /opt/airflow/dags/pipeline_dag.py
[2026-05-01T23:47:59.249+0000] {processor.py:830} INFO - Processing file /opt/airflow/dags/pipeline_dag.py for tasks to queue
[2026-05-01T23:47:59.250+0000] {logging_mixin.py:188} INFO - [2026-05-01T23:47:59.250+0000] {dagbag.py:545} INFO - Filling up the DagBag from /opt/airflow/dags/pipeline_dag.py
[2026-05-01T23:47:59.256+0000] {processor.py:840} INFO - DAG(s) 'data_pipeline' retrieved from /opt/airflow/dags/pipeline_dag.py
[2026-05-01T23:47:59.275+0000] {logging_mixin.py:188} INFO - [2026-05-01T23:47:59.275+0000] {dag.py:3089} INFO - Sync 1 DAGs
[2026-05-01T23:47:59.288+0000] {logging_mixin.py:188} INFO - [2026-05-01T23:47:59.288+0000] {dag.py:3947} INFO - Setting next_dagrun for data_pipeline to 2026-05-01 06:00:00+00:00, run_after=2026-05-02 06:00:00+00:00
[2026-05-01T23:47:59.299+0000] {processor.py:183} INFO - Processing /opt/airflow/dags/pipeline_dag.py took 0.062 seconds
[2026-05-01T23:48:29.420+0000] {processor.py:161} INFO - Started process (PID=401) to work on /opt/airflow/dags/pipeline_dag.py
[2026-05-01T23:48:29.420+0000] {processor.py:830} INFO - Processing file /opt/airflow/dags/pipeline_dag.py for tasks to queue
[2026-05-01T23:48:29.421+0000] {logging_mixin.py:188} INFO - [2026-05-01T23:48:29.421+0000] {dagbag.py:545} INFO - Filling up the DagBag from /opt/airflow/dags/pipeline_dag.py
[2026-05-01T23:48:29.427+0000] {processor.py:840} INFO - DAG(s) 'data_pipeline' retrieved from /opt/airflow/dags/pipeline_dag.py
[2026-05-01T23:48:29.445+0000] {logging_mixin.py:188} INFO - [2026-05-01T23:48:29.445+0000] {dag.py:3089} INFO - Sync 1 DAGs
[2026-05-01T23:48:29.457+0000] {logging_mixin.py:188} INFO - [2026-05-01T23:48:29.457+0000] {dag.py:3947} INFO - Setting next_dagrun for data_pipeline to 2026-05-01 06:00:00+00:00, run_after=2026-05-02 06:00:00+00:00
[2026-05-01T23:48:29.469+0000] {processor.py:183} INFO - Processing /opt/airflow/dags/pipeline_dag.py took 0.057 seconds
[2026-05-01T23:48:59.632+0000] {processor.py:161} INFO - Started process (PID=406) to work on /opt/airflow/dags/pipeline_dag.py
[2026-05-01T23:48:59.641+0000] {processor.py:830} INFO - Processing file /opt/airflow/dags/pipeline_dag.py for tasks to queue
[2026-05-01T23:48:59.642+0000] {logging_mixin.py:188} INFO - [2026-05-01T23:48:59.642+0000] {dagbag.py:545} INFO - Filling up the DagBag from /opt/airflow/dags/pipeline_dag.py
[2026-05-01T23:48:59.651+0000] {processor.py:840} INFO - DAG(s) 'data_pipeline' retrieved from /opt/airflow/dags/pipeline_dag.py
[2026-05-01T23:48:59.674+0000] {logging_mixin.py:188} INFO - [2026-05-01T23:48:59.674+0000] {dag.py:3089} INFO - Sync 1 DAGs
[2026-05-01T23:48:59.688+0000] {logging_mixin.py:188} INFO - [2026-05-01T23:48:59.687+0000] {dag.py:3947} INFO - Setting next_dagrun for data_pipeline to 2026-05-01 06:00:00+00:00, run_after=2026-05-02 06:00:00+00:00
[2026-05-01T23:48:59.700+0000] {processor.py:183} INFO - Processing /opt/airflow/dags/pipeline_dag.py took 0.072 seconds
[2026-05-01T23:49:29.806+0000] {processor.py:161} INFO - Started process (PID=411) to work on /opt/airflow/dags/pipeline_dag.py
[2026-05-01T23:49:29.806+0000] {processor.py:830} INFO - Processing file /opt/airflow/dags/pipeline_dag.py for tasks to queue
[2026-05-01T23:49:29.807+0000] {logging_mixin.py:188} INFO - [2026-05-01T23:49:29.807+0000] {dagbag.py:545} INFO - Filling up the DagBag from /opt/airflow/dags/pipeline_dag.py
[2026-05-01T23:49:29.814+0000] {processor.py:840} INFO - DAG(s) 'data_pipeline' retrieved from /opt/airflow/dags/pipeline_dag.py
[2026-05-01T23:49:29.832+0000] {logging_mixin.py:188} INFO - [2026-05-01T23:49:29.832+0000] {dag.py:3089} INFO - Sync 1 DAGs
[2026-05-01T23:49:29.848+0000] {logging_mixin.py:188} INFO - [2026-05-01T23:49:29.847+0000] {dag.py:3947} INFO - Setting next_dagrun for data_pipeline to 2026-05-01 06:00:00+00:00, run_after=2026-05-02 06:00:00+00:00
[2026-05-01T23:49:29.859+0000] {processor.py:183} INFO - Processing /opt/airflow/dags/pipeline_dag.py took 0.059 seconds
[2026-05-01T23:50:00.027+0000] {processor.py:161} INFO - Started process (PID=416) to work on /opt/airflow/dags/pipeline_dag.py
[2026-05-01T23:50:00.028+0000] {processor.py:830} INFO - Processing file /opt/airflow/dags/pipeline_dag.py for tasks to queue
[2026-05-01T23:50:00.029+0000] {logging_mixin.py:188} INFO - [2026-05-01T23:50:00.029+0000] {dagbag.py:545} INFO - Filling up the DagBag from /opt/airflow/dags/pipeline_dag.py
[2026-05-01T23:50:00.037+0000] {processor.py:840} INFO - DAG(s) 'data_pipeline' retrieved from /opt/airflow/dags/pipeline_dag.py
[2026-05-01T23:50:00.056+0000] {logging_mixin.py:188} INFO - [2026-05-01T23:50:00.056+0000] {dag.py:3089} INFO - Sync 1 DAGs
[2026-05-01T23:50:00.070+0000] {logging_mixin.py:188} INFO - [2026-05-01T23:50:00.070+0000] {dag.py:3947} INFO - Setting next_dagrun for data_pipeline to 2026-05-01 06:00:00+00:00, run_after=2026-05-02 06:00:00+00:00
[2026-05-01T23:50:00.082+0000] {processor.py:183} INFO - Processing /opt/airflow/dags/pipeline_dag.py took 0.061 seconds
[2026-05-01T23:50:33.529+0000] {processor.py:161} INFO - Started process (PID=189) to work on /opt/airflow/dags/pipeline_dag.py
[2026-05-01T23:50:33.530+0000] {processor.py:830} INFO - Processing file /opt/airflow/dags/pipeline_dag.py for tasks to queue
[2026-05-01T23:50:33.531+0000] {logging_mixin.py:188} INFO - [2026-05-01T23:50:33.530+0000] {dagbag.py:545} INFO - Filling up the DagBag from /opt/airflow/dags/pipeline_dag.py
[2026-05-01T23:50:33.568+0000] {processor.py:840} INFO - DAG(s) 'data_pipeline' retrieved from /opt/airflow/dags/pipeline_dag.py
[2026-05-01T23:50:33.592+0000] {logging_mixin.py:188} INFO - [2026-05-01T23:50:33.591+0000] {dag.py:3089} INFO - Sync 1 DAGs
[2026-05-01T23:50:33.609+0000] {logging_mixin.py:188} INFO - [2026-05-01T23:50:33.609+0000] {dag.py:3947} INFO - Setting next_dagrun for data_pipeline to 2026-05-01 06:00:00+00:00, run_after=2026-05-02 06:00:00+00:00
[2026-05-01T23:50:33.622+0000] {processor.py:183} INFO - Processing /opt/airflow/dags/pipeline_dag.py took 0.097 seconds
[2026-05-01T23:51:03.685+0000] {processor.py:161} INFO - Started process (PID=194) to work on /opt/airflow/dags/pipeline_dag.py
[2026-05-01T23:51:03.685+0000] {processor.py:830} INFO - Processing file /opt/airflow/dags/pipeline_dag.py for tasks to queue
[2026-05-01T23:51:03.686+0000] {logging_mixin.py:188} INFO - [2026-05-01T23:51:03.686+0000] {dagbag.py:545} INFO - Filling up the DagBag from /opt/airflow/dags/pipeline_dag.py
[2026-05-01T23:51:03.692+0000] {processor.py:840} INFO - DAG(s) 'data_pipeline' retrieved from /opt/airflow/dags/pipeline_dag.py
[2026-05-01T23:51:03.950+0000] {logging_mixin.py:188} INFO - [2026-05-01T23:51:03.950+0000] {dag.py:3089} INFO - Sync 1 DAGs
[2026-05-01T23:51:03.960+0000] {logging_mixin.py:188} INFO - [2026-05-01T23:51:03.960+0000] {dag.py:3947} INFO - Setting next_dagrun for data_pipeline to 2026-05-01 06:00:00+00:00, run_after=2026-05-02 06:00:00+00:00
[2026-05-01T23:51:03.973+0000] {processor.py:183} INFO - Processing /opt/airflow/dags/pipeline_dag.py took 0.292 seconds
[2026-05-01T23:51:34.146+0000] {processor.py:161} INFO - Started process (PID=211) to work on /opt/airflow/dags/pipeline_dag.py
[2026-05-01T23:51:34.155+0000] {processor.py:830} INFO - Processing file /opt/airflow/dags/pipeline_dag.py for tasks to queue
[2026-05-01T23:51:34.156+0000] {logging_mixin.py:188} INFO - [2026-05-01T23:51:34.156+0000] {dagbag.py:545} INFO - Filling up the DagBag from /opt/airflow/dags/pipeline_dag.py
[2026-05-01T23:51:34.162+0000] {processor.py:840} INFO - DAG(s) 'data_pipeline' retrieved from /opt/airflow/dags/pipeline_dag.py
[2026-05-01T23:51:34.183+0000] {logging_mixin.py:188} INFO - [2026-05-01T23:51:34.182+0000] {dag.py:3089} INFO - Sync 1 DAGs
[2026-05-01T23:51:34.195+0000] {logging_mixin.py:188} INFO - [2026-05-01T23:51:34.195+0000] {dag.py:3947} INFO - Setting next_dagrun for data_pipeline to 2026-05-01 06:00:00+00:00, run_after=2026-05-02 06:00:00+00:00
[2026-05-01T23:51:34.209+0000] {processor.py:183} INFO - Processing /opt/airflow/dags/pipeline_dag.py took 0.067 seconds
[2026-05-01T23:52:04.314+0000] {processor.py:161} INFO - Started process (PID=216) to work on /opt/airflow/dags/pipeline_dag.py
[2026-05-01T23:52:04.315+0000] {processor.py:830} INFO - Processing file /opt/airflow/dags/pipeline_dag.py for tasks to queue
[2026-05-01T23:52:04.316+0000] {logging_mixin.py:188} INFO - [2026-05-01T23:52:04.316+0000] {dagbag.py:545} INFO - Filling up the DagBag from /opt/airflow/dags/pipeline_dag.py
[2026-05-01T23:52:04.323+0000] {processor.py:840} INFO - DAG(s) 'data_pipeline' retrieved from /opt/airflow/dags/pipeline_dag.py
[2026-05-01T23:52:04.347+0000] {logging_mixin.py:188} INFO - [2026-05-01T23:52:04.347+0000] {dag.py:3089} INFO - Sync 1 DAGs
[2026-05-01T23:52:04.360+0000] {logging_mixin.py:188} INFO - [2026-05-01T23:52:04.360+0000] {dag.py:3947} INFO - Setting next_dagrun for data_pipeline to 2026-05-01 06:00:00+00:00, run_after=2026-05-02 06:00:00+00:00
[2026-05-01T23:52:04.370+0000] {processor.py:183} INFO - Processing /opt/airflow/dags/pipeline_dag.py took 0.062 seconds
[2026-05-01T23:52:34.551+0000] {processor.py:161} INFO - Started process (PID=221) to work on /opt/airflow/dags/pipeline_dag.py
[2026-05-01T23:52:34.560+0000] {processor.py:830} INFO - Processing file /opt/airflow/dags/pipeline_dag.py for tasks to queue
[2026-05-01T23:52:34.562+0000] {logging_mixin.py:188} INFO - [2026-05-01T23:52:34.561+0000] {dagbag.py:545} INFO - Filling up the DagBag from /opt/airflow/dags/pipeline_dag.py
[2026-05-01T23:52:34.571+0000] {processor.py:840} INFO - DAG(s) 'data_pipeline' retrieved from /opt/airflow/dags/pipeline_dag.py
[2026-05-01T23:52:34.589+0000] {logging_mixin.py:188} INFO - [2026-05-01T23:52:34.589+0000] {dag.py:3089} INFO - Sync 1 DAGs
[2026-05-01T23:52:34.601+0000] {logging_mixin.py:188} INFO - [2026-05-01T23:52:34.601+0000] {dag.py:3947} INFO - Setting next_dagrun for data_pipeline to 2026-05-01 06:00:00+00:00, run_after=2026-05-02 06:00:00+00:00
[2026-05-01T23:52:34.613+0000] {processor.py:183} INFO - Processing /opt/airflow/dags/pipeline_dag.py took 0.068 seconds
[2026-05-01T23:53:04.731+0000] {processor.py:161} INFO - Started process (PID=226) to work on /opt/airflow/dags/pipeline_dag.py
[2026-05-01T23:53:04.732+0000] {processor.py:830} INFO - Processing file /opt/airflow/dags/pipeline_dag.py for tasks to queue
[2026-05-01T23:53:04.733+0000] {logging_mixin.py:188} INFO - [2026-05-01T23:53:04.733+0000] {dagbag.py:545} INFO - Filling up the DagBag from /opt/airflow/dags/pipeline_dag.py
[2026-05-01T23:53:04.740+0000] {processor.py:840} INFO - DAG(s) 'data_pipeline' retrieved from /opt/airflow/dags/pipeline_dag.py
[2026-05-01T23:53:04.764+0000] {logging_mixin.py:188} INFO - [2026-05-01T23:53:04.764+0000] {dag.py:3089} INFO - Sync 1 DAGs
[2026-05-01T23:53:04.777+0000] {logging_mixin.py:188} INFO - [2026-05-01T23:53:04.777+0000] {dag.py:3947} INFO - Setting next_dagrun for data_pipeline to 2026-05-01 06:00:00+00:00, run_after=2026-05-02 06:00:00+00:00
[2026-05-01T23:53:04.789+0000] {processor.py:183} INFO - Processing /opt/airflow/dags/pipeline_dag.py took 0.066 seconds
[2026-05-01T23:53:34.941+0000] {processor.py:161} INFO - Started process (PID=231) to work on /opt/airflow/dags/pipeline_dag.py
[2026-05-01T23:53:34.941+0000] {processor.py:830} INFO - Processing file /opt/airflow/dags/pipeline_dag.py for tasks to queue
[2026-05-01T23:53:34.942+0000] {logging_mixin.py:188} INFO - [2026-05-01T23:53:34.942+0000] {dagbag.py:545} INFO - Filling up the DagBag from /opt/airflow/dags/pipeline_dag.py
[2026-05-01T23:53:34.949+0000] {processor.py:840} INFO - DAG(s) 'data_pipeline' retrieved from /opt/airflow/dags/pipeline_dag.py
[2026-05-01T23:53:34.970+0000] {logging_mixin.py:188} INFO - [2026-05-01T23:53:34.969+0000] {dag.py:3089} INFO - Sync 1 DAGs
[2026-05-01T23:53:34.982+0000] {logging_mixin.py:188} INFO - [2026-05-01T23:53:34.982+0000] {dag.py:3947} INFO - Setting next_dagrun for data_pipeline to 2026-05-01 06:00:00+00:00, run_after=2026-05-02 06:00:00+00:00
[2026-05-01T23:53:34.995+0000] {processor.py:183} INFO - Processing /opt/airflow/dags/pipeline_dag.py took 0.057 seconds
[2026-05-01T23:54:05.106+0000] {processor.py:161} INFO - Started process (PID=236) to work on /opt/airflow/dags/pipeline_dag.py
[2026-05-01T23:54:05.116+0000] {processor.py:830} INFO - Processing file /opt/airflow/dags/pipeline_dag.py for tasks to queue
[2026-05-01T23:54:05.118+0000] {logging_mixin.py:188} INFO - [2026-05-01T23:54:05.117+0000] {dagbag.py:545} INFO - Filling up the DagBag from /opt/airflow/dags/pipeline_dag.py
[2026-05-01T23:54:05.125+0000] {processor.py:840} INFO - DAG(s) 'data_pipeline' retrieved from /opt/airflow/dags/pipeline_dag.py
[2026-05-01T23:54:05.143+0000] {logging_mixin.py:188} INFO - [2026-05-01T23:54:05.142+0000] {dag.py:3089} INFO - Sync 1 DAGs
[2026-05-01T23:54:05.156+0000] {logging_mixin.py:188} INFO - [2026-05-01T23:54:05.156+0000] {dag.py:3947} INFO - Setting next_dagrun for data_pipeline to 2026-05-01 06:00:00+00:00, run_after=2026-05-02 06:00:00+00:00
[2026-05-01T23:54:05.167+0000] {processor.py:183} INFO - Processing /opt/airflow/dags/pipeline_dag.py took 0.066 seconds
[2026-05-01T23:54:35.330+0000] {processor.py:161} INFO - Started process (PID=241) to work on /opt/airflow/dags/pipeline_dag.py
[2026-05-01T23:54:35.331+0000] {processor.py:830} INFO - Processing file /opt/airflow/dags/pipeline_dag.py for tasks to queue
[2026-05-01T23:54:35.332+0000] {logging_mixin.py:188} INFO - [2026-05-01T23:54:35.332+0000] {dagbag.py:545} INFO - Filling up the DagBag from /opt/airflow/dags/pipeline_dag.py
[2026-05-01T23:54:35.339+0000] {processor.py:840} INFO - DAG(s) 'data_pipeline' retrieved from /opt/airflow/dags/pipeline_dag.py
[2026-05-01T23:54:35.359+0000] {logging_mixin.py:188} INFO - [2026-05-01T23:54:35.359+0000] {dag.py:3089} INFO - Sync 1 DAGs
[2026-05-01T23:54:35.371+0000] {logging_mixin.py:188} INFO - [2026-05-01T23:54:35.371+0000] {dag.py:3947} INFO - Setting next_dagrun for data_pipeline to 2026-05-01 06:00:00+00:00, run_after=2026-05-02 06:00:00+00:00
[2026-05-01T23:54:35.383+0000] {processor.py:183} INFO - Processing /opt/airflow/dags/pipeline_dag.py took 0.059 seconds
[2026-05-01T23:55:05.507+0000] {processor.py:161} INFO - Started process (PID=246) to work on /opt/airflow/dags/pipeline_dag.py
[2026-05-01T23:55:05.516+0000] {processor.py:830} INFO - Processing file /opt/airflow/dags/pipeline_dag.py for tasks to queue
[2026-05-01T23:55:05.519+0000] {logging_mixin.py:188} INFO - [2026-05-01T23:55:05.518+0000] {dagbag.py:545} INFO - Filling up the DagBag from /opt/airflow/dags/pipeline_dag.py
[2026-05-01T23:55:05.529+0000] {processor.py:840} INFO - DAG(s) 'data_pipeline' retrieved from /opt/airflow/dags/pipeline_dag.py
[2026-05-01T23:55:05.550+0000] {logging_mixin.py:188} INFO - [2026-05-01T23:55:05.550+0000] {dag.py:3089} INFO - Sync 1 DAGs
[2026-05-01T23:55:05.564+0000] {logging_mixin.py:188} INFO - [2026-05-01T23:55:05.564+0000] {dag.py:3947} INFO - Setting next_dagrun for data_pipeline to 2026-05-01 06:00:00+00:00, run_after=2026-05-02 06:00:00+00:00
[2026-05-01T23:55:05.576+0000] {processor.py:183} INFO - Processing /opt/airflow/dags/pipeline_dag.py took 0.075 seconds
[2026-05-01T23:55:35.741+0000] {processor.py:161} INFO - Started process (PID=251) to work on /opt/airflow/dags/pipeline_dag.py
[2026-05-01T23:55:35.742+0000] {processor.py:830} INFO - Processing file /opt/airflow/dags/pipeline_dag.py for tasks to queue
[2026-05-01T23:55:35.743+0000] {logging_mixin.py:188} INFO - [2026-05-01T23:55:35.743+0000] {dagbag.py:545} INFO - Filling up the DagBag from /opt/airflow/dags/pipeline_dag.py
[2026-05-01T23:55:35.749+0000] {processor.py:840} INFO - DAG(s) 'data_pipeline' retrieved from /opt/airflow/dags/pipeline_dag.py
[2026-05-01T23:55:35.768+0000] {logging_mixin.py:188} INFO - [2026-05-01T23:55:35.768+0000] {dag.py:3089} INFO - Sync 1 DAGs
[2026-05-01T23:55:35.780+0000] {logging_mixin.py:188} INFO - [2026-05-01T23:55:35.780+0000] {dag.py:3947} INFO - Setting next_dagrun for data_pipeline to 2026-05-01 06:00:00+00:00, run_after=2026-05-02 06:00:00+00:00
[2026-05-01T23:55:35.791+0000] {processor.py:183} INFO - Processing /opt/airflow/dags/pipeline_dag.py took 0.056 seconds
[2026-05-01T23:56:05.928+0000] {processor.py:161} INFO - Started process (PID=256) to work on /opt/airflow/dags/pipeline_dag.py
[2026-05-01T23:56:05.937+0000] {processor.py:830} INFO - Processing file /opt/airflow/dags/pipeline_dag.py for tasks to queue
[2026-05-01T23:56:05.939+0000] {logging_mixin.py:188} INFO - [2026-05-01T23:56:05.939+0000] {dagbag.py:545} INFO - Filling up the DagBag from /opt/airflow/dags/pipeline_dag.py
[2026-05-01T23:56:05.947+0000] {processor.py:840} INFO - DAG(s) 'data_pipeline' retrieved from /opt/airflow/dags/pipeline_dag.py
[2026-05-01T23:56:05.965+0000] {logging_mixin.py:188} INFO - [2026-05-01T23:56:05.965+0000] {dag.py:3089} INFO - Sync 1 DAGs
[2026-05-01T23:56:05.977+0000] {logging_mixin.py:188} INFO - [2026-05-01T23:56:05.977+0000] {dag.py:3947} INFO - Setting next_dagrun for data_pipeline to 2026-05-01 06:00:00+00:00, run_after=2026-05-02 06:00:00+00:00
[2026-05-01T23:56:05.989+0000] {processor.py:183} INFO - Processing /opt/airflow/dags/pipeline_dag.py took 0.068 seconds
[2026-05-01T23:56:36.119+0000] {processor.py:161} INFO - Started process (PID=273) to work on /opt/airflow/dags/pipeline_dag.py
[2026-05-01T23:56:36.120+0000] {processor.py:830} INFO - Processing file /opt/airflow/dags/pipeline_dag.py for tasks to queue
[2026-05-01T23:56:36.121+0000] {logging_mixin.py:188} INFO - [2026-05-01T23:56:36.121+0000] {dagbag.py:545} INFO - Filling up the DagBag from /opt/airflow/dags/pipeline_dag.py
[2026-05-01T23:56:36.129+0000] {processor.py:840} INFO - DAG(s) 'data_pipeline' retrieved from /opt/airflow/dags/pipeline_dag.py
[2026-05-01T23:56:36.147+0000] {logging_mixin.py:188} INFO - [2026-05-01T23:56:36.147+0000] {dag.py:3089} INFO - Sync 1 DAGs
[2026-05-01T23:56:36.159+0000] {logging_mixin.py:188} INFO - [2026-05-01T23:56:36.159+0000] {dag.py:3947} INFO - Setting next_dagrun for data_pipeline to 2026-05-01 06:00:00+00:00, run_after=2026-05-02 06:00:00+00:00
[2026-05-01T23:56:36.173+0000] {processor.py:183} INFO - Processing /opt/airflow/dags/pipeline_dag.py took 0.059 seconds
[2026-05-01T23:57:06.311+0000] {processor.py:161} INFO - Started process (PID=278) to work on /opt/airflow/dags/pipeline_dag.py
[2026-05-01T23:57:06.321+0000] {processor.py:830} INFO - Processing file /opt/airflow/dags/pipeline_dag.py for tasks to queue
[2026-05-01T23:57:06.323+0000] {logging_mixin.py:188} INFO - [2026-05-01T23:57:06.323+0000] {dagbag.py:545} INFO - Filling up the DagBag from /opt/airflow/dags/pipeline_dag.py
[2026-05-01T23:57:06.333+0000] {processor.py:840} INFO - DAG(s) 'data_pipeline' retrieved from /opt/airflow/dags/pipeline_dag.py
[2026-05-01T23:57:06.355+0000] {logging_mixin.py:188} INFO - [2026-05-01T23:57:06.355+0000] {dag.py:3089} INFO - Sync 1 DAGs
[2026-05-01T23:57:06.368+0000] {logging_mixin.py:188} INFO - [2026-05-01T23:57:06.367+0000] {dag.py:3947} INFO - Setting next_dagrun for data_pipeline to 2026-05-01 06:00:00+00:00, run_after=2026-05-02 06:00:00+00:00
[2026-05-01T23:57:06.380+0000] {processor.py:183} INFO - Processing /opt/airflow/dags/pipeline_dag.py took 0.074 seconds
[2026-05-01T23:57:36.495+0000] {processor.py:161} INFO - Started process (PID=283) to work on /opt/airflow/dags/pipeline_dag.py
[2026-05-01T23:57:36.496+0000] {processor.py:830} INFO - Processing file /opt/airflow/dags/pipeline_dag.py for tasks to queue
[2026-05-01T23:57:36.498+0000] {logging_mixin.py:188} INFO - [2026-05-01T23:57:36.497+0000] {dagbag.py:545} INFO - Filling up the DagBag from /opt/airflow/dags/pipeline_dag.py
[2026-05-01T23:57:36.505+0000] {processor.py:840} INFO - DAG(s) 'data_pipeline' retrieved from /opt/airflow/dags/pipeline_dag.py
[2026-05-01T23:57:36.528+0000] {logging_mixin.py:188} INFO - [2026-05-01T23:57:36.527+0000] {dag.py:3089} INFO - Sync 1 DAGs
[2026-05-01T23:57:36.541+0000] {logging_mixin.py:188} INFO - [2026-05-01T23:57:36.541+0000] {dag.py:3947} INFO - Setting next_dagrun for data_pipeline to 2026-05-01 06:00:00+00:00, run_after=2026-05-02 06:00:00+00:00
[2026-05-01T23:57:36.551+0000] {processor.py:183} INFO - Processing /opt/airflow/dags/pipeline_dag.py took 0.063 seconds
[2026-05-01T23:58:06.701+0000] {processor.py:161} INFO - Started process (PID=288) to work on /opt/airflow/dags/pipeline_dag.py
[2026-05-01T23:58:06.710+0000] {processor.py:830} INFO - Processing file /opt/airflow/dags/pipeline_dag.py for tasks to queue
[2026-05-01T23:58:06.712+0000] {logging_mixin.py:188} INFO - [2026-05-01T23:58:06.712+0000] {dagbag.py:545} INFO - Filling up the DagBag from /opt/airflow/dags/pipeline_dag.py
[2026-05-01T23:58:06.722+0000] {processor.py:840} INFO - DAG(s) 'data_pipeline' retrieved from /opt/airflow/dags/pipeline_dag.py
[2026-05-01T23:58:06.745+0000] {logging_mixin.py:188} INFO - [2026-05-01T23:58:06.745+0000] {dag.py:3089} INFO - Sync 1 DAGs
[2026-05-01T23:58:06.759+0000] {logging_mixin.py:188} INFO - [2026-05-01T23:58:06.758+0000] {dag.py:3947} INFO - Setting next_dagrun for data_pipeline to 2026-05-01 06:00:00+00:00, run_after=2026-05-02 06:00:00+00:00
[2026-05-01T23:58:06.771+0000] {processor.py:183} INFO - Processing /opt/airflow/dags/pipeline_dag.py took 0.074 seconds
[2026-05-01T23:58:36.882+0000] {processor.py:161} INFO - Started process (PID=293) to work on /opt/airflow/dags/pipeline_dag.py
[2026-05-01T23:58:36.882+0000] {processor.py:830} INFO - Processing file /opt/airflow/dags/pipeline_dag.py for tasks to queue
[2026-05-01T23:58:36.884+0000] {logging_mixin.py:188} INFO - [2026-05-01T23:58:36.883+0000] {dagbag.py:545} INFO - Filling up the DagBag from /opt/airflow/dags/pipeline_dag.py
[2026-05-01T23:58:36.890+0000] {processor.py:840} INFO - DAG(s) 'data_pipeline' retrieved from /opt/airflow/dags/pipeline_dag.py
[2026-05-01T23:58:36.908+0000] {logging_mixin.py:188} INFO - [2026-05-01T23:58:36.908+0000] {dag.py:3089} INFO - Sync 1 DAGs
[2026-05-01T23:58:36.920+0000] {logging_mixin.py:188} INFO - [2026-05-01T23:58:36.920+0000] {dag.py:3947} INFO - Setting next_dagrun for data_pipeline to 2026-05-01 06:00:00+00:00, run_after=2026-05-02 06:00:00+00:00
[2026-05-01T23:58:36.932+0000] {processor.py:183} INFO - Processing /opt/airflow/dags/pipeline_dag.py took 0.056 seconds
[2026-05-01T23:59:07.110+0000] {processor.py:161} INFO - Started process (PID=298) to work on /opt/airflow/dags/pipeline_dag.py
[2026-05-01T23:59:07.119+0000] {processor.py:830} INFO - Processing file /opt/airflow/dags/pipeline_dag.py for tasks to queue
[2026-05-01T23:59:07.120+0000] {logging_mixin.py:188} INFO - [2026-05-01T23:59:07.120+0000] {dagbag.py:545} INFO - Filling up the DagBag from /opt/airflow/dags/pipeline_dag.py
[2026-05-01T23:59:07.127+0000] {processor.py:840} INFO - DAG(s) 'data_pipeline' retrieved from /opt/airflow/dags/pipeline_dag.py
[2026-05-01T23:59:07.152+0000] {logging_mixin.py:188} INFO - [2026-05-01T23:59:07.152+0000] {dag.py:3089} INFO - Sync 1 DAGs
[2026-05-01T23:59:07.166+0000] {logging_mixin.py:188} INFO - [2026-05-01T23:59:07.165+0000] {dag.py:3947} INFO - Setting next_dagrun for data_pipeline to 2026-05-01 06:00:00+00:00, run_after=2026-05-02 06:00:00+00:00
[2026-05-01T23:59:07.176+0000] {processor.py:183} INFO - Processing /opt/airflow/dags/pipeline_dag.py took 0.069 seconds
[2026-05-01T23:59:37.298+0000] {processor.py:161} INFO - Started process (PID=303) to work on /opt/airflow/dags/pipeline_dag.py
[2026-05-01T23:59:37.299+0000] {processor.py:830} INFO - Processing file /opt/airflow/dags/pipeline_dag.py for tasks to queue
[2026-05-01T23:59:37.300+0000] {logging_mixin.py:188} INFO - [2026-05-01T23:59:37.300+0000] {dagbag.py:545} INFO - Filling up the DagBag from /opt/airflow/dags/pipeline_dag.py
[2026-05-01T23:59:37.307+0000] {processor.py:840} INFO - DAG(s) 'data_pipeline' retrieved from /opt/airflow/dags/pipeline_dag.py
[2026-05-01T23:59:37.331+0000] {logging_mixin.py:188} INFO - [2026-05-01T23:59:37.331+0000] {dag.py:3089} INFO - Sync 1 DAGs
[2026-05-01T23:59:37.344+0000] {logging_mixin.py:188} INFO - [2026-05-01T23:59:37.343+0000] {dag.py:3947} INFO - Setting next_dagrun for data_pipeline to 2026-05-01 06:00:00+00:00, run_after=2026-05-02 06:00:00+00:00
[2026-05-01T23:59:37.355+0000] {processor.py:183} INFO - Processing /opt/airflow/dags/pipeline_dag.py took 0.064 seconds
